Job ID: 73353
Running on: gpu03
Working directory: /media02/ndthuc03/cm-purify-targeted-poisoning
Repository: /media02/ndthuc03/cm-purify-targeted-poisoning
Pair directory: /media02/ndthuc03/cm-purify-targeted-poisoning/dataset_generation/datasets/train
Test directory: /media02/ndthuc03/cm-purify-targeted-poisoning/dataset_generation/datasets/test
Checkpoint path: /media02/ndthuc03/cm-purify-targeted-poisoning/consistency_model/checkpoints/cm_purifier.pth
Benchmark output directory: /media02/ndthuc03/cm-purify-targeted-poisoning/benchmark/outputs
Conda environment: purifying_poison
Root requirements: /media02/ndthuc03/cm-purify-targeted-poisoning/requirements.txt
Logs directory: /media02/ndthuc03/cm-purify-targeted-poisoning/runners/logs
Main log: /media02/ndthuc03/cm-purify-targeted-poisoning/runners/logs/train_then_benchmark_73353.log
Error log: /media02/ndthuc03/cm-purify-targeted-poisoning/runners/logs/train_then_benchmark_err_73353.log
Started at: 2026-07-03T11:27:25+00:00
SLURM job GPUs: 2
SLURM step GPUs: <unset>
CUDA_VISIBLE_DEVICES before setup: 0
Training settings:
  teacher model: google/ddpm-cifar10-32
  CM output mode: full_boundary
  batch size: 128
  max steps: 50000
  log steps: 100
  skip train: 0
Benchmark settings:
  run id: <auto>
  attack filter: all
  case filter: <none>
  max cases: <none>
  t star: 200
  batch size: 64
  seed: 2026
  log steps: 1024
Fri Jul  3 11:27:26 2026       
+-----------------------------------------------------------------------------------------+
| NVIDIA-SMI 580.82.07              Driver Version: 580.82.07      CUDA Version: 13.0     |
+-----------------------------------------+------------------------+----------------------+
| GPU  Name                 Persistence-M | Bus-Id          Disp.A | Volatile Uncorr. ECC |
| Fan  Temp   Perf          Pwr:Usage/Cap |           Memory-Usage | GPU-Util  Compute M. |
|                                         |                        |               MIG M. |
|=========================================+========================+======================|
|   0  NVIDIA A100-PCIE-40GB          On  |   00000000:63:00.0 Off |                    0 |
| N/A   27C    P0             29W /  250W |       0MiB /  40960MiB |      0%      Default |
|                                         |                        |             Disabled |
+-----------------------------------------+------------------------+----------------------+

+-----------------------------------------------------------------------------------------+
| Processes:                                                                              |
|  GPU   GI   CI              PID   Type   Process name                        GPU Memory |
|        ID   ID                                                               Usage      |
|=========================================================================================|
|  No running processes found                                                             |
+-----------------------------------------------------------------------------------------+
Requirement already satisfied: pip in /media02/ndthuc03/anaconda3/envs/purifying_poison/lib/python3.10/site-packages (26.1.2)
Requirement already satisfied: numpy<2 in /media02/ndthuc03/anaconda3/envs/purifying_poison/lib/python3.10/site-packages (from -r /tmp/tmp.Kxv1HRlGCQ (line 2)) (1.26.4)
Requirement already satisfied: huggingface_hub==0.24.7 in /media02/ndthuc03/anaconda3/envs/purifying_poison/lib/python3.10/site-packages (from -r /tmp/tmp.Kxv1HRlGCQ (line 3)) (0.24.7)
Requirement already satisfied: tqdm in /media02/ndthuc03/anaconda3/envs/purifying_poison/lib/python3.10/site-packages (from -r /tmp/tmp.Kxv1HRlGCQ (line 6)) (4.68.2)
Requirement already satisfied: Pillow in /media02/ndthuc03/anaconda3/envs/purifying_poison/lib/python3.10/site-packages (from -r /tmp/tmp.Kxv1HRlGCQ (line 11)) (12.2.0)
Requirement already satisfied: diffusers==0.30.3 in /media02/ndthuc03/anaconda3/envs/purifying_poison/lib/python3.10/site-packages (from -r /tmp/tmp.Kxv1HRlGCQ (line 14)) (0.30.3)
Requirement already satisfied: transformers==4.44.2 in /media02/ndthuc03/anaconda3/envs/purifying_poison/lib/python3.10/site-packages (from -r /tmp/tmp.Kxv1HRlGCQ (line 15)) (4.44.2)
Requirement already satisfied: accelerate==0.33.0 in /media02/ndthuc03/anaconda3/envs/purifying_poison/lib/python3.10/site-packages (from -r /tmp/tmp.Kxv1HRlGCQ (line 16)) (0.33.0)
Requirement already satisfied: safetensors==0.4.5 in /media02/ndthuc03/anaconda3/envs/purifying_poison/lib/python3.10/site-packages (from -r /tmp/tmp.Kxv1HRlGCQ (line 17)) (0.4.5)
Requirement already satisfied: lmdb in /media02/ndthuc03/anaconda3/envs/purifying_poison/lib/python3.10/site-packages (from -r /tmp/tmp.Kxv1HRlGCQ (line 21)) (2.2.1)
Requirement already satisfied: efficientnet_pytorch in /media02/ndthuc03/anaconda3/envs/purifying_poison/lib/python3.10/site-packages (from -r /tmp/tmp.Kxv1HRlGCQ (line 23)) (0.7.1)
Requirement already satisfied: pandas in /media02/ndthuc03/anaconda3/envs/purifying_poison/lib/python3.10/site-packages (from -r /tmp/tmp.Kxv1HRlGCQ (line 24)) (2.3.3)
Requirement already satisfied: scipy in /media02/ndthuc03/anaconda3/envs/purifying_poison/lib/python3.10/site-packages (from -r /tmp/tmp.Kxv1HRlGCQ (line 25)) (1.15.3)
Requirement already satisfied: opencv-python in /media02/ndthuc03/anaconda3/envs/purifying_poison/lib/python3.10/site-packages (from -r /tmp/tmp.Kxv1HRlGCQ (line 26)) (4.11.0.86)
Requirement already satisfied: matplotlib in /media02/ndthuc03/anaconda3/envs/purifying_poison/lib/python3.10/site-packages (from -r /tmp/tmp.Kxv1HRlGCQ (line 27)) (3.10.9)
Requirement already satisfied: google-cloud-storage in /media02/ndthuc03/anaconda3/envs/purifying_poison/lib/python3.10/site-packages (from -r /tmp/tmp.Kxv1HRlGCQ (line 28)) (3.11.0)
Requirement already satisfied: google-cloud-automl in /media02/ndthuc03/anaconda3/envs/purifying_poison/lib/python3.10/site-packages (from -r /tmp/tmp.Kxv1HRlGCQ (line 29)) (2.20.0)
Requirement already satisfied: gdown in /media02/ndthuc03/anaconda3/envs/purifying_poison/lib/python3.10/site-packages (from -r /tmp/tmp.Kxv1HRlGCQ (line 30)) (6.1.0)
Requirement already satisfied: filelock in /media02/ndthuc03/anaconda3/envs/purifying_poison/lib/python3.10/site-packages (from huggingface_hub==0.24.7->-r /tmp/tmp.Kxv1HRlGCQ (line 3)) (3.29.0)
Requirement already satisfied: fsspec>=2023.5.0 in /media02/ndthuc03/anaconda3/envs/purifying_poison/lib/python3.10/site-packages (from huggingface_hub==0.24.7->-r /tmp/tmp.Kxv1HRlGCQ (line 3)) (2026.4.0)
Requirement already satisfied: packaging>=20.9 in /media02/ndthuc03/anaconda3/envs/purifying_poison/lib/python3.10/site-packages (from huggingface_hub==0.24.7->-r /tmp/tmp.Kxv1HRlGCQ (line 3)) (26.0)
Requirement already satisfied: pyyaml>=5.1 in /media02/ndthuc03/anaconda3/envs/purifying_poison/lib/python3.10/site-packages (from huggingface_hub==0.24.7->-r /tmp/tmp.Kxv1HRlGCQ (line 3)) (6.0.3)
Requirement already satisfied: requests in /media02/ndthuc03/anaconda3/envs/purifying_poison/lib/python3.10/site-packages (from huggingface_hub==0.24.7->-r /tmp/tmp.Kxv1HRlGCQ (line 3)) (2.34.2)
Requirement already satisfied: typing-extensions>=3.7.4.3 in /media02/ndthuc03/anaconda3/envs/purifying_poison/lib/python3.10/site-packages (from huggingface_hub==0.24.7->-r /tmp/tmp.Kxv1HRlGCQ (line 3)) (4.15.0)
Requirement already satisfied: importlib-metadata in /media02/ndthuc03/anaconda3/envs/purifying_poison/lib/python3.10/site-packages (from diffusers==0.30.3->-r /tmp/tmp.Kxv1HRlGCQ (line 14)) (9.0.0)
Requirement already satisfied: regex!=2019.12.17 in /media02/ndthuc03/anaconda3/envs/purifying_poison/lib/python3.10/site-packages (from diffusers==0.30.3->-r /tmp/tmp.Kxv1HRlGCQ (line 14)) (2026.5.9)
Requirement already satisfied: tokenizers<0.20,>=0.19 in /media02/ndthuc03/anaconda3/envs/purifying_poison/lib/python3.10/site-packages (from transformers==4.44.2->-r /tmp/tmp.Kxv1HRlGCQ (line 15)) (0.19.1)
Requirement already satisfied: psutil in /media02/ndthuc03/anaconda3/envs/purifying_poison/lib/python3.10/site-packages (from accelerate==0.33.0->-r /tmp/tmp.Kxv1HRlGCQ (line 16)) (7.2.2)
Requirement already satisfied: torch>=1.10.0 in /media02/ndthuc03/anaconda3/envs/purifying_poison/lib/python3.10/site-packages (from accelerate==0.33.0->-r /tmp/tmp.Kxv1HRlGCQ (line 16)) (2.2.2+cu118)
Requirement already satisfied: python-dateutil>=2.8.2 in /media02/ndthuc03/anaconda3/envs/purifying_poison/lib/python3.10/site-packages (from pandas->-r /tmp/tmp.Kxv1HRlGCQ (line 24)) (2.9.0.post0)
Requirement already satisfied: pytz>=2020.1 in /media02/ndthuc03/anaconda3/envs/purifying_poison/lib/python3.10/site-packages (from pandas->-r /tmp/tmp.Kxv1HRlGCQ (line 24)) (2026.2)
Requirement already satisfied: tzdata>=2022.7 in /media02/ndthuc03/anaconda3/envs/purifying_poison/lib/python3.10/site-packages (from pandas->-r /tmp/tmp.Kxv1HRlGCQ (line 24)) (2026.2)
Requirement already satisfied: contourpy>=1.0.1 in /media02/ndthuc03/anaconda3/envs/purifying_poison/lib/python3.10/site-packages (from matplotlib->-r /tmp/tmp.Kxv1HRlGCQ (line 27)) (1.3.2)
Requirement already satisfied: cycler>=0.10 in /media02/ndthuc03/anaconda3/envs/purifying_poison/lib/python3.10/site-packages (from matplotlib->-r /tmp/tmp.Kxv1HRlGCQ (line 27)) (0.12.1)
Requirement already satisfied: fonttools>=4.22.0 in /media02/ndthuc03/anaconda3/envs/purifying_poison/lib/python3.10/site-packages (from matplotlib->-r /tmp/tmp.Kxv1HRlGCQ (line 27)) (4.63.0)
Requirement already satisfied: kiwisolver>=1.3.1 in /media02/ndthuc03/anaconda3/envs/purifying_poison/lib/python3.10/site-packages (from matplotlib->-r /tmp/tmp.Kxv1HRlGCQ (line 27)) (1.5.0)
Requirement already satisfied: pyparsing>=3 in /media02/ndthuc03/anaconda3/envs/purifying_poison/lib/python3.10/site-packages (from matplotlib->-r /tmp/tmp.Kxv1HRlGCQ (line 27)) (3.3.2)
Requirement already satisfied: google-auth<3.0.0,>=2.26.1 in /media02/ndthuc03/anaconda3/envs/purifying_poison/lib/python3.10/site-packages (from google-cloud-storage->-r /tmp/tmp.Kxv1HRlGCQ (line 28)) (2.53.0)
Requirement already satisfied: google-api-core<3.0.0,>=2.27.0 in /media02/ndthuc03/anaconda3/envs/purifying_poison/lib/python3.10/site-packages (from google-cloud-storage->-r /tmp/tmp.Kxv1HRlGCQ (line 28)) (2.31.0)
Requirement already satisfied: google-cloud-core<3.0.0,>=2.4.2 in /media02/ndthuc03/anaconda3/envs/purifying_poison/lib/python3.10/site-packages (from google-cloud-storage->-r /tmp/tmp.Kxv1HRlGCQ (line 28)) (2.6.0)
Requirement already satisfied: google-resumable-media<3.0.0,>=2.7.2 in /media02/ndthuc03/anaconda3/envs/purifying_poison/lib/python3.10/site-packages (from google-cloud-storage->-r /tmp/tmp.Kxv1HRlGCQ (line 28)) (2.10.0)
Requirement already satisfied: google-crc32c<2.0.0,>=1.6.0 in /media02/ndthuc03/anaconda3/envs/purifying_poison/lib/python3.10/site-packages (from google-cloud-storage->-r /tmp/tmp.Kxv1HRlGCQ (line 28)) (1.8.0)
Requirement already satisfied: googleapis-common-protos<2.0.0,>=1.63.2 in /media02/ndthuc03/anaconda3/envs/purifying_poison/lib/python3.10/site-packages (from google-api-core<3.0.0,>=2.27.0->google-cloud-storage->-r /tmp/tmp.Kxv1HRlGCQ (line 28)) (1.75.0)
Requirement already satisfied: protobuf<8.0.0,>=5.29.6 in /media02/ndthuc03/anaconda3/envs/purifying_poison/lib/python3.10/site-packages (from google-api-core<3.0.0,>=2.27.0->google-cloud-storage->-r /tmp/tmp.Kxv1HRlGCQ (line 28)) (7.35.0)
Requirement already satisfied: proto-plus<2.0.0,>=1.24.0 in /media02/ndthuc03/anaconda3/envs/purifying_poison/lib/python3.10/site-packages (from google-api-core<3.0.0,>=2.27.0->google-cloud-storage->-r /tmp/tmp.Kxv1HRlGCQ (line 28)) (1.28.0)
Requirement already satisfied: pyasn1-modules>=0.2.1 in /media02/ndthuc03/anaconda3/envs/purifying_poison/lib/python3.10/site-packages (from google-auth<3.0.0,>=2.26.1->google-cloud-storage->-r /tmp/tmp.Kxv1HRlGCQ (line 28)) (0.4.2)
Requirement already satisfied: cryptography>=38.0.3 in /media02/ndthuc03/anaconda3/envs/purifying_poison/lib/python3.10/site-packages (from google-auth<3.0.0,>=2.26.1->google-cloud-storage->-r /tmp/tmp.Kxv1HRlGCQ (line 28)) (48.0.0)
Requirement already satisfied: charset_normalizer<4,>=2 in /media02/ndthuc03/anaconda3/envs/purifying_poison/lib/python3.10/site-packages (from requests->huggingface_hub==0.24.7->-r /tmp/tmp.Kxv1HRlGCQ (line 3)) (3.4.7)
Requirement already satisfied: idna<4,>=2.5 in /media02/ndthuc03/anaconda3/envs/purifying_poison/lib/python3.10/site-packages (from requests->huggingface_hub==0.24.7->-r /tmp/tmp.Kxv1HRlGCQ (line 3)) (3.18)
Requirement already satisfied: urllib3<3,>=1.26 in /media02/ndthuc03/anaconda3/envs/purifying_poison/lib/python3.10/site-packages (from requests->huggingface_hub==0.24.7->-r /tmp/tmp.Kxv1HRlGCQ (line 3)) (2.7.0)
Requirement already satisfied: certifi>=2023.5.7 in /media02/ndthuc03/anaconda3/envs/purifying_poison/lib/python3.10/site-packages (from requests->huggingface_hub==0.24.7->-r /tmp/tmp.Kxv1HRlGCQ (line 3)) (2026.5.20)
Requirement already satisfied: grpcio<2.0.0,>=1.59.0 in /media02/ndthuc03/anaconda3/envs/purifying_poison/lib/python3.10/site-packages (from google-cloud-automl->-r /tmp/tmp.Kxv1HRlGCQ (line 29)) (1.81.0)
Requirement already satisfied: grpcio-status<2.0.0,>=1.41.0 in /media02/ndthuc03/anaconda3/envs/purifying_poison/lib/python3.10/site-packages (from google-api-core[grpc]<3.0.0,>=2.17.1->google-cloud-automl->-r /tmp/tmp.Kxv1HRlGCQ (line 29)) (1.81.0)
Requirement already satisfied: beautifulsoup4 in /media02/ndthuc03/anaconda3/envs/purifying_poison/lib/python3.10/site-packages (from gdown->-r /tmp/tmp.Kxv1HRlGCQ (line 30)) (4.14.3)
Requirement already satisfied: cffi>=2.0.0 in /media02/ndthuc03/anaconda3/envs/purifying_poison/lib/python3.10/site-packages (from cryptography>=38.0.3->google-auth<3.0.0,>=2.26.1->google-cloud-storage->-r /tmp/tmp.Kxv1HRlGCQ (line 28)) (2.0.0)
Requirement already satisfied: pycparser in /media02/ndthuc03/anaconda3/envs/purifying_poison/lib/python3.10/site-packages (from cffi>=2.0.0->cryptography>=38.0.3->google-auth<3.0.0,>=2.26.1->google-cloud-storage->-r /tmp/tmp.Kxv1HRlGCQ (line 28)) (3.0)
Requirement already satisfied: pyasn1<0.7.0,>=0.6.1 in /media02/ndthuc03/anaconda3/envs/purifying_poison/lib/python3.10/site-packages (from pyasn1-modules>=0.2.1->google-auth<3.0.0,>=2.26.1->google-cloud-storage->-r /tmp/tmp.Kxv1HRlGCQ (line 28)) (0.6.3)
Requirement already satisfied: six>=1.5 in /media02/ndthuc03/anaconda3/envs/purifying_poison/lib/python3.10/site-packages (from python-dateutil>=2.8.2->pandas->-r /tmp/tmp.Kxv1HRlGCQ (line 24)) (1.17.0)
Requirement already satisfied: sympy in /media02/ndthuc03/anaconda3/envs/purifying_poison/lib/python3.10/site-packages (from torch>=1.10.0->accelerate==0.33.0->-r /tmp/tmp.Kxv1HRlGCQ (line 16)) (1.14.0)
Requirement already satisfied: networkx in /media02/ndthuc03/anaconda3/envs/purifying_poison/lib/python3.10/site-packages (from torch>=1.10.0->accelerate==0.33.0->-r /tmp/tmp.Kxv1HRlGCQ (line 16)) (3.4.2)
Requirement already satisfied: jinja2 in /media02/ndthuc03/anaconda3/envs/purifying_poison/lib/python3.10/site-packages (from torch>=1.10.0->accelerate==0.33.0->-r /tmp/tmp.Kxv1HRlGCQ (line 16)) (3.1.6)
Requirement already satisfied: nvidia-cuda-nvrtc-cu11==11.8.89 in /media02/ndthuc03/anaconda3/envs/purifying_poison/lib/python3.10/site-packages (from torch>=1.10.0->accelerate==0.33.0->-r /tmp/tmp.Kxv1HRlGCQ (line 16)) (11.8.89)
Requirement already satisfied: nvidia-cuda-runtime-cu11==11.8.89 in /media02/ndthuc03/anaconda3/envs/purifying_poison/lib/python3.10/site-packages (from torch>=1.10.0->accelerate==0.33.0->-r /tmp/tmp.Kxv1HRlGCQ (line 16)) (11.8.89)
Requirement already satisfied: nvidia-cuda-cupti-cu11==11.8.87 in /media02/ndthuc03/anaconda3/envs/purifying_poison/lib/python3.10/site-packages (from torch>=1.10.0->accelerate==0.33.0->-r /tmp/tmp.Kxv1HRlGCQ (line 16)) (11.8.87)
Requirement already satisfied: nvidia-cudnn-cu11==8.7.0.84 in /media02/ndthuc03/anaconda3/envs/purifying_poison/lib/python3.10/site-packages (from torch>=1.10.0->accelerate==0.33.0->-r /tmp/tmp.Kxv1HRlGCQ (line 16)) (8.7.0.84)
Requirement already satisfied: nvidia-cublas-cu11==11.11.3.6 in /media02/ndthuc03/anaconda3/envs/purifying_poison/lib/python3.10/site-packages (from torch>=1.10.0->accelerate==0.33.0->-r /tmp/tmp.Kxv1HRlGCQ (line 16)) (11.11.3.6)
Requirement already satisfied: nvidia-cufft-cu11==10.9.0.58 in /media02/ndthuc03/anaconda3/envs/purifying_poison/lib/python3.10/site-packages (from torch>=1.10.0->accelerate==0.33.0->-r /tmp/tmp.Kxv1HRlGCQ (line 16)) (10.9.0.58)
Requirement already satisfied: nvidia-curand-cu11==10.3.0.86 in /media02/ndthuc03/anaconda3/envs/purifying_poison/lib/python3.10/site-packages (from torch>=1.10.0->accelerate==0.33.0->-r /tmp/tmp.Kxv1HRlGCQ (line 16)) (10.3.0.86)
Requirement already satisfied: nvidia-cusolver-cu11==11.4.1.48 in /media02/ndthuc03/anaconda3/envs/purifying_poison/lib/python3.10/site-packages (from torch>=1.10.0->accelerate==0.33.0->-r /tmp/tmp.Kxv1HRlGCQ (line 16)) (11.4.1.48)
Requirement already satisfied: nvidia-cusparse-cu11==11.7.5.86 in /media02/ndthuc03/anaconda3/envs/purifying_poison/lib/python3.10/site-packages (from torch>=1.10.0->accelerate==0.33.0->-r /tmp/tmp.Kxv1HRlGCQ (line 16)) (11.7.5.86)
Requirement already satisfied: nvidia-nccl-cu11==2.19.3 in /media02/ndthuc03/anaconda3/envs/purifying_poison/lib/python3.10/site-packages (from torch>=1.10.0->accelerate==0.33.0->-r /tmp/tmp.Kxv1HRlGCQ (line 16)) (2.19.3)
Requirement already satisfied: nvidia-nvtx-cu11==11.8.86 in /media02/ndthuc03/anaconda3/envs/purifying_poison/lib/python3.10/site-packages (from torch>=1.10.0->accelerate==0.33.0->-r /tmp/tmp.Kxv1HRlGCQ (line 16)) (11.8.86)
Requirement already satisfied: triton==2.2.0 in /media02/ndthuc03/anaconda3/envs/purifying_poison/lib/python3.10/site-packages (from torch>=1.10.0->accelerate==0.33.0->-r /tmp/tmp.Kxv1HRlGCQ (line 16)) (2.2.0)
Requirement already satisfied: soupsieve>=1.6.1 in /media02/ndthuc03/anaconda3/envs/purifying_poison/lib/python3.10/site-packages (from beautifulsoup4->gdown->-r /tmp/tmp.Kxv1HRlGCQ (line 30)) (2.8.4)
Requirement already satisfied: zipp>=3.20 in /media02/ndthuc03/anaconda3/envs/purifying_poison/lib/python3.10/site-packages (from importlib-metadata->diffusers==0.30.3->-r /tmp/tmp.Kxv1HRlGCQ (line 14)) (4.1.0)
Requirement already satisfied: MarkupSafe>=2.0 in /media02/ndthuc03/anaconda3/envs/purifying_poison/lib/python3.10/site-packages (from jinja2->torch>=1.10.0->accelerate==0.33.0->-r /tmp/tmp.Kxv1HRlGCQ (line 16)) (3.0.3)
Requirement already satisfied: PySocks!=1.5.7,>=1.5.6 in /media02/ndthuc03/anaconda3/envs/purifying_poison/lib/python3.10/site-packages (from requests[socks]->gdown->-r /tmp/tmp.Kxv1HRlGCQ (line 30)) (1.7.1)
Requirement already satisfied: mpmath<1.4,>=1.1.0 in /media02/ndthuc03/anaconda3/envs/purifying_poison/lib/python3.10/site-packages (from sympy->torch>=1.10.0->accelerate==0.33.0->-r /tmp/tmp.Kxv1HRlGCQ (line 16)) (1.3.0)
HF stack OK:
  diffusers: 0.30.3
  transformers: 4.44.2
  accelerate: 0.33.0
  huggingface_hub: 0.24.7
  safetensors: 0.4.5
  diffusers classes: DDPMScheduler, UNet2DModel
PyTorch: 2.2.2+cu118
CUDA_VISIBLE_DEVICES: 0
CUDA available: True
CUDA device: NVIDIA A100-PCIE-40GB
==============================
1. RUNNING ALGORITHM 2 TRAINING...
==============================
2026-07-03 11:30:36 | INFO | cm_purifier.train | ========================================================================
2026-07-03 11:30:36 | INFO | cm_purifier.train | STARTING CM PURIFIER TRAINING
2026-07-03 11:30:36 | INFO | cm_purifier.train | ========================================================================
2026-07-03 11:30:36 | INFO | cm_purifier.train | Seed: 2026
2026-07-03 11:30:36 | INFO | cm_purifier.train | Resolved device: cuda
2026-07-03 11:30:36 | INFO | cm_purifier.train | ========================================================================
2026-07-03 11:30:36 | INFO | cm_purifier.train | 1. VALIDATING DATASET...
2026-07-03 11:30:36 | INFO | cm_purifier.train | ========================================================================
2026-07-03 11:30:40 | INFO | cm_purifier.train | ========================================================================
2026-07-03 11:30:40 | INFO | cm_purifier.train | CM purifier training configuration
2026-07-03 11:30:40 | INFO | cm_purifier.train | ========================================================================
2026-07-03 11:30:40 | INFO | cm_purifier.train | Selected args:
{
  "backbone": "diffusers",
  "batch_size": 128,
  "cm_output_mode": "full_boundary",
  "device": "cuda",
  "ema_decay": 0.9999,
  "gamma_bp": 1.0,
  "gamma_clean": 0.0,
  "gamma_wb": 1.0,
  "lambda_cls": 0.0,
  "lambda_distill": 1.0,
  "lambda_id": 1.0,
  "lambda_rec": 1.0,
  "learning_rate": 0.0001,
  "max_steps": 50000,
  "num_ddim_timesteps": 50,
  "num_train_timesteps": 1000,
  "out": "/media02/ndthuc03/cm-purify-targeted-poisoning/consistency_model/checkpoints/cm_purifier.pth",
  "pair_dir": "/media02/ndthuc03/cm-purify-targeted-poisoning/dataset_generation/datasets/train",
  "schedule_source": "diffusers",
  "teacher_model": "google/ddpm-cifar10-32",
  "timestep_fraction": 0.5
}
2026-07-03 11:30:40 | INFO | cm_purifier.train | Dataset summary:
{
  "attacks": {
    "bp": 10000,
    "clean": 10000,
    "wb": 10000
  },
  "labels": {
    "0": 3000,
    "1": 3000,
    "2": 3000,
    "3": 3000,
    "4": 3000,
    "5": 3000,
    "6": 3000,
    "7": 3000,
    "8": 3000,
    "9": 3000
  },
  "total": 30000
}
2026-07-03 11:30:40 | INFO | cm_purifier.train | ========================================================================
2026-07-03 11:30:40 | INFO | cm_purifier.train | 2. BUILDING MODEL AND DDPM SCHEDULE...
2026-07-03 11:30:40 | INFO | cm_purifier.train | ========================================================================
2026-07-03 11:31:04 | INFO | cm_purifier.train | ========================================================================
2026-07-03 11:31:04 | INFO | cm_purifier.train | Model and schedule
2026-07-03 11:31:04 | INFO | cm_purifier.train | ========================================================================
2026-07-03 11:31:04 | INFO | cm_purifier.train | Model class: CMBoundaryWrapper
2026-07-03 11:31:04 | INFO | cm_purifier.train | Trainable parameters: 35,746,307
2026-07-03 11:31:04 | INFO | cm_purifier.train | Total parameters: 35,746,307
2026-07-03 11:31:04 | INFO | cm_purifier.train | DDPM timesteps: 1000
2026-07-03 11:31:04 | INFO | cm_purifier.train | DDIM timesteps: 50
2026-07-03 11:31:04 | INFO | cm_purifier.train | First/last DDIM timestep: 19 / 999
2026-07-03 11:31:04 | INFO | cm_purifier.train | Training device: cuda
2026-07-03 11:31:04 | INFO | cm_purifier.train | CUDA device name: NVIDIA A100-PCIE-40GB
2026-07-03 11:31:04 | INFO | cm_purifier.train | CUDA memory allocated before training: 0.29 GB
2026-07-03 11:31:04 | INFO | cm_purifier.train | ========================================================================
2026-07-03 11:31:04 | INFO | cm_purifier.train | 3. TRAINING CM PURIFIER...
2026-07-03 11:31:04 | INFO | cm_purifier.train | ========================================================================
2026-07-03 11:31:04 | INFO | cm_purifier.train | Start step: 0
2026-07-03 11:31:04 | INFO | cm_purifier.train | Batches per epoch-style pass: 234
2026-07-03 11:31:41 | INFO | cm_purifier.train | Step: 1/50000 | 0.00% | lr: 0.000100 | Training loss is 0.2585 | distill: 0.0006 | rec: 0.1246 | id: 0.1334 | cls: 0.0000 | elapsed: 00:00:37 | eta: 521:59:33 | gpu: 0.8/9.3 GB
2026-07-03 11:32:02 | INFO | cm_purifier.train | Step: 100/50000 | 0.20% | lr: 0.000100 | Training loss is 0.2497 | distill: 0.0008 | rec: 0.1236 | id: 0.1254 | cls: 0.0000 | elapsed: 00:00:57 | eta: 07:59:58 | gpu: 0.8/9.3 GB
2026-07-03 11:32:22 | INFO | cm_purifier.train | Step: 200/50000 | 0.40% | lr: 0.000100 | Training loss is 0.2409 | distill: 0.0007 | rec: 0.1205 | id: 0.1197 | cls: 0.0000 | elapsed: 00:01:18 | eta: 05:24:16 | gpu: 0.8/9.3 GB
2026-07-03 11:32:43 | INFO | cm_purifier.train | Step: 300/50000 | 0.60% | lr: 0.000100 | Training loss is 0.2415 | distill: 0.0010 | rec: 0.1252 | id: 0.1154 | cls: 0.0000 | elapsed: 00:01:38 | eta: 04:32:47 | gpu: 0.8/9.3 GB
2026-07-03 11:33:03 | INFO | cm_purifier.train | Step: 400/50000 | 0.80% | lr: 0.000100 | Training loss is 0.2423 | distill: 0.0008 | rec: 0.1169 | id: 0.1246 | cls: 0.0000 | elapsed: 00:01:59 | eta: 04:06:03 | gpu: 0.8/9.3 GB
2026-07-03 11:33:24 | INFO | cm_purifier.train | Step: 500/50000 | 1.00% | lr: 0.000100 | Training loss is 0.2487 | distill: 0.0010 | rec: 0.1234 | id: 0.1243 | cls: 0.0000 | elapsed: 00:02:19 | eta: 03:50:34 | gpu: 0.8/9.3 GB
2026-07-03 11:33:44 | INFO | cm_purifier.train | Step: 600/50000 | 1.20% | lr: 0.000100 | Training loss is 0.2657 | distill: 0.0011 | rec: 0.1311 | id: 0.1335 | cls: 0.0000 | elapsed: 00:02:40 | eta: 03:39:36 | gpu: 0.8/9.3 GB
2026-07-03 11:34:04 | INFO | cm_purifier.train | Step: 700/50000 | 1.40% | lr: 0.000100 | Training loss is 0.2311 | distill: 0.0008 | rec: 0.1203 | id: 0.1100 | cls: 0.0000 | elapsed: 00:03:00 | eta: 03:31:43 | gpu: 0.8/9.3 GB
2026-07-03 11:34:25 | INFO | cm_purifier.train | Step: 800/50000 | 1.60% | lr: 0.000100 | Training loss is 0.2486 | distill: 0.0011 | rec: 0.1303 | id: 0.1172 | cls: 0.0000 | elapsed: 00:03:21 | eta: 03:26:29 | gpu: 0.8/9.3 GB
2026-07-03 11:34:46 | INFO | cm_purifier.train | Step: 900/50000 | 1.80% | lr: 0.000100 | Training loss is 0.2441 | distill: 0.0009 | rec: 0.1204 | id: 0.1228 | cls: 0.0000 | elapsed: 00:03:41 | eta: 03:21:47 | gpu: 0.8/9.3 GB
2026-07-03 11:35:07 | INFO | cm_purifier.train | Step: 1000/50000 | 2.00% | lr: 0.000100 | Training loss is 0.2517 | distill: 0.0009 | rec: 0.1278 | id: 0.1231 | cls: 0.0000 | elapsed: 00:04:02 | eta: 03:18:17 | gpu: 0.8/9.3 GB
2026-07-03 11:35:27 | INFO | cm_purifier.train | Step: 1100/50000 | 2.20% | lr: 0.000100 | Training loss is 0.2609 | distill: 0.0011 | rec: 0.1318 | id: 0.1280 | cls: 0.0000 | elapsed: 00:04:23 | eta: 03:15:08 | gpu: 0.8/9.3 GB
2026-07-03 11:35:48 | INFO | cm_purifier.train | Step: 1200/50000 | 2.40% | lr: 0.000100 | Training loss is 0.2354 | distill: 0.0009 | rec: 0.1157 | id: 0.1188 | cls: 0.0000 | elapsed: 00:04:44 | eta: 03:12:42 | gpu: 0.8/9.3 GB
2026-07-03 11:36:09 | INFO | cm_purifier.train | Step: 1300/50000 | 2.60% | lr: 0.000100 | Training loss is 0.2317 | distill: 0.0009 | rec: 0.1174 | id: 0.1135 | cls: 0.0000 | elapsed: 00:05:04 | eta: 03:10:22 | gpu: 0.8/9.3 GB
2026-07-03 11:36:29 | INFO | cm_purifier.train | Step: 1400/50000 | 2.80% | lr: 0.000100 | Training loss is 0.2592 | distill: 0.0010 | rec: 0.1290 | id: 0.1293 | cls: 0.0000 | elapsed: 00:05:25 | eta: 03:08:17 | gpu: 0.8/9.3 GB
2026-07-03 11:36:50 | INFO | cm_purifier.train | Step: 1500/50000 | 3.00% | lr: 0.000100 | Training loss is 0.2541 | distill: 0.0012 | rec: 0.1255 | id: 0.1274 | cls: 0.0000 | elapsed: 00:05:46 | eta: 03:06:44 | gpu: 0.8/9.3 GB
2026-07-03 11:37:11 | INFO | cm_purifier.train | Step: 1600/50000 | 3.20% | lr: 0.000100 | Training loss is 0.2568 | distill: 0.0009 | rec: 0.1242 | id: 0.1316 | cls: 0.0000 | elapsed: 00:06:07 | eta: 03:05:05 | gpu: 0.8/9.3 GB
2026-07-03 11:37:32 | INFO | cm_purifier.train | Step: 1700/50000 | 3.40% | lr: 0.000100 | Training loss is 0.2598 | distill: 0.0010 | rec: 0.1302 | id: 0.1285 | cls: 0.0000 | elapsed: 00:06:28 | eta: 03:03:45 | gpu: 0.8/9.3 GB
2026-07-03 11:37:52 | INFO | cm_purifier.train | Step: 1800/50000 | 3.60% | lr: 0.000100 | Training loss is 0.2465 | distill: 0.0010 | rec: 0.1295 | id: 0.1160 | cls: 0.0000 | elapsed: 00:06:48 | eta: 03:02:21 | gpu: 0.8/9.3 GB
2026-07-03 11:38:13 | INFO | cm_purifier.train | Step: 1900/50000 | 3.80% | lr: 0.000100 | Training loss is 0.2659 | distill: 0.0009 | rec: 0.1319 | id: 0.1331 | cls: 0.0000 | elapsed: 00:07:09 | eta: 03:01:15 | gpu: 0.8/9.3 GB
2026-07-03 11:38:34 | INFO | cm_purifier.train | Step: 2000/50000 | 4.00% | lr: 0.000100 | Training loss is 0.2349 | distill: 0.0009 | rec: 0.1218 | id: 0.1122 | cls: 0.0000 | elapsed: 00:07:30 | eta: 03:00:03 | gpu: 0.8/9.3 GB
2026-07-03 11:38:55 | INFO | cm_purifier.train | Step: 2100/50000 | 4.20% | lr: 0.000100 | Training loss is 0.2400 | distill: 0.0011 | rec: 0.1236 | id: 0.1153 | cls: 0.0000 | elapsed: 00:07:50 | eta: 02:58:57 | gpu: 0.8/9.3 GB
2026-07-03 11:39:16 | INFO | cm_purifier.train | Step: 2200/50000 | 4.40% | lr: 0.000100 | Training loss is 0.2333 | distill: 0.0010 | rec: 0.1225 | id: 0.1098 | cls: 0.0000 | elapsed: 00:08:11 | eta: 02:58:02 | gpu: 0.8/9.3 GB
2026-07-03 11:39:36 | INFO | cm_purifier.train | Step: 2300/50000 | 4.60% | lr: 0.000100 | Training loss is 0.2644 | distill: 0.0010 | rec: 0.1287 | id: 0.1347 | cls: 0.0000 | elapsed: 00:08:32 | eta: 02:57:08 | gpu: 0.8/9.3 GB
2026-07-03 11:39:57 | INFO | cm_purifier.train | Step: 2400/50000 | 4.80% | lr: 0.000100 | Training loss is 0.2460 | distill: 0.0010 | rec: 0.1182 | id: 0.1269 | cls: 0.0000 | elapsed: 00:08:53 | eta: 02:56:20 | gpu: 0.8/9.3 GB
2026-07-03 11:40:18 | INFO | cm_purifier.train | Step: 2500/50000 | 5.00% | lr: 0.000100 | Training loss is 0.2490 | distill: 0.0011 | rec: 0.1303 | id: 0.1176 | cls: 0.0000 | elapsed: 00:09:14 | eta: 02:55:28 | gpu: 0.8/9.3 GB
2026-07-03 11:40:39 | INFO | cm_purifier.train | Step: 2600/50000 | 5.20% | lr: 0.000100 | Training loss is 0.2545 | distill: 0.0009 | rec: 0.1267 | id: 0.1269 | cls: 0.0000 | elapsed: 00:09:35 | eta: 02:54:45 | gpu: 0.8/9.3 GB
2026-07-03 11:41:00 | INFO | cm_purifier.train | Step: 2700/50000 | 5.40% | lr: 0.000100 | Training loss is 0.2572 | distill: 0.0012 | rec: 0.1313 | id: 0.1247 | cls: 0.0000 | elapsed: 00:09:55 | eta: 02:53:57 | gpu: 0.8/9.3 GB
2026-07-03 11:41:20 | INFO | cm_purifier.train | Step: 2800/50000 | 5.60% | lr: 0.000100 | Training loss is 0.2595 | distill: 0.0010 | rec: 0.1266 | id: 0.1319 | cls: 0.0000 | elapsed: 00:10:16 | eta: 02:53:11 | gpu: 0.8/9.3 GB
2026-07-03 11:41:41 | INFO | cm_purifier.train | Step: 2900/50000 | 5.80% | lr: 0.000100 | Training loss is 0.2398 | distill: 0.0010 | rec: 0.1238 | id: 0.1149 | cls: 0.0000 | elapsed: 00:10:37 | eta: 02:52:33 | gpu: 0.8/9.3 GB
2026-07-03 11:42:02 | INFO | cm_purifier.train | Step: 3000/50000 | 6.00% | lr: 0.000100 | Training loss is 0.2579 | distill: 0.0010 | rec: 0.1257 | id: 0.1312 | cls: 0.0000 | elapsed: 00:10:58 | eta: 02:51:53 | gpu: 0.8/9.3 GB
2026-07-03 11:42:23 | INFO | cm_purifier.train | Step: 3100/50000 | 6.20% | lr: 0.000100 | Training loss is 0.2369 | distill: 0.0011 | rec: 0.1233 | id: 0.1124 | cls: 0.0000 | elapsed: 00:11:19 | eta: 02:51:18 | gpu: 0.8/9.3 GB
2026-07-03 11:42:44 | INFO | cm_purifier.train | Step: 3200/50000 | 6.40% | lr: 0.000100 | Training loss is 0.2625 | distill: 0.0010 | rec: 0.1331 | id: 0.1284 | cls: 0.0000 | elapsed: 00:11:40 | eta: 02:50:37 | gpu: 0.8/9.3 GB
2026-07-03 11:43:05 | INFO | cm_purifier.train | Step: 3300/50000 | 6.60% | lr: 0.000100 | Training loss is 0.2440 | distill: 0.0010 | rec: 0.1225 | id: 0.1204 | cls: 0.0000 | elapsed: 00:12:01 | eta: 02:50:04 | gpu: 0.8/9.3 GB
2026-07-03 11:43:26 | INFO | cm_purifier.train | Step: 3400/50000 | 6.80% | lr: 0.000100 | Training loss is 0.2445 | distill: 0.0010 | rec: 0.1253 | id: 0.1181 | cls: 0.0000 | elapsed: 00:12:21 | eta: 02:49:26 | gpu: 0.8/9.3 GB
2026-07-03 11:43:46 | INFO | cm_purifier.train | Step: 3500/50000 | 7.00% | lr: 0.000100 | Training loss is 0.2520 | distill: 0.0010 | rec: 0.1285 | id: 0.1224 | cls: 0.0000 | elapsed: 00:12:42 | eta: 02:48:50 | gpu: 0.8/9.3 GB
2026-07-03 11:44:07 | INFO | cm_purifier.train | Step: 3600/50000 | 7.20% | lr: 0.000100 | Training loss is 0.2212 | distill: 0.0010 | rec: 0.1146 | id: 0.1057 | cls: 0.0000 | elapsed: 00:13:03 | eta: 02:48:19 | gpu: 0.8/9.3 GB
2026-07-03 11:44:28 | INFO | cm_purifier.train | Step: 3700/50000 | 7.40% | lr: 0.000100 | Training loss is 0.2587 | distill: 0.0011 | rec: 0.1324 | id: 0.1251 | cls: 0.0000 | elapsed: 00:13:24 | eta: 02:47:44 | gpu: 0.8/9.3 GB
2026-07-03 11:44:49 | INFO | cm_purifier.train | Step: 3800/50000 | 7.60% | lr: 0.000100 | Training loss is 0.2333 | distill: 0.0010 | rec: 0.1180 | id: 0.1144 | cls: 0.0000 | elapsed: 00:13:45 | eta: 02:47:16 | gpu: 0.8/9.3 GB
2026-07-03 11:45:10 | INFO | cm_purifier.train | Step: 3900/50000 | 7.80% | lr: 0.000100 | Training loss is 0.2383 | distill: 0.0011 | rec: 0.1246 | id: 0.1125 | cls: 0.0000 | elapsed: 00:14:06 | eta: 02:46:43 | gpu: 0.8/9.3 GB
2026-07-03 11:45:31 | INFO | cm_purifier.train | Step: 4000/50000 | 8.00% | lr: 0.000100 | Training loss is 0.2460 | distill: 0.0010 | rec: 0.1233 | id: 0.1217 | cls: 0.0000 | elapsed: 00:14:27 | eta: 02:46:15 | gpu: 0.8/9.3 GB
2026-07-03 11:45:52 | INFO | cm_purifier.train | Step: 4100/50000 | 8.20% | lr: 0.000100 | Training loss is 0.2601 | distill: 0.0010 | rec: 0.1249 | id: 0.1342 | cls: 0.0000 | elapsed: 00:14:48 | eta: 02:45:43 | gpu: 0.8/9.3 GB
2026-07-03 11:46:13 | INFO | cm_purifier.train | Step: 4200/50000 | 8.40% | lr: 0.000100 | Training loss is 0.2530 | distill: 0.0009 | rec: 0.1235 | id: 0.1286 | cls: 0.0000 | elapsed: 00:15:08 | eta: 02:45:12 | gpu: 0.8/9.3 GB
2026-07-03 11:46:34 | INFO | cm_purifier.train | Step: 4300/50000 | 8.60% | lr: 0.000100 | Training loss is 0.2295 | distill: 0.0009 | rec: 0.1165 | id: 0.1121 | cls: 0.0000 | elapsed: 00:15:30 | eta: 02:44:44 | gpu: 0.8/9.3 GB
2026-07-03 11:46:55 | INFO | cm_purifier.train | Step: 4400/50000 | 8.80% | lr: 0.000100 | Training loss is 0.2584 | distill: 0.0010 | rec: 0.1279 | id: 0.1295 | cls: 0.0000 | elapsed: 00:15:50 | eta: 02:44:13 | gpu: 0.8/9.3 GB
2026-07-03 11:47:16 | INFO | cm_purifier.train | Step: 4500/50000 | 9.00% | lr: 0.000100 | Training loss is 0.2432 | distill: 0.0012 | rec: 0.1250 | id: 0.1170 | cls: 0.0000 | elapsed: 00:16:11 | eta: 02:43:46 | gpu: 0.8/9.3 GB
2026-07-03 11:47:37 | INFO | cm_purifier.train | Step: 4600/50000 | 9.20% | lr: 0.000100 | Training loss is 0.2257 | distill: 0.0011 | rec: 0.1227 | id: 0.1018 | cls: 0.0000 | elapsed: 00:16:32 | eta: 02:43:18 | gpu: 0.8/9.3 GB
2026-07-03 11:47:58 | INFO | cm_purifier.train | Step: 4700/50000 | 9.40% | lr: 0.000100 | Training loss is 0.2246 | distill: 0.0013 | rec: 0.1204 | id: 0.1028 | cls: 0.0000 | elapsed: 00:16:53 | eta: 02:42:51 | gpu: 0.8/9.3 GB
2026-07-03 11:48:18 | INFO | cm_purifier.train | Step: 4800/50000 | 9.60% | lr: 0.000100 | Training loss is 0.2663 | distill: 0.0009 | rec: 0.1288 | id: 0.1366 | cls: 0.0000 | elapsed: 00:17:14 | eta: 02:42:22 | gpu: 0.8/9.3 GB
2026-07-03 11:48:39 | INFO | cm_purifier.train | Step: 4900/50000 | 9.80% | lr: 0.000100 | Training loss is 0.2527 | distill: 0.0012 | rec: 0.1313 | id: 0.1202 | cls: 0.0000 | elapsed: 00:17:35 | eta: 02:41:53 | gpu: 0.8/9.3 GB
2026-07-03 11:49:00 | INFO | cm_purifier.train | Step: 5000/50000 | 10.00% | lr: 0.000100 | Training loss is 0.2184 | distill: 0.0009 | rec: 0.1109 | id: 0.1066 | cls: 0.0000 | elapsed: 00:17:56 | eta: 02:41:28 | gpu: 0.8/9.3 GB
2026-07-03 11:49:51 | INFO | cm_purifier.train | Saved checkpoint to /media02/ndthuc03/cm-purify-targeted-poisoning/consistency_model/checkpoints/cm_purifier.pth at step 5000
2026-07-03 11:50:11 | INFO | cm_purifier.train | Step: 5100/50000 | 10.20% | lr: 0.000100 | Training loss is 0.2426 | distill: 0.0009 | rec: 0.1242 | id: 0.1175 | cls: 0.0000 | elapsed: 00:19:07 | eta: 02:48:22 | gpu: 0.8/9.3 GB
2026-07-03 11:50:32 | INFO | cm_purifier.train | Step: 5200/50000 | 10.40% | lr: 0.000100 | Training loss is 0.2678 | distill: 0.0011 | rec: 0.1351 | id: 0.1316 | cls: 0.0000 | elapsed: 00:19:28 | eta: 02:47:46 | gpu: 0.8/9.3 GB
2026-07-03 11:50:53 | INFO | cm_purifier.train | Step: 5300/50000 | 10.60% | lr: 0.000100 | Training loss is 0.2465 | distill: 0.0010 | rec: 0.1274 | id: 0.1181 | cls: 0.0000 | elapsed: 00:19:48 | eta: 02:47:06 | gpu: 0.8/9.3 GB
2026-07-03 11:51:14 | INFO | cm_purifier.train | Step: 5400/50000 | 10.80% | lr: 0.000100 | Training loss is 0.2602 | distill: 0.0010 | rec: 0.1324 | id: 0.1268 | cls: 0.0000 | elapsed: 00:20:09 | eta: 02:46:31 | gpu: 0.8/9.3 GB
2026-07-03 11:51:34 | INFO | cm_purifier.train | Step: 5500/50000 | 11.00% | lr: 0.000100 | Training loss is 0.2228 | distill: 0.0010 | rec: 0.1136 | id: 0.1082 | cls: 0.0000 | elapsed: 00:20:30 | eta: 02:45:53 | gpu: 0.8/9.3 GB
2026-07-03 11:51:55 | INFO | cm_purifier.train | Step: 5600/50000 | 11.20% | lr: 0.000100 | Training loss is 0.2403 | distill: 0.0011 | rec: 0.1261 | id: 0.1132 | cls: 0.0000 | elapsed: 00:20:50 | eta: 02:45:16 | gpu: 0.8/9.3 GB
2026-07-03 11:52:16 | INFO | cm_purifier.train | Step: 5700/50000 | 11.40% | lr: 0.000100 | Training loss is 0.2430 | distill: 0.0011 | rec: 0.1299 | id: 0.1120 | cls: 0.0000 | elapsed: 00:21:11 | eta: 02:44:43 | gpu: 0.8/9.3 GB
2026-07-03 11:52:36 | INFO | cm_purifier.train | Step: 5800/50000 | 11.60% | lr: 0.000100 | Training loss is 0.2527 | distill: 0.0011 | rec: 0.1334 | id: 0.1182 | cls: 0.0000 | elapsed: 00:21:32 | eta: 02:44:08 | gpu: 0.8/9.3 GB
2026-07-03 11:52:57 | INFO | cm_purifier.train | Step: 5900/50000 | 11.80% | lr: 0.000100 | Training loss is 0.2502 | distill: 0.0009 | rec: 0.1281 | id: 0.1211 | cls: 0.0000 | elapsed: 00:21:53 | eta: 02:43:35 | gpu: 0.8/9.3 GB
2026-07-03 11:53:18 | INFO | cm_purifier.train | Step: 6000/50000 | 12.00% | lr: 0.000100 | Training loss is 0.2583 | distill: 0.0012 | rec: 0.1302 | id: 0.1269 | cls: 0.0000 | elapsed: 00:22:14 | eta: 02:43:02 | gpu: 0.8/9.3 GB
2026-07-03 11:53:39 | INFO | cm_purifier.train | Step: 6100/50000 | 12.20% | lr: 0.000100 | Training loss is 0.2494 | distill: 0.0011 | rec: 0.1301 | id: 0.1182 | cls: 0.0000 | elapsed: 00:22:35 | eta: 02:42:31 | gpu: 0.8/9.3 GB
2026-07-03 11:54:00 | INFO | cm_purifier.train | Step: 6200/50000 | 12.40% | lr: 0.000100 | Training loss is 0.2473 | distill: 0.0011 | rec: 0.1308 | id: 0.1155 | cls: 0.0000 | elapsed: 00:22:55 | eta: 02:41:58 | gpu: 0.8/9.3 GB
2026-07-03 11:54:20 | INFO | cm_purifier.train | Step: 6300/50000 | 12.60% | lr: 0.000100 | Training loss is 0.2471 | distill: 0.0010 | rec: 0.1237 | id: 0.1225 | cls: 0.0000 | elapsed: 00:23:16 | eta: 02:41:25 | gpu: 0.8/9.3 GB
2026-07-03 11:54:41 | INFO | cm_purifier.train | Step: 6400/50000 | 12.80% | lr: 0.000100 | Training loss is 0.2286 | distill: 0.0009 | rec: 0.1180 | id: 0.1098 | cls: 0.0000 | elapsed: 00:23:37 | eta: 02:40:56 | gpu: 0.8/9.3 GB
2026-07-03 11:55:02 | INFO | cm_purifier.train | Step: 6500/50000 | 13.00% | lr: 0.000100 | Training loss is 0.2670 | distill: 0.0010 | rec: 0.1237 | id: 0.1423 | cls: 0.0000 | elapsed: 00:23:58 | eta: 02:40:24 | gpu: 0.8/9.3 GB
2026-07-03 11:55:23 | INFO | cm_purifier.train | Step: 6600/50000 | 13.20% | lr: 0.000100 | Training loss is 0.2426 | distill: 0.0009 | rec: 0.1201 | id: 0.1216 | cls: 0.0000 | elapsed: 00:24:19 | eta: 02:39:54 | gpu: 0.8/9.3 GB
2026-07-03 11:55:44 | INFO | cm_purifier.train | Step: 6700/50000 | 13.40% | lr: 0.000100 | Training loss is 0.2592 | distill: 0.0010 | rec: 0.1242 | id: 0.1341 | cls: 0.0000 | elapsed: 00:24:39 | eta: 02:39:23 | gpu: 0.8/9.3 GB
2026-07-03 11:56:05 | INFO | cm_purifier.train | Step: 6800/50000 | 13.60% | lr: 0.000100 | Training loss is 0.2398 | distill: 0.0011 | rec: 0.1224 | id: 0.1164 | cls: 0.0000 | elapsed: 00:25:01 | eta: 02:38:56 | gpu: 0.8/9.3 GB
2026-07-03 11:56:26 | INFO | cm_purifier.train | Step: 6900/50000 | 13.80% | lr: 0.000100 | Training loss is 0.2435 | distill: 0.0008 | rec: 0.1263 | id: 0.1164 | cls: 0.0000 | elapsed: 00:25:21 | eta: 02:38:25 | gpu: 0.8/9.3 GB
2026-07-03 11:56:46 | INFO | cm_purifier.train | Step: 7000/50000 | 14.00% | lr: 0.000100 | Training loss is 0.2589 | distill: 0.0010 | rec: 0.1244 | id: 0.1335 | cls: 0.0000 | elapsed: 00:25:42 | eta: 02:37:54 | gpu: 0.8/9.3 GB
2026-07-03 11:57:07 | INFO | cm_purifier.train | Step: 7100/50000 | 14.20% | lr: 0.000100 | Training loss is 0.2545 | distill: 0.0010 | rec: 0.1230 | id: 0.1305 | cls: 0.0000 | elapsed: 00:26:03 | eta: 02:37:26 | gpu: 0.8/9.3 GB
2026-07-03 11:57:28 | INFO | cm_purifier.train | Step: 7200/50000 | 14.40% | lr: 0.000100 | Training loss is 0.2390 | distill: 0.0011 | rec: 0.1218 | id: 0.1161 | cls: 0.0000 | elapsed: 00:26:24 | eta: 02:36:56 | gpu: 0.8/9.3 GB
2026-07-03 11:57:49 | INFO | cm_purifier.train | Step: 7300/50000 | 14.60% | lr: 0.000100 | Training loss is 0.2629 | distill: 0.0011 | rec: 0.1344 | id: 0.1273 | cls: 0.0000 | elapsed: 00:26:45 | eta: 02:36:28 | gpu: 0.8/9.3 GB
2026-07-03 11:58:10 | INFO | cm_purifier.train | Step: 7400/50000 | 14.80% | lr: 0.000100 | Training loss is 0.2824 | distill: 0.0011 | rec: 0.1376 | id: 0.1437 | cls: 0.0000 | elapsed: 00:27:05 | eta: 02:35:58 | gpu: 0.8/9.3 GB
2026-07-03 11:58:31 | INFO | cm_purifier.train | Step: 7500/50000 | 15.00% | lr: 0.000100 | Training loss is 0.2326 | distill: 0.0008 | rec: 0.1184 | id: 0.1134 | cls: 0.0000 | elapsed: 00:27:26 | eta: 02:35:32 | gpu: 0.8/9.3 GB
2026-07-03 11:58:51 | INFO | cm_purifier.train | Step: 7600/50000 | 15.20% | lr: 0.000100 | Training loss is 0.2639 | distill: 0.0010 | rec: 0.1255 | id: 0.1375 | cls: 0.0000 | elapsed: 00:27:47 | eta: 02:35:03 | gpu: 0.8/9.3 GB
2026-07-03 11:59:12 | INFO | cm_purifier.train | Step: 7700/50000 | 15.40% | lr: 0.000100 | Training loss is 0.2435 | distill: 0.0011 | rec: 0.1249 | id: 0.1176 | cls: 0.0000 | elapsed: 00:28:08 | eta: 02:34:34 | gpu: 0.8/9.3 GB
2026-07-03 11:59:33 | INFO | cm_purifier.train | Step: 7800/50000 | 15.60% | lr: 0.000100 | Training loss is 0.2361 | distill: 0.0010 | rec: 0.1247 | id: 0.1104 | cls: 0.0000 | elapsed: 00:28:29 | eta: 02:34:07 | gpu: 0.8/9.3 GB
2026-07-03 11:59:54 | INFO | cm_purifier.train | Step: 7900/50000 | 15.80% | lr: 0.000100 | Training loss is 0.2485 | distill: 0.0010 | rec: 0.1268 | id: 0.1207 | cls: 0.0000 | elapsed: 00:28:49 | eta: 02:33:38 | gpu: 0.8/9.3 GB
2026-07-03 12:00:15 | INFO | cm_purifier.train | Step: 8000/50000 | 16.00% | lr: 0.000100 | Training loss is 0.2492 | distill: 0.0011 | rec: 0.1286 | id: 0.1195 | cls: 0.0000 | elapsed: 00:29:10 | eta: 02:33:12 | gpu: 0.8/9.3 GB
2026-07-03 12:00:35 | INFO | cm_purifier.train | Step: 8100/50000 | 16.20% | lr: 0.000100 | Training loss is 0.2370 | distill: 0.0011 | rec: 0.1207 | id: 0.1153 | cls: 0.0000 | elapsed: 00:29:31 | eta: 02:32:44 | gpu: 0.8/9.3 GB
2026-07-03 12:00:57 | INFO | cm_purifier.train | Step: 8200/50000 | 16.40% | lr: 0.000100 | Training loss is 0.2587 | distill: 0.0011 | rec: 0.1263 | id: 0.1314 | cls: 0.0000 | elapsed: 00:29:52 | eta: 02:32:18 | gpu: 0.8/9.3 GB
2026-07-03 12:01:17 | INFO | cm_purifier.train | Step: 8300/50000 | 16.60% | lr: 0.000100 | Training loss is 0.2371 | distill: 0.0010 | rec: 0.1200 | id: 0.1162 | cls: 0.0000 | elapsed: 00:30:13 | eta: 02:31:51 | gpu: 0.8/9.3 GB
2026-07-03 12:01:38 | INFO | cm_purifier.train | Step: 8400/50000 | 16.80% | lr: 0.000100 | Training loss is 0.2300 | distill: 0.0011 | rec: 0.1207 | id: 0.1083 | cls: 0.0000 | elapsed: 00:30:34 | eta: 02:31:23 | gpu: 0.8/9.3 GB
2026-07-03 12:01:59 | INFO | cm_purifier.train | Step: 8500/50000 | 17.00% | lr: 0.000100 | Training loss is 0.2418 | distill: 0.0011 | rec: 0.1237 | id: 0.1171 | cls: 0.0000 | elapsed: 00:30:55 | eta: 02:30:58 | gpu: 0.8/9.3 GB
2026-07-03 12:02:20 | INFO | cm_purifier.train | Step: 8600/50000 | 17.20% | lr: 0.000100 | Training loss is 0.2484 | distill: 0.0009 | rec: 0.1217 | id: 0.1258 | cls: 0.0000 | elapsed: 00:31:16 | eta: 02:30:31 | gpu: 0.8/9.3 GB
2026-07-03 12:02:41 | INFO | cm_purifier.train | Step: 8700/50000 | 17.40% | lr: 0.000100 | Training loss is 0.2424 | distill: 0.0010 | rec: 0.1209 | id: 0.1205 | cls: 0.0000 | elapsed: 00:31:37 | eta: 02:30:05 | gpu: 0.8/9.3 GB
2026-07-03 12:03:02 | INFO | cm_purifier.train | Step: 8800/50000 | 17.60% | lr: 0.000100 | Training loss is 0.2353 | distill: 0.0009 | rec: 0.1211 | id: 0.1133 | cls: 0.0000 | elapsed: 00:31:57 | eta: 02:29:38 | gpu: 0.8/9.3 GB
2026-07-03 12:03:23 | INFO | cm_purifier.train | Step: 8900/50000 | 17.80% | lr: 0.000100 | Training loss is 0.2473 | distill: 0.0012 | rec: 0.1274 | id: 0.1187 | cls: 0.0000 | elapsed: 00:32:18 | eta: 02:29:13 | gpu: 0.8/9.3 GB
2026-07-03 12:03:44 | INFO | cm_purifier.train | Step: 9000/50000 | 18.00% | lr: 0.000100 | Training loss is 0.2499 | distill: 0.0013 | rec: 0.1246 | id: 0.1241 | cls: 0.0000 | elapsed: 00:32:39 | eta: 02:28:47 | gpu: 0.8/9.3 GB
2026-07-03 12:04:04 | INFO | cm_purifier.train | Step: 9100/50000 | 18.20% | lr: 0.000100 | Training loss is 0.2125 | distill: 0.0009 | rec: 0.1076 | id: 0.1040 | cls: 0.0000 | elapsed: 00:33:00 | eta: 02:28:21 | gpu: 0.8/9.3 GB
2026-07-03 12:04:25 | INFO | cm_purifier.train | Step: 9200/50000 | 18.40% | lr: 0.000100 | Training loss is 0.2556 | distill: 0.0011 | rec: 0.1283 | id: 0.1262 | cls: 0.0000 | elapsed: 00:33:21 | eta: 02:27:56 | gpu: 0.8/9.3 GB
2026-07-03 12:04:46 | INFO | cm_purifier.train | Step: 9300/50000 | 18.60% | lr: 0.000100 | Training loss is 0.2475 | distill: 0.0012 | rec: 0.1321 | id: 0.1142 | cls: 0.0000 | elapsed: 00:33:42 | eta: 02:27:29 | gpu: 0.8/9.3 GB
2026-07-03 12:05:07 | INFO | cm_purifier.train | Step: 9400/50000 | 18.80% | lr: 0.000100 | Training loss is 0.2419 | distill: 0.0010 | rec: 0.1214 | id: 0.1194 | cls: 0.0000 | elapsed: 00:34:03 | eta: 02:27:05 | gpu: 0.8/9.3 GB
2026-07-03 12:05:28 | INFO | cm_purifier.train | Step: 9500/50000 | 19.00% | lr: 0.000100 | Training loss is 0.2349 | distill: 0.0011 | rec: 0.1201 | id: 0.1138 | cls: 0.0000 | elapsed: 00:34:23 | eta: 02:26:38 | gpu: 0.8/9.3 GB
2026-07-03 12:05:49 | INFO | cm_purifier.train | Step: 9600/50000 | 19.20% | lr: 0.000100 | Training loss is 0.2642 | distill: 0.0011 | rec: 0.1307 | id: 0.1324 | cls: 0.0000 | elapsed: 00:34:44 | eta: 02:26:14 | gpu: 0.8/9.3 GB
2026-07-03 12:06:09 | INFO | cm_purifier.train | Step: 9700/50000 | 19.40% | lr: 0.000100 | Training loss is 0.2431 | distill: 0.0010 | rec: 0.1197 | id: 0.1224 | cls: 0.0000 | elapsed: 00:35:05 | eta: 02:25:47 | gpu: 0.8/9.3 GB
2026-07-03 12:06:30 | INFO | cm_purifier.train | Step: 9800/50000 | 19.60% | lr: 0.000100 | Training loss is 0.2653 | distill: 0.0011 | rec: 0.1324 | id: 0.1318 | cls: 0.0000 | elapsed: 00:35:26 | eta: 02:25:22 | gpu: 0.8/9.3 GB
2026-07-03 12:06:51 | INFO | cm_purifier.train | Step: 9900/50000 | 19.80% | lr: 0.000100 | Training loss is 0.2236 | distill: 0.0009 | rec: 0.1124 | id: 0.1103 | cls: 0.0000 | elapsed: 00:35:47 | eta: 02:24:58 | gpu: 0.8/9.3 GB
2026-07-03 12:07:12 | INFO | cm_purifier.train | Step: 10000/50000 | 20.00% | lr: 0.000100 | Training loss is 0.2424 | distill: 0.0010 | rec: 0.1201 | id: 0.1212 | cls: 0.0000 | elapsed: 00:36:08 | eta: 02:24:32 | gpu: 0.8/9.3 GB
2026-07-03 12:08:03 | INFO | cm_purifier.train | Saved checkpoint to /media02/ndthuc03/cm-purify-targeted-poisoning/consistency_model/checkpoints/cm_purifier.pth at step 10000
2026-07-03 12:08:23 | INFO | cm_purifier.train | Step: 10100/50000 | 20.20% | lr: 0.000100 | Training loss is 0.2336 | distill: 0.0010 | rec: 0.1198 | id: 0.1128 | cls: 0.0000 | elapsed: 00:37:19 | eta: 02:27:27 | gpu: 0.8/9.3 GB
2026-07-03 12:08:44 | INFO | cm_purifier.train | Step: 10200/50000 | 20.40% | lr: 0.000100 | Training loss is 0.2511 | distill: 0.0010 | rec: 0.1240 | id: 0.1261 | cls: 0.0000 | elapsed: 00:37:40 | eta: 02:26:58 | gpu: 0.8/9.3 GB
2026-07-03 12:09:05 | INFO | cm_purifier.train | Step: 10300/50000 | 20.60% | lr: 0.000100 | Training loss is 0.2606 | distill: 0.0010 | rec: 0.1231 | id: 0.1365 | cls: 0.0000 | elapsed: 00:38:00 | eta: 02:26:31 | gpu: 0.8/9.3 GB
2026-07-03 12:09:25 | INFO | cm_purifier.train | Step: 10400/50000 | 20.80% | lr: 0.000100 | Training loss is 0.2287 | distill: 0.0010 | rec: 0.1148 | id: 0.1130 | cls: 0.0000 | elapsed: 00:38:21 | eta: 02:26:02 | gpu: 0.8/9.3 GB
2026-07-03 12:09:46 | INFO | cm_purifier.train | Step: 10500/50000 | 21.00% | lr: 0.000100 | Training loss is 0.2530 | distill: 0.0012 | rec: 0.1303 | id: 0.1215 | cls: 0.0000 | elapsed: 00:38:41 | eta: 02:25:34 | gpu: 0.8/9.3 GB
2026-07-03 12:10:07 | INFO | cm_purifier.train | Step: 10600/50000 | 21.20% | lr: 0.000100 | Training loss is 0.2398 | distill: 0.0009 | rec: 0.1208 | id: 0.1181 | cls: 0.0000 | elapsed: 00:39:03 | eta: 02:25:09 | gpu: 0.8/9.3 GB
2026-07-03 12:10:28 | INFO | cm_purifier.train | Step: 10700/50000 | 21.40% | lr: 0.000100 | Training loss is 0.2463 | distill: 0.0011 | rec: 0.1266 | id: 0.1186 | cls: 0.0000 | elapsed: 00:39:23 | eta: 02:24:41 | gpu: 0.8/9.3 GB
2026-07-03 12:10:49 | INFO | cm_purifier.train | Step: 10800/50000 | 21.60% | lr: 0.000100 | Training loss is 0.2454 | distill: 0.0010 | rec: 0.1258 | id: 0.1187 | cls: 0.0000 | elapsed: 00:39:44 | eta: 02:24:16 | gpu: 0.8/9.3 GB
2026-07-03 12:11:09 | INFO | cm_purifier.train | Step: 10900/50000 | 21.80% | lr: 0.000100 | Training loss is 0.2469 | distill: 0.0012 | rec: 0.1294 | id: 0.1162 | cls: 0.0000 | elapsed: 00:40:05 | eta: 02:23:48 | gpu: 0.8/9.3 GB
2026-07-03 12:11:30 | INFO | cm_purifier.train | Step: 11000/50000 | 22.00% | lr: 0.000100 | Training loss is 0.2518 | distill: 0.0011 | rec: 0.1276 | id: 0.1232 | cls: 0.0000 | elapsed: 00:40:26 | eta: 02:23:23 | gpu: 0.8/9.3 GB
2026-07-03 12:11:51 | INFO | cm_purifier.train | Step: 11100/50000 | 22.20% | lr: 0.000100 | Training loss is 0.2692 | distill: 0.0012 | rec: 0.1381 | id: 0.1299 | cls: 0.0000 | elapsed: 00:40:47 | eta: 02:22:56 | gpu: 0.8/9.3 GB
2026-07-03 12:12:12 | INFO | cm_purifier.train | Step: 11200/50000 | 22.40% | lr: 0.000100 | Training loss is 0.2275 | distill: 0.0009 | rec: 0.1175 | id: 0.1091 | cls: 0.0000 | elapsed: 00:41:08 | eta: 02:22:30 | gpu: 0.8/9.3 GB
2026-07-03 12:12:33 | INFO | cm_purifier.train | Step: 11300/50000 | 22.60% | lr: 0.000100 | Training loss is 0.2657 | distill: 0.0013 | rec: 0.1316 | id: 0.1327 | cls: 0.0000 | elapsed: 00:41:29 | eta: 02:22:05 | gpu: 0.8/9.3 GB
2026-07-03 12:12:54 | INFO | cm_purifier.train | Step: 11400/50000 | 22.80% | lr: 0.000100 | Training loss is 0.2574 | distill: 0.0013 | rec: 0.1306 | id: 0.1255 | cls: 0.0000 | elapsed: 00:41:50 | eta: 02:21:39 | gpu: 0.8/9.3 GB
2026-07-03 12:13:15 | INFO | cm_purifier.train | Step: 11500/50000 | 23.00% | lr: 0.000100 | Training loss is 0.2591 | distill: 0.0010 | rec: 0.1308 | id: 0.1273 | cls: 0.0000 | elapsed: 00:42:11 | eta: 02:21:15 | gpu: 0.8/9.3 GB
2026-07-03 12:13:36 | INFO | cm_purifier.train | Step: 11600/50000 | 23.20% | lr: 0.000100 | Training loss is 0.2403 | distill: 0.0010 | rec: 0.1217 | id: 0.1176 | cls: 0.0000 | elapsed: 00:42:32 | eta: 02:20:49 | gpu: 0.8/9.3 GB
2026-07-03 12:13:57 | INFO | cm_purifier.train | Step: 11700/50000 | 23.40% | lr: 0.000100 | Training loss is 0.2639 | distill: 0.0013 | rec: 0.1343 | id: 0.1284 | cls: 0.0000 | elapsed: 00:42:53 | eta: 02:20:23 | gpu: 0.8/9.3 GB
2026-07-03 12:14:20 | INFO | cm_purifier.train | Step: 11800/50000 | 23.60% | lr: 0.000100 | Training loss is 0.2319 | distill: 0.0010 | rec: 0.1224 | id: 0.1085 | cls: 0.0000 | elapsed: 00:43:15 | eta: 02:20:03 | gpu: 0.8/9.3 GB
2026-07-03 12:14:40 | INFO | cm_purifier.train | Step: 11900/50000 | 23.80% | lr: 0.000100 | Training loss is 0.2589 | distill: 0.0012 | rec: 0.1244 | id: 0.1334 | cls: 0.0000 | elapsed: 00:43:36 | eta: 02:19:37 | gpu: 0.8/9.3 GB
2026-07-03 12:15:02 | INFO | cm_purifier.train | Step: 12000/50000 | 24.00% | lr: 0.000100 | Training loss is 0.2419 | distill: 0.0012 | rec: 0.1232 | id: 0.1176 | cls: 0.0000 | elapsed: 00:43:58 | eta: 02:19:14 | gpu: 0.8/9.3 GB
2026-07-03 12:15:23 | INFO | cm_purifier.train | Step: 12100/50000 | 24.20% | lr: 0.000100 | Training loss is 0.2871 | distill: 0.0012 | rec: 0.1359 | id: 0.1500 | cls: 0.0000 | elapsed: 00:44:19 | eta: 02:18:49 | gpu: 0.8/9.3 GB
2026-07-03 12:15:47 | INFO | cm_purifier.train | Step: 12200/50000 | 24.40% | lr: 0.000100 | Training loss is 0.2359 | distill: 0.0010 | rec: 0.1181 | id: 0.1168 | cls: 0.0000 | elapsed: 00:44:42 | eta: 02:18:32 | gpu: 0.8/9.3 GB
2026-07-03 12:16:07 | INFO | cm_purifier.train | Step: 12300/50000 | 24.60% | lr: 0.000100 | Training loss is 0.2264 | distill: 0.0010 | rec: 0.1075 | id: 0.1179 | cls: 0.0000 | elapsed: 00:45:03 | eta: 02:18:06 | gpu: 0.8/9.3 GB
2026-07-03 12:16:28 | INFO | cm_purifier.train | Step: 12400/50000 | 24.80% | lr: 0.000100 | Training loss is 0.2321 | distill: 0.0010 | rec: 0.1199 | id: 0.1112 | cls: 0.0000 | elapsed: 00:45:24 | eta: 02:17:40 | gpu: 0.8/9.3 GB
2026-07-03 12:16:49 | INFO | cm_purifier.train | Step: 12500/50000 | 25.00% | lr: 0.000100 | Training loss is 0.2364 | distill: 0.0010 | rec: 0.1165 | id: 0.1189 | cls: 0.0000 | elapsed: 00:45:45 | eta: 02:17:16 | gpu: 0.8/9.3 GB
2026-07-03 12:17:10 | INFO | cm_purifier.train | Step: 12600/50000 | 25.20% | lr: 0.000100 | Training loss is 0.2570 | distill: 0.0012 | rec: 0.1268 | id: 0.1290 | cls: 0.0000 | elapsed: 00:46:06 | eta: 02:16:50 | gpu: 0.8/9.3 GB
2026-07-03 12:17:31 | INFO | cm_purifier.train | Step: 12700/50000 | 25.40% | lr: 0.000100 | Training loss is 0.2662 | distill: 0.0012 | rec: 0.1374 | id: 0.1276 | cls: 0.0000 | elapsed: 00:46:27 | eta: 02:16:26 | gpu: 0.8/9.3 GB
2026-07-03 12:17:52 | INFO | cm_purifier.train | Step: 12800/50000 | 25.60% | lr: 0.000100 | Training loss is 0.2241 | distill: 0.0008 | rec: 0.1136 | id: 0.1097 | cls: 0.0000 | elapsed: 00:46:48 | eta: 02:16:01 | gpu: 0.8/9.3 GB
2026-07-03 12:18:13 | INFO | cm_purifier.train | Step: 12900/50000 | 25.80% | lr: 0.000100 | Training loss is 0.2772 | distill: 0.0011 | rec: 0.1304 | id: 0.1457 | cls: 0.0000 | elapsed: 00:47:09 | eta: 02:15:37 | gpu: 0.8/9.3 GB
2026-07-03 12:18:34 | INFO | cm_purifier.train | Step: 13000/50000 | 26.00% | lr: 0.000100 | Training loss is 0.2584 | distill: 0.0011 | rec: 0.1331 | id: 0.1242 | cls: 0.0000 | elapsed: 00:47:30 | eta: 02:15:12 | gpu: 0.8/9.3 GB
2026-07-03 12:18:55 | INFO | cm_purifier.train | Step: 13100/50000 | 26.20% | lr: 0.000100 | Training loss is 0.2606 | distill: 0.0015 | rec: 0.1271 | id: 0.1320 | cls: 0.0000 | elapsed: 00:47:51 | eta: 02:14:48 | gpu: 0.8/9.3 GB
2026-07-03 12:19:17 | INFO | cm_purifier.train | Step: 13200/50000 | 26.40% | lr: 0.000100 | Training loss is 0.2455 | distill: 0.0012 | rec: 0.1238 | id: 0.1204 | cls: 0.0000 | elapsed: 00:48:13 | eta: 02:14:26 | gpu: 0.8/9.3 GB
2026-07-03 12:19:38 | INFO | cm_purifier.train | Step: 13300/50000 | 26.60% | lr: 0.000100 | Training loss is 0.2500 | distill: 0.0016 | rec: 0.1338 | id: 0.1146 | cls: 0.0000 | elapsed: 00:48:34 | eta: 02:14:01 | gpu: 0.8/9.3 GB
2026-07-03 12:19:59 | INFO | cm_purifier.train | Step: 13400/50000 | 26.80% | lr: 0.000100 | Training loss is 0.2295 | distill: 0.0010 | rec: 0.1174 | id: 0.1111 | cls: 0.0000 | elapsed: 00:48:55 | eta: 02:13:37 | gpu: 0.8/9.3 GB
2026-07-03 12:20:20 | INFO | cm_purifier.train | Step: 13500/50000 | 27.00% | lr: 0.000100 | Training loss is 0.2624 | distill: 0.0011 | rec: 0.1295 | id: 0.1318 | cls: 0.0000 | elapsed: 00:49:16 | eta: 02:13:13 | gpu: 0.8/9.3 GB
2026-07-03 12:20:42 | INFO | cm_purifier.train | Step: 13600/50000 | 27.20% | lr: 0.000100 | Training loss is 0.2287 | distill: 0.0011 | rec: 0.1231 | id: 0.1045 | cls: 0.0000 | elapsed: 00:49:37 | eta: 02:12:49 | gpu: 0.8/9.3 GB
2026-07-03 12:21:03 | INFO | cm_purifier.train | Step: 13700/50000 | 27.40% | lr: 0.000100 | Training loss is 0.2273 | distill: 0.0010 | rec: 0.1206 | id: 0.1057 | cls: 0.0000 | elapsed: 00:49:58 | eta: 02:12:25 | gpu: 0.8/9.3 GB
2026-07-03 12:21:23 | INFO | cm_purifier.train | Step: 13800/50000 | 27.60% | lr: 0.000100 | Training loss is 0.2741 | distill: 0.0011 | rec: 0.1311 | id: 0.1418 | cls: 0.0000 | elapsed: 00:50:19 | eta: 02:12:00 | gpu: 0.8/9.3 GB
2026-07-03 12:21:45 | INFO | cm_purifier.train | Step: 13900/50000 | 27.80% | lr: 0.000100 | Training loss is 0.2616 | distill: 0.0011 | rec: 0.1307 | id: 0.1298 | cls: 0.0000 | elapsed: 00:50:40 | eta: 02:11:37 | gpu: 0.8/9.3 GB
2026-07-03 12:22:05 | INFO | cm_purifier.train | Step: 14000/50000 | 28.00% | lr: 0.000100 | Training loss is 0.2526 | distill: 0.0014 | rec: 0.1295 | id: 0.1217 | cls: 0.0000 | elapsed: 00:51:01 | eta: 02:11:12 | gpu: 0.8/9.3 GB
2026-07-03 12:22:27 | INFO | cm_purifier.train | Step: 14100/50000 | 28.20% | lr: 0.000100 | Training loss is 0.2394 | distill: 0.0012 | rec: 0.1226 | id: 0.1156 | cls: 0.0000 | elapsed: 00:51:22 | eta: 02:10:49 | gpu: 0.8/9.3 GB
2026-07-03 12:22:48 | INFO | cm_purifier.train | Step: 14200/50000 | 28.40% | lr: 0.000100 | Training loss is 0.2527 | distill: 0.0010 | rec: 0.1284 | id: 0.1233 | cls: 0.0000 | elapsed: 00:51:43 | eta: 02:10:24 | gpu: 0.8/9.3 GB
2026-07-03 12:23:09 | INFO | cm_purifier.train | Step: 14300/50000 | 28.60% | lr: 0.000100 | Training loss is 0.2580 | distill: 0.0011 | rec: 0.1295 | id: 0.1274 | cls: 0.0000 | elapsed: 00:52:05 | eta: 02:10:01 | gpu: 0.8/9.3 GB
2026-07-03 12:23:30 | INFO | cm_purifier.train | Step: 14400/50000 | 28.80% | lr: 0.000100 | Training loss is 0.2270 | distill: 0.0010 | rec: 0.1142 | id: 0.1118 | cls: 0.0000 | elapsed: 00:52:25 | eta: 02:09:37 | gpu: 0.8/9.3 GB
2026-07-03 12:23:51 | INFO | cm_purifier.train | Step: 14500/50000 | 29.00% | lr: 0.000100 | Training loss is 0.2571 | distill: 0.0010 | rec: 0.1245 | id: 0.1315 | cls: 0.0000 | elapsed: 00:52:46 | eta: 02:09:13 | gpu: 0.8/9.3 GB
2026-07-03 12:24:12 | INFO | cm_purifier.train | Step: 14600/50000 | 29.20% | lr: 0.000100 | Training loss is 0.2674 | distill: 0.0012 | rec: 0.1324 | id: 0.1338 | cls: 0.0000 | elapsed: 00:53:08 | eta: 02:08:49 | gpu: 0.8/9.3 GB
2026-07-03 12:24:33 | INFO | cm_purifier.train | Step: 14700/50000 | 29.40% | lr: 0.000100 | Training loss is 0.2413 | distill: 0.0011 | rec: 0.1200 | id: 0.1201 | cls: 0.0000 | elapsed: 00:53:28 | eta: 02:08:25 | gpu: 0.8/9.3 GB
2026-07-03 12:24:54 | INFO | cm_purifier.train | Step: 14800/50000 | 29.60% | lr: 0.000100 | Training loss is 0.2369 | distill: 0.0010 | rec: 0.1217 | id: 0.1142 | cls: 0.0000 | elapsed: 00:53:50 | eta: 02:08:02 | gpu: 0.8/9.3 GB
2026-07-03 12:25:15 | INFO | cm_purifier.train | Step: 14900/50000 | 29.80% | lr: 0.000100 | Training loss is 0.2378 | distill: 0.0012 | rec: 0.1206 | id: 0.1160 | cls: 0.0000 | elapsed: 00:54:11 | eta: 02:07:38 | gpu: 0.8/9.3 GB
2026-07-03 12:25:36 | INFO | cm_purifier.train | Step: 15000/50000 | 30.00% | lr: 0.000100 | Training loss is 0.2449 | distill: 0.0013 | rec: 0.1234 | id: 0.1201 | cls: 0.0000 | elapsed: 00:54:32 | eta: 02:07:15 | gpu: 0.8/9.3 GB
2026-07-03 12:26:27 | INFO | cm_purifier.train | Saved checkpoint to /media02/ndthuc03/cm-purify-targeted-poisoning/consistency_model/checkpoints/cm_purifier.pth at step 15000
2026-07-03 12:26:48 | INFO | cm_purifier.train | Step: 15100/50000 | 30.20% | lr: 0.000100 | Training loss is 0.2087 | distill: 0.0010 | rec: 0.1151 | id: 0.0926 | cls: 0.0000 | elapsed: 00:55:43 | eta: 02:08:48 | gpu: 0.8/9.3 GB
2026-07-03 12:27:08 | INFO | cm_purifier.train | Step: 15200/50000 | 30.40% | lr: 0.000100 | Training loss is 0.2423 | distill: 0.0012 | rec: 0.1225 | id: 0.1186 | cls: 0.0000 | elapsed: 00:56:04 | eta: 02:08:22 | gpu: 0.8/9.3 GB
2026-07-03 12:27:29 | INFO | cm_purifier.train | Step: 15300/50000 | 30.60% | lr: 0.000100 | Training loss is 0.2518 | distill: 0.0015 | rec: 0.1310 | id: 0.1193 | cls: 0.0000 | elapsed: 00:56:25 | eta: 02:07:58 | gpu: 0.8/9.3 GB
2026-07-03 12:27:50 | INFO | cm_purifier.train | Step: 15400/50000 | 30.80% | lr: 0.000100 | Training loss is 0.2418 | distill: 0.0012 | rec: 0.1270 | id: 0.1136 | cls: 0.0000 | elapsed: 00:56:46 | eta: 02:07:32 | gpu: 0.8/9.3 GB
2026-07-03 12:28:11 | INFO | cm_purifier.train | Step: 15500/50000 | 31.00% | lr: 0.000100 | Training loss is 0.2392 | distill: 0.0010 | rec: 0.1200 | id: 0.1181 | cls: 0.0000 | elapsed: 00:57:07 | eta: 02:07:08 | gpu: 0.8/9.3 GB
2026-07-03 12:28:32 | INFO | cm_purifier.train | Step: 15600/50000 | 31.20% | lr: 0.000100 | Training loss is 0.2603 | distill: 0.0012 | rec: 0.1266 | id: 0.1325 | cls: 0.0000 | elapsed: 00:57:27 | eta: 02:06:43 | gpu: 0.8/9.3 GB
2026-07-03 12:28:53 | INFO | cm_purifier.train | Step: 15700/50000 | 31.40% | lr: 0.000100 | Training loss is 0.2467 | distill: 0.0010 | rec: 0.1205 | id: 0.1252 | cls: 0.0000 | elapsed: 00:57:49 | eta: 02:06:18 | gpu: 0.8/9.3 GB
2026-07-03 12:29:14 | INFO | cm_purifier.train | Step: 15800/50000 | 31.60% | lr: 0.000100 | Training loss is 0.2693 | distill: 0.0009 | rec: 0.1315 | id: 0.1370 | cls: 0.0000 | elapsed: 00:58:09 | eta: 02:05:54 | gpu: 0.8/9.3 GB
2026-07-03 12:29:34 | INFO | cm_purifier.train | Step: 15900/50000 | 31.80% | lr: 0.000100 | Training loss is 0.2754 | distill: 0.0012 | rec: 0.1281 | id: 0.1462 | cls: 0.0000 | elapsed: 00:58:30 | eta: 02:05:29 | gpu: 0.8/9.3 GB
2026-07-03 12:29:56 | INFO | cm_purifier.train | Step: 16000/50000 | 32.00% | lr: 0.000100 | Training loss is 0.2231 | distill: 0.0011 | rec: 0.1208 | id: 0.1012 | cls: 0.0000 | elapsed: 00:58:52 | eta: 02:05:05 | gpu: 0.8/9.3 GB
2026-07-03 12:30:17 | INFO | cm_purifier.train | Step: 16100/50000 | 32.20% | lr: 0.000100 | Training loss is 0.2224 | distill: 0.0010 | rec: 0.1142 | id: 0.1071 | cls: 0.0000 | elapsed: 00:59:12 | eta: 02:04:40 | gpu: 0.8/9.3 GB
2026-07-03 12:30:38 | INFO | cm_purifier.train | Step: 16200/50000 | 32.40% | lr: 0.000100 | Training loss is 0.2447 | distill: 0.0013 | rec: 0.1207 | id: 0.1227 | cls: 0.0000 | elapsed: 00:59:33 | eta: 02:04:16 | gpu: 0.8/9.3 GB
2026-07-03 12:30:59 | INFO | cm_purifier.train | Step: 16300/50000 | 32.60% | lr: 0.000100 | Training loss is 0.2321 | distill: 0.0010 | rec: 0.1190 | id: 0.1121 | cls: 0.0000 | elapsed: 00:59:54 | eta: 02:03:52 | gpu: 0.8/9.3 GB
2026-07-03 12:31:20 | INFO | cm_purifier.train | Step: 16400/50000 | 32.80% | lr: 0.000100 | Training loss is 0.2455 | distill: 0.0011 | rec: 0.1207 | id: 0.1237 | cls: 0.0000 | elapsed: 01:00:16 | eta: 02:03:28 | gpu: 0.8/9.3 GB
2026-07-03 12:31:41 | INFO | cm_purifier.train | Step: 16500/50000 | 33.00% | lr: 0.000100 | Training loss is 0.2313 | distill: 0.0011 | rec: 0.1203 | id: 0.1100 | cls: 0.0000 | elapsed: 01:00:37 | eta: 02:03:04 | gpu: 0.8/9.3 GB
2026-07-03 12:32:02 | INFO | cm_purifier.train | Step: 16600/50000 | 33.20% | lr: 0.000100 | Training loss is 0.2445 | distill: 0.0010 | rec: 0.1199 | id: 0.1235 | cls: 0.0000 | elapsed: 01:00:57 | eta: 02:02:40 | gpu: 0.8/9.3 GB
2026-07-03 12:32:23 | INFO | cm_purifier.train | Step: 16700/50000 | 33.40% | lr: 0.000100 | Training loss is 0.2470 | distill: 0.0014 | rec: 0.1249 | id: 0.1207 | cls: 0.0000 | elapsed: 01:01:19 | eta: 02:02:16 | gpu: 0.8/9.3 GB
2026-07-03 12:32:44 | INFO | cm_purifier.train | Step: 16800/50000 | 33.60% | lr: 0.000100 | Training loss is 0.2411 | distill: 0.0012 | rec: 0.1216 | id: 0.1183 | cls: 0.0000 | elapsed: 01:01:39 | eta: 02:01:51 | gpu: 0.8/9.3 GB
2026-07-03 12:33:05 | INFO | cm_purifier.train | Step: 16900/50000 | 33.80% | lr: 0.000100 | Training loss is 0.2434 | distill: 0.0010 | rec: 0.1265 | id: 0.1158 | cls: 0.0000 | elapsed: 01:02:01 | eta: 02:01:28 | gpu: 0.8/9.3 GB
2026-07-03 12:33:26 | INFO | cm_purifier.train | Step: 17000/50000 | 34.00% | lr: 0.000100 | Training loss is 0.2195 | distill: 0.0010 | rec: 0.1147 | id: 0.1038 | cls: 0.0000 | elapsed: 01:02:22 | eta: 02:01:04 | gpu: 0.8/9.3 GB
2026-07-03 12:33:47 | INFO | cm_purifier.train | Step: 17100/50000 | 34.20% | lr: 0.000100 | Training loss is 0.2373 | distill: 0.0012 | rec: 0.1202 | id: 0.1160 | cls: 0.0000 | elapsed: 01:02:43 | eta: 02:00:40 | gpu: 0.8/9.3 GB
2026-07-03 12:34:08 | INFO | cm_purifier.train | Step: 17200/50000 | 34.40% | lr: 0.000100 | Training loss is 0.2450 | distill: 0.0010 | rec: 0.1281 | id: 0.1159 | cls: 0.0000 | elapsed: 01:03:04 | eta: 02:00:16 | gpu: 0.8/9.3 GB
2026-07-03 12:34:29 | INFO | cm_purifier.train | Step: 17300/50000 | 34.60% | lr: 0.000100 | Training loss is 0.2482 | distill: 0.0010 | rec: 0.1269 | id: 0.1202 | cls: 0.0000 | elapsed: 01:03:25 | eta: 01:59:52 | gpu: 0.8/9.3 GB
2026-07-03 12:34:50 | INFO | cm_purifier.train | Step: 17400/50000 | 34.80% | lr: 0.000100 | Training loss is 0.2445 | distill: 0.0012 | rec: 0.1230 | id: 0.1203 | cls: 0.0000 | elapsed: 01:03:46 | eta: 01:59:29 | gpu: 0.8/9.3 GB
2026-07-03 12:35:11 | INFO | cm_purifier.train | Step: 17500/50000 | 35.00% | lr: 0.000100 | Training loss is 0.2291 | distill: 0.0011 | rec: 0.1149 | id: 0.1131 | cls: 0.0000 | elapsed: 01:04:07 | eta: 01:59:05 | gpu: 0.8/9.3 GB
2026-07-03 12:35:33 | INFO | cm_purifier.train | Step: 17600/50000 | 35.20% | lr: 0.000100 | Training loss is 0.2596 | distill: 0.0010 | rec: 0.1272 | id: 0.1313 | cls: 0.0000 | elapsed: 01:04:28 | eta: 01:58:42 | gpu: 0.8/9.3 GB
2026-07-03 12:35:54 | INFO | cm_purifier.train | Step: 17700/50000 | 35.40% | lr: 0.000100 | Training loss is 0.2531 | distill: 0.0011 | rec: 0.1280 | id: 0.1239 | cls: 0.0000 | elapsed: 01:04:49 | eta: 01:58:18 | gpu: 0.8/9.3 GB
2026-07-03 12:36:15 | INFO | cm_purifier.train | Step: 17800/50000 | 35.60% | lr: 0.000100 | Training loss is 0.2378 | distill: 0.0012 | rec: 0.1280 | id: 0.1087 | cls: 0.0000 | elapsed: 01:05:11 | eta: 01:57:55 | gpu: 0.8/9.3 GB
2026-07-03 12:36:36 | INFO | cm_purifier.train | Step: 17900/50000 | 35.80% | lr: 0.000100 | Training loss is 0.2615 | distill: 0.0012 | rec: 0.1289 | id: 0.1314 | cls: 0.0000 | elapsed: 01:05:31 | eta: 01:57:31 | gpu: 0.8/9.3 GB
2026-07-03 12:36:57 | INFO | cm_purifier.train | Step: 18000/50000 | 36.00% | lr: 0.000100 | Training loss is 0.2395 | distill: 0.0012 | rec: 0.1307 | id: 0.1076 | cls: 0.0000 | elapsed: 01:05:52 | eta: 01:57:07 | gpu: 0.8/9.3 GB
2026-07-03 12:37:18 | INFO | cm_purifier.train | Step: 18100/50000 | 36.20% | lr: 0.000100 | Training loss is 0.2401 | distill: 0.0012 | rec: 0.1198 | id: 0.1191 | cls: 0.0000 | elapsed: 01:06:14 | eta: 01:56:44 | gpu: 0.8/9.3 GB
2026-07-03 12:40:06 | INFO | cm_purifier.train | Step: 18200/50000 | 36.40% | lr: 0.000100 | Training loss is 0.2315 | distill: 0.0010 | rec: 0.1203 | id: 0.1103 | cls: 0.0000 | elapsed: 01:09:01 | eta: 02:00:36 | gpu: 0.8/9.3 GB
2026-07-03 12:42:24 | INFO | cm_purifier.train | Step: 18300/50000 | 36.60% | lr: 0.000100 | Training loss is 0.2487 | distill: 0.0015 | rec: 0.1287 | id: 0.1185 | cls: 0.0000 | elapsed: 01:11:20 | eta: 02:03:34 | gpu: 0.8/9.3 GB
2026-07-03 12:49:21 | INFO | cm_purifier.train | Step: 18400/50000 | 36.80% | lr: 0.000100 | Training loss is 0.2420 | distill: 0.0010 | rec: 0.1248 | id: 0.1162 | cls: 0.0000 | elapsed: 01:18:17 | eta: 02:14:26 | gpu: 0.8/9.3 GB
2026-07-03 12:50:07 | INFO | cm_purifier.train | Step: 18500/50000 | 37.00% | lr: 0.000100 | Training loss is 0.2488 | distill: 0.0013 | rec: 0.1312 | id: 0.1163 | cls: 0.0000 | elapsed: 01:19:03 | eta: 02:14:37 | gpu: 0.8/9.3 GB
2026-07-03 12:50:28 | INFO | cm_purifier.train | Step: 18600/50000 | 37.20% | lr: 0.000100 | Training loss is 0.2642 | distill: 0.0013 | rec: 0.1306 | id: 0.1323 | cls: 0.0000 | elapsed: 01:19:24 | eta: 02:14:03 | gpu: 0.8/9.3 GB
2026-07-03 12:50:53 | INFO | cm_purifier.train | Step: 18700/50000 | 37.40% | lr: 0.000100 | Training loss is 0.2571 | distill: 0.0012 | rec: 0.1307 | id: 0.1252 | cls: 0.0000 | elapsed: 01:19:48 | eta: 02:13:35 | gpu: 0.8/9.3 GB
2026-07-03 12:51:29 | INFO | cm_purifier.train | Step: 18800/50000 | 37.60% | lr: 0.000100 | Training loss is 0.2597 | distill: 0.0012 | rec: 0.1356 | id: 0.1228 | cls: 0.0000 | elapsed: 01:20:24 | eta: 02:13:27 | gpu: 0.8/9.3 GB
2026-07-03 12:51:49 | INFO | cm_purifier.train | Step: 18900/50000 | 37.80% | lr: 0.000100 | Training loss is 0.2517 | distill: 0.0009 | rec: 0.1268 | id: 0.1240 | cls: 0.0000 | elapsed: 01:20:45 | eta: 02:12:53 | gpu: 0.8/9.3 GB
2026-07-03 12:52:10 | INFO | cm_purifier.train | Step: 19000/50000 | 38.00% | lr: 0.000100 | Training loss is 0.2196 | distill: 0.0012 | rec: 0.1147 | id: 0.1038 | cls: 0.0000 | elapsed: 01:21:06 | eta: 02:12:20 | gpu: 0.8/9.3 GB
2026-07-03 12:52:34 | INFO | cm_purifier.train | Step: 19100/50000 | 38.20% | lr: 0.000100 | Training loss is 0.2640 | distill: 0.0012 | rec: 0.1324 | id: 0.1305 | cls: 0.0000 | elapsed: 01:21:30 | eta: 02:11:51 | gpu: 0.8/9.3 GB
2026-07-03 12:53:03 | INFO | cm_purifier.train | Step: 19200/50000 | 38.40% | lr: 0.000100 | Training loss is 0.2273 | distill: 0.0012 | rec: 0.1182 | id: 0.1080 | cls: 0.0000 | elapsed: 01:21:59 | eta: 02:11:31 | gpu: 0.8/9.3 GB
2026-07-03 12:53:28 | INFO | cm_purifier.train | Step: 19300/50000 | 38.60% | lr: 0.000100 | Training loss is 0.2547 | distill: 0.0011 | rec: 0.1241 | id: 0.1295 | cls: 0.0000 | elapsed: 01:22:23 | eta: 02:11:04 | gpu: 0.8/9.3 GB
2026-07-03 12:53:48 | INFO | cm_purifier.train | Step: 19400/50000 | 38.80% | lr: 0.000100 | Training loss is 0.2272 | distill: 0.0011 | rec: 0.1224 | id: 0.1037 | cls: 0.0000 | elapsed: 01:22:44 | eta: 02:10:30 | gpu: 0.8/9.3 GB
2026-07-03 12:54:10 | INFO | cm_purifier.train | Step: 19500/50000 | 39.00% | lr: 0.000100 | Training loss is 0.2376 | distill: 0.0011 | rec: 0.1204 | id: 0.1161 | cls: 0.0000 | elapsed: 01:23:06 | eta: 02:09:59 | gpu: 0.8/9.3 GB
2026-07-03 12:54:31 | INFO | cm_purifier.train | Step: 19600/50000 | 39.20% | lr: 0.000100 | Training loss is 0.2480 | distill: 0.0012 | rec: 0.1283 | id: 0.1185 | cls: 0.0000 | elapsed: 01:23:27 | eta: 02:09:26 | gpu: 0.8/9.3 GB
2026-07-03 12:54:56 | INFO | cm_purifier.train | Step: 19700/50000 | 39.40% | lr: 0.000100 | Training loss is 0.2475 | distill: 0.0010 | rec: 0.1204 | id: 0.1261 | cls: 0.0000 | elapsed: 01:23:51 | eta: 02:08:59 | gpu: 0.8/9.3 GB
2026-07-03 12:55:17 | INFO | cm_purifier.train | Step: 19800/50000 | 39.60% | lr: 0.000100 | Training loss is 0.2256 | distill: 0.0011 | rec: 0.1179 | id: 0.1066 | cls: 0.0000 | elapsed: 01:24:12 | eta: 02:08:26 | gpu: 0.8/9.3 GB
2026-07-03 12:55:38 | INFO | cm_purifier.train | Step: 19900/50000 | 39.80% | lr: 0.000100 | Training loss is 0.2730 | distill: 0.0011 | rec: 0.1356 | id: 0.1363 | cls: 0.0000 | elapsed: 01:24:34 | eta: 02:07:55 | gpu: 0.8/9.3 GB
2026-07-03 12:56:00 | INFO | cm_purifier.train | Step: 20000/50000 | 40.00% | lr: 0.000100 | Training loss is 0.2472 | distill: 0.0010 | rec: 0.1230 | id: 0.1232 | cls: 0.0000 | elapsed: 01:24:55 | eta: 02:07:23 | gpu: 0.8/9.3 GB
2026-07-03 12:56:52 | INFO | cm_purifier.train | Saved checkpoint to /media02/ndthuc03/cm-purify-targeted-poisoning/consistency_model/checkpoints/cm_purifier.pth at step 20000
2026-07-03 12:57:14 | INFO | cm_purifier.train | Step: 20100/50000 | 40.20% | lr: 0.000100 | Training loss is 0.2452 | distill: 0.0011 | rec: 0.1270 | id: 0.1171 | cls: 0.0000 | elapsed: 01:26:09 | eta: 02:08:10 | gpu: 0.8/9.3 GB
2026-07-03 12:57:38 | INFO | cm_purifier.train | Step: 20200/50000 | 40.40% | lr: 0.000100 | Training loss is 0.2206 | distill: 0.0011 | rec: 0.1181 | id: 0.1015 | cls: 0.0000 | elapsed: 01:26:34 | eta: 02:07:42 | gpu: 0.8/9.3 GB
2026-07-03 12:58:01 | INFO | cm_purifier.train | Step: 20300/50000 | 40.60% | lr: 0.000100 | Training loss is 0.2342 | distill: 0.0012 | rec: 0.1254 | id: 0.1076 | cls: 0.0000 | elapsed: 01:26:57 | eta: 02:07:12 | gpu: 0.8/9.3 GB
2026-07-03 12:58:23 | INFO | cm_purifier.train | Step: 20400/50000 | 40.80% | lr: 0.000100 | Training loss is 0.2349 | distill: 0.0014 | rec: 0.1163 | id: 0.1172 | cls: 0.0000 | elapsed: 01:27:19 | eta: 02:06:42 | gpu: 0.8/9.3 GB
2026-07-03 12:58:44 | INFO | cm_purifier.train | Step: 20500/50000 | 41.00% | lr: 0.000100 | Training loss is 0.2439 | distill: 0.0011 | rec: 0.1217 | id: 0.1211 | cls: 0.0000 | elapsed: 01:27:40 | eta: 02:06:10 | gpu: 0.8/9.3 GB
2026-07-03 12:59:06 | INFO | cm_purifier.train | Step: 20600/50000 | 41.20% | lr: 0.000100 | Training loss is 0.2563 | distill: 0.0014 | rec: 0.1260 | id: 0.1289 | cls: 0.0000 | elapsed: 01:28:02 | eta: 02:05:38 | gpu: 0.8/9.3 GB
2026-07-03 12:59:26 | INFO | cm_purifier.train | Step: 20700/50000 | 41.40% | lr: 0.000100 | Training loss is 0.2496 | distill: 0.0012 | rec: 0.1253 | id: 0.1232 | cls: 0.0000 | elapsed: 01:28:22 | eta: 02:05:05 | gpu: 0.8/9.3 GB
2026-07-03 12:59:47 | INFO | cm_purifier.train | Step: 20800/50000 | 41.60% | lr: 0.000100 | Training loss is 0.2587 | distill: 0.0012 | rec: 0.1305 | id: 0.1271 | cls: 0.0000 | elapsed: 01:28:43 | eta: 02:04:32 | gpu: 0.8/9.3 GB
2026-07-03 13:00:08 | INFO | cm_purifier.train | Step: 20900/50000 | 41.80% | lr: 0.000100 | Training loss is 0.2568 | distill: 0.0015 | rec: 0.1321 | id: 0.1232 | cls: 0.0000 | elapsed: 01:29:04 | eta: 02:04:00 | gpu: 0.8/9.3 GB
2026-07-03 13:00:29 | INFO | cm_purifier.train | Step: 21000/50000 | 42.00% | lr: 0.000100 | Training loss is 0.2476 | distill: 0.0013 | rec: 0.1234 | id: 0.1229 | cls: 0.0000 | elapsed: 01:29:24 | eta: 02:03:28 | gpu: 0.8/9.3 GB
2026-07-03 13:00:50 | INFO | cm_purifier.train | Step: 21100/50000 | 42.20% | lr: 0.000100 | Training loss is 0.2424 | distill: 0.0013 | rec: 0.1239 | id: 0.1172 | cls: 0.0000 | elapsed: 01:29:46 | eta: 02:02:57 | gpu: 0.8/9.3 GB
2026-07-03 13:01:11 | INFO | cm_purifier.train | Step: 21200/50000 | 42.40% | lr: 0.000100 | Training loss is 0.2535 | distill: 0.0014 | rec: 0.1224 | id: 0.1297 | cls: 0.0000 | elapsed: 01:30:06 | eta: 02:02:25 | gpu: 0.8/9.3 GB
2026-07-03 13:01:32 | INFO | cm_purifier.train | Step: 21300/50000 | 42.60% | lr: 0.000100 | Training loss is 0.2465 | distill: 0.0011 | rec: 0.1237 | id: 0.1216 | cls: 0.0000 | elapsed: 01:30:27 | eta: 02:01:53 | gpu: 0.8/9.3 GB
2026-07-03 13:01:52 | INFO | cm_purifier.train | Step: 21400/50000 | 42.80% | lr: 0.000100 | Training loss is 0.2490 | distill: 0.0012 | rec: 0.1265 | id: 0.1213 | cls: 0.0000 | elapsed: 01:30:48 | eta: 02:01:21 | gpu: 0.8/9.3 GB
2026-07-03 13:02:13 | INFO | cm_purifier.train | Step: 21500/50000 | 43.00% | lr: 0.000100 | Training loss is 0.2427 | distill: 0.0010 | rec: 0.1171 | id: 0.1246 | cls: 0.0000 | elapsed: 01:31:09 | eta: 02:00:50 | gpu: 0.8/9.3 GB
2026-07-03 13:02:34 | INFO | cm_purifier.train | Step: 21600/50000 | 43.20% | lr: 0.000100 | Training loss is 0.2400 | distill: 0.0012 | rec: 0.1311 | id: 0.1078 | cls: 0.0000 | elapsed: 01:31:30 | eta: 02:00:19 | gpu: 0.8/9.3 GB
2026-07-03 13:02:55 | INFO | cm_purifier.train | Step: 21700/50000 | 43.40% | lr: 0.000100 | Training loss is 0.2291 | distill: 0.0010 | rec: 0.1167 | id: 0.1114 | cls: 0.0000 | elapsed: 01:31:51 | eta: 01:59:47 | gpu: 0.8/9.3 GB
2026-07-03 13:03:16 | INFO | cm_purifier.train | Step: 21800/50000 | 43.60% | lr: 0.000100 | Training loss is 0.2559 | distill: 0.0013 | rec: 0.1300 | id: 0.1246 | cls: 0.0000 | elapsed: 01:32:12 | eta: 01:59:16 | gpu: 0.8/9.3 GB
2026-07-03 13:03:37 | INFO | cm_purifier.train | Step: 21900/50000 | 43.80% | lr: 0.000100 | Training loss is 0.2489 | distill: 0.0013 | rec: 0.1272 | id: 0.1205 | cls: 0.0000 | elapsed: 01:32:33 | eta: 01:58:45 | gpu: 0.8/9.3 GB
2026-07-03 13:03:58 | INFO | cm_purifier.train | Step: 22000/50000 | 44.00% | lr: 0.000100 | Training loss is 0.2374 | distill: 0.0010 | rec: 0.1184 | id: 0.1180 | cls: 0.0000 | elapsed: 01:32:54 | eta: 01:58:14 | gpu: 0.8/9.3 GB
2026-07-03 13:04:19 | INFO | cm_purifier.train | Step: 22100/50000 | 44.20% | lr: 0.000100 | Training loss is 0.2321 | distill: 0.0012 | rec: 0.1225 | id: 0.1084 | cls: 0.0000 | elapsed: 01:33:15 | eta: 01:57:43 | gpu: 0.8/9.3 GB
2026-07-03 13:04:40 | INFO | cm_purifier.train | Step: 22200/50000 | 44.40% | lr: 0.000100 | Training loss is 0.2569 | distill: 0.0011 | rec: 0.1274 | id: 0.1284 | cls: 0.0000 | elapsed: 01:33:36 | eta: 01:57:12 | gpu: 0.8/9.3 GB
2026-07-03 13:05:01 | INFO | cm_purifier.train | Step: 22300/50000 | 44.60% | lr: 0.000100 | Training loss is 0.2631 | distill: 0.0014 | rec: 0.1324 | id: 0.1294 | cls: 0.0000 | elapsed: 01:33:57 | eta: 01:56:42 | gpu: 0.8/9.3 GB
2026-07-03 13:05:22 | INFO | cm_purifier.train | Step: 22400/50000 | 44.80% | lr: 0.000100 | Training loss is 0.2498 | distill: 0.0012 | rec: 0.1231 | id: 0.1254 | cls: 0.0000 | elapsed: 01:34:18 | eta: 01:56:11 | gpu: 0.8/9.3 GB
2026-07-03 13:05:43 | INFO | cm_purifier.train | Step: 22500/50000 | 45.00% | lr: 0.000100 | Training loss is 0.2289 | distill: 0.0011 | rec: 0.1220 | id: 0.1059 | cls: 0.0000 | elapsed: 01:34:39 | eta: 01:55:41 | gpu: 0.8/9.3 GB
2026-07-03 13:06:04 | INFO | cm_purifier.train | Step: 22600/50000 | 45.20% | lr: 0.000100 | Training loss is 0.2402 | distill: 0.0013 | rec: 0.1311 | id: 0.1079 | cls: 0.0000 | elapsed: 01:35:00 | eta: 01:55:11 | gpu: 0.8/9.3 GB
2026-07-03 13:06:26 | INFO | cm_purifier.train | Step: 22700/50000 | 45.40% | lr: 0.000100 | Training loss is 0.2179 | distill: 0.0011 | rec: 0.1119 | id: 0.1048 | cls: 0.0000 | elapsed: 01:35:21 | eta: 01:54:41 | gpu: 0.8/9.3 GB
2026-07-03 13:06:46 | INFO | cm_purifier.train | Step: 22800/50000 | 45.60% | lr: 0.000100 | Training loss is 0.2554 | distill: 0.0011 | rec: 0.1286 | id: 0.1257 | cls: 0.0000 | elapsed: 01:35:42 | eta: 01:54:10 | gpu: 0.8/9.3 GB
2026-07-03 13:07:07 | INFO | cm_purifier.train | Step: 22900/50000 | 45.80% | lr: 0.000100 | Training loss is 0.2460 | distill: 0.0013 | rec: 0.1259 | id: 0.1188 | cls: 0.0000 | elapsed: 01:36:03 | eta: 01:53:40 | gpu: 0.8/9.3 GB
2026-07-03 13:07:29 | INFO | cm_purifier.train | Step: 23000/50000 | 46.00% | lr: 0.000100 | Training loss is 0.2280 | distill: 0.0013 | rec: 0.1137 | id: 0.1130 | cls: 0.0000 | elapsed: 01:36:24 | eta: 01:53:10 | gpu: 0.8/9.3 GB
2026-07-03 13:07:49 | INFO | cm_purifier.train | Step: 23100/50000 | 46.20% | lr: 0.000100 | Training loss is 0.2187 | distill: 0.0011 | rec: 0.1133 | id: 0.1043 | cls: 0.0000 | elapsed: 01:36:45 | eta: 01:52:40 | gpu: 0.8/9.3 GB
2026-07-03 13:08:11 | INFO | cm_purifier.train | Step: 23200/50000 | 46.40% | lr: 0.000100 | Training loss is 0.2278 | distill: 0.0012 | rec: 0.1203 | id: 0.1062 | cls: 0.0000 | elapsed: 01:37:06 | eta: 01:52:10 | gpu: 0.8/9.3 GB
2026-07-03 13:08:32 | INFO | cm_purifier.train | Step: 23300/50000 | 46.60% | lr: 0.000100 | Training loss is 0.2405 | distill: 0.0013 | rec: 0.1210 | id: 0.1183 | cls: 0.0000 | elapsed: 01:37:27 | eta: 01:51:41 | gpu: 0.8/9.3 GB
2026-07-03 13:08:52 | INFO | cm_purifier.train | Step: 23400/50000 | 46.80% | lr: 0.000100 | Training loss is 0.2480 | distill: 0.0011 | rec: 0.1234 | id: 0.1235 | cls: 0.0000 | elapsed: 01:37:48 | eta: 01:51:11 | gpu: 0.8/9.3 GB
2026-07-03 13:09:14 | INFO | cm_purifier.train | Step: 23500/50000 | 47.00% | lr: 0.000100 | Training loss is 0.2316 | distill: 0.0014 | rec: 0.1199 | id: 0.1104 | cls: 0.0000 | elapsed: 01:38:09 | eta: 01:50:41 | gpu: 0.8/9.3 GB
2026-07-03 13:09:35 | INFO | cm_purifier.train | Step: 23600/50000 | 47.20% | lr: 0.000100 | Training loss is 0.2410 | distill: 0.0011 | rec: 0.1236 | id: 0.1163 | cls: 0.0000 | elapsed: 01:38:30 | eta: 01:50:11 | gpu: 0.8/9.3 GB
2026-07-03 13:09:56 | INFO | cm_purifier.train | Step: 23700/50000 | 47.40% | lr: 0.000100 | Training loss is 0.2351 | distill: 0.0013 | rec: 0.1245 | id: 0.1093 | cls: 0.0000 | elapsed: 01:38:51 | eta: 01:49:42 | gpu: 0.8/9.3 GB
2026-07-03 13:10:17 | INFO | cm_purifier.train | Step: 23800/50000 | 47.60% | lr: 0.000100 | Training loss is 0.2320 | distill: 0.0012 | rec: 0.1202 | id: 0.1105 | cls: 0.0000 | elapsed: 01:39:12 | eta: 01:49:13 | gpu: 0.8/9.3 GB
2026-07-03 13:10:38 | INFO | cm_purifier.train | Step: 23900/50000 | 47.80% | lr: 0.000100 | Training loss is 0.2331 | distill: 0.0011 | rec: 0.1207 | id: 0.1112 | cls: 0.0000 | elapsed: 01:39:34 | eta: 01:48:44 | gpu: 0.8/9.3 GB
2026-07-03 13:10:59 | INFO | cm_purifier.train | Step: 24000/50000 | 48.00% | lr: 0.000100 | Training loss is 0.2352 | distill: 0.0010 | rec: 0.1187 | id: 0.1155 | cls: 0.0000 | elapsed: 01:39:55 | eta: 01:48:14 | gpu: 0.8/9.3 GB
2026-07-03 13:11:20 | INFO | cm_purifier.train | Step: 24100/50000 | 48.20% | lr: 0.000100 | Training loss is 0.2479 | distill: 0.0014 | rec: 0.1250 | id: 0.1215 | cls: 0.0000 | elapsed: 01:40:16 | eta: 01:47:45 | gpu: 0.8/9.3 GB
2026-07-03 13:11:41 | INFO | cm_purifier.train | Step: 24200/50000 | 48.40% | lr: 0.000100 | Training loss is 0.2624 | distill: 0.0015 | rec: 0.1304 | id: 0.1306 | cls: 0.0000 | elapsed: 01:40:37 | eta: 01:47:16 | gpu: 0.8/9.3 GB
2026-07-03 13:12:02 | INFO | cm_purifier.train | Step: 24300/50000 | 48.60% | lr: 0.000100 | Training loss is 0.2585 | distill: 0.0014 | rec: 0.1292 | id: 0.1279 | cls: 0.0000 | elapsed: 01:40:58 | eta: 01:46:47 | gpu: 0.8/9.3 GB
2026-07-03 13:12:23 | INFO | cm_purifier.train | Step: 24400/50000 | 48.80% | lr: 0.000100 | Training loss is 0.2522 | distill: 0.0014 | rec: 0.1269 | id: 0.1240 | cls: 0.0000 | elapsed: 01:41:19 | eta: 01:46:18 | gpu: 0.8/9.3 GB
2026-07-03 13:12:44 | INFO | cm_purifier.train | Step: 24500/50000 | 49.00% | lr: 0.000100 | Training loss is 0.2455 | distill: 0.0012 | rec: 0.1260 | id: 0.1183 | cls: 0.0000 | elapsed: 01:41:39 | eta: 01:45:48 | gpu: 0.8/9.3 GB
2026-07-03 13:13:05 | INFO | cm_purifier.train | Step: 24600/50000 | 49.20% | lr: 0.000100 | Training loss is 0.2269 | distill: 0.0013 | rec: 0.1154 | id: 0.1102 | cls: 0.0000 | elapsed: 01:42:01 | eta: 01:45:20 | gpu: 0.8/9.3 GB
2026-07-03 13:13:26 | INFO | cm_purifier.train | Step: 24700/50000 | 49.40% | lr: 0.000100 | Training loss is 0.2612 | distill: 0.0014 | rec: 0.1305 | id: 0.1293 | cls: 0.0000 | elapsed: 01:42:21 | eta: 01:44:51 | gpu: 0.8/9.3 GB
2026-07-03 13:13:47 | INFO | cm_purifier.train | Step: 24800/50000 | 49.60% | lr: 0.000100 | Training loss is 0.2337 | distill: 0.0012 | rec: 0.1213 | id: 0.1112 | cls: 0.0000 | elapsed: 01:42:42 | eta: 01:44:22 | gpu: 0.8/9.3 GB
2026-07-03 13:14:08 | INFO | cm_purifier.train | Step: 24900/50000 | 49.80% | lr: 0.000100 | Training loss is 0.2396 | distill: 0.0010 | rec: 0.1195 | id: 0.1191 | cls: 0.0000 | elapsed: 01:43:04 | eta: 01:43:53 | gpu: 0.8/9.3 GB
2026-07-03 13:14:29 | INFO | cm_purifier.train | Step: 25000/50000 | 50.00% | lr: 0.000100 | Training loss is 0.2336 | distill: 0.0012 | rec: 0.1186 | id: 0.1138 | cls: 0.0000 | elapsed: 01:43:25 | eta: 01:43:25 | gpu: 0.8/9.3 GB
2026-07-03 13:15:20 | INFO | cm_purifier.train | Saved checkpoint to /media02/ndthuc03/cm-purify-targeted-poisoning/consistency_model/checkpoints/cm_purifier.pth at step 25000
2026-07-03 13:15:41 | INFO | cm_purifier.train | Step: 25100/50000 | 50.20% | lr: 0.000100 | Training loss is 0.2349 | distill: 0.0011 | rec: 0.1201 | id: 0.1137 | cls: 0.0000 | elapsed: 01:44:36 | eta: 01:43:46 | gpu: 0.8/9.3 GB
2026-07-03 13:16:01 | INFO | cm_purifier.train | Step: 25200/50000 | 50.40% | lr: 0.000100 | Training loss is 0.2041 | distill: 0.0011 | rec: 0.1086 | id: 0.0943 | cls: 0.0000 | elapsed: 01:44:57 | eta: 01:43:17 | gpu: 0.8/9.3 GB
2026-07-03 13:16:22 | INFO | cm_purifier.train | Step: 25300/50000 | 50.60% | lr: 0.000100 | Training loss is 0.2331 | distill: 0.0014 | rec: 0.1208 | id: 0.1109 | cls: 0.0000 | elapsed: 01:45:18 | eta: 01:42:48 | gpu: 0.8/9.3 GB
2026-07-03 13:16:43 | INFO | cm_purifier.train | Step: 25400/50000 | 50.80% | lr: 0.000100 | Training loss is 0.2303 | distill: 0.0012 | rec: 0.1155 | id: 0.1136 | cls: 0.0000 | elapsed: 01:45:38 | eta: 01:42:19 | gpu: 0.8/9.3 GB
2026-07-03 13:17:03 | INFO | cm_purifier.train | Step: 25500/50000 | 51.00% | lr: 0.000100 | Training loss is 0.2372 | distill: 0.0012 | rec: 0.1193 | id: 0.1168 | cls: 0.0000 | elapsed: 01:45:59 | eta: 01:41:49 | gpu: 0.8/9.3 GB
2026-07-03 13:17:24 | INFO | cm_purifier.train | Step: 25600/50000 | 51.20% | lr: 0.000100 | Training loss is 0.2516 | distill: 0.0011 | rec: 0.1270 | id: 0.1234 | cls: 0.0000 | elapsed: 01:46:20 | eta: 01:41:21 | gpu: 0.8/9.3 GB
2026-07-03 13:17:45 | INFO | cm_purifier.train | Step: 25700/50000 | 51.40% | lr: 0.000100 | Training loss is 0.2619 | distill: 0.0013 | rec: 0.1357 | id: 0.1249 | cls: 0.0000 | elapsed: 01:46:41 | eta: 01:40:52 | gpu: 0.8/9.3 GB
2026-07-03 13:18:06 | INFO | cm_purifier.train | Step: 25800/50000 | 51.60% | lr: 0.000100 | Training loss is 0.2213 | distill: 0.0012 | rec: 0.1155 | id: 0.1045 | cls: 0.0000 | elapsed: 01:47:02 | eta: 01:40:23 | gpu: 0.8/9.3 GB
2026-07-03 13:18:27 | INFO | cm_purifier.train | Step: 25900/50000 | 51.80% | lr: 0.000100 | Training loss is 0.2571 | distill: 0.0014 | rec: 0.1275 | id: 0.1283 | cls: 0.0000 | elapsed: 01:47:22 | eta: 01:39:55 | gpu: 0.8/9.3 GB
2026-07-03 13:18:48 | INFO | cm_purifier.train | Step: 26000/50000 | 52.00% | lr: 0.000100 | Training loss is 0.2604 | distill: 0.0016 | rec: 0.1361 | id: 0.1228 | cls: 0.0000 | elapsed: 01:47:43 | eta: 01:39:26 | gpu: 0.8/9.3 GB
2026-07-03 13:19:08 | INFO | cm_purifier.train | Step: 26100/50000 | 52.20% | lr: 0.000100 | Training loss is 0.2557 | distill: 0.0015 | rec: 0.1309 | id: 0.1232 | cls: 0.0000 | elapsed: 01:48:04 | eta: 01:38:58 | gpu: 0.8/9.3 GB
2026-07-03 13:19:29 | INFO | cm_purifier.train | Step: 26200/50000 | 52.40% | lr: 0.000100 | Training loss is 0.2390 | distill: 0.0015 | rec: 0.1261 | id: 0.1114 | cls: 0.0000 | elapsed: 01:48:25 | eta: 01:38:29 | gpu: 0.8/9.3 GB
2026-07-03 13:19:51 | INFO | cm_purifier.train | Step: 26300/50000 | 52.60% | lr: 0.000100 | Training loss is 0.2359 | distill: 0.0010 | rec: 0.1230 | id: 0.1119 | cls: 0.0000 | elapsed: 01:48:46 | eta: 01:38:01 | gpu: 0.8/9.3 GB
2026-07-03 13:20:11 | INFO | cm_purifier.train | Step: 26400/50000 | 52.80% | lr: 0.000100 | Training loss is 0.2174 | distill: 0.0013 | rec: 0.1168 | id: 0.0994 | cls: 0.0000 | elapsed: 01:49:07 | eta: 01:37:33 | gpu: 0.8/9.3 GB
2026-07-03 13:20:33 | INFO | cm_purifier.train | Step: 26500/50000 | 53.00% | lr: 0.000100 | Training loss is 0.2523 | distill: 0.0012 | rec: 0.1252 | id: 0.1259 | cls: 0.0000 | elapsed: 01:49:28 | eta: 01:37:05 | gpu: 0.8/9.3 GB
2026-07-03 13:20:53 | INFO | cm_purifier.train | Step: 26600/50000 | 53.20% | lr: 0.000100 | Training loss is 0.2324 | distill: 0.0011 | rec: 0.1211 | id: 0.1102 | cls: 0.0000 | elapsed: 01:49:49 | eta: 01:36:36 | gpu: 0.8/9.3 GB
2026-07-03 13:21:15 | INFO | cm_purifier.train | Step: 26700/50000 | 53.40% | lr: 0.000100 | Training loss is 0.2751 | distill: 0.0016 | rec: 0.1337 | id: 0.1399 | cls: 0.0000 | elapsed: 01:50:10 | eta: 01:36:08 | gpu: 0.8/9.3 GB
2026-07-03 13:21:35 | INFO | cm_purifier.train | Step: 26800/50000 | 53.60% | lr: 0.000100 | Training loss is 0.2492 | distill: 0.0011 | rec: 0.1234 | id: 0.1246 | cls: 0.0000 | elapsed: 01:50:31 | eta: 01:35:40 | gpu: 0.8/9.3 GB
2026-07-03 13:21:56 | INFO | cm_purifier.train | Step: 26900/50000 | 53.80% | lr: 0.000100 | Training loss is 0.2520 | distill: 0.0010 | rec: 0.1238 | id: 0.1272 | cls: 0.0000 | elapsed: 01:50:52 | eta: 01:35:12 | gpu: 0.8/9.3 GB
2026-07-03 13:22:18 | INFO | cm_purifier.train | Step: 27000/50000 | 54.00% | lr: 0.000100 | Training loss is 0.2447 | distill: 0.0014 | rec: 0.1217 | id: 0.1216 | cls: 0.0000 | elapsed: 01:51:13 | eta: 01:34:44 | gpu: 0.8/9.3 GB
2026-07-03 13:22:39 | INFO | cm_purifier.train | Step: 27100/50000 | 54.20% | lr: 0.000100 | Training loss is 0.2691 | distill: 0.0012 | rec: 0.1352 | id: 0.1326 | cls: 0.0000 | elapsed: 01:51:34 | eta: 01:34:17 | gpu: 0.8/9.3 GB
2026-07-03 13:23:00 | INFO | cm_purifier.train | Step: 27200/50000 | 54.40% | lr: 0.000100 | Training loss is 0.2462 | distill: 0.0014 | rec: 0.1217 | id: 0.1231 | cls: 0.0000 | elapsed: 01:51:55 | eta: 01:33:49 | gpu: 0.8/9.3 GB
2026-07-03 13:23:21 | INFO | cm_purifier.train | Step: 27300/50000 | 54.60% | lr: 0.000100 | Training loss is 0.2721 | distill: 0.0016 | rec: 0.1361 | id: 0.1344 | cls: 0.0000 | elapsed: 01:52:16 | eta: 01:33:21 | gpu: 0.8/9.3 GB
2026-07-03 13:23:42 | INFO | cm_purifier.train | Step: 27400/50000 | 54.80% | lr: 0.000100 | Training loss is 0.2413 | distill: 0.0012 | rec: 0.1160 | id: 0.1240 | cls: 0.0000 | elapsed: 01:52:38 | eta: 01:32:54 | gpu: 0.8/9.3 GB
2026-07-03 13:24:03 | INFO | cm_purifier.train | Step: 27500/50000 | 55.00% | lr: 0.000100 | Training loss is 0.2395 | distill: 0.0012 | rec: 0.1187 | id: 0.1197 | cls: 0.0000 | elapsed: 01:52:58 | eta: 01:32:26 | gpu: 0.8/9.3 GB
2026-07-03 13:24:24 | INFO | cm_purifier.train | Step: 27600/50000 | 55.20% | lr: 0.000100 | Training loss is 0.2564 | distill: 0.0016 | rec: 0.1237 | id: 0.1311 | cls: 0.0000 | elapsed: 01:53:19 | eta: 01:31:58 | gpu: 0.8/9.3 GB
2026-07-03 13:24:45 | INFO | cm_purifier.train | Step: 27700/50000 | 55.40% | lr: 0.000100 | Training loss is 0.2524 | distill: 0.0014 | rec: 0.1263 | id: 0.1247 | cls: 0.0000 | elapsed: 01:53:41 | eta: 01:31:31 | gpu: 0.8/9.3 GB
2026-07-03 13:25:06 | INFO | cm_purifier.train | Step: 27800/50000 | 55.60% | lr: 0.000100 | Training loss is 0.2346 | distill: 0.0009 | rec: 0.1180 | id: 0.1157 | cls: 0.0000 | elapsed: 01:54:01 | eta: 01:31:03 | gpu: 0.8/9.3 GB
2026-07-03 13:25:27 | INFO | cm_purifier.train | Step: 27900/50000 | 55.80% | lr: 0.000100 | Training loss is 0.2407 | distill: 0.0011 | rec: 0.1232 | id: 0.1164 | cls: 0.0000 | elapsed: 01:54:23 | eta: 01:30:36 | gpu: 0.8/9.3 GB
2026-07-03 13:25:48 | INFO | cm_purifier.train | Step: 28000/50000 | 56.00% | lr: 0.000100 | Training loss is 0.2177 | distill: 0.0012 | rec: 0.1166 | id: 0.0998 | cls: 0.0000 | elapsed: 01:54:44 | eta: 01:30:08 | gpu: 0.8/9.3 GB
2026-07-03 13:26:09 | INFO | cm_purifier.train | Step: 28100/50000 | 56.20% | lr: 0.000100 | Training loss is 0.2285 | distill: 0.0012 | rec: 0.1123 | id: 0.1151 | cls: 0.0000 | elapsed: 01:55:05 | eta: 01:29:41 | gpu: 0.8/9.3 GB
2026-07-03 13:26:30 | INFO | cm_purifier.train | Step: 28200/50000 | 56.40% | lr: 0.000100 | Training loss is 0.2613 | distill: 0.0011 | rec: 0.1285 | id: 0.1317 | cls: 0.0000 | elapsed: 01:55:26 | eta: 01:29:14 | gpu: 0.8/9.3 GB
2026-07-03 13:26:51 | INFO | cm_purifier.train | Step: 28300/50000 | 56.60% | lr: 0.000100 | Training loss is 0.2648 | distill: 0.0013 | rec: 0.1294 | id: 0.1341 | cls: 0.0000 | elapsed: 01:55:47 | eta: 01:28:46 | gpu: 0.8/9.3 GB
2026-07-03 13:27:12 | INFO | cm_purifier.train | Step: 28400/50000 | 56.80% | lr: 0.000100 | Training loss is 0.2392 | distill: 0.0011 | rec: 0.1246 | id: 0.1135 | cls: 0.0000 | elapsed: 01:56:08 | eta: 01:28:19 | gpu: 0.8/9.3 GB
2026-07-03 13:27:33 | INFO | cm_purifier.train | Step: 28500/50000 | 57.00% | lr: 0.000100 | Training loss is 0.2344 | distill: 0.0011 | rec: 0.1212 | id: 0.1121 | cls: 0.0000 | elapsed: 01:56:29 | eta: 01:27:52 | gpu: 0.8/9.3 GB
2026-07-03 13:27:54 | INFO | cm_purifier.train | Step: 28600/50000 | 57.20% | lr: 0.000100 | Training loss is 0.2357 | distill: 0.0014 | rec: 0.1231 | id: 0.1112 | cls: 0.0000 | elapsed: 01:56:50 | eta: 01:27:25 | gpu: 0.8/9.3 GB
2026-07-03 13:28:15 | INFO | cm_purifier.train | Step: 28700/50000 | 57.40% | lr: 0.000100 | Training loss is 0.2774 | distill: 0.0012 | rec: 0.1347 | id: 0.1415 | cls: 0.0000 | elapsed: 01:57:11 | eta: 01:26:58 | gpu: 0.8/9.3 GB
2026-07-03 13:28:36 | INFO | cm_purifier.train | Step: 28800/50000 | 57.60% | lr: 0.000100 | Training loss is 0.2453 | distill: 0.0009 | rec: 0.1205 | id: 0.1239 | cls: 0.0000 | elapsed: 01:57:32 | eta: 01:26:31 | gpu: 0.8/9.3 GB
2026-07-03 13:28:57 | INFO | cm_purifier.train | Step: 28900/50000 | 57.80% | lr: 0.000100 | Training loss is 0.2357 | distill: 0.0016 | rec: 0.1196 | id: 0.1145 | cls: 0.0000 | elapsed: 01:57:53 | eta: 01:26:04 | gpu: 0.8/9.3 GB
2026-07-03 13:29:18 | INFO | cm_purifier.train | Step: 29000/50000 | 58.00% | lr: 0.000100 | Training loss is 0.2492 | distill: 0.0013 | rec: 0.1265 | id: 0.1214 | cls: 0.0000 | elapsed: 01:58:14 | eta: 01:25:37 | gpu: 0.8/9.3 GB
2026-07-03 13:29:39 | INFO | cm_purifier.train | Step: 29100/50000 | 58.20% | lr: 0.000100 | Training loss is 0.2421 | distill: 0.0014 | rec: 0.1254 | id: 0.1152 | cls: 0.0000 | elapsed: 01:58:35 | eta: 01:25:10 | gpu: 0.8/9.3 GB
2026-07-03 13:30:00 | INFO | cm_purifier.train | Step: 29200/50000 | 58.40% | lr: 0.000100 | Training loss is 0.2291 | distill: 0.0012 | rec: 0.1208 | id: 0.1071 | cls: 0.0000 | elapsed: 01:58:56 | eta: 01:24:43 | gpu: 0.8/9.3 GB
2026-07-03 13:30:21 | INFO | cm_purifier.train | Step: 29300/50000 | 58.60% | lr: 0.000100 | Training loss is 0.2277 | distill: 0.0013 | rec: 0.1198 | id: 0.1066 | cls: 0.0000 | elapsed: 01:59:17 | eta: 01:24:16 | gpu: 0.8/9.3 GB
2026-07-03 13:30:42 | INFO | cm_purifier.train | Step: 29400/50000 | 58.80% | lr: 0.000100 | Training loss is 0.2324 | distill: 0.0010 | rec: 0.1196 | id: 0.1117 | cls: 0.0000 | elapsed: 01:59:38 | eta: 01:23:49 | gpu: 0.8/9.3 GB
2026-07-03 13:31:04 | INFO | cm_purifier.train | Step: 29500/50000 | 59.00% | lr: 0.000100 | Training loss is 0.2561 | distill: 0.0015 | rec: 0.1271 | id: 0.1274 | cls: 0.0000 | elapsed: 01:59:59 | eta: 01:23:23 | gpu: 0.8/9.3 GB
2026-07-03 13:31:24 | INFO | cm_purifier.train | Step: 29600/50000 | 59.20% | lr: 0.000100 | Training loss is 0.2121 | distill: 0.0011 | rec: 0.1122 | id: 0.0988 | cls: 0.0000 | elapsed: 02:00:20 | eta: 01:22:56 | gpu: 0.8/9.3 GB
2026-07-03 13:31:45 | INFO | cm_purifier.train | Step: 29700/50000 | 59.40% | lr: 0.000100 | Training loss is 0.2281 | distill: 0.0012 | rec: 0.1196 | id: 0.1073 | cls: 0.0000 | elapsed: 02:00:41 | eta: 01:22:29 | gpu: 0.8/9.3 GB
2026-07-03 13:32:07 | INFO | cm_purifier.train | Step: 29800/50000 | 59.60% | lr: 0.000100 | Training loss is 0.2423 | distill: 0.0013 | rec: 0.1216 | id: 0.1195 | cls: 0.0000 | elapsed: 02:01:02 | eta: 01:22:03 | gpu: 0.8/9.3 GB
2026-07-03 13:32:27 | INFO | cm_purifier.train | Step: 29900/50000 | 59.80% | lr: 0.000100 | Training loss is 0.2295 | distill: 0.0011 | rec: 0.1058 | id: 0.1227 | cls: 0.0000 | elapsed: 02:01:23 | eta: 01:21:36 | gpu: 0.8/9.3 GB
2026-07-03 13:32:49 | INFO | cm_purifier.train | Step: 30000/50000 | 60.00% | lr: 0.000100 | Training loss is 0.2539 | distill: 0.0013 | rec: 0.1287 | id: 0.1239 | cls: 0.0000 | elapsed: 02:01:44 | eta: 01:21:09 | gpu: 0.8/9.3 GB
2026-07-03 13:33:39 | INFO | cm_purifier.train | Saved checkpoint to /media02/ndthuc03/cm-purify-targeted-poisoning/consistency_model/checkpoints/cm_purifier.pth at step 30000
2026-07-03 13:34:00 | INFO | cm_purifier.train | Step: 30100/50000 | 60.20% | lr: 0.000100 | Training loss is 0.2378 | distill: 0.0013 | rec: 0.1232 | id: 0.1133 | cls: 0.0000 | elapsed: 02:02:56 | eta: 01:21:16 | gpu: 0.8/9.3 GB
2026-07-03 13:34:21 | INFO | cm_purifier.train | Step: 30200/50000 | 60.40% | lr: 0.000100 | Training loss is 0.2580 | distill: 0.0015 | rec: 0.1324 | id: 0.1241 | cls: 0.0000 | elapsed: 02:03:17 | eta: 01:20:49 | gpu: 0.8/9.3 GB
2026-07-03 13:34:42 | INFO | cm_purifier.train | Step: 30300/50000 | 60.60% | lr: 0.000100 | Training loss is 0.2403 | distill: 0.0012 | rec: 0.1255 | id: 0.1135 | cls: 0.0000 | elapsed: 02:03:37 | eta: 01:20:22 | gpu: 0.8/9.3 GB
2026-07-03 13:35:02 | INFO | cm_purifier.train | Step: 30400/50000 | 60.80% | lr: 0.000100 | Training loss is 0.2200 | distill: 0.0010 | rec: 0.1180 | id: 0.1009 | cls: 0.0000 | elapsed: 02:03:58 | eta: 01:19:55 | gpu: 0.8/9.3 GB
2026-07-03 13:35:23 | INFO | cm_purifier.train | Step: 30500/50000 | 61.00% | lr: 0.000100 | Training loss is 0.2428 | distill: 0.0011 | rec: 0.1180 | id: 0.1237 | cls: 0.0000 | elapsed: 02:04:19 | eta: 01:19:29 | gpu: 0.8/9.3 GB
2026-07-03 13:35:44 | INFO | cm_purifier.train | Step: 30600/50000 | 61.20% | lr: 0.000100 | Training loss is 0.2618 | distill: 0.0014 | rec: 0.1345 | id: 0.1259 | cls: 0.0000 | elapsed: 02:04:40 | eta: 01:19:02 | gpu: 0.8/9.3 GB
2026-07-03 13:36:05 | INFO | cm_purifier.train | Step: 30700/50000 | 61.40% | lr: 0.000100 | Training loss is 0.2667 | distill: 0.0021 | rec: 0.1289 | id: 0.1357 | cls: 0.0000 | elapsed: 02:05:01 | eta: 01:18:35 | gpu: 0.8/9.3 GB
2026-07-03 13:36:26 | INFO | cm_purifier.train | Step: 30800/50000 | 61.60% | lr: 0.000100 | Training loss is 0.2489 | distill: 0.0014 | rec: 0.1240 | id: 0.1234 | cls: 0.0000 | elapsed: 02:05:21 | eta: 01:18:08 | gpu: 0.8/9.3 GB
2026-07-03 13:36:47 | INFO | cm_purifier.train | Step: 30900/50000 | 61.80% | lr: 0.000100 | Training loss is 0.2165 | distill: 0.0012 | rec: 0.1214 | id: 0.0939 | cls: 0.0000 | elapsed: 02:05:43 | eta: 01:17:42 | gpu: 0.8/9.3 GB
2026-07-03 13:37:08 | INFO | cm_purifier.train | Step: 31000/50000 | 62.00% | lr: 0.000100 | Training loss is 0.2404 | distill: 0.0011 | rec: 0.1177 | id: 0.1216 | cls: 0.0000 | elapsed: 02:06:03 | eta: 01:17:15 | gpu: 0.8/9.3 GB
2026-07-03 13:37:29 | INFO | cm_purifier.train | Step: 31100/50000 | 62.20% | lr: 0.000100 | Training loss is 0.2366 | distill: 0.0013 | rec: 0.1247 | id: 0.1106 | cls: 0.0000 | elapsed: 02:06:24 | eta: 01:16:49 | gpu: 0.8/9.3 GB
2026-07-03 13:37:50 | INFO | cm_purifier.train | Step: 31200/50000 | 62.40% | lr: 0.000100 | Training loss is 0.2419 | distill: 0.0011 | rec: 0.1231 | id: 0.1176 | cls: 0.0000 | elapsed: 02:06:45 | eta: 01:16:23 | gpu: 0.8/9.3 GB
2026-07-03 13:38:10 | INFO | cm_purifier.train | Step: 31300/50000 | 62.60% | lr: 0.000100 | Training loss is 0.2365 | distill: 0.0013 | rec: 0.1179 | id: 0.1172 | cls: 0.0000 | elapsed: 02:07:06 | eta: 01:15:56 | gpu: 0.8/9.3 GB
2026-07-03 13:38:32 | INFO | cm_purifier.train | Step: 31400/50000 | 62.80% | lr: 0.000100 | Training loss is 0.2377 | distill: 0.0014 | rec: 0.1236 | id: 0.1127 | cls: 0.0000 | elapsed: 02:07:27 | eta: 01:15:30 | gpu: 0.8/9.3 GB
2026-07-03 13:38:53 | INFO | cm_purifier.train | Step: 31500/50000 | 63.00% | lr: 0.000100 | Training loss is 0.2401 | distill: 0.0012 | rec: 0.1234 | id: 0.1154 | cls: 0.0000 | elapsed: 02:07:48 | eta: 01:15:03 | gpu: 0.8/9.3 GB
2026-07-03 13:39:14 | INFO | cm_purifier.train | Step: 31600/50000 | 63.20% | lr: 0.000100 | Training loss is 0.2656 | distill: 0.0014 | rec: 0.1338 | id: 0.1305 | cls: 0.0000 | elapsed: 02:08:10 | eta: 01:14:37 | gpu: 0.8/9.3 GB
2026-07-03 13:39:35 | INFO | cm_purifier.train | Step: 31700/50000 | 63.40% | lr: 0.000100 | Training loss is 0.2310 | distill: 0.0017 | rec: 0.1218 | id: 0.1076 | cls: 0.0000 | elapsed: 02:08:31 | eta: 01:14:11 | gpu: 0.8/9.3 GB
2026-07-03 13:39:56 | INFO | cm_purifier.train | Step: 31800/50000 | 63.60% | lr: 0.000100 | Training loss is 0.2297 | distill: 0.0011 | rec: 0.1198 | id: 0.1088 | cls: 0.0000 | elapsed: 02:08:51 | eta: 01:13:45 | gpu: 0.8/9.3 GB
2026-07-03 13:40:17 | INFO | cm_purifier.train | Step: 31900/50000 | 63.80% | lr: 0.000100 | Training loss is 0.2387 | distill: 0.0012 | rec: 0.1258 | id: 0.1118 | cls: 0.0000 | elapsed: 02:09:13 | eta: 01:13:19 | gpu: 0.8/9.3 GB
2026-07-03 13:40:38 | INFO | cm_purifier.train | Step: 32000/50000 | 64.00% | lr: 0.000100 | Training loss is 0.2305 | distill: 0.0011 | rec: 0.1101 | id: 0.1193 | cls: 0.0000 | elapsed: 02:09:34 | eta: 01:12:52 | gpu: 0.8/9.3 GB
2026-07-03 13:40:59 | INFO | cm_purifier.train | Step: 32100/50000 | 64.20% | lr: 0.000100 | Training loss is 0.2299 | distill: 0.0011 | rec: 0.1156 | id: 0.1132 | cls: 0.0000 | elapsed: 02:09:55 | eta: 01:12:26 | gpu: 0.8/9.3 GB
2026-07-03 13:41:20 | INFO | cm_purifier.train | Step: 32200/50000 | 64.40% | lr: 0.000100 | Training loss is 0.2583 | distill: 0.0013 | rec: 0.1290 | id: 0.1280 | cls: 0.0000 | elapsed: 02:10:16 | eta: 01:12:00 | gpu: 0.8/9.3 GB
2026-07-03 13:41:41 | INFO | cm_purifier.train | Step: 32300/50000 | 64.60% | lr: 0.000100 | Training loss is 0.2552 | distill: 0.0012 | rec: 0.1268 | id: 0.1272 | cls: 0.0000 | elapsed: 02:10:37 | eta: 01:11:34 | gpu: 0.8/9.3 GB
2026-07-03 13:42:02 | INFO | cm_purifier.train | Step: 32400/50000 | 64.80% | lr: 0.000100 | Training loss is 0.2339 | distill: 0.0013 | rec: 0.1205 | id: 0.1122 | cls: 0.0000 | elapsed: 02:10:58 | eta: 01:11:08 | gpu: 0.8/9.3 GB
2026-07-03 13:42:23 | INFO | cm_purifier.train | Step: 32500/50000 | 65.00% | lr: 0.000100 | Training loss is 0.2509 | distill: 0.0013 | rec: 0.1223 | id: 0.1273 | cls: 0.0000 | elapsed: 02:11:19 | eta: 01:10:42 | gpu: 0.8/9.3 GB
2026-07-03 13:42:45 | INFO | cm_purifier.train | Step: 32600/50000 | 65.20% | lr: 0.000100 | Training loss is 0.2441 | distill: 0.0015 | rec: 0.1226 | id: 0.1200 | cls: 0.0000 | elapsed: 02:11:40 | eta: 01:10:16 | gpu: 0.8/9.3 GB
2026-07-03 13:43:05 | INFO | cm_purifier.train | Step: 32700/50000 | 65.40% | lr: 0.000100 | Training loss is 0.2354 | distill: 0.0015 | rec: 0.1235 | id: 0.1104 | cls: 0.0000 | elapsed: 02:12:01 | eta: 01:09:50 | gpu: 0.8/9.3 GB
2026-07-03 13:43:27 | INFO | cm_purifier.train | Step: 32800/50000 | 65.60% | lr: 0.000100 | Training loss is 0.2374 | distill: 0.0014 | rec: 0.1197 | id: 0.1163 | cls: 0.0000 | elapsed: 02:12:22 | eta: 01:09:25 | gpu: 0.8/9.3 GB
2026-07-03 13:43:48 | INFO | cm_purifier.train | Step: 32900/50000 | 65.80% | lr: 0.000100 | Training loss is 0.2149 | distill: 0.0011 | rec: 0.1161 | id: 0.0976 | cls: 0.0000 | elapsed: 02:12:43 | eta: 01:08:59 | gpu: 0.8/9.3 GB
2026-07-03 13:44:09 | INFO | cm_purifier.train | Step: 33000/50000 | 66.00% | lr: 0.000100 | Training loss is 0.2491 | distill: 0.0013 | rec: 0.1248 | id: 0.1230 | cls: 0.0000 | elapsed: 02:13:04 | eta: 01:08:33 | gpu: 0.8/9.3 GB
2026-07-03 13:44:30 | INFO | cm_purifier.train | Step: 33100/50000 | 66.20% | lr: 0.000100 | Training loss is 0.2290 | distill: 0.0011 | rec: 0.1154 | id: 0.1125 | cls: 0.0000 | elapsed: 02:13:25 | eta: 01:08:07 | gpu: 0.8/9.3 GB
2026-07-03 13:44:51 | INFO | cm_purifier.train | Step: 33200/50000 | 66.40% | lr: 0.000100 | Training loss is 0.2467 | distill: 0.0012 | rec: 0.1256 | id: 0.1198 | cls: 0.0000 | elapsed: 02:13:46 | eta: 01:07:41 | gpu: 0.8/9.3 GB
2026-07-03 13:45:12 | INFO | cm_purifier.train | Step: 33300/50000 | 66.60% | lr: 0.000100 | Training loss is 0.2632 | distill: 0.0011 | rec: 0.1290 | id: 0.1331 | cls: 0.0000 | elapsed: 02:14:08 | eta: 01:07:16 | gpu: 0.8/9.3 GB
2026-07-03 13:45:33 | INFO | cm_purifier.train | Step: 33400/50000 | 66.80% | lr: 0.000100 | Training loss is 0.2543 | distill: 0.0018 | rec: 0.1243 | id: 0.1283 | cls: 0.0000 | elapsed: 02:14:29 | eta: 01:06:50 | gpu: 0.8/9.3 GB
2026-07-03 13:45:54 | INFO | cm_purifier.train | Step: 33500/50000 | 67.00% | lr: 0.000100 | Training loss is 0.2421 | distill: 0.0011 | rec: 0.1231 | id: 0.1179 | cls: 0.0000 | elapsed: 02:14:50 | eta: 01:06:24 | gpu: 0.8/9.3 GB
2026-07-03 13:46:15 | INFO | cm_purifier.train | Step: 33600/50000 | 67.20% | lr: 0.000100 | Training loss is 0.2538 | distill: 0.0014 | rec: 0.1273 | id: 0.1251 | cls: 0.0000 | elapsed: 02:15:11 | eta: 01:05:59 | gpu: 0.8/9.3 GB
2026-07-03 13:46:37 | INFO | cm_purifier.train | Step: 33700/50000 | 67.40% | lr: 0.000100 | Training loss is 0.2385 | distill: 0.0012 | rec: 0.1241 | id: 0.1131 | cls: 0.0000 | elapsed: 02:15:32 | eta: 01:05:33 | gpu: 0.8/9.3 GB
2026-07-03 13:46:57 | INFO | cm_purifier.train | Step: 33800/50000 | 67.60% | lr: 0.000100 | Training loss is 0.2534 | distill: 0.0016 | rec: 0.1309 | id: 0.1209 | cls: 0.0000 | elapsed: 02:15:53 | eta: 01:05:07 | gpu: 0.8/9.3 GB
2026-07-03 13:47:19 | INFO | cm_purifier.train | Step: 33900/50000 | 67.80% | lr: 0.000100 | Training loss is 0.2428 | distill: 0.0011 | rec: 0.1207 | id: 0.1210 | cls: 0.0000 | elapsed: 02:16:14 | eta: 01:04:42 | gpu: 0.8/9.3 GB
2026-07-03 13:47:40 | INFO | cm_purifier.train | Step: 34000/50000 | 68.00% | lr: 0.000100 | Training loss is 0.2384 | distill: 0.0012 | rec: 0.1202 | id: 0.1170 | cls: 0.0000 | elapsed: 02:16:36 | eta: 01:04:16 | gpu: 0.8/9.3 GB
2026-07-03 13:48:01 | INFO | cm_purifier.train | Step: 34100/50000 | 68.20% | lr: 0.000100 | Training loss is 0.2141 | distill: 0.0011 | rec: 0.1112 | id: 0.1017 | cls: 0.0000 | elapsed: 02:16:56 | eta: 01:03:51 | gpu: 0.8/9.3 GB
2026-07-03 13:48:22 | INFO | cm_purifier.train | Step: 34200/50000 | 68.40% | lr: 0.000100 | Training loss is 0.2526 | distill: 0.0015 | rec: 0.1256 | id: 0.1256 | cls: 0.0000 | elapsed: 02:17:18 | eta: 01:03:25 | gpu: 0.8/9.3 GB
2026-07-03 13:48:43 | INFO | cm_purifier.train | Step: 34300/50000 | 68.60% | lr: 0.000100 | Training loss is 0.2285 | distill: 0.0013 | rec: 0.1164 | id: 0.1108 | cls: 0.0000 | elapsed: 02:17:39 | eta: 01:03:00 | gpu: 0.8/9.3 GB
2026-07-03 13:49:04 | INFO | cm_purifier.train | Step: 34400/50000 | 68.80% | lr: 0.000100 | Training loss is 0.2313 | distill: 0.0011 | rec: 0.1169 | id: 0.1133 | cls: 0.0000 | elapsed: 02:18:00 | eta: 01:02:35 | gpu: 0.8/9.3 GB
2026-07-03 13:49:25 | INFO | cm_purifier.train | Step: 34500/50000 | 69.00% | lr: 0.000100 | Training loss is 0.2402 | distill: 0.0014 | rec: 0.1211 | id: 0.1177 | cls: 0.0000 | elapsed: 02:18:21 | eta: 01:02:09 | gpu: 0.8/9.3 GB
2026-07-03 13:49:46 | INFO | cm_purifier.train | Step: 34600/50000 | 69.20% | lr: 0.000100 | Training loss is 0.2195 | distill: 0.0010 | rec: 0.1141 | id: 0.1044 | cls: 0.0000 | elapsed: 02:18:42 | eta: 01:01:44 | gpu: 0.8/9.3 GB
2026-07-03 13:50:07 | INFO | cm_purifier.train | Step: 34700/50000 | 69.40% | lr: 0.000100 | Training loss is 0.2687 | distill: 0.0012 | rec: 0.1299 | id: 0.1376 | cls: 0.0000 | elapsed: 02:19:03 | eta: 01:01:18 | gpu: 0.8/9.3 GB
2026-07-03 13:50:28 | INFO | cm_purifier.train | Step: 34800/50000 | 69.60% | lr: 0.000100 | Training loss is 0.2147 | distill: 0.0010 | rec: 0.1158 | id: 0.0979 | cls: 0.0000 | elapsed: 02:19:24 | eta: 01:00:53 | gpu: 0.8/9.3 GB
2026-07-03 13:50:49 | INFO | cm_purifier.train | Step: 34900/50000 | 69.80% | lr: 0.000100 | Training loss is 0.2486 | distill: 0.0014 | rec: 0.1305 | id: 0.1167 | cls: 0.0000 | elapsed: 02:19:45 | eta: 01:00:28 | gpu: 0.8/9.3 GB
2026-07-03 13:51:10 | INFO | cm_purifier.train | Step: 35000/50000 | 70.00% | lr: 0.000100 | Training loss is 0.2183 | distill: 0.0013 | rec: 0.1182 | id: 0.0988 | cls: 0.0000 | elapsed: 02:20:06 | eta: 01:00:02 | gpu: 0.8/9.3 GB
2026-07-03 13:52:01 | INFO | cm_purifier.train | Saved checkpoint to /media02/ndthuc03/cm-purify-targeted-poisoning/consistency_model/checkpoints/cm_purifier.pth at step 35000
2026-07-03 13:52:21 | INFO | cm_purifier.train | Step: 35100/50000 | 70.20% | lr: 0.000100 | Training loss is 0.2452 | distill: 0.0014 | rec: 0.1276 | id: 0.1162 | cls: 0.0000 | elapsed: 02:21:17 | eta: 00:59:58 | gpu: 0.8/9.3 GB
2026-07-03 13:52:42 | INFO | cm_purifier.train | Step: 35200/50000 | 70.40% | lr: 0.000100 | Training loss is 0.2473 | distill: 0.0013 | rec: 0.1274 | id: 0.1187 | cls: 0.0000 | elapsed: 02:21:38 | eta: 00:59:33 | gpu: 0.8/9.3 GB
2026-07-03 13:53:03 | INFO | cm_purifier.train | Step: 35300/50000 | 70.60% | lr: 0.000100 | Training loss is 0.2364 | distill: 0.0011 | rec: 0.1160 | id: 0.1192 | cls: 0.0000 | elapsed: 02:21:58 | eta: 00:59:07 | gpu: 0.8/9.3 GB
2026-07-03 13:53:24 | INFO | cm_purifier.train | Step: 35400/50000 | 70.80% | lr: 0.000100 | Training loss is 0.2417 | distill: 0.0014 | rec: 0.1212 | id: 0.1190 | cls: 0.0000 | elapsed: 02:22:20 | eta: 00:58:42 | gpu: 0.8/9.3 GB
2026-07-03 13:53:44 | INFO | cm_purifier.train | Step: 35500/50000 | 71.00% | lr: 0.000100 | Training loss is 0.2329 | distill: 0.0010 | rec: 0.1182 | id: 0.1137 | cls: 0.0000 | elapsed: 02:22:40 | eta: 00:58:16 | gpu: 0.8/9.3 GB
2026-07-03 13:54:05 | INFO | cm_purifier.train | Step: 35600/50000 | 71.20% | lr: 0.000100 | Training loss is 0.2259 | distill: 0.0013 | rec: 0.1165 | id: 0.1082 | cls: 0.0000 | elapsed: 02:23:01 | eta: 00:57:51 | gpu: 0.8/9.3 GB
2026-07-03 13:54:26 | INFO | cm_purifier.train | Step: 35700/50000 | 71.40% | lr: 0.000100 | Training loss is 0.2290 | distill: 0.0013 | rec: 0.1170 | id: 0.1107 | cls: 0.0000 | elapsed: 02:23:22 | eta: 00:57:25 | gpu: 0.8/9.3 GB
2026-07-03 13:54:47 | INFO | cm_purifier.train | Step: 35800/50000 | 71.60% | lr: 0.000100 | Training loss is 0.2588 | distill: 0.0014 | rec: 0.1280 | id: 0.1294 | cls: 0.0000 | elapsed: 02:23:42 | eta: 00:57:00 | gpu: 0.8/9.3 GB
2026-07-03 13:55:08 | INFO | cm_purifier.train | Step: 35900/50000 | 71.80% | lr: 0.000100 | Training loss is 0.2660 | distill: 0.0014 | rec: 0.1274 | id: 0.1372 | cls: 0.0000 | elapsed: 02:24:04 | eta: 00:56:35 | gpu: 0.8/9.3 GB
2026-07-03 13:55:29 | INFO | cm_purifier.train | Step: 36000/50000 | 72.00% | lr: 0.000100 | Training loss is 0.2330 | distill: 0.0012 | rec: 0.1139 | id: 0.1179 | cls: 0.0000 | elapsed: 02:24:24 | eta: 00:56:09 | gpu: 0.8/9.3 GB
2026-07-03 13:55:50 | INFO | cm_purifier.train | Step: 36100/50000 | 72.20% | lr: 0.000100 | Training loss is 0.2355 | distill: 0.0015 | rec: 0.1199 | id: 0.1140 | cls: 0.0000 | elapsed: 02:24:46 | eta: 00:55:44 | gpu: 0.8/9.3 GB
2026-07-03 13:56:11 | INFO | cm_purifier.train | Step: 36200/50000 | 72.40% | lr: 0.000100 | Training loss is 0.2257 | distill: 0.0012 | rec: 0.1233 | id: 0.1012 | cls: 0.0000 | elapsed: 02:25:06 | eta: 00:55:19 | gpu: 0.8/9.3 GB
2026-07-03 13:56:32 | INFO | cm_purifier.train | Step: 36300/50000 | 72.60% | lr: 0.000100 | Training loss is 0.2252 | distill: 0.0013 | rec: 0.1174 | id: 0.1065 | cls: 0.0000 | elapsed: 02:25:27 | eta: 00:54:53 | gpu: 0.8/9.3 GB
2026-07-03 13:56:52 | INFO | cm_purifier.train | Step: 36400/50000 | 72.80% | lr: 0.000100 | Training loss is 0.2246 | distill: 0.0013 | rec: 0.1158 | id: 0.1076 | cls: 0.0000 | elapsed: 02:25:48 | eta: 00:54:28 | gpu: 0.8/9.3 GB
2026-07-03 13:57:13 | INFO | cm_purifier.train | Step: 36500/50000 | 73.00% | lr: 0.000100 | Training loss is 0.2453 | distill: 0.0013 | rec: 0.1242 | id: 0.1198 | cls: 0.0000 | elapsed: 02:26:09 | eta: 00:54:03 | gpu: 0.8/9.3 GB
2026-07-03 13:57:34 | INFO | cm_purifier.train | Step: 36600/50000 | 73.20% | lr: 0.000100 | Training loss is 0.2283 | distill: 0.0012 | rec: 0.1192 | id: 0.1079 | cls: 0.0000 | elapsed: 02:26:30 | eta: 00:53:38 | gpu: 0.8/9.3 GB
2026-07-03 13:57:55 | INFO | cm_purifier.train | Step: 36700/50000 | 73.40% | lr: 0.000100 | Training loss is 0.2424 | distill: 0.0014 | rec: 0.1256 | id: 0.1154 | cls: 0.0000 | elapsed: 02:26:51 | eta: 00:53:13 | gpu: 0.8/9.3 GB
2026-07-03 13:58:16 | INFO | cm_purifier.train | Step: 36800/50000 | 73.60% | lr: 0.000100 | Training loss is 0.2374 | distill: 0.0014 | rec: 0.1235 | id: 0.1126 | cls: 0.0000 | elapsed: 02:27:12 | eta: 00:52:48 | gpu: 0.8/9.3 GB
2026-07-03 13:58:37 | INFO | cm_purifier.train | Step: 36900/50000 | 73.80% | lr: 0.000100 | Training loss is 0.2201 | distill: 0.0012 | rec: 0.1164 | id: 0.1026 | cls: 0.0000 | elapsed: 02:27:33 | eta: 00:52:23 | gpu: 0.8/9.3 GB
2026-07-03 13:58:58 | INFO | cm_purifier.train | Step: 37000/50000 | 74.00% | lr: 0.000100 | Training loss is 0.2153 | distill: 0.0012 | rec: 0.1179 | id: 0.0961 | cls: 0.0000 | elapsed: 02:27:54 | eta: 00:51:58 | gpu: 0.8/9.3 GB
2026-07-03 13:59:19 | INFO | cm_purifier.train | Step: 37100/50000 | 74.20% | lr: 0.000100 | Training loss is 0.2533 | distill: 0.0016 | rec: 0.1261 | id: 0.1256 | cls: 0.0000 | elapsed: 02:28:15 | eta: 00:51:32 | gpu: 0.8/9.3 GB
2026-07-03 13:59:40 | INFO | cm_purifier.train | Step: 37200/50000 | 74.40% | lr: 0.000100 | Training loss is 0.2350 | distill: 0.0012 | rec: 0.1218 | id: 0.1120 | cls: 0.0000 | elapsed: 02:28:35 | eta: 00:51:07 | gpu: 0.8/9.3 GB
2026-07-03 14:00:01 | INFO | cm_purifier.train | Step: 37300/50000 | 74.60% | lr: 0.000100 | Training loss is 0.2469 | distill: 0.0015 | rec: 0.1230 | id: 0.1224 | cls: 0.0000 | elapsed: 02:28:56 | eta: 00:50:42 | gpu: 0.8/9.3 GB
2026-07-03 14:00:22 | INFO | cm_purifier.train | Step: 37400/50000 | 74.80% | lr: 0.000100 | Training loss is 0.2123 | distill: 0.0011 | rec: 0.1118 | id: 0.0995 | cls: 0.0000 | elapsed: 02:29:17 | eta: 00:50:17 | gpu: 0.8/9.3 GB
2026-07-03 14:00:43 | INFO | cm_purifier.train | Step: 37500/50000 | 75.00% | lr: 0.000100 | Training loss is 0.2476 | distill: 0.0011 | rec: 0.1229 | id: 0.1236 | cls: 0.0000 | elapsed: 02:29:38 | eta: 00:49:52 | gpu: 0.8/9.3 GB
2026-07-03 14:01:03 | INFO | cm_purifier.train | Step: 37600/50000 | 75.20% | lr: 0.000100 | Training loss is 0.2363 | distill: 0.0014 | rec: 0.1297 | id: 0.1052 | cls: 0.0000 | elapsed: 02:29:59 | eta: 00:49:27 | gpu: 0.8/9.3 GB
2026-07-03 14:01:25 | INFO | cm_purifier.train | Step: 37700/50000 | 75.40% | lr: 0.000100 | Training loss is 0.2333 | distill: 0.0012 | rec: 0.1168 | id: 0.1152 | cls: 0.0000 | elapsed: 02:30:21 | eta: 00:49:03 | gpu: 0.8/9.3 GB
2026-07-03 14:01:46 | INFO | cm_purifier.train | Step: 37800/50000 | 75.60% | lr: 0.000100 | Training loss is 0.2458 | distill: 0.0013 | rec: 0.1238 | id: 0.1207 | cls: 0.0000 | elapsed: 02:30:41 | eta: 00:48:38 | gpu: 0.8/9.3 GB
2026-07-03 14:02:07 | INFO | cm_purifier.train | Step: 37900/50000 | 75.80% | lr: 0.000100 | Training loss is 0.2605 | distill: 0.0013 | rec: 0.1315 | id: 0.1277 | cls: 0.0000 | elapsed: 02:31:02 | eta: 00:48:13 | gpu: 0.8/9.3 GB
2026-07-03 14:02:29 | INFO | cm_purifier.train | Step: 38000/50000 | 76.00% | lr: 0.000100 | Training loss is 0.2456 | distill: 0.0015 | rec: 0.1222 | id: 0.1219 | cls: 0.0000 | elapsed: 02:31:25 | eta: 00:47:49 | gpu: 0.8/9.3 GB
2026-07-03 14:02:50 | INFO | cm_purifier.train | Step: 38100/50000 | 76.20% | lr: 0.000100 | Training loss is 0.2321 | distill: 0.0013 | rec: 0.1241 | id: 0.1067 | cls: 0.0000 | elapsed: 02:31:46 | eta: 00:47:24 | gpu: 0.8/9.3 GB
2026-07-03 14:03:11 | INFO | cm_purifier.train | Step: 38200/50000 | 76.40% | lr: 0.000100 | Training loss is 0.2691 | distill: 0.0014 | rec: 0.1359 | id: 0.1318 | cls: 0.0000 | elapsed: 02:32:07 | eta: 00:46:59 | gpu: 0.8/9.3 GB
2026-07-03 14:03:33 | INFO | cm_purifier.train | Step: 38300/50000 | 76.60% | lr: 0.000100 | Training loss is 0.2516 | distill: 0.0012 | rec: 0.1236 | id: 0.1269 | cls: 0.0000 | elapsed: 02:32:28 | eta: 00:46:34 | gpu: 0.8/9.3 GB
2026-07-03 14:03:54 | INFO | cm_purifier.train | Step: 38400/50000 | 76.80% | lr: 0.000100 | Training loss is 0.2589 | distill: 0.0017 | rec: 0.1311 | id: 0.1261 | cls: 0.0000 | elapsed: 02:32:50 | eta: 00:46:10 | gpu: 0.8/9.3 GB
2026-07-03 14:04:15 | INFO | cm_purifier.train | Step: 38500/50000 | 77.00% | lr: 0.000100 | Training loss is 0.2199 | distill: 0.0014 | rec: 0.1174 | id: 0.1011 | cls: 0.0000 | elapsed: 02:33:11 | eta: 00:45:45 | gpu: 0.8/9.3 GB
2026-07-03 14:04:36 | INFO | cm_purifier.train | Step: 38600/50000 | 77.20% | lr: 0.000100 | Training loss is 0.2580 | distill: 0.0014 | rec: 0.1314 | id: 0.1252 | cls: 0.0000 | elapsed: 02:33:31 | eta: 00:45:20 | gpu: 0.8/9.3 GB
2026-07-03 14:04:57 | INFO | cm_purifier.train | Step: 38700/50000 | 77.40% | lr: 0.000100 | Training loss is 0.2546 | distill: 0.0013 | rec: 0.1304 | id: 0.1228 | cls: 0.0000 | elapsed: 02:33:53 | eta: 00:44:56 | gpu: 0.8/9.3 GB
2026-07-03 14:05:18 | INFO | cm_purifier.train | Step: 38800/50000 | 77.60% | lr: 0.000100 | Training loss is 0.2444 | distill: 0.0012 | rec: 0.1294 | id: 0.1138 | cls: 0.0000 | elapsed: 02:34:14 | eta: 00:44:31 | gpu: 0.8/9.3 GB
2026-07-03 14:05:39 | INFO | cm_purifier.train | Step: 38900/50000 | 77.80% | lr: 0.000100 | Training loss is 0.2311 | distill: 0.0012 | rec: 0.1192 | id: 0.1106 | cls: 0.0000 | elapsed: 02:34:35 | eta: 00:44:06 | gpu: 0.8/9.3 GB
2026-07-03 14:06:00 | INFO | cm_purifier.train | Step: 39000/50000 | 78.00% | lr: 0.000100 | Training loss is 0.2273 | distill: 0.0013 | rec: 0.1238 | id: 0.1022 | cls: 0.0000 | elapsed: 02:34:56 | eta: 00:43:42 | gpu: 0.8/9.3 GB
2026-07-03 14:06:21 | INFO | cm_purifier.train | Step: 39100/50000 | 78.20% | lr: 0.000100 | Training loss is 0.2399 | distill: 0.0012 | rec: 0.1247 | id: 0.1140 | cls: 0.0000 | elapsed: 02:35:17 | eta: 00:43:17 | gpu: 0.8/9.3 GB
2026-07-03 14:06:42 | INFO | cm_purifier.train | Step: 39200/50000 | 78.40% | lr: 0.000100 | Training loss is 0.2441 | distill: 0.0016 | rec: 0.1178 | id: 0.1247 | cls: 0.0000 | elapsed: 02:35:38 | eta: 00:42:52 | gpu: 0.8/9.3 GB
2026-07-03 14:07:03 | INFO | cm_purifier.train | Step: 39300/50000 | 78.60% | lr: 0.000100 | Training loss is 0.2362 | distill: 0.0012 | rec: 0.1253 | id: 0.1096 | cls: 0.0000 | elapsed: 02:35:59 | eta: 00:42:28 | gpu: 0.8/9.3 GB
2026-07-03 14:07:26 | INFO | cm_purifier.train | Step: 39400/50000 | 78.80% | lr: 0.000100 | Training loss is 0.2344 | distill: 0.0013 | rec: 0.1217 | id: 0.1113 | cls: 0.0000 | elapsed: 02:36:22 | eta: 00:42:04 | gpu: 0.8/9.3 GB
2026-07-03 14:07:47 | INFO | cm_purifier.train | Step: 39500/50000 | 79.00% | lr: 0.000100 | Training loss is 0.2161 | distill: 0.0011 | rec: 0.1154 | id: 0.0996 | cls: 0.0000 | elapsed: 02:36:42 | eta: 00:41:39 | gpu: 0.8/9.3 GB
2026-07-03 14:08:08 | INFO | cm_purifier.train | Step: 39600/50000 | 79.20% | lr: 0.000100 | Training loss is 0.2365 | distill: 0.0011 | rec: 0.1213 | id: 0.1141 | cls: 0.0000 | elapsed: 02:37:04 | eta: 00:41:15 | gpu: 0.8/9.3 GB
2026-07-03 14:08:29 | INFO | cm_purifier.train | Step: 39700/50000 | 79.40% | lr: 0.000100 | Training loss is 0.2184 | distill: 0.0011 | rec: 0.1166 | id: 0.1007 | cls: 0.0000 | elapsed: 02:37:24 | eta: 00:40:50 | gpu: 0.8/9.3 GB
2026-07-03 14:08:50 | INFO | cm_purifier.train | Step: 39800/50000 | 79.60% | lr: 0.000100 | Training loss is 0.2614 | distill: 0.0014 | rec: 0.1309 | id: 0.1291 | cls: 0.0000 | elapsed: 02:37:46 | eta: 00:40:26 | gpu: 0.8/9.3 GB
2026-07-03 14:09:11 | INFO | cm_purifier.train | Step: 39900/50000 | 79.80% | lr: 0.000100 | Training loss is 0.2625 | distill: 0.0015 | rec: 0.1292 | id: 0.1318 | cls: 0.0000 | elapsed: 02:38:07 | eta: 00:40:01 | gpu: 0.8/9.3 GB
2026-07-03 14:09:32 | INFO | cm_purifier.train | Step: 40000/50000 | 80.00% | lr: 0.000100 | Training loss is 0.2319 | distill: 0.0014 | rec: 0.1182 | id: 0.1122 | cls: 0.0000 | elapsed: 02:38:28 | eta: 00:39:37 | gpu: 0.8/9.3 GB
2026-07-03 14:10:22 | INFO | cm_purifier.train | Saved checkpoint to /media02/ndthuc03/cm-purify-targeted-poisoning/consistency_model/checkpoints/cm_purifier.pth at step 40000
2026-07-03 14:10:43 | INFO | cm_purifier.train | Step: 40100/50000 | 80.20% | lr: 0.000100 | Training loss is 0.2226 | distill: 0.0011 | rec: 0.1130 | id: 0.1084 | cls: 0.0000 | elapsed: 02:39:39 | eta: 00:39:24 | gpu: 0.8/9.3 GB
2026-07-03 14:11:04 | INFO | cm_purifier.train | Step: 40200/50000 | 80.40% | lr: 0.000100 | Training loss is 0.2604 | distill: 0.0014 | rec: 0.1250 | id: 0.1340 | cls: 0.0000 | elapsed: 02:39:59 | eta: 00:39:00 | gpu: 0.8/9.3 GB
2026-07-03 14:11:25 | INFO | cm_purifier.train | Step: 40300/50000 | 80.60% | lr: 0.000100 | Training loss is 0.2192 | distill: 0.0020 | rec: 0.1213 | id: 0.0959 | cls: 0.0000 | elapsed: 02:40:20 | eta: 00:38:35 | gpu: 0.8/9.3 GB
2026-07-03 14:11:45 | INFO | cm_purifier.train | Step: 40400/50000 | 80.80% | lr: 0.000100 | Training loss is 0.2304 | distill: 0.0013 | rec: 0.1155 | id: 0.1137 | cls: 0.0000 | elapsed: 02:40:41 | eta: 00:38:11 | gpu: 0.8/9.3 GB
2026-07-03 14:12:06 | INFO | cm_purifier.train | Step: 40500/50000 | 81.00% | lr: 0.000100 | Training loss is 0.2470 | distill: 0.0015 | rec: 0.1318 | id: 0.1137 | cls: 0.0000 | elapsed: 02:41:02 | eta: 00:37:46 | gpu: 0.8/9.3 GB
2026-07-03 14:12:27 | INFO | cm_purifier.train | Step: 40600/50000 | 81.20% | lr: 0.000100 | Training loss is 0.2393 | distill: 0.0018 | rec: 0.1215 | id: 0.1161 | cls: 0.0000 | elapsed: 02:41:23 | eta: 00:37:21 | gpu: 0.8/9.3 GB
2026-07-03 14:12:48 | INFO | cm_purifier.train | Step: 40700/50000 | 81.40% | lr: 0.000100 | Training loss is 0.2271 | distill: 0.0013 | rec: 0.1137 | id: 0.1120 | cls: 0.0000 | elapsed: 02:41:44 | eta: 00:36:57 | gpu: 0.8/9.3 GB
2026-07-03 14:13:09 | INFO | cm_purifier.train | Step: 40800/50000 | 81.60% | lr: 0.000100 | Training loss is 0.2435 | distill: 0.0013 | rec: 0.1231 | id: 0.1190 | cls: 0.0000 | elapsed: 02:42:05 | eta: 00:36:32 | gpu: 0.8/9.3 GB
2026-07-03 14:13:30 | INFO | cm_purifier.train | Step: 40900/50000 | 81.80% | lr: 0.000100 | Training loss is 0.2402 | distill: 0.0013 | rec: 0.1190 | id: 0.1199 | cls: 0.0000 | elapsed: 02:42:25 | eta: 00:36:08 | gpu: 0.8/9.3 GB
2026-07-03 14:13:51 | INFO | cm_purifier.train | Step: 41000/50000 | 82.00% | lr: 0.000100 | Training loss is 0.2487 | distill: 0.0012 | rec: 0.1310 | id: 0.1165 | cls: 0.0000 | elapsed: 02:42:47 | eta: 00:35:43 | gpu: 0.8/9.3 GB
2026-07-03 14:14:12 | INFO | cm_purifier.train | Step: 41100/50000 | 82.20% | lr: 0.000100 | Training loss is 0.2273 | distill: 0.0012 | rec: 0.1145 | id: 0.1116 | cls: 0.0000 | elapsed: 02:43:07 | eta: 00:35:19 | gpu: 0.8/9.3 GB
2026-07-03 14:14:33 | INFO | cm_purifier.train | Step: 41200/50000 | 82.40% | lr: 0.000100 | Training loss is 0.2391 | distill: 0.0011 | rec: 0.1168 | id: 0.1211 | cls: 0.0000 | elapsed: 02:43:28 | eta: 00:34:55 | gpu: 0.8/9.3 GB
2026-07-03 14:14:54 | INFO | cm_purifier.train | Step: 41300/50000 | 82.60% | lr: 0.000100 | Training loss is 0.2337 | distill: 0.0015 | rec: 0.1140 | id: 0.1182 | cls: 0.0000 | elapsed: 02:43:49 | eta: 00:34:30 | gpu: 0.8/9.3 GB
2026-07-03 14:15:15 | INFO | cm_purifier.train | Step: 41400/50000 | 82.80% | lr: 0.000100 | Training loss is 0.2337 | distill: 0.0012 | rec: 0.1237 | id: 0.1088 | cls: 0.0000 | elapsed: 02:44:10 | eta: 00:34:06 | gpu: 0.8/9.3 GB
2026-07-03 14:15:36 | INFO | cm_purifier.train | Step: 41500/50000 | 83.00% | lr: 0.000100 | Training loss is 0.2481 | distill: 0.0015 | rec: 0.1322 | id: 0.1145 | cls: 0.0000 | elapsed: 02:44:31 | eta: 00:33:41 | gpu: 0.8/9.3 GB
2026-07-03 14:15:57 | INFO | cm_purifier.train | Step: 41600/50000 | 83.20% | lr: 0.000100 | Training loss is 0.2390 | distill: 0.0011 | rec: 0.1191 | id: 0.1188 | cls: 0.0000 | elapsed: 02:44:52 | eta: 00:33:17 | gpu: 0.8/9.3 GB
2026-07-03 14:16:18 | INFO | cm_purifier.train | Step: 41700/50000 | 83.40% | lr: 0.000100 | Training loss is 0.2416 | distill: 0.0015 | rec: 0.1169 | id: 0.1232 | cls: 0.0000 | elapsed: 02:45:14 | eta: 00:32:53 | gpu: 0.8/9.3 GB
2026-07-03 14:16:39 | INFO | cm_purifier.train | Step: 41800/50000 | 83.60% | lr: 0.000100 | Training loss is 0.2194 | distill: 0.0012 | rec: 0.1186 | id: 0.0995 | cls: 0.0000 | elapsed: 02:45:34 | eta: 00:32:28 | gpu: 0.8/9.3 GB
2026-07-03 14:17:00 | INFO | cm_purifier.train | Step: 41900/50000 | 83.80% | lr: 0.000100 | Training loss is 0.2436 | distill: 0.0014 | rec: 0.1245 | id: 0.1177 | cls: 0.0000 | elapsed: 02:45:55 | eta: 00:32:04 | gpu: 0.8/9.3 GB
2026-07-03 14:17:21 | INFO | cm_purifier.train | Step: 42000/50000 | 84.00% | lr: 0.000100 | Training loss is 0.2450 | distill: 0.0013 | rec: 0.1324 | id: 0.1112 | cls: 0.0000 | elapsed: 02:46:16 | eta: 00:31:40 | gpu: 0.8/9.3 GB
2026-07-03 14:17:41 | INFO | cm_purifier.train | Step: 42100/50000 | 84.20% | lr: 0.000100 | Training loss is 0.2506 | distill: 0.0014 | rec: 0.1193 | id: 0.1300 | cls: 0.0000 | elapsed: 02:46:37 | eta: 00:31:16 | gpu: 0.8/9.3 GB
2026-07-03 14:18:03 | INFO | cm_purifier.train | Step: 42200/50000 | 84.40% | lr: 0.000100 | Training loss is 0.2344 | distill: 0.0013 | rec: 0.1228 | id: 0.1103 | cls: 0.0000 | elapsed: 02:46:59 | eta: 00:30:51 | gpu: 0.8/9.3 GB
2026-07-03 14:18:24 | INFO | cm_purifier.train | Step: 42300/50000 | 84.60% | lr: 0.000100 | Training loss is 0.2254 | distill: 0.0011 | rec: 0.1164 | id: 0.1078 | cls: 0.0000 | elapsed: 02:47:19 | eta: 00:30:27 | gpu: 0.8/9.3 GB
2026-07-03 14:18:45 | INFO | cm_purifier.train | Step: 42400/50000 | 84.80% | lr: 0.000100 | Training loss is 0.2537 | distill: 0.0014 | rec: 0.1229 | id: 0.1294 | cls: 0.0000 | elapsed: 02:47:40 | eta: 00:30:03 | gpu: 0.8/9.3 GB
2026-07-03 14:19:06 | INFO | cm_purifier.train | Step: 42500/50000 | 85.00% | lr: 0.000100 | Training loss is 0.2576 | distill: 0.0014 | rec: 0.1284 | id: 0.1279 | cls: 0.0000 | elapsed: 02:48:01 | eta: 00:29:39 | gpu: 0.8/9.3 GB
2026-07-03 14:19:27 | INFO | cm_purifier.train | Step: 42600/50000 | 85.20% | lr: 0.000100 | Training loss is 0.2483 | distill: 0.0014 | rec: 0.1274 | id: 0.1195 | cls: 0.0000 | elapsed: 02:48:22 | eta: 00:29:14 | gpu: 0.8/9.3 GB
2026-07-03 14:19:47 | INFO | cm_purifier.train | Step: 42700/50000 | 85.40% | lr: 0.000100 | Training loss is 0.2382 | distill: 0.0014 | rec: 0.1275 | id: 0.1093 | cls: 0.0000 | elapsed: 02:48:43 | eta: 00:28:50 | gpu: 0.8/9.3 GB
2026-07-03 14:20:08 | INFO | cm_purifier.train | Step: 42800/50000 | 85.60% | lr: 0.000100 | Training loss is 0.2696 | distill: 0.0019 | rec: 0.1321 | id: 0.1356 | cls: 0.0000 | elapsed: 02:49:04 | eta: 00:28:26 | gpu: 0.8/9.3 GB
2026-07-03 14:20:30 | INFO | cm_purifier.train | Step: 42900/50000 | 85.80% | lr: 0.000100 | Training loss is 0.2257 | distill: 0.0015 | rec: 0.1223 | id: 0.1018 | cls: 0.0000 | elapsed: 02:49:25 | eta: 00:28:02 | gpu: 0.8/9.3 GB
2026-07-03 14:20:50 | INFO | cm_purifier.train | Step: 43000/50000 | 86.00% | lr: 0.000100 | Training loss is 0.2228 | distill: 0.0013 | rec: 0.1158 | id: 0.1057 | cls: 0.0000 | elapsed: 02:49:46 | eta: 00:27:38 | gpu: 0.8/9.3 GB
2026-07-03 14:21:12 | INFO | cm_purifier.train | Step: 43100/50000 | 86.20% | lr: 0.000100 | Training loss is 0.2436 | distill: 0.0012 | rec: 0.1173 | id: 0.1252 | cls: 0.0000 | elapsed: 02:50:07 | eta: 00:27:14 | gpu: 0.8/9.3 GB
2026-07-03 14:21:32 | INFO | cm_purifier.train | Step: 43200/50000 | 86.40% | lr: 0.000100 | Training loss is 0.2593 | distill: 0.0016 | rec: 0.1306 | id: 0.1271 | cls: 0.0000 | elapsed: 02:50:28 | eta: 00:26:50 | gpu: 0.8/9.3 GB
2026-07-03 14:21:54 | INFO | cm_purifier.train | Step: 43300/50000 | 86.60% | lr: 0.000100 | Training loss is 0.2434 | distill: 0.0013 | rec: 0.1272 | id: 0.1150 | cls: 0.0000 | elapsed: 02:50:49 | eta: 00:26:26 | gpu: 0.8/9.3 GB
2026-07-03 14:22:15 | INFO | cm_purifier.train | Step: 43400/50000 | 86.80% | lr: 0.000100 | Training loss is 0.2338 | distill: 0.0013 | rec: 0.1240 | id: 0.1086 | cls: 0.0000 | elapsed: 02:51:10 | eta: 00:26:01 | gpu: 0.8/9.3 GB
2026-07-03 14:22:35 | INFO | cm_purifier.train | Step: 43500/50000 | 87.00% | lr: 0.000100 | Training loss is 0.2551 | distill: 0.0016 | rec: 0.1265 | id: 0.1270 | cls: 0.0000 | elapsed: 02:51:31 | eta: 00:25:37 | gpu: 0.8/9.3 GB
2026-07-03 14:22:57 | INFO | cm_purifier.train | Step: 43600/50000 | 87.20% | lr: 0.000100 | Training loss is 0.2360 | distill: 0.0014 | rec: 0.1177 | id: 0.1170 | cls: 0.0000 | elapsed: 02:51:52 | eta: 00:25:13 | gpu: 0.8/9.3 GB
2026-07-03 14:23:18 | INFO | cm_purifier.train | Step: 43700/50000 | 87.40% | lr: 0.000100 | Training loss is 0.2365 | distill: 0.0013 | rec: 0.1208 | id: 0.1144 | cls: 0.0000 | elapsed: 02:52:13 | eta: 00:24:49 | gpu: 0.8/9.3 GB
2026-07-03 14:23:39 | INFO | cm_purifier.train | Step: 43800/50000 | 87.60% | lr: 0.000100 | Training loss is 0.2401 | distill: 0.0013 | rec: 0.1198 | id: 0.1189 | cls: 0.0000 | elapsed: 02:52:35 | eta: 00:24:25 | gpu: 0.8/9.3 GB
2026-07-03 14:24:00 | INFO | cm_purifier.train | Step: 43900/50000 | 87.80% | lr: 0.000100 | Training loss is 0.2287 | distill: 0.0011 | rec: 0.1162 | id: 0.1114 | cls: 0.0000 | elapsed: 02:52:56 | eta: 00:24:01 | gpu: 0.8/9.3 GB
2026-07-03 14:24:21 | INFO | cm_purifier.train | Step: 44000/50000 | 88.00% | lr: 0.000100 | Training loss is 0.2439 | distill: 0.0014 | rec: 0.1275 | id: 0.1150 | cls: 0.0000 | elapsed: 02:53:17 | eta: 00:23:37 | gpu: 0.8/9.3 GB
2026-07-03 14:24:42 | INFO | cm_purifier.train | Step: 44100/50000 | 88.20% | lr: 0.000100 | Training loss is 0.2597 | distill: 0.0014 | rec: 0.1299 | id: 0.1284 | cls: 0.0000 | elapsed: 02:53:38 | eta: 00:23:13 | gpu: 0.8/9.3 GB
2026-07-03 14:25:03 | INFO | cm_purifier.train | Step: 44200/50000 | 88.40% | lr: 0.000100 | Training loss is 0.2280 | distill: 0.0012 | rec: 0.1180 | id: 0.1089 | cls: 0.0000 | elapsed: 02:53:59 | eta: 00:22:49 | gpu: 0.8/9.3 GB
2026-07-03 14:25:25 | INFO | cm_purifier.train | Step: 44300/50000 | 88.60% | lr: 0.000100 | Training loss is 0.2295 | distill: 0.0015 | rec: 0.1197 | id: 0.1084 | cls: 0.0000 | elapsed: 02:54:20 | eta: 00:22:25 | gpu: 0.8/9.3 GB
2026-07-03 14:25:45 | INFO | cm_purifier.train | Step: 44400/50000 | 88.80% | lr: 0.000100 | Training loss is 0.2634 | distill: 0.0012 | rec: 0.1310 | id: 0.1312 | cls: 0.0000 | elapsed: 02:54:41 | eta: 00:22:01 | gpu: 0.8/9.3 GB
2026-07-03 14:26:07 | INFO | cm_purifier.train | Step: 44500/50000 | 89.00% | lr: 0.000100 | Training loss is 0.2431 | distill: 0.0015 | rec: 0.1257 | id: 0.1160 | cls: 0.0000 | elapsed: 02:55:03 | eta: 00:21:38 | gpu: 0.8/9.3 GB
2026-07-03 14:26:28 | INFO | cm_purifier.train | Step: 44600/50000 | 89.20% | lr: 0.000100 | Training loss is 0.2420 | distill: 0.0013 | rec: 0.1232 | id: 0.1175 | cls: 0.0000 | elapsed: 02:55:23 | eta: 00:21:14 | gpu: 0.8/9.3 GB
2026-07-03 14:26:49 | INFO | cm_purifier.train | Step: 44700/50000 | 89.40% | lr: 0.000100 | Training loss is 0.2497 | distill: 0.0014 | rec: 0.1288 | id: 0.1195 | cls: 0.0000 | elapsed: 02:55:45 | eta: 00:20:50 | gpu: 0.8/9.3 GB
2026-07-03 14:27:10 | INFO | cm_purifier.train | Step: 44800/50000 | 89.60% | lr: 0.000100 | Training loss is 0.2611 | distill: 0.0015 | rec: 0.1331 | id: 0.1265 | cls: 0.0000 | elapsed: 02:56:06 | eta: 00:20:26 | gpu: 0.8/9.3 GB
2026-07-03 14:27:31 | INFO | cm_purifier.train | Step: 44900/50000 | 89.80% | lr: 0.000100 | Training loss is 0.2218 | distill: 0.0011 | rec: 0.1122 | id: 0.1085 | cls: 0.0000 | elapsed: 02:56:26 | eta: 00:20:02 | gpu: 0.8/9.3 GB
2026-07-03 14:27:52 | INFO | cm_purifier.train | Step: 45000/50000 | 90.00% | lr: 0.000100 | Training loss is 0.2485 | distill: 0.0014 | rec: 0.1226 | id: 0.1244 | cls: 0.0000 | elapsed: 02:56:48 | eta: 00:19:38 | gpu: 0.8/9.3 GB
2026-07-03 14:28:43 | INFO | cm_purifier.train | Saved checkpoint to /media02/ndthuc03/cm-purify-targeted-poisoning/consistency_model/checkpoints/cm_purifier.pth at step 45000
2026-07-03 14:29:03 | INFO | cm_purifier.train | Step: 45100/50000 | 90.20% | lr: 0.000100 | Training loss is 0.2456 | distill: 0.0015 | rec: 0.1309 | id: 0.1132 | cls: 0.0000 | elapsed: 02:57:59 | eta: 00:19:20 | gpu: 0.8/9.3 GB
2026-07-03 14:29:24 | INFO | cm_purifier.train | Step: 45200/50000 | 90.40% | lr: 0.000100 | Training loss is 0.2345 | distill: 0.0012 | rec: 0.1173 | id: 0.1160 | cls: 0.0000 | elapsed: 02:58:20 | eta: 00:18:56 | gpu: 0.8/9.3 GB
2026-07-03 14:29:45 | INFO | cm_purifier.train | Step: 45300/50000 | 90.60% | lr: 0.000100 | Training loss is 0.2565 | distill: 0.0017 | rec: 0.1290 | id: 0.1258 | cls: 0.0000 | elapsed: 02:58:41 | eta: 00:18:32 | gpu: 0.8/9.3 GB
2026-07-03 14:30:06 | INFO | cm_purifier.train | Step: 45400/50000 | 90.80% | lr: 0.000100 | Training loss is 0.2526 | distill: 0.0015 | rec: 0.1326 | id: 0.1185 | cls: 0.0000 | elapsed: 02:59:01 | eta: 00:18:08 | gpu: 0.8/9.3 GB
2026-07-03 14:30:26 | INFO | cm_purifier.train | Step: 45500/50000 | 91.00% | lr: 0.000100 | Training loss is 0.2405 | distill: 0.0013 | rec: 0.1231 | id: 0.1162 | cls: 0.0000 | elapsed: 02:59:22 | eta: 00:17:44 | gpu: 0.8/9.3 GB
2026-07-03 14:30:47 | INFO | cm_purifier.train | Step: 45600/50000 | 91.20% | lr: 0.000100 | Training loss is 0.2432 | distill: 0.0013 | rec: 0.1233 | id: 0.1186 | cls: 0.0000 | elapsed: 02:59:43 | eta: 00:17:20 | gpu: 0.8/9.3 GB
2026-07-03 14:31:08 | INFO | cm_purifier.train | Step: 45700/50000 | 91.40% | lr: 0.000100 | Training loss is 0.2313 | distill: 0.0013 | rec: 0.1240 | id: 0.1060 | cls: 0.0000 | elapsed: 03:00:04 | eta: 00:16:56 | gpu: 0.8/9.3 GB
2026-07-03 14:31:29 | INFO | cm_purifier.train | Step: 45800/50000 | 91.60% | lr: 0.000100 | Training loss is 0.2241 | distill: 0.0012 | rec: 0.1183 | id: 0.1046 | cls: 0.0000 | elapsed: 03:00:24 | eta: 00:16:32 | gpu: 0.8/9.3 GB
2026-07-03 14:31:50 | INFO | cm_purifier.train | Step: 45900/50000 | 91.80% | lr: 0.000100 | Training loss is 0.2420 | distill: 0.0015 | rec: 0.1252 | id: 0.1153 | cls: 0.0000 | elapsed: 03:00:46 | eta: 00:16:08 | gpu: 0.8/9.3 GB
2026-07-03 14:32:11 | INFO | cm_purifier.train | Step: 46000/50000 | 92.00% | lr: 0.000100 | Training loss is 0.2399 | distill: 0.0017 | rec: 0.1274 | id: 0.1108 | cls: 0.0000 | elapsed: 03:01:06 | eta: 00:15:44 | gpu: 0.8/9.3 GB
2026-07-03 14:32:32 | INFO | cm_purifier.train | Step: 46100/50000 | 92.20% | lr: 0.000100 | Training loss is 0.2626 | distill: 0.0015 | rec: 0.1268 | id: 0.1344 | cls: 0.0000 | elapsed: 03:01:27 | eta: 00:15:21 | gpu: 0.8/9.3 GB
2026-07-03 14:32:52 | INFO | cm_purifier.train | Step: 46200/50000 | 92.40% | lr: 0.000100 | Training loss is 0.2484 | distill: 0.0013 | rec: 0.1258 | id: 0.1213 | cls: 0.0000 | elapsed: 03:01:48 | eta: 00:14:57 | gpu: 0.8/9.3 GB
2026-07-03 14:33:13 | INFO | cm_purifier.train | Step: 46300/50000 | 92.60% | lr: 0.000100 | Training loss is 0.2358 | distill: 0.0013 | rec: 0.1213 | id: 0.1131 | cls: 0.0000 | elapsed: 03:02:09 | eta: 00:14:33 | gpu: 0.8/9.3 GB
2026-07-03 14:33:34 | INFO | cm_purifier.train | Step: 46400/50000 | 92.80% | lr: 0.000100 | Training loss is 0.2555 | distill: 0.0014 | rec: 0.1297 | id: 0.1244 | cls: 0.0000 | elapsed: 03:02:30 | eta: 00:14:09 | gpu: 0.8/9.3 GB
2026-07-03 14:33:55 | INFO | cm_purifier.train | Step: 46500/50000 | 93.00% | lr: 0.000100 | Training loss is 0.2634 | distill: 0.0013 | rec: 0.1230 | id: 0.1392 | cls: 0.0000 | elapsed: 03:02:50 | eta: 00:13:45 | gpu: 0.8/9.3 GB
2026-07-03 14:34:16 | INFO | cm_purifier.train | Step: 46600/50000 | 93.20% | lr: 0.000100 | Training loss is 0.2288 | distill: 0.0013 | rec: 0.1190 | id: 0.1085 | cls: 0.0000 | elapsed: 03:03:12 | eta: 00:13:21 | gpu: 0.8/9.3 GB
2026-07-03 14:34:37 | INFO | cm_purifier.train | Step: 46700/50000 | 93.40% | lr: 0.000100 | Training loss is 0.2358 | distill: 0.0012 | rec: 0.1221 | id: 0.1126 | cls: 0.0000 | elapsed: 03:03:33 | eta: 00:12:58 | gpu: 0.8/9.3 GB
2026-07-03 14:34:58 | INFO | cm_purifier.train | Step: 46800/50000 | 93.60% | lr: 0.000100 | Training loss is 0.2070 | distill: 0.0014 | rec: 0.1097 | id: 0.0959 | cls: 0.0000 | elapsed: 03:03:53 | eta: 00:12:34 | gpu: 0.8/9.3 GB
2026-07-03 14:35:19 | INFO | cm_purifier.train | Step: 46900/50000 | 93.80% | lr: 0.000100 | Training loss is 0.2310 | distill: 0.0016 | rec: 0.1275 | id: 0.1019 | cls: 0.0000 | elapsed: 03:04:15 | eta: 00:12:10 | gpu: 0.8/9.3 GB
2026-07-03 14:35:40 | INFO | cm_purifier.train | Step: 47000/50000 | 94.00% | lr: 0.000100 | Training loss is 0.2467 | distill: 0.0018 | rec: 0.1273 | id: 0.1176 | cls: 0.0000 | elapsed: 03:04:35 | eta: 00:11:46 | gpu: 0.8/9.3 GB
2026-07-03 14:36:01 | INFO | cm_purifier.train | Step: 47100/50000 | 94.20% | lr: 0.000100 | Training loss is 0.2448 | distill: 0.0016 | rec: 0.1255 | id: 0.1177 | cls: 0.0000 | elapsed: 03:04:57 | eta: 00:11:23 | gpu: 0.8/9.3 GB
2026-07-03 14:36:22 | INFO | cm_purifier.train | Step: 47200/50000 | 94.40% | lr: 0.000100 | Training loss is 0.2727 | distill: 0.0018 | rec: 0.1343 | id: 0.1366 | cls: 0.0000 | elapsed: 03:05:17 | eta: 00:10:59 | gpu: 0.8/9.3 GB
2026-07-03 14:36:43 | INFO | cm_purifier.train | Step: 47300/50000 | 94.60% | lr: 0.000100 | Training loss is 0.2344 | distill: 0.0014 | rec: 0.1139 | id: 0.1192 | cls: 0.0000 | elapsed: 03:05:39 | eta: 00:10:35 | gpu: 0.8/9.3 GB
2026-07-03 14:37:04 | INFO | cm_purifier.train | Step: 47400/50000 | 94.80% | lr: 0.000100 | Training loss is 0.2412 | distill: 0.0015 | rec: 0.1291 | id: 0.1106 | cls: 0.0000 | elapsed: 03:06:00 | eta: 00:10:12 | gpu: 0.8/9.3 GB
2026-07-03 14:37:25 | INFO | cm_purifier.train | Step: 47500/50000 | 95.00% | lr: 0.000100 | Training loss is 0.2338 | distill: 0.0016 | rec: 0.1224 | id: 0.1098 | cls: 0.0000 | elapsed: 03:06:21 | eta: 00:09:48 | gpu: 0.8/9.3 GB
2026-07-03 14:37:46 | INFO | cm_purifier.train | Step: 47600/50000 | 95.20% | lr: 0.000100 | Training loss is 0.2592 | distill: 0.0014 | rec: 0.1299 | id: 0.1279 | cls: 0.0000 | elapsed: 03:06:42 | eta: 00:09:24 | gpu: 0.8/9.3 GB
2026-07-03 14:38:07 | INFO | cm_purifier.train | Step: 47700/50000 | 95.40% | lr: 0.000100 | Training loss is 0.2345 | distill: 0.0013 | rec: 0.1184 | id: 0.1148 | cls: 0.0000 | elapsed: 03:07:03 | eta: 00:09:01 | gpu: 0.8/9.3 GB
2026-07-03 14:38:28 | INFO | cm_purifier.train | Step: 47800/50000 | 95.60% | lr: 0.000100 | Training loss is 0.2282 | distill: 0.0013 | rec: 0.1202 | id: 0.1067 | cls: 0.0000 | elapsed: 03:07:24 | eta: 00:08:37 | gpu: 0.8/9.3 GB
2026-07-03 14:38:49 | INFO | cm_purifier.train | Step: 47900/50000 | 95.80% | lr: 0.000100 | Training loss is 0.2081 | distill: 0.0012 | rec: 0.1114 | id: 0.0955 | cls: 0.0000 | elapsed: 03:07:45 | eta: 00:08:13 | gpu: 0.8/9.3 GB
2026-07-03 14:39:11 | INFO | cm_purifier.train | Step: 48000/50000 | 96.00% | lr: 0.000100 | Training loss is 0.2377 | distill: 0.0014 | rec: 0.1225 | id: 0.1138 | cls: 0.0000 | elapsed: 03:08:06 | eta: 00:07:50 | gpu: 0.8/9.3 GB
2026-07-03 14:39:31 | INFO | cm_purifier.train | Step: 48100/50000 | 96.20% | lr: 0.000100 | Training loss is 0.2418 | distill: 0.0016 | rec: 0.1271 | id: 0.1131 | cls: 0.0000 | elapsed: 03:08:27 | eta: 00:07:26 | gpu: 0.8/9.3 GB
2026-07-03 14:39:53 | INFO | cm_purifier.train | Step: 48200/50000 | 96.40% | lr: 0.000100 | Training loss is 0.2425 | distill: 0.0013 | rec: 0.1223 | id: 0.1189 | cls: 0.0000 | elapsed: 03:08:48 | eta: 00:07:03 | gpu: 0.8/9.3 GB
2026-07-03 14:40:23 | INFO | cm_purifier.train | Step: 48300/50000 | 96.60% | lr: 0.000100 | Training loss is 0.2420 | distill: 0.0013 | rec: 0.1220 | id: 0.1186 | cls: 0.0000 | elapsed: 03:09:18 | eta: 00:06:39 | gpu: 0.8/9.3 GB
2026-07-03 14:40:57 | INFO | cm_purifier.train | Step: 48400/50000 | 96.80% | lr: 0.000100 | Training loss is 0.2559 | distill: 0.0013 | rec: 0.1274 | id: 0.1271 | cls: 0.0000 | elapsed: 03:09:52 | eta: 00:06:16 | gpu: 0.8/9.3 GB
2026-07-03 14:41:37 | INFO | cm_purifier.train | Step: 48500/50000 | 97.00% | lr: 0.000100 | Training loss is 0.2253 | distill: 0.0015 | rec: 0.1165 | id: 0.1073 | cls: 0.0000 | elapsed: 03:10:33 | eta: 00:05:53 | gpu: 0.8/9.3 GB
2026-07-03 14:42:05 | INFO | cm_purifier.train | Step: 48600/50000 | 97.20% | lr: 0.000100 | Training loss is 0.2536 | distill: 0.0013 | rec: 0.1214 | id: 0.1308 | cls: 0.0000 | elapsed: 03:11:01 | eta: 00:05:30 | gpu: 0.8/9.3 GB
2026-07-03 14:42:41 | INFO | cm_purifier.train | Step: 48700/50000 | 97.40% | lr: 0.000100 | Training loss is 0.2415 | distill: 0.0015 | rec: 0.1233 | id: 0.1167 | cls: 0.0000 | elapsed: 03:11:37 | eta: 00:05:06 | gpu: 0.8/9.3 GB
2026-07-03 14:43:14 | INFO | cm_purifier.train | Step: 48800/50000 | 97.60% | lr: 0.000100 | Training loss is 0.2378 | distill: 0.0015 | rec: 0.1211 | id: 0.1152 | cls: 0.0000 | elapsed: 03:12:10 | eta: 00:04:43 | gpu: 0.8/9.3 GB
2026-07-03 14:43:40 | INFO | cm_purifier.train | Step: 48900/50000 | 97.80% | lr: 0.000100 | Training loss is 0.2631 | distill: 0.0014 | rec: 0.1258 | id: 0.1359 | cls: 0.0000 | elapsed: 03:12:36 | eta: 00:04:19 | gpu: 0.8/9.3 GB
2026-07-03 14:44:09 | INFO | cm_purifier.train | Step: 49000/50000 | 98.00% | lr: 0.000100 | Training loss is 0.2410 | distill: 0.0012 | rec: 0.1160 | id: 0.1238 | cls: 0.0000 | elapsed: 03:13:05 | eta: 00:03:56 | gpu: 0.8/9.3 GB
2026-07-03 14:44:30 | INFO | cm_purifier.train | Step: 49100/50000 | 98.20% | lr: 0.000100 | Training loss is 0.2467 | distill: 0.0017 | rec: 0.1235 | id: 0.1215 | cls: 0.0000 | elapsed: 03:13:25 | eta: 00:03:32 | gpu: 0.8/9.3 GB
2026-07-03 14:44:51 | INFO | cm_purifier.train | Step: 49200/50000 | 98.40% | lr: 0.000100 | Training loss is 0.2422 | distill: 0.0013 | rec: 0.1216 | id: 0.1193 | cls: 0.0000 | elapsed: 03:13:46 | eta: 00:03:09 | gpu: 0.8/9.3 GB
2026-07-03 14:45:11 | INFO | cm_purifier.train | Step: 49300/50000 | 98.60% | lr: 0.000100 | Training loss is 0.2183 | distill: 0.0017 | rec: 0.1165 | id: 0.1001 | cls: 0.0000 | elapsed: 03:14:07 | eta: 00:02:45 | gpu: 0.8/9.3 GB
2026-07-03 14:45:33 | INFO | cm_purifier.train | Step: 49400/50000 | 98.80% | lr: 0.000100 | Training loss is 0.2513 | distill: 0.0012 | rec: 0.1275 | id: 0.1226 | cls: 0.0000 | elapsed: 03:14:28 | eta: 00:02:21 | gpu: 0.8/9.3 GB
2026-07-03 14:46:18 | INFO | cm_purifier.train | Step: 49500/50000 | 99.00% | lr: 0.000100 | Training loss is 0.2573 | distill: 0.0013 | rec: 0.1291 | id: 0.1269 | cls: 0.0000 | elapsed: 03:15:14 | eta: 00:01:58 | gpu: 0.8/9.3 GB
2026-07-03 14:47:01 | INFO | cm_purifier.train | Step: 49600/50000 | 99.20% | lr: 0.000100 | Training loss is 0.2467 | distill: 0.0017 | rec: 0.1237 | id: 0.1213 | cls: 0.0000 | elapsed: 03:15:56 | eta: 00:01:34 | gpu: 0.8/9.3 GB
2026-07-03 14:47:26 | INFO | cm_purifier.train | Step: 49700/50000 | 99.40% | lr: 0.000100 | Training loss is 0.2001 | distill: 0.0012 | rec: 0.1072 | id: 0.0917 | cls: 0.0000 | elapsed: 03:16:21 | eta: 00:01:11 | gpu: 0.8/9.3 GB
2026-07-03 14:47:46 | INFO | cm_purifier.train | Step: 49800/50000 | 99.60% | lr: 0.000100 | Training loss is 0.2296 | distill: 0.0012 | rec: 0.1120 | id: 0.1164 | cls: 0.0000 | elapsed: 03:16:42 | eta: 00:00:47 | gpu: 0.8/9.3 GB
2026-07-03 14:48:07 | INFO | cm_purifier.train | Step: 49900/50000 | 99.80% | lr: 0.000100 | Training loss is 0.2568 | distill: 0.0015 | rec: 0.1276 | id: 0.1276 | cls: 0.0000 | elapsed: 03:17:03 | eta: 00:00:23 | gpu: 0.8/9.3 GB
2026-07-03 14:48:28 | INFO | cm_purifier.train | Step: 50000/50000 | 100.00% | lr: 0.000100 | Training loss is 0.2137 | distill: 0.0014 | rec: 0.1141 | id: 0.0982 | cls: 0.0000 | elapsed: 03:17:24 | eta: 00:00:00 | gpu: 0.8/9.3 GB
2026-07-03 14:49:19 | INFO | cm_purifier.train | Saved checkpoint to /media02/ndthuc03/cm-purify-targeted-poisoning/consistency_model/checkpoints/cm_purifier.pth at step 50000
2026-07-03 14:49:19 | INFO | cm_purifier.train | ========================================================================
2026-07-03 14:49:19 | INFO | cm_purifier.train | 4. SAVING FINAL CHECKPOINT...
2026-07-03 14:49:19 | INFO | cm_purifier.train | ========================================================================
2026-07-03 14:50:10 | INFO | cm_purifier.train | ========================================================================
2026-07-03 14:50:10 | INFO | cm_purifier.train | Training complete
2026-07-03 14:50:10 | INFO | cm_purifier.train | ========================================================================
2026-07-03 14:50:10 | INFO | cm_purifier.train | Finished training at step 50000
2026-07-03 14:50:10 | INFO | cm_purifier.train | Final checkpoint saved to /media02/ndthuc03/cm-purify-targeted-poisoning/consistency_model/checkpoints/cm_purifier.pth
==============================
2. RUNNING BENCHMARK IN SAME JOB...
==============================
2026-07-03 14:50:34 | INFO | benchmark.run | ================================================================================
2026-07-03 14:50:34 | INFO | benchmark.run | 1. DISCOVERING BENCHMARK CASES...
2026-07-03 14:50:34 | INFO | benchmark.run | ================================================================================
2026-07-03 14:50:35 | INFO | benchmark.run | Repository: /media02/ndthuc03/cm-purify-targeted-poisoning
2026-07-03 14:50:35 | INFO | benchmark.run | Run root: /media02/ndthuc03/cm-purify-targeted-poisoning/benchmark/outputs/slurm_73353
2026-07-03 14:50:35 | INFO | benchmark.run | Case summary: {'total': 30, 'WB': 10, 'BP': 20, 'names': ['BP_c0_g0', 'BP_c0_g1', 'BP_c1_g0', 'BP_c1_g1', 'BP_c2_g0', 'BP_c2_g1', 'BP_c3_g0', 'BP_c3_g1', 'BP_c4_g0', 'BP_c4_g1', 'BP_c5_g0', 'BP_c5_g1', 'BP_c6_g0', 'BP_c6_g1', 'BP_c7_g0', 'BP_c7_g1', 'BP_c8_g0', 'BP_c8_g1', 'BP_c9_g0', 'BP_c9_g1', 'WB_c0', 'WB_c1', 'WB_c2', 'WB_c3', 'WB_c4', 'WB_c5', 'WB_c6', 'WB_c7', 'WB_c8', 'WB_c9']}
2026-07-03 14:50:35 | INFO | benchmark.run | ================================================================================
2026-07-03 14:50:35 | INFO | benchmark.run | 2. LOADING CM PURIFIER...
2026-07-03 14:50:35 | INFO | benchmark.run | ================================================================================
2026-07-03 14:51:47 | INFO | benchmark.run | Loaded purifier on cuda with t_star=200
2026-07-03 14:51:47 | INFO | benchmark.run | ================================================================================
2026-07-03 14:51:47 | INFO | benchmark.run | CASE 1/30: BP_c0_g0 (BP)
2026-07-03 14:51:47 | INFO | benchmark.run | ================================================================================
2026-07-03 14:53:16 | INFO | benchmark.run | Materialized BP poisoned train | Images: 10000/50000 | 20.00% | 170.56 img/s | elapsed: 00:00:58 | eta: 00:03:54 | gpu: cpu
2026-07-03 14:54:16 | INFO | benchmark.run | Materialized BP poisoned train | Images: 20000/50000 | 40.00% | 169.19 img/s | elapsed: 00:01:58 | eta: 00:02:57 | gpu: cpu
2026-07-03 14:55:13 | INFO | benchmark.run | Materialized BP poisoned train | Images: 30000/50000 | 60.00% | 170.66 img/s | elapsed: 00:02:55 | eta: 00:01:57 | gpu: cpu
2026-07-03 14:56:15 | INFO | benchmark.run | Materialized BP poisoned train | Images: 40000/50000 | 80.00% | 168.53 img/s | elapsed: 00:03:57 | eta: 00:00:59 | gpu: cpu
2026-07-03 14:57:15 | INFO | benchmark.run | Materialized BP poisoned train | Images: 50000/50000 | 100.00% | 168.05 img/s | elapsed: 00:04:57 | eta: 00:00:00 | gpu: cpu
2026-07-03 14:57:31 | INFO | benchmark.run | Purified full train | Images: 1024/50000 | 2.05% | 74.09 img/s | elapsed: 00:00:13 | eta: 00:11:01 | gpu: 0.2/1.6 GB
2026-07-03 14:57:39 | INFO | benchmark.run | Purified full train | Images: 2048/50000 | 4.10% | 94.05 img/s | elapsed: 00:00:21 | eta: 00:08:29 | gpu: 0.2/1.6 GB
2026-07-03 14:57:47 | INFO | benchmark.run | Purified full train | Images: 3072/50000 | 6.14% | 102.64 img/s | elapsed: 00:00:29 | eta: 00:07:37 | gpu: 0.2/1.6 GB
2026-07-03 14:57:56 | INFO | benchmark.run | Purified full train | Images: 4096/50000 | 8.19% | 105.90 img/s | elapsed: 00:00:38 | eta: 00:07:13 | gpu: 0.2/1.6 GB
2026-07-03 14:58:04 | INFO | benchmark.run | Purified full train | Images: 5120/50000 | 10.24% | 110.14 img/s | elapsed: 00:00:46 | eta: 00:06:47 | gpu: 0.2/1.6 GB
2026-07-03 14:58:11 | INFO | benchmark.run | Purified full train | Images: 6144/50000 | 12.29% | 113.17 img/s | elapsed: 00:00:54 | eta: 00:06:27 | gpu: 0.2/1.6 GB
2026-07-03 14:58:19 | INFO | benchmark.run | Purified full train | Images: 7168/50000 | 14.34% | 115.68 img/s | elapsed: 00:01:01 | eta: 00:06:10 | gpu: 0.2/1.6 GB
2026-07-03 14:58:27 | INFO | benchmark.run | Purified full train | Images: 8192/50000 | 16.38% | 117.49 img/s | elapsed: 00:01:09 | eta: 00:05:55 | gpu: 0.2/1.6 GB
2026-07-03 14:58:35 | INFO | benchmark.run | Purified full train | Images: 9216/50000 | 18.43% | 118.96 img/s | elapsed: 00:01:17 | eta: 00:05:42 | gpu: 0.2/1.6 GB
2026-07-03 14:58:43 | INFO | benchmark.run | Purified full train | Images: 10240/50000 | 20.48% | 119.98 img/s | elapsed: 00:01:25 | eta: 00:05:31 | gpu: 0.2/1.6 GB
2026-07-03 14:58:50 | INFO | benchmark.run | Purified full train | Images: 11264/50000 | 22.53% | 121.16 img/s | elapsed: 00:01:32 | eta: 00:05:19 | gpu: 0.2/1.6 GB
2026-07-03 14:58:58 | INFO | benchmark.run | Purified full train | Images: 12288/50000 | 24.58% | 121.96 img/s | elapsed: 00:01:40 | eta: 00:05:09 | gpu: 0.2/1.6 GB
2026-07-03 14:59:06 | INFO | benchmark.run | Purified full train | Images: 13312/50000 | 26.62% | 122.77 img/s | elapsed: 00:01:48 | eta: 00:04:58 | gpu: 0.2/1.6 GB
2026-07-03 14:59:14 | INFO | benchmark.run | Purified full train | Images: 14336/50000 | 28.67% | 123.23 img/s | elapsed: 00:01:56 | eta: 00:04:49 | gpu: 0.2/1.6 GB
2026-07-03 14:59:21 | INFO | benchmark.run | Purified full train | Images: 15360/50000 | 30.72% | 123.60 img/s | elapsed: 00:02:04 | eta: 00:04:40 | gpu: 0.2/1.6 GB
2026-07-03 14:59:29 | INFO | benchmark.run | Purified full train | Images: 16384/50000 | 32.77% | 124.15 img/s | elapsed: 00:02:11 | eta: 00:04:30 | gpu: 0.2/1.6 GB
2026-07-03 14:59:37 | INFO | benchmark.run | Purified full train | Images: 17408/50000 | 34.82% | 124.69 img/s | elapsed: 00:02:19 | eta: 00:04:21 | gpu: 0.2/1.6 GB
2026-07-03 14:59:45 | INFO | benchmark.run | Purified full train | Images: 18432/50000 | 36.86% | 124.88 img/s | elapsed: 00:02:27 | eta: 00:04:12 | gpu: 0.2/1.6 GB
2026-07-03 14:59:52 | INFO | benchmark.run | Purified full train | Images: 19456/50000 | 38.91% | 125.46 img/s | elapsed: 00:02:35 | eta: 00:04:03 | gpu: 0.2/1.6 GB
2026-07-03 15:00:00 | INFO | benchmark.run | Purified full train | Images: 20480/50000 | 40.96% | 125.72 img/s | elapsed: 00:02:42 | eta: 00:03:54 | gpu: 0.2/1.6 GB
2026-07-03 15:00:08 | INFO | benchmark.run | Purified full train | Images: 21504/50000 | 43.01% | 125.95 img/s | elapsed: 00:02:50 | eta: 00:03:46 | gpu: 0.2/1.6 GB
2026-07-03 15:00:18 | INFO | benchmark.run | Purified full train | Images: 22528/50000 | 45.06% | 124.53 img/s | elapsed: 00:03:00 | eta: 00:03:40 | gpu: 0.2/1.6 GB
2026-07-03 15:00:26 | INFO | benchmark.run | Purified full train | Images: 23552/50000 | 47.10% | 124.97 img/s | elapsed: 00:03:08 | eta: 00:03:31 | gpu: 0.2/1.6 GB
2026-07-03 15:00:33 | INFO | benchmark.run | Purified full train | Images: 24576/50000 | 49.15% | 125.22 img/s | elapsed: 00:03:16 | eta: 00:03:23 | gpu: 0.2/1.6 GB
2026-07-03 15:00:41 | INFO | benchmark.run | Purified full train | Images: 25600/50000 | 51.20% | 125.41 img/s | elapsed: 00:03:24 | eta: 00:03:14 | gpu: 0.2/1.6 GB
2026-07-03 15:00:50 | INFO | benchmark.run | Purified full train | Images: 26624/50000 | 53.25% | 125.38 img/s | elapsed: 00:03:32 | eta: 00:03:06 | gpu: 0.2/1.6 GB
2026-07-03 15:00:57 | INFO | benchmark.run | Purified full train | Images: 27648/50000 | 55.30% | 125.70 img/s | elapsed: 00:03:39 | eta: 00:02:57 | gpu: 0.2/1.6 GB
2026-07-03 15:01:05 | INFO | benchmark.run | Purified full train | Images: 28672/50000 | 57.34% | 126.01 img/s | elapsed: 00:03:47 | eta: 00:02:49 | gpu: 0.2/1.6 GB
2026-07-03 15:01:12 | INFO | benchmark.run | Purified full train | Images: 29696/50000 | 59.39% | 126.24 img/s | elapsed: 00:03:55 | eta: 00:02:40 | gpu: 0.2/1.6 GB
2026-07-03 15:01:20 | INFO | benchmark.run | Purified full train | Images: 30720/50000 | 61.44% | 126.49 img/s | elapsed: 00:04:02 | eta: 00:02:32 | gpu: 0.2/1.6 GB
2026-07-03 15:01:28 | INFO | benchmark.run | Purified full train | Images: 31744/50000 | 63.49% | 126.79 img/s | elapsed: 00:04:10 | eta: 00:02:23 | gpu: 0.2/1.6 GB
2026-07-03 15:01:35 | INFO | benchmark.run | Purified full train | Images: 32768/50000 | 65.54% | 127.02 img/s | elapsed: 00:04:17 | eta: 00:02:15 | gpu: 0.2/1.6 GB
2026-07-03 15:01:43 | INFO | benchmark.run | Purified full train | Images: 33792/50000 | 67.58% | 127.22 img/s | elapsed: 00:04:25 | eta: 00:02:07 | gpu: 0.2/1.6 GB
2026-07-03 15:01:51 | INFO | benchmark.run | Purified full train | Images: 34816/50000 | 69.63% | 127.31 img/s | elapsed: 00:04:33 | eta: 00:01:59 | gpu: 0.2/1.6 GB
2026-07-03 15:01:58 | INFO | benchmark.run | Purified full train | Images: 35840/50000 | 71.68% | 127.44 img/s | elapsed: 00:04:41 | eta: 00:01:51 | gpu: 0.2/1.6 GB
2026-07-03 15:02:07 | INFO | benchmark.run | Purified full train | Images: 36864/50000 | 73.73% | 127.14 img/s | elapsed: 00:04:49 | eta: 00:01:43 | gpu: 0.2/1.6 GB
2026-07-03 15:02:15 | INFO | benchmark.run | Purified full train | Images: 37888/50000 | 75.78% | 127.32 img/s | elapsed: 00:04:57 | eta: 00:01:35 | gpu: 0.2/1.6 GB
2026-07-03 15:02:23 | INFO | benchmark.run | Purified full train | Images: 38912/50000 | 77.82% | 127.45 img/s | elapsed: 00:05:05 | eta: 00:01:27 | gpu: 0.2/1.6 GB
2026-07-03 15:02:30 | INFO | benchmark.run | Purified full train | Images: 39936/50000 | 79.87% | 127.57 img/s | elapsed: 00:05:13 | eta: 00:01:18 | gpu: 0.2/1.6 GB
2026-07-03 15:02:38 | INFO | benchmark.run | Purified full train | Images: 40960/50000 | 81.92% | 127.69 img/s | elapsed: 00:05:20 | eta: 00:01:10 | gpu: 0.2/1.6 GB
2026-07-03 15:02:46 | INFO | benchmark.run | Purified full train | Images: 41984/50000 | 83.97% | 127.84 img/s | elapsed: 00:05:28 | eta: 00:01:02 | gpu: 0.2/1.6 GB
2026-07-03 15:02:53 | INFO | benchmark.run | Purified full train | Images: 43008/50000 | 86.02% | 127.89 img/s | elapsed: 00:05:36 | eta: 00:00:54 | gpu: 0.2/1.6 GB
2026-07-03 15:03:01 | INFO | benchmark.run | Purified full train | Images: 44032/50000 | 88.06% | 127.95 img/s | elapsed: 00:05:44 | eta: 00:00:46 | gpu: 0.2/1.6 GB
2026-07-03 15:03:09 | INFO | benchmark.run | Purified full train | Images: 45056/50000 | 90.11% | 128.00 img/s | elapsed: 00:05:52 | eta: 00:00:38 | gpu: 0.2/1.6 GB
2026-07-03 15:03:17 | INFO | benchmark.run | Purified full train | Images: 46080/50000 | 92.16% | 128.06 img/s | elapsed: 00:05:59 | eta: 00:00:30 | gpu: 0.2/1.6 GB
2026-07-03 15:03:25 | INFO | benchmark.run | Purified full train | Images: 47104/50000 | 94.21% | 127.98 img/s | elapsed: 00:06:08 | eta: 00:00:22 | gpu: 0.2/1.6 GB
2026-07-03 15:03:33 | INFO | benchmark.run | Purified full train | Images: 48128/50000 | 96.26% | 127.98 img/s | elapsed: 00:06:16 | eta: 00:00:14 | gpu: 0.2/1.6 GB
2026-07-03 15:03:41 | INFO | benchmark.run | Purified full train | Images: 49152/50000 | 98.30% | 128.02 img/s | elapsed: 00:06:23 | eta: 00:00:06 | gpu: 0.2/1.6 GB
2026-07-03 15:03:49 | INFO | benchmark.run | Purified full train | Images: 50000/50000 | 100.00% | 127.62 img/s | elapsed: 00:06:31 | eta: 00:00:00 | gpu: 0.2/1.6 GB
2026-07-03 15:03:49 | INFO | benchmark.run | ================================================================================
2026-07-03 15:03:49 | INFO | benchmark.run | RETRAINING AND EVALUATING BP_c0_g0...
2026-07-03 15:03:49 | INFO | benchmark.run | ================================================================================
2026-07-03 15:04:20 | INFO | benchmark.run | Loading BP victim ResNet18 from ckpt-%s-4800.t7
==> Resuming from checkpoint for ResNet18..
Using Adam for retraining
2026-07-03 15:04:34, Epoch 0, Iteration 7, loss 0.439 (0.241), acc 92.308 (96.000)
2026-07-03 15:04:34, Epoch 50, Iteration 7, loss 0.000 (0.002), acc 100.000 (100.000)
Target Label: 4, Poison label: 0, Prediction:0, Target's Score:[0.9921633005142212, 2.285680800184764e-08, 3.621699917744081e-08, 4.428923853828168e-17, 0.007836691103875637, 1.8475811158769062e-10, 3.364895423646897e-29, 1.3606637175838962e-18, 1.814456381367749e-14, 1.2987465190382806e-17], Poisons' Predictions:[0, 0, 0, 0, 0, 0, 0, 0, 0, 0]
Now evaluating against camera taken images
2026-07-03 15:04:35 Epoch 59, Val iteration 0, acc 92.400 (92.400)
2026-07-03 15:04:37 Epoch 59, Val iteration 19, acc 94.200 (93.200)
* Prec: 93.20000228881835
2026-07-03 15:04:38 | INFO | benchmark.run | Loading BP victim ResNet18 from ckpt-%s-4800.t7
==> Resuming from checkpoint for ResNet18..
Using Adam for retraining
2026-07-03 15:04:39, Epoch 0, Iteration 7, loss 0.877 (1.314), acc 86.538 (75.600)
2026-07-03 15:04:40, Epoch 50, Iteration 7, loss 0.152 (0.098), acc 96.154 (97.400)
Target Label: 4, Poison label: 0, Prediction:4, Target's Score:[2.6187507023989198e-11, 1.8520792290744004e-16, 0.03210270777344704, 1.213058647773341e-15, 0.9391221404075623, 0.028747962787747383, 4.653226710615854e-07, 2.4034359739744104e-05, 3.7985467557172773e-19, 2.6884708859142847e-06], Poisons' Predictions:[0, 0, 0, 0, 0, 0, 0, 0, 0, 0]
Now evaluating against camera taken images
2026-07-03 15:04:40 Epoch 59, Val iteration 0, acc 92.200 (92.200)
2026-07-03 15:04:42 Epoch 59, Val iteration 19, acc 92.000 (91.150)
* Prec: 91.15000190734864
2026-07-03 15:04:42 | INFO | benchmark.run | Updated benchmark CSV: /media02/ndthuc03/cm-purify-targeted-poisoning/benchmark/outputs/slurm_73353/benchmark_results.csv
2026-07-03 15:04:42 | INFO | benchmark.run | ================================================================================
2026-07-03 15:04:42 | INFO | benchmark.run | CASE 2/30: BP_c0_g1 (BP)
2026-07-03 15:04:42 | INFO | benchmark.run | ================================================================================
2026-07-03 15:05:58 | INFO | benchmark.run | Materialized BP poisoned train | Images: 10000/50000 | 20.00% | 134.91 img/s | elapsed: 00:01:14 | eta: 00:04:56 | gpu: cpu
2026-07-03 15:07:16 | INFO | benchmark.run | Materialized BP poisoned train | Images: 20000/50000 | 40.00% | 130.77 img/s | elapsed: 00:02:32 | eta: 00:03:49 | gpu: cpu
2026-07-03 15:08:25 | INFO | benchmark.run | Materialized BP poisoned train | Images: 30000/50000 | 60.00% | 135.69 img/s | elapsed: 00:03:41 | eta: 00:02:27 | gpu: cpu
2026-07-03 15:09:36 | INFO | benchmark.run | Materialized BP poisoned train | Images: 40000/50000 | 80.00% | 136.59 img/s | elapsed: 00:04:52 | eta: 00:01:13 | gpu: cpu
2026-07-03 15:10:35 | INFO | benchmark.run | Materialized BP poisoned train | Images: 50000/50000 | 100.00% | 142.20 img/s | elapsed: 00:05:51 | eta: 00:00:00 | gpu: cpu
2026-07-03 15:10:45 | INFO | benchmark.run | Purified full train | Images: 1024/50000 | 2.05% | 130.98 img/s | elapsed: 00:00:07 | eta: 00:06:13 | gpu: 0.2/2.2 GB
2026-07-03 15:10:53 | INFO | benchmark.run | Purified full train | Images: 2048/50000 | 4.10% | 131.79 img/s | elapsed: 00:00:15 | eta: 00:06:03 | gpu: 0.2/2.2 GB
2026-07-03 15:11:01 | INFO | benchmark.run | Purified full train | Images: 3072/50000 | 6.14% | 131.01 img/s | elapsed: 00:00:23 | eta: 00:05:58 | gpu: 0.2/2.2 GB
2026-07-03 15:11:09 | INFO | benchmark.run | Purified full train | Images: 4096/50000 | 8.19% | 130.63 img/s | elapsed: 00:00:31 | eta: 00:05:51 | gpu: 0.2/2.2 GB
2026-07-03 15:11:17 | INFO | benchmark.run | Purified full train | Images: 5120/50000 | 10.24% | 129.49 img/s | elapsed: 00:00:39 | eta: 00:05:46 | gpu: 0.2/2.2 GB
2026-07-03 15:11:25 | INFO | benchmark.run | Purified full train | Images: 6144/50000 | 12.29% | 130.11 img/s | elapsed: 00:00:47 | eta: 00:05:37 | gpu: 0.2/2.2 GB
2026-07-03 15:11:32 | INFO | benchmark.run | Purified full train | Images: 7168/50000 | 14.34% | 130.95 img/s | elapsed: 00:00:54 | eta: 00:05:27 | gpu: 0.2/2.2 GB
2026-07-03 15:11:40 | INFO | benchmark.run | Purified full train | Images: 8192/50000 | 16.38% | 130.36 img/s | elapsed: 00:01:02 | eta: 00:05:20 | gpu: 0.2/2.2 GB
2026-07-03 15:11:48 | INFO | benchmark.run | Purified full train | Images: 9216/50000 | 18.43% | 130.39 img/s | elapsed: 00:01:10 | eta: 00:05:12 | gpu: 0.2/2.2 GB
2026-07-03 15:11:56 | INFO | benchmark.run | Purified full train | Images: 10240/50000 | 20.48% | 130.21 img/s | elapsed: 00:01:18 | eta: 00:05:05 | gpu: 0.2/2.2 GB
2026-07-03 15:12:04 | INFO | benchmark.run | Purified full train | Images: 11264/50000 | 22.53% | 130.35 img/s | elapsed: 00:01:26 | eta: 00:04:57 | gpu: 0.2/2.2 GB
2026-07-03 15:12:12 | INFO | benchmark.run | Purified full train | Images: 12288/50000 | 24.58% | 130.40 img/s | elapsed: 00:01:34 | eta: 00:04:49 | gpu: 0.2/2.2 GB
2026-07-03 15:12:19 | INFO | benchmark.run | Purified full train | Images: 13312/50000 | 26.62% | 130.38 img/s | elapsed: 00:01:42 | eta: 00:04:41 | gpu: 0.2/2.2 GB
2026-07-03 15:12:28 | INFO | benchmark.run | Purified full train | Images: 14336/50000 | 28.67% | 130.04 img/s | elapsed: 00:01:50 | eta: 00:04:34 | gpu: 0.2/2.2 GB
2026-07-03 15:12:36 | INFO | benchmark.run | Purified full train | Images: 15360/50000 | 30.72% | 129.86 img/s | elapsed: 00:01:58 | eta: 00:04:26 | gpu: 0.2/2.2 GB
2026-07-03 15:12:44 | INFO | benchmark.run | Purified full train | Images: 16384/50000 | 32.77% | 129.81 img/s | elapsed: 00:02:06 | eta: 00:04:18 | gpu: 0.2/2.2 GB
2026-07-03 15:12:51 | INFO | benchmark.run | Purified full train | Images: 17408/50000 | 34.82% | 130.02 img/s | elapsed: 00:02:13 | eta: 00:04:10 | gpu: 0.2/2.2 GB
2026-07-03 15:12:59 | INFO | benchmark.run | Purified full train | Images: 18432/50000 | 36.86% | 130.13 img/s | elapsed: 00:02:21 | eta: 00:04:02 | gpu: 0.2/2.2 GB
2026-07-03 15:13:07 | INFO | benchmark.run | Purified full train | Images: 19456/50000 | 38.91% | 130.33 img/s | elapsed: 00:02:29 | eta: 00:03:54 | gpu: 0.2/2.2 GB
2026-07-03 15:13:14 | INFO | benchmark.run | Purified full train | Images: 20480/50000 | 40.96% | 130.58 img/s | elapsed: 00:02:36 | eta: 00:03:46 | gpu: 0.2/2.2 GB
2026-07-03 15:13:22 | INFO | benchmark.run | Purified full train | Images: 21504/50000 | 43.01% | 130.91 img/s | elapsed: 00:02:44 | eta: 00:03:37 | gpu: 0.2/2.2 GB
2026-07-03 15:13:29 | INFO | benchmark.run | Purified full train | Images: 22528/50000 | 45.06% | 131.02 img/s | elapsed: 00:02:51 | eta: 00:03:29 | gpu: 0.2/2.2 GB
2026-07-03 15:13:37 | INFO | benchmark.run | Purified full train | Images: 23552/50000 | 47.10% | 131.36 img/s | elapsed: 00:02:59 | eta: 00:03:21 | gpu: 0.2/2.2 GB
2026-07-03 15:13:44 | INFO | benchmark.run | Purified full train | Images: 24576/50000 | 49.15% | 131.53 img/s | elapsed: 00:03:06 | eta: 00:03:13 | gpu: 0.2/2.2 GB
2026-07-03 15:13:52 | INFO | benchmark.run | Purified full train | Images: 25600/50000 | 51.20% | 131.82 img/s | elapsed: 00:03:14 | eta: 00:03:05 | gpu: 0.2/2.2 GB
2026-07-03 15:13:59 | INFO | benchmark.run | Purified full train | Images: 26624/50000 | 53.25% | 131.92 img/s | elapsed: 00:03:21 | eta: 00:02:57 | gpu: 0.2/2.2 GB
2026-07-03 15:14:07 | INFO | benchmark.run | Purified full train | Images: 27648/50000 | 55.30% | 132.06 img/s | elapsed: 00:03:29 | eta: 00:02:49 | gpu: 0.2/2.2 GB
2026-07-03 15:14:14 | INFO | benchmark.run | Purified full train | Images: 28672/50000 | 57.34% | 132.17 img/s | elapsed: 00:03:36 | eta: 00:02:41 | gpu: 0.2/2.2 GB
2026-07-03 15:14:22 | INFO | benchmark.run | Purified full train | Images: 29696/50000 | 59.39% | 132.26 img/s | elapsed: 00:03:44 | eta: 00:02:33 | gpu: 0.2/2.2 GB
2026-07-03 15:14:29 | INFO | benchmark.run | Purified full train | Images: 30720/50000 | 61.44% | 132.34 img/s | elapsed: 00:03:52 | eta: 00:02:25 | gpu: 0.2/2.2 GB
2026-07-03 15:14:37 | INFO | benchmark.run | Purified full train | Images: 31744/50000 | 63.49% | 132.47 img/s | elapsed: 00:03:59 | eta: 00:02:17 | gpu: 0.2/2.2 GB
2026-07-03 15:14:45 | INFO | benchmark.run | Purified full train | Images: 32768/50000 | 65.54% | 132.53 img/s | elapsed: 00:04:07 | eta: 00:02:10 | gpu: 0.2/2.2 GB
2026-07-03 15:14:52 | INFO | benchmark.run | Purified full train | Images: 33792/50000 | 67.58% | 132.68 img/s | elapsed: 00:04:14 | eta: 00:02:02 | gpu: 0.2/2.2 GB
2026-07-03 15:14:59 | INFO | benchmark.run | Purified full train | Images: 34816/50000 | 69.63% | 132.85 img/s | elapsed: 00:04:22 | eta: 00:01:54 | gpu: 0.2/2.2 GB
2026-07-03 15:15:07 | INFO | benchmark.run | Purified full train | Images: 35840/50000 | 71.68% | 132.92 img/s | elapsed: 00:04:29 | eta: 00:01:46 | gpu: 0.2/2.2 GB
2026-07-03 15:15:15 | INFO | benchmark.run | Purified full train | Images: 36864/50000 | 73.73% | 132.89 img/s | elapsed: 00:04:37 | eta: 00:01:38 | gpu: 0.2/2.2 GB
2026-07-03 15:15:22 | INFO | benchmark.run | Purified full train | Images: 37888/50000 | 75.78% | 132.96 img/s | elapsed: 00:04:44 | eta: 00:01:31 | gpu: 0.2/2.2 GB
2026-07-03 15:15:30 | INFO | benchmark.run | Purified full train | Images: 38912/50000 | 77.82% | 132.99 img/s | elapsed: 00:04:52 | eta: 00:01:23 | gpu: 0.2/2.2 GB
2026-07-03 15:15:38 | INFO | benchmark.run | Purified full train | Images: 39936/50000 | 79.87% | 132.94 img/s | elapsed: 00:05:00 | eta: 00:01:15 | gpu: 0.2/2.2 GB
2026-07-03 15:15:45 | INFO | benchmark.run | Purified full train | Images: 40960/50000 | 81.92% | 132.99 img/s | elapsed: 00:05:07 | eta: 00:01:07 | gpu: 0.2/2.2 GB
2026-07-03 15:15:53 | INFO | benchmark.run | Purified full train | Images: 41984/50000 | 83.97% | 133.02 img/s | elapsed: 00:05:15 | eta: 00:01:00 | gpu: 0.2/2.2 GB
2026-07-03 15:16:01 | INFO | benchmark.run | Purified full train | Images: 43008/50000 | 86.02% | 133.04 img/s | elapsed: 00:05:23 | eta: 00:00:52 | gpu: 0.2/2.2 GB
2026-07-03 15:16:08 | INFO | benchmark.run | Purified full train | Images: 44032/50000 | 88.06% | 133.14 img/s | elapsed: 00:05:30 | eta: 00:00:44 | gpu: 0.2/2.2 GB
2026-07-03 15:16:16 | INFO | benchmark.run | Purified full train | Images: 45056/50000 | 90.11% | 133.06 img/s | elapsed: 00:05:38 | eta: 00:00:37 | gpu: 0.2/2.2 GB
2026-07-03 15:16:24 | INFO | benchmark.run | Purified full train | Images: 46080/50000 | 92.16% | 132.96 img/s | elapsed: 00:05:46 | eta: 00:00:29 | gpu: 0.2/2.2 GB
2026-07-03 15:16:31 | INFO | benchmark.run | Purified full train | Images: 47104/50000 | 94.21% | 133.07 img/s | elapsed: 00:05:53 | eta: 00:00:21 | gpu: 0.2/2.2 GB
2026-07-03 15:16:39 | INFO | benchmark.run | Purified full train | Images: 48128/50000 | 96.26% | 133.20 img/s | elapsed: 00:06:01 | eta: 00:00:14 | gpu: 0.2/2.2 GB
2026-07-03 15:16:46 | INFO | benchmark.run | Purified full train | Images: 49152/50000 | 98.30% | 133.18 img/s | elapsed: 00:06:09 | eta: 00:00:06 | gpu: 0.2/2.2 GB
2026-07-03 15:16:52 | INFO | benchmark.run | Purified full train | Images: 50000/50000 | 100.00% | 133.30 img/s | elapsed: 00:06:15 | eta: 00:00:00 | gpu: 0.2/2.2 GB
2026-07-03 15:16:53 | INFO | benchmark.run | ================================================================================
2026-07-03 15:16:53 | INFO | benchmark.run | RETRAINING AND EVALUATING BP_c0_g1...
2026-07-03 15:16:53 | INFO | benchmark.run | ================================================================================
2026-07-03 15:16:54 | INFO | benchmark.run | Loading BP victim ResNet18 from ckpt-%s-4800.t7
==> Resuming from checkpoint for ResNet18..
Using Adam for retraining
2026-07-03 15:16:54, Epoch 0, Iteration 7, loss 0.071 (0.319), acc 98.077 (93.400)
2026-07-03 15:16:55, Epoch 50, Iteration 7, loss 0.000 (0.000), acc 100.000 (100.000)
Target Label: 7, Poison label: 0, Prediction:0, Target's Score:[1.0, 1.4133201553523378e-11, 3.7949401650652637e-13, 1.2471139676506482e-09, 4.5450687484460683e-13, 6.177642067716515e-18, 7.326669937413044e-09, 3.3389035536401934e-08, 9.373168474019478e-13, 8.765993437858874e-14], Poisons' Predictions:[0, 0, 0, 0, 0, 0, 0, 0, 0, 0]
Now evaluating against camera taken images
2026-07-03 15:16:55 Epoch 59, Val iteration 0, acc 94.400 (94.400)
2026-07-03 15:16:57 Epoch 59, Val iteration 19, acc 95.200 (94.360)
* Prec: 94.36000175476075
2026-07-03 15:16:59 | INFO | benchmark.run | Loading BP victim ResNet18 from ckpt-%s-4800.t7
==> Resuming from checkpoint for ResNet18..
Using Adam for retraining
2026-07-03 15:16:59, Epoch 0, Iteration 7, loss 1.425 (1.636), acc 80.769 (72.200)
2026-07-03 15:17:00, Epoch 50, Iteration 7, loss 0.060 (0.099), acc 98.077 (96.800)
Target Label: 7, Poison label: 0, Prediction:7, Target's Score:[2.763735835742409e-07, 5.313503521702985e-17, 1.9339460588518875e-10, 5.619924014002575e-13, 1.2127927828675666e-10, 6.937179932720028e-07, 5.174781031638657e-16, 0.903023898601532, 0.09697515517473221, 3.5471700599189583e-15], Poisons' Predictions:[0, 0, 0, 0, 0, 0, 0, 0, 0, 0]
Now evaluating against camera taken images
2026-07-03 15:17:00 Epoch 59, Val iteration 0, acc 93.800 (93.800)
2026-07-03 15:17:02 Epoch 59, Val iteration 19, acc 94.000 (92.570)
* Prec: 92.57000122070312
2026-07-03 15:17:02 | INFO | benchmark.run | Updated benchmark CSV: /media02/ndthuc03/cm-purify-targeted-poisoning/benchmark/outputs/slurm_73353/benchmark_results.csv
2026-07-03 15:17:02 | INFO | benchmark.run | ================================================================================
2026-07-03 15:17:02 | INFO | benchmark.run | CASE 3/30: BP_c1_g0 (BP)
2026-07-03 15:17:02 | INFO | benchmark.run | ================================================================================
2026-07-03 15:18:01 | INFO | benchmark.run | Materialized BP poisoned train | Images: 10000/50000 | 20.00% | 176.12 img/s | elapsed: 00:00:56 | eta: 00:03:47 | gpu: cpu
2026-07-03 15:19:33 | INFO | benchmark.run | Materialized BP poisoned train | Images: 20000/50000 | 40.00% | 134.85 img/s | elapsed: 00:02:28 | eta: 00:03:42 | gpu: cpu
2026-07-03 15:20:28 | INFO | benchmark.run | Materialized BP poisoned train | Images: 30000/50000 | 60.00% | 147.29 img/s | elapsed: 00:03:23 | eta: 00:02:15 | gpu: cpu
2026-07-03 15:21:27 | INFO | benchmark.run | Materialized BP poisoned train | Images: 40000/50000 | 80.00% | 152.36 img/s | elapsed: 00:04:22 | eta: 00:01:05 | gpu: cpu
2026-07-03 15:22:23 | INFO | benchmark.run | Materialized BP poisoned train | Images: 50000/50000 | 100.00% | 157.08 img/s | elapsed: 00:05:18 | eta: 00:00:00 | gpu: cpu
2026-07-03 15:22:33 | INFO | benchmark.run | Purified full train | Images: 1024/50000 | 2.05% | 123.17 img/s | elapsed: 00:00:08 | eta: 00:06:37 | gpu: 0.2/2.2 GB
2026-07-03 15:22:41 | INFO | benchmark.run | Purified full train | Images: 2048/50000 | 4.10% | 127.76 img/s | elapsed: 00:00:16 | eta: 00:06:15 | gpu: 0.2/2.2 GB
2026-07-03 15:22:48 | INFO | benchmark.run | Purified full train | Images: 3072/50000 | 6.14% | 129.96 img/s | elapsed: 00:00:23 | eta: 00:06:01 | gpu: 0.2/2.2 GB
2026-07-03 15:22:56 | INFO | benchmark.run | Purified full train | Images: 4096/50000 | 8.19% | 130.53 img/s | elapsed: 00:00:31 | eta: 00:05:51 | gpu: 0.2/2.2 GB
2026-07-03 15:23:04 | INFO | benchmark.run | Purified full train | Images: 5120/50000 | 10.24% | 130.81 img/s | elapsed: 00:00:39 | eta: 00:05:43 | gpu: 0.2/2.2 GB
2026-07-03 15:23:11 | INFO | benchmark.run | Purified full train | Images: 6144/50000 | 12.29% | 131.57 img/s | elapsed: 00:00:46 | eta: 00:05:33 | gpu: 0.2/2.2 GB
2026-07-03 15:23:19 | INFO | benchmark.run | Purified full train | Images: 7168/50000 | 14.34% | 132.49 img/s | elapsed: 00:00:54 | eta: 00:05:23 | gpu: 0.2/2.2 GB
2026-07-03 15:23:27 | INFO | benchmark.run | Purified full train | Images: 8192/50000 | 16.38% | 132.36 img/s | elapsed: 00:01:01 | eta: 00:05:15 | gpu: 0.2/2.2 GB
2026-07-03 15:23:34 | INFO | benchmark.run | Purified full train | Images: 9216/50000 | 18.43% | 132.67 img/s | elapsed: 00:01:09 | eta: 00:05:07 | gpu: 0.2/2.2 GB
2026-07-03 15:23:42 | INFO | benchmark.run | Purified full train | Images: 10240/50000 | 20.48% | 133.22 img/s | elapsed: 00:01:16 | eta: 00:04:58 | gpu: 0.2/2.2 GB
2026-07-03 15:23:49 | INFO | benchmark.run | Purified full train | Images: 11264/50000 | 22.53% | 133.17 img/s | elapsed: 00:01:24 | eta: 00:04:50 | gpu: 0.2/2.2 GB
2026-07-03 15:23:57 | INFO | benchmark.run | Purified full train | Images: 12288/50000 | 24.58% | 133.42 img/s | elapsed: 00:01:32 | eta: 00:04:42 | gpu: 0.2/2.2 GB
2026-07-03 15:24:05 | INFO | benchmark.run | Purified full train | Images: 13312/50000 | 26.62% | 133.23 img/s | elapsed: 00:01:39 | eta: 00:04:35 | gpu: 0.2/2.2 GB
2026-07-03 15:24:12 | INFO | benchmark.run | Purified full train | Images: 14336/50000 | 28.67% | 133.57 img/s | elapsed: 00:01:47 | eta: 00:04:27 | gpu: 0.2/2.2 GB
2026-07-03 15:24:20 | INFO | benchmark.run | Purified full train | Images: 15360/50000 | 30.72% | 133.73 img/s | elapsed: 00:01:54 | eta: 00:04:19 | gpu: 0.2/2.2 GB
2026-07-03 15:24:27 | INFO | benchmark.run | Purified full train | Images: 16384/50000 | 32.77% | 133.76 img/s | elapsed: 00:02:02 | eta: 00:04:11 | gpu: 0.2/2.2 GB
2026-07-03 15:24:35 | INFO | benchmark.run | Purified full train | Images: 17408/50000 | 34.82% | 133.85 img/s | elapsed: 00:02:10 | eta: 00:04:03 | gpu: 0.2/2.2 GB
2026-07-03 15:24:43 | INFO | benchmark.run | Purified full train | Images: 18432/50000 | 36.86% | 133.74 img/s | elapsed: 00:02:17 | eta: 00:03:56 | gpu: 0.2/2.2 GB
2026-07-03 15:24:50 | INFO | benchmark.run | Purified full train | Images: 19456/50000 | 38.91% | 133.84 img/s | elapsed: 00:02:25 | eta: 00:03:48 | gpu: 0.2/2.2 GB
2026-07-03 15:24:58 | INFO | benchmark.run | Purified full train | Images: 20480/50000 | 40.96% | 133.87 img/s | elapsed: 00:02:32 | eta: 00:03:40 | gpu: 0.2/2.2 GB
2026-07-03 15:25:06 | INFO | benchmark.run | Purified full train | Images: 21504/50000 | 43.01% | 133.70 img/s | elapsed: 00:02:40 | eta: 00:03:33 | gpu: 0.2/2.2 GB
2026-07-03 15:25:13 | INFO | benchmark.run | Purified full train | Images: 22528/50000 | 45.06% | 133.68 img/s | elapsed: 00:02:48 | eta: 00:03:25 | gpu: 0.2/2.2 GB
2026-07-03 15:25:21 | INFO | benchmark.run | Purified full train | Images: 23552/50000 | 47.10% | 133.70 img/s | elapsed: 00:02:56 | eta: 00:03:17 | gpu: 0.2/2.2 GB
2026-07-03 15:25:28 | INFO | benchmark.run | Purified full train | Images: 24576/50000 | 49.15% | 133.84 img/s | elapsed: 00:03:03 | eta: 00:03:09 | gpu: 0.2/2.2 GB
2026-07-03 15:25:36 | INFO | benchmark.run | Purified full train | Images: 25600/50000 | 51.20% | 133.92 img/s | elapsed: 00:03:11 | eta: 00:03:02 | gpu: 0.2/2.2 GB
2026-07-03 15:25:43 | INFO | benchmark.run | Purified full train | Images: 26624/50000 | 53.25% | 134.14 img/s | elapsed: 00:03:18 | eta: 00:02:54 | gpu: 0.2/2.2 GB
2026-07-03 15:25:51 | INFO | benchmark.run | Purified full train | Images: 27648/50000 | 55.30% | 134.24 img/s | elapsed: 00:03:25 | eta: 00:02:46 | gpu: 0.2/2.2 GB
2026-07-03 15:25:58 | INFO | benchmark.run | Purified full train | Images: 28672/50000 | 57.34% | 134.27 img/s | elapsed: 00:03:33 | eta: 00:02:38 | gpu: 0.2/2.2 GB
2026-07-03 15:26:06 | INFO | benchmark.run | Purified full train | Images: 29696/50000 | 59.39% | 134.26 img/s | elapsed: 00:03:41 | eta: 00:02:31 | gpu: 0.2/2.2 GB
2026-07-03 15:26:13 | INFO | benchmark.run | Purified full train | Images: 30720/50000 | 61.44% | 134.32 img/s | elapsed: 00:03:48 | eta: 00:02:23 | gpu: 0.2/2.2 GB
2026-07-03 15:26:21 | INFO | benchmark.run | Purified full train | Images: 31744/50000 | 63.49% | 134.28 img/s | elapsed: 00:03:56 | eta: 00:02:15 | gpu: 0.2/2.2 GB
2026-07-03 15:26:30 | INFO | benchmark.run | Purified full train | Images: 32768/50000 | 65.54% | 133.60 img/s | elapsed: 00:04:05 | eta: 00:02:08 | gpu: 0.2/2.2 GB
2026-07-03 15:26:38 | INFO | benchmark.run | Purified full train | Images: 33792/50000 | 67.58% | 133.27 img/s | elapsed: 00:04:13 | eta: 00:02:01 | gpu: 0.2/2.2 GB
2026-07-03 15:26:47 | INFO | benchmark.run | Purified full train | Images: 34816/50000 | 69.63% | 132.63 img/s | elapsed: 00:04:22 | eta: 00:01:54 | gpu: 0.2/2.2 GB
2026-07-03 15:26:55 | INFO | benchmark.run | Purified full train | Images: 35840/50000 | 71.68% | 132.81 img/s | elapsed: 00:04:29 | eta: 00:01:46 | gpu: 0.2/2.2 GB
2026-07-03 15:27:02 | INFO | benchmark.run | Purified full train | Images: 36864/50000 | 73.73% | 133.01 img/s | elapsed: 00:04:37 | eta: 00:01:38 | gpu: 0.2/2.2 GB
2026-07-03 15:27:09 | INFO | benchmark.run | Purified full train | Images: 37888/50000 | 75.78% | 133.18 img/s | elapsed: 00:04:44 | eta: 00:01:30 | gpu: 0.2/2.2 GB
2026-07-03 15:27:17 | INFO | benchmark.run | Purified full train | Images: 38912/50000 | 77.82% | 133.28 img/s | elapsed: 00:04:51 | eta: 00:01:23 | gpu: 0.2/2.2 GB
2026-07-03 15:27:24 | INFO | benchmark.run | Purified full train | Images: 39936/50000 | 79.87% | 133.35 img/s | elapsed: 00:04:59 | eta: 00:01:15 | gpu: 0.2/2.2 GB
2026-07-03 15:27:32 | INFO | benchmark.run | Purified full train | Images: 40960/50000 | 81.92% | 133.43 img/s | elapsed: 00:05:06 | eta: 00:01:07 | gpu: 0.2/2.2 GB
2026-07-03 15:27:39 | INFO | benchmark.run | Purified full train | Images: 41984/50000 | 83.97% | 133.43 img/s | elapsed: 00:05:14 | eta: 00:01:00 | gpu: 0.2/2.2 GB
2026-07-03 15:27:47 | INFO | benchmark.run | Purified full train | Images: 43008/50000 | 86.02% | 133.47 img/s | elapsed: 00:05:22 | eta: 00:00:52 | gpu: 0.2/2.2 GB
2026-07-03 15:27:54 | INFO | benchmark.run | Purified full train | Images: 44032/50000 | 88.06% | 133.54 img/s | elapsed: 00:05:29 | eta: 00:00:44 | gpu: 0.2/2.2 GB
2026-07-03 15:28:02 | INFO | benchmark.run | Purified full train | Images: 45056/50000 | 90.11% | 133.59 img/s | elapsed: 00:05:37 | eta: 00:00:37 | gpu: 0.2/2.2 GB
2026-07-03 15:28:10 | INFO | benchmark.run | Purified full train | Images: 46080/50000 | 92.16% | 133.60 img/s | elapsed: 00:05:44 | eta: 00:00:29 | gpu: 0.2/2.2 GB
2026-07-03 15:28:20 | INFO | benchmark.run | Purified full train | Images: 47104/50000 | 94.21% | 132.43 img/s | elapsed: 00:05:55 | eta: 00:00:21 | gpu: 0.2/2.2 GB
2026-07-03 15:28:28 | INFO | benchmark.run | Purified full train | Images: 48128/50000 | 96.26% | 132.50 img/s | elapsed: 00:06:03 | eta: 00:00:14 | gpu: 0.2/2.2 GB
2026-07-03 15:28:36 | INFO | benchmark.run | Purified full train | Images: 49152/50000 | 98.30% | 132.48 img/s | elapsed: 00:06:11 | eta: 00:00:06 | gpu: 0.2/2.2 GB
2026-07-03 15:28:42 | INFO | benchmark.run | Purified full train | Images: 50000/50000 | 100.00% | 132.53 img/s | elapsed: 00:06:17 | eta: 00:00:00 | gpu: 0.2/2.2 GB
2026-07-03 15:28:42 | INFO | benchmark.run | ================================================================================
2026-07-03 15:28:42 | INFO | benchmark.run | RETRAINING AND EVALUATING BP_c1_g0...
2026-07-03 15:28:42 | INFO | benchmark.run | ================================================================================
2026-07-03 15:28:43 | INFO | benchmark.run | Loading BP victim ResNet18 from ckpt-%s-4800.t7
==> Resuming from checkpoint for ResNet18..
Using Adam for retraining
2026-07-03 15:28:44, Epoch 0, Iteration 7, loss 0.013 (0.299), acc 100.000 (94.600)
2026-07-03 15:28:44, Epoch 50, Iteration 7, loss 0.000 (0.000), acc 100.000 (100.000)
Target Label: 3, Poison label: 1, Prediction:1, Target's Score:[9.165443751984795e-17, 0.9999376535415649, 1.2906589147855096e-14, 6.24000676907599e-05, 5.338606076307761e-13, 8.560027283807029e-18, 8.476982069310739e-15, 7.444708877273358e-20, 5.1583647575625946e-08, 1.2216378176708837e-18], Poisons' Predictions:[1, 1, 1, 1, 1, 1, 1, 1, 1, 1]
Now evaluating against camera taken images
2026-07-03 15:28:45 Epoch 59, Val iteration 0, acc 94.000 (94.000)
2026-07-03 15:28:47 Epoch 59, Val iteration 19, acc 94.400 (94.120)
* Prec: 94.12000122070313
2026-07-03 15:28:49 | INFO | benchmark.run | Loading BP victim ResNet18 from ckpt-%s-4800.t7
==> Resuming from checkpoint for ResNet18..
Using Adam for retraining
2026-07-03 15:28:49, Epoch 0, Iteration 7, loss 1.062 (1.359), acc 90.385 (74.400)
2026-07-03 15:28:50, Epoch 50, Iteration 7, loss 0.082 (0.123), acc 98.077 (95.800)
Target Label: 3, Poison label: 1, Prediction:3, Target's Score:[1.8104630017390377e-09, 1.3600303105931744e-09, 1.621627961867489e-05, 0.9884074330329895, 0.0029924509581178427, 0.005438322201371193, 0.002871171338483691, 4.1781569848353683e-07, 0.0002739827032200992, 4.14083802229963e-18], Poisons' Predictions:[1, 1, 1, 1, 1, 1, 1, 1, 1, 1]
Now evaluating against camera taken images
2026-07-03 15:28:50 Epoch 59, Val iteration 0, acc 91.600 (91.600)
2026-07-03 15:28:52 Epoch 59, Val iteration 19, acc 92.400 (91.710)
* Prec: 91.71000099182129
2026-07-03 15:28:52 | INFO | benchmark.run | Updated benchmark CSV: /media02/ndthuc03/cm-purify-targeted-poisoning/benchmark/outputs/slurm_73353/benchmark_results.csv
2026-07-03 15:28:52 | INFO | benchmark.run | ================================================================================
2026-07-03 15:28:52 | INFO | benchmark.run | CASE 4/30: BP_c1_g1 (BP)
2026-07-03 15:28:52 | INFO | benchmark.run | ================================================================================
2026-07-03 15:29:50 | INFO | benchmark.run | Materialized BP poisoned train | Images: 10000/50000 | 20.00% | 177.88 img/s | elapsed: 00:00:56 | eta: 00:03:44 | gpu: cpu
2026-07-03 15:30:47 | INFO | benchmark.run | Materialized BP poisoned train | Images: 20000/50000 | 40.00% | 177.04 img/s | elapsed: 00:01:52 | eta: 00:02:49 | gpu: cpu
2026-07-03 15:31:43 | INFO | benchmark.run | Materialized BP poisoned train | Images: 30000/50000 | 60.00% | 177.82 img/s | elapsed: 00:02:48 | eta: 00:01:52 | gpu: cpu
2026-07-03 15:32:40 | INFO | benchmark.run | Materialized BP poisoned train | Images: 40000/50000 | 80.00% | 177.19 img/s | elapsed: 00:03:45 | eta: 00:00:56 | gpu: cpu
2026-07-03 15:33:36 | INFO | benchmark.run | Materialized BP poisoned train | Images: 50000/50000 | 100.00% | 177.30 img/s | elapsed: 00:04:42 | eta: 00:00:00 | gpu: cpu
2026-07-03 15:33:46 | INFO | benchmark.run | Purified full train | Images: 1024/50000 | 2.05% | 133.89 img/s | elapsed: 00:00:07 | eta: 00:06:05 | gpu: 0.2/2.2 GB
2026-07-03 15:33:53 | INFO | benchmark.run | Purified full train | Images: 2048/50000 | 4.10% | 132.61 img/s | elapsed: 00:00:15 | eta: 00:06:01 | gpu: 0.2/2.2 GB
2026-07-03 15:34:01 | INFO | benchmark.run | Purified full train | Images: 3072/50000 | 6.14% | 133.43 img/s | elapsed: 00:00:23 | eta: 00:05:51 | gpu: 0.2/2.2 GB
2026-07-03 15:34:09 | INFO | benchmark.run | Purified full train | Images: 4096/50000 | 8.19% | 133.94 img/s | elapsed: 00:00:30 | eta: 00:05:42 | gpu: 0.2/2.2 GB
2026-07-03 15:34:16 | INFO | benchmark.run | Purified full train | Images: 5120/50000 | 10.24% | 133.48 img/s | elapsed: 00:00:38 | eta: 00:05:36 | gpu: 0.2/2.2 GB
2026-07-03 15:34:24 | INFO | benchmark.run | Purified full train | Images: 6144/50000 | 12.29% | 133.83 img/s | elapsed: 00:00:45 | eta: 00:05:27 | gpu: 0.2/2.2 GB
2026-07-03 15:34:31 | INFO | benchmark.run | Purified full train | Images: 7168/50000 | 14.34% | 134.10 img/s | elapsed: 00:00:53 | eta: 00:05:19 | gpu: 0.2/2.2 GB
2026-07-03 15:34:39 | INFO | benchmark.run | Purified full train | Images: 8192/50000 | 16.38% | 134.36 img/s | elapsed: 00:01:00 | eta: 00:05:11 | gpu: 0.2/2.2 GB
2026-07-03 15:34:46 | INFO | benchmark.run | Purified full train | Images: 9216/50000 | 18.43% | 134.79 img/s | elapsed: 00:01:08 | eta: 00:05:02 | gpu: 0.2/2.2 GB
2026-07-03 15:34:54 | INFO | benchmark.run | Purified full train | Images: 10240/50000 | 20.48% | 134.53 img/s | elapsed: 00:01:16 | eta: 00:04:55 | gpu: 0.2/2.2 GB
2026-07-03 15:35:02 | INFO | benchmark.run | Purified full train | Images: 11264/50000 | 22.53% | 134.38 img/s | elapsed: 00:01:23 | eta: 00:04:48 | gpu: 0.2/2.2 GB
2026-07-03 15:35:09 | INFO | benchmark.run | Purified full train | Images: 12288/50000 | 24.58% | 134.61 img/s | elapsed: 00:01:31 | eta: 00:04:40 | gpu: 0.2/2.2 GB
2026-07-03 15:35:17 | INFO | benchmark.run | Purified full train | Images: 13312/50000 | 26.62% | 134.69 img/s | elapsed: 00:01:38 | eta: 00:04:32 | gpu: 0.2/2.2 GB
2026-07-03 15:35:24 | INFO | benchmark.run | Purified full train | Images: 14336/50000 | 28.67% | 135.01 img/s | elapsed: 00:01:46 | eta: 00:04:24 | gpu: 0.2/2.2 GB
2026-07-03 15:35:32 | INFO | benchmark.run | Purified full train | Images: 15360/50000 | 30.72% | 135.05 img/s | elapsed: 00:01:53 | eta: 00:04:16 | gpu: 0.2/2.2 GB
2026-07-03 15:35:39 | INFO | benchmark.run | Purified full train | Images: 16384/50000 | 32.77% | 135.35 img/s | elapsed: 00:02:01 | eta: 00:04:08 | gpu: 0.2/2.2 GB
2026-07-03 15:35:46 | INFO | benchmark.run | Purified full train | Images: 17408/50000 | 34.82% | 135.52 img/s | elapsed: 00:02:08 | eta: 00:04:00 | gpu: 0.2/2.2 GB
2026-07-03 15:35:54 | INFO | benchmark.run | Purified full train | Images: 18432/50000 | 36.86% | 135.80 img/s | elapsed: 00:02:15 | eta: 00:03:52 | gpu: 0.2/2.2 GB
2026-07-03 15:36:01 | INFO | benchmark.run | Purified full train | Images: 19456/50000 | 38.91% | 135.84 img/s | elapsed: 00:02:23 | eta: 00:03:44 | gpu: 0.2/2.2 GB
2026-07-03 15:36:09 | INFO | benchmark.run | Purified full train | Images: 20480/50000 | 40.96% | 136.03 img/s | elapsed: 00:02:30 | eta: 00:03:37 | gpu: 0.2/2.2 GB
2026-07-03 15:36:16 | INFO | benchmark.run | Purified full train | Images: 21504/50000 | 43.01% | 135.88 img/s | elapsed: 00:02:38 | eta: 00:03:29 | gpu: 0.2/2.2 GB
2026-07-03 15:36:24 | INFO | benchmark.run | Purified full train | Images: 22528/50000 | 45.06% | 136.09 img/s | elapsed: 00:02:45 | eta: 00:03:21 | gpu: 0.2/2.2 GB
2026-07-03 15:36:31 | INFO | benchmark.run | Purified full train | Images: 23552/50000 | 47.10% | 136.18 img/s | elapsed: 00:02:52 | eta: 00:03:14 | gpu: 0.2/2.2 GB
2026-07-03 15:36:38 | INFO | benchmark.run | Purified full train | Images: 24576/50000 | 49.15% | 136.29 img/s | elapsed: 00:03:00 | eta: 00:03:06 | gpu: 0.2/2.2 GB
2026-07-03 15:36:46 | INFO | benchmark.run | Purified full train | Images: 25600/50000 | 51.20% | 136.51 img/s | elapsed: 00:03:07 | eta: 00:02:58 | gpu: 0.2/2.2 GB
2026-07-03 15:36:54 | INFO | benchmark.run | Purified full train | Images: 26624/50000 | 53.25% | 135.64 img/s | elapsed: 00:03:16 | eta: 00:02:52 | gpu: 0.2/2.2 GB
2026-07-03 15:37:02 | INFO | benchmark.run | Purified full train | Images: 27648/50000 | 55.30% | 135.39 img/s | elapsed: 00:03:24 | eta: 00:02:45 | gpu: 0.2/2.2 GB
2026-07-03 15:37:10 | INFO | benchmark.run | Purified full train | Images: 28672/50000 | 57.34% | 135.23 img/s | elapsed: 00:03:32 | eta: 00:02:37 | gpu: 0.2/2.2 GB
2026-07-03 15:37:18 | INFO | benchmark.run | Purified full train | Images: 29696/50000 | 59.39% | 135.11 img/s | elapsed: 00:03:39 | eta: 00:02:30 | gpu: 0.2/2.2 GB
2026-07-03 15:37:26 | INFO | benchmark.run | Purified full train | Images: 30720/50000 | 61.44% | 134.80 img/s | elapsed: 00:03:47 | eta: 00:02:23 | gpu: 0.2/2.2 GB
2026-07-03 15:37:34 | INFO | benchmark.run | Purified full train | Images: 31744/50000 | 63.49% | 134.57 img/s | elapsed: 00:03:55 | eta: 00:02:15 | gpu: 0.2/2.2 GB
2026-07-03 15:37:41 | INFO | benchmark.run | Purified full train | Images: 32768/50000 | 65.54% | 134.67 img/s | elapsed: 00:04:03 | eta: 00:02:07 | gpu: 0.2/2.2 GB
2026-07-03 15:37:49 | INFO | benchmark.run | Purified full train | Images: 33792/50000 | 67.58% | 134.76 img/s | elapsed: 00:04:10 | eta: 00:02:00 | gpu: 0.2/2.2 GB
2026-07-03 15:37:56 | INFO | benchmark.run | Purified full train | Images: 34816/50000 | 69.63% | 134.77 img/s | elapsed: 00:04:18 | eta: 00:01:52 | gpu: 0.2/2.2 GB
2026-07-03 15:38:04 | INFO | benchmark.run | Purified full train | Images: 35840/50000 | 71.68% | 134.71 img/s | elapsed: 00:04:26 | eta: 00:01:45 | gpu: 0.2/2.2 GB
2026-07-03 15:38:12 | INFO | benchmark.run | Purified full train | Images: 36864/50000 | 73.73% | 134.69 img/s | elapsed: 00:04:33 | eta: 00:01:37 | gpu: 0.2/2.2 GB
2026-07-03 15:38:19 | INFO | benchmark.run | Purified full train | Images: 37888/50000 | 75.78% | 134.69 img/s | elapsed: 00:04:41 | eta: 00:01:29 | gpu: 0.2/2.2 GB
2026-07-03 15:38:27 | INFO | benchmark.run | Purified full train | Images: 38912/50000 | 77.82% | 134.70 img/s | elapsed: 00:04:48 | eta: 00:01:22 | gpu: 0.2/2.2 GB
2026-07-03 15:38:34 | INFO | benchmark.run | Purified full train | Images: 39936/50000 | 79.87% | 134.72 img/s | elapsed: 00:04:56 | eta: 00:01:14 | gpu: 0.2/2.2 GB
2026-07-03 15:38:42 | INFO | benchmark.run | Purified full train | Images: 40960/50000 | 81.92% | 134.77 img/s | elapsed: 00:05:03 | eta: 00:01:07 | gpu: 0.2/2.2 GB
2026-07-03 15:38:50 | INFO | benchmark.run | Purified full train | Images: 41984/50000 | 83.97% | 134.78 img/s | elapsed: 00:05:11 | eta: 00:00:59 | gpu: 0.2/2.2 GB
2026-07-03 15:38:57 | INFO | benchmark.run | Purified full train | Images: 43008/50000 | 86.02% | 134.77 img/s | elapsed: 00:05:19 | eta: 00:00:51 | gpu: 0.2/2.2 GB
2026-07-03 15:39:05 | INFO | benchmark.run | Purified full train | Images: 44032/50000 | 88.06% | 134.76 img/s | elapsed: 00:05:26 | eta: 00:00:44 | gpu: 0.2/2.2 GB
2026-07-03 15:39:12 | INFO | benchmark.run | Purified full train | Images: 45056/50000 | 90.11% | 134.75 img/s | elapsed: 00:05:34 | eta: 00:00:36 | gpu: 0.2/2.2 GB
2026-07-03 15:39:20 | INFO | benchmark.run | Purified full train | Images: 46080/50000 | 92.16% | 134.79 img/s | elapsed: 00:05:41 | eta: 00:00:29 | gpu: 0.2/2.2 GB
2026-07-03 15:39:27 | INFO | benchmark.run | Purified full train | Images: 47104/50000 | 94.21% | 134.84 img/s | elapsed: 00:05:49 | eta: 00:00:21 | gpu: 0.2/2.2 GB
2026-07-03 15:39:35 | INFO | benchmark.run | Purified full train | Images: 48128/50000 | 96.26% | 134.87 img/s | elapsed: 00:05:56 | eta: 00:00:13 | gpu: 0.2/2.2 GB
2026-07-03 15:39:42 | INFO | benchmark.run | Purified full train | Images: 49152/50000 | 98.30% | 134.97 img/s | elapsed: 00:06:04 | eta: 00:00:06 | gpu: 0.2/2.2 GB
2026-07-03 15:39:48 | INFO | benchmark.run | Purified full train | Images: 50000/50000 | 100.00% | 135.01 img/s | elapsed: 00:06:10 | eta: 00:00:00 | gpu: 0.2/2.2 GB
2026-07-03 15:39:49 | INFO | benchmark.run | ================================================================================
2026-07-03 15:39:49 | INFO | benchmark.run | RETRAINING AND EVALUATING BP_c1_g1...
2026-07-03 15:39:49 | INFO | benchmark.run | ================================================================================
2026-07-03 15:39:50 | INFO | benchmark.run | Loading BP victim ResNet18 from ckpt-%s-4800.t7
==> Resuming from checkpoint for ResNet18..
Using Adam for retraining
2026-07-03 15:39:50, Epoch 0, Iteration 7, loss 0.331 (0.156), acc 90.385 (96.200)
2026-07-03 15:39:51, Epoch 50, Iteration 7, loss 0.000 (0.000), acc 100.000 (100.000)
Target Label: 2, Poison label: 1, Prediction:1, Target's Score:[3.746707371438118e-12, 0.9994458556175232, 0.0005540828569792211, 7.217640114048907e-13, 2.0659336630523373e-20, 8.061833867145651e-09, 1.7689278402079237e-20, 1.0064063367069037e-20, 2.0002379970433863e-16, 8.545592506342322e-29], Poisons' Predictions:[1, 1, 1, 1, 1, 1, 1, 1, 1, 1]
Now evaluating against camera taken images
2026-07-03 15:39:51 Epoch 59, Val iteration 0, acc 93.200 (93.200)
2026-07-03 15:39:53 Epoch 59, Val iteration 19, acc 93.400 (93.730)
* Prec: 93.73000144958496
2026-07-03 15:39:55 | INFO | benchmark.run | Loading BP victim ResNet18 from ckpt-%s-4800.t7
==> Resuming from checkpoint for ResNet18..
Using Adam for retraining
2026-07-03 15:39:56, Epoch 0, Iteration 7, loss 1.655 (1.407), acc 80.769 (78.000)
2026-07-03 15:39:56, Epoch 50, Iteration 7, loss 0.110 (0.087), acc 96.154 (98.000)
Target Label: 2, Poison label: 1, Prediction:2, Target's Score:[1.9175574834662257e-06, 4.3072265724789296e-14, 0.9946213960647583, 0.0012473424430936575, 0.0011026597348973155, 0.0028918518219143152, 0.00013083155499771237, 1.334008317144253e-07, 3.96798895963002e-06, 3.6008924363842927e-16], Poisons' Predictions:[1, 1, 1, 1, 1, 1, 1, 1, 1, 1]
Now evaluating against camera taken images
2026-07-03 15:39:57 Epoch 59, Val iteration 0, acc 92.600 (92.600)
2026-07-03 15:39:59 Epoch 59, Val iteration 19, acc 95.800 (92.640)
* Prec: 92.64000129699707
2026-07-03 15:39:59 | INFO | benchmark.run | Updated benchmark CSV: /media02/ndthuc03/cm-purify-targeted-poisoning/benchmark/outputs/slurm_73353/benchmark_results.csv
2026-07-03 15:39:59 | INFO | benchmark.run | ================================================================================
2026-07-03 15:39:59 | INFO | benchmark.run | CASE 5/30: BP_c2_g0 (BP)
2026-07-03 15:39:59 | INFO | benchmark.run | ================================================================================
2026-07-03 15:40:57 | INFO | benchmark.run | Materialized BP poisoned train | Images: 10000/50000 | 20.00% | 177.47 img/s | elapsed: 00:00:56 | eta: 00:03:45 | gpu: cpu
2026-07-03 15:41:54 | INFO | benchmark.run | Materialized BP poisoned train | Images: 20000/50000 | 40.00% | 176.96 img/s | elapsed: 00:01:53 | eta: 00:02:49 | gpu: cpu
2026-07-03 15:42:54 | INFO | benchmark.run | Materialized BP poisoned train | Images: 30000/50000 | 60.00% | 172.92 img/s | elapsed: 00:02:53 | eta: 00:01:55 | gpu: cpu
2026-07-03 15:43:51 | INFO | benchmark.run | Materialized BP poisoned train | Images: 40000/50000 | 80.00% | 173.70 img/s | elapsed: 00:03:50 | eta: 00:00:57 | gpu: cpu
2026-07-03 15:44:49 | INFO | benchmark.run | Materialized BP poisoned train | Images: 50000/50000 | 100.00% | 173.52 img/s | elapsed: 00:04:48 | eta: 00:00:00 | gpu: cpu
2026-07-03 15:44:59 | INFO | benchmark.run | Purified full train | Images: 1024/50000 | 2.05% | 130.79 img/s | elapsed: 00:00:07 | eta: 00:06:14 | gpu: 0.2/2.2 GB
2026-07-03 15:45:06 | INFO | benchmark.run | Purified full train | Images: 2048/50000 | 4.10% | 133.09 img/s | elapsed: 00:00:15 | eta: 00:06:00 | gpu: 0.2/2.2 GB
2026-07-03 15:45:14 | INFO | benchmark.run | Purified full train | Images: 3072/50000 | 6.14% | 131.15 img/s | elapsed: 00:00:23 | eta: 00:05:57 | gpu: 0.2/2.2 GB
2026-07-03 15:45:22 | INFO | benchmark.run | Purified full train | Images: 4096/50000 | 8.19% | 131.12 img/s | elapsed: 00:00:31 | eta: 00:05:50 | gpu: 0.2/2.2 GB
2026-07-03 15:45:30 | INFO | benchmark.run | Purified full train | Images: 5120/50000 | 10.24% | 131.43 img/s | elapsed: 00:00:38 | eta: 00:05:41 | gpu: 0.2/2.2 GB
2026-07-03 15:45:38 | INFO | benchmark.run | Purified full train | Images: 6144/50000 | 12.29% | 131.80 img/s | elapsed: 00:00:46 | eta: 00:05:32 | gpu: 0.2/2.2 GB
2026-07-03 15:45:45 | INFO | benchmark.run | Purified full train | Images: 7168/50000 | 14.34% | 131.74 img/s | elapsed: 00:00:54 | eta: 00:05:25 | gpu: 0.2/2.2 GB
2026-07-03 15:45:53 | INFO | benchmark.run | Purified full train | Images: 8192/50000 | 16.38% | 132.25 img/s | elapsed: 00:01:01 | eta: 00:05:16 | gpu: 0.2/2.2 GB
2026-07-03 15:46:01 | INFO | benchmark.run | Purified full train | Images: 9216/50000 | 18.43% | 132.45 img/s | elapsed: 00:01:09 | eta: 00:05:07 | gpu: 0.2/2.2 GB
2026-07-03 15:46:08 | INFO | benchmark.run | Purified full train | Images: 10240/50000 | 20.48% | 132.42 img/s | elapsed: 00:01:17 | eta: 00:05:00 | gpu: 0.2/2.2 GB
2026-07-03 15:46:17 | INFO | benchmark.run | Purified full train | Images: 11264/50000 | 22.53% | 131.04 img/s | elapsed: 00:01:25 | eta: 00:04:55 | gpu: 0.2/2.2 GB
2026-07-03 15:46:26 | INFO | benchmark.run | Purified full train | Images: 12288/50000 | 24.58% | 129.65 img/s | elapsed: 00:01:34 | eta: 00:04:50 | gpu: 0.2/2.2 GB
2026-07-03 15:46:34 | INFO | benchmark.run | Purified full train | Images: 13312/50000 | 26.62% | 129.47 img/s | elapsed: 00:01:42 | eta: 00:04:43 | gpu: 0.2/2.2 GB
2026-07-03 15:46:42 | INFO | benchmark.run | Purified full train | Images: 14336/50000 | 28.67% | 129.67 img/s | elapsed: 00:01:50 | eta: 00:04:35 | gpu: 0.2/2.2 GB
2026-07-03 15:46:49 | INFO | benchmark.run | Purified full train | Images: 15360/50000 | 30.72% | 129.93 img/s | elapsed: 00:01:58 | eta: 00:04:26 | gpu: 0.2/2.2 GB
2026-07-03 15:46:57 | INFO | benchmark.run | Purified full train | Images: 16384/50000 | 32.77% | 130.18 img/s | elapsed: 00:02:05 | eta: 00:04:18 | gpu: 0.2/2.2 GB
2026-07-03 15:47:04 | INFO | benchmark.run | Purified full train | Images: 17408/50000 | 34.82% | 130.42 img/s | elapsed: 00:02:13 | eta: 00:04:09 | gpu: 0.2/2.2 GB
2026-07-03 15:47:12 | INFO | benchmark.run | Purified full train | Images: 18432/50000 | 36.86% | 130.62 img/s | elapsed: 00:02:21 | eta: 00:04:01 | gpu: 0.2/2.2 GB
2026-07-03 15:47:20 | INFO | benchmark.run | Purified full train | Images: 19456/50000 | 38.91% | 130.51 img/s | elapsed: 00:02:29 | eta: 00:03:54 | gpu: 0.2/2.2 GB
2026-07-03 15:47:28 | INFO | benchmark.run | Purified full train | Images: 20480/50000 | 40.96% | 130.22 img/s | elapsed: 00:02:37 | eta: 00:03:46 | gpu: 0.2/2.2 GB
2026-07-03 15:47:36 | INFO | benchmark.run | Purified full train | Images: 21504/50000 | 43.01% | 130.26 img/s | elapsed: 00:02:45 | eta: 00:03:38 | gpu: 0.2/2.2 GB
2026-07-03 15:47:44 | INFO | benchmark.run | Purified full train | Images: 22528/50000 | 45.06% | 130.37 img/s | elapsed: 00:02:52 | eta: 00:03:30 | gpu: 0.2/2.2 GB
2026-07-03 15:47:52 | INFO | benchmark.run | Purified full train | Images: 23552/50000 | 47.10% | 130.44 img/s | elapsed: 00:03:00 | eta: 00:03:22 | gpu: 0.2/2.2 GB
2026-07-03 15:47:59 | INFO | benchmark.run | Purified full train | Images: 24576/50000 | 49.15% | 130.45 img/s | elapsed: 00:03:08 | eta: 00:03:14 | gpu: 0.2/2.2 GB
2026-07-03 15:48:07 | INFO | benchmark.run | Purified full train | Images: 25600/50000 | 51.20% | 130.57 img/s | elapsed: 00:03:16 | eta: 00:03:06 | gpu: 0.2/2.2 GB
2026-07-03 15:48:15 | INFO | benchmark.run | Purified full train | Images: 26624/50000 | 53.25% | 130.78 img/s | elapsed: 00:03:23 | eta: 00:02:58 | gpu: 0.2/2.2 GB
2026-07-03 15:48:22 | INFO | benchmark.run | Purified full train | Images: 27648/50000 | 55.30% | 130.94 img/s | elapsed: 00:03:31 | eta: 00:02:50 | gpu: 0.2/2.2 GB
2026-07-03 15:48:30 | INFO | benchmark.run | Purified full train | Images: 28672/50000 | 57.34% | 131.04 img/s | elapsed: 00:03:38 | eta: 00:02:42 | gpu: 0.2/2.2 GB
2026-07-03 15:48:37 | INFO | benchmark.run | Purified full train | Images: 29696/50000 | 59.39% | 131.16 img/s | elapsed: 00:03:46 | eta: 00:02:34 | gpu: 0.2/2.2 GB
2026-07-03 15:48:45 | INFO | benchmark.run | Purified full train | Images: 30720/50000 | 61.44% | 131.02 img/s | elapsed: 00:03:54 | eta: 00:02:27 | gpu: 0.2/2.2 GB
2026-07-03 15:48:53 | INFO | benchmark.run | Purified full train | Images: 31744/50000 | 63.49% | 131.08 img/s | elapsed: 00:04:02 | eta: 00:02:19 | gpu: 0.2/2.2 GB
2026-07-03 15:49:01 | INFO | benchmark.run | Purified full train | Images: 32768/50000 | 65.54% | 131.13 img/s | elapsed: 00:04:09 | eta: 00:02:11 | gpu: 0.2/2.2 GB
2026-07-03 15:49:08 | INFO | benchmark.run | Purified full train | Images: 33792/50000 | 67.58% | 131.26 img/s | elapsed: 00:04:17 | eta: 00:02:03 | gpu: 0.2/2.2 GB
2026-07-03 15:49:16 | INFO | benchmark.run | Purified full train | Images: 34816/50000 | 69.63% | 131.25 img/s | elapsed: 00:04:25 | eta: 00:01:55 | gpu: 0.2/2.2 GB
2026-07-03 15:49:24 | INFO | benchmark.run | Purified full train | Images: 35840/50000 | 71.68% | 131.33 img/s | elapsed: 00:04:32 | eta: 00:01:47 | gpu: 0.2/2.2 GB
2026-07-03 15:49:32 | INFO | benchmark.run | Purified full train | Images: 36864/50000 | 73.73% | 131.24 img/s | elapsed: 00:04:40 | eta: 00:01:40 | gpu: 0.2/2.2 GB
2026-07-03 15:49:40 | INFO | benchmark.run | Purified full train | Images: 37888/50000 | 75.78% | 131.24 img/s | elapsed: 00:04:48 | eta: 00:01:32 | gpu: 0.2/2.2 GB
2026-07-03 15:49:48 | INFO | benchmark.run | Purified full train | Images: 38912/50000 | 77.82% | 131.09 img/s | elapsed: 00:04:56 | eta: 00:01:24 | gpu: 0.2/2.2 GB
2026-07-03 15:49:56 | INFO | benchmark.run | Purified full train | Images: 39936/50000 | 79.87% | 131.10 img/s | elapsed: 00:05:04 | eta: 00:01:16 | gpu: 0.2/2.2 GB
2026-07-03 15:50:03 | INFO | benchmark.run | Purified full train | Images: 40960/50000 | 81.92% | 131.08 img/s | elapsed: 00:05:12 | eta: 00:01:08 | gpu: 0.2/2.2 GB
2026-07-03 15:50:12 | INFO | benchmark.run | Purified full train | Images: 41984/50000 | 83.97% | 130.76 img/s | elapsed: 00:05:21 | eta: 00:01:01 | gpu: 0.2/2.2 GB
2026-07-03 15:50:20 | INFO | benchmark.run | Purified full train | Images: 43008/50000 | 86.02% | 130.63 img/s | elapsed: 00:05:29 | eta: 00:00:53 | gpu: 0.2/2.2 GB
2026-07-03 15:51:06 | INFO | benchmark.run | Purified full train | Images: 44032/50000 | 88.06% | 117.29 img/s | elapsed: 00:06:15 | eta: 00:00:50 | gpu: 0.2/2.2 GB
2026-07-03 15:51:24 | INFO | benchmark.run | Purified full train | Images: 45056/50000 | 90.11% | 114.72 img/s | elapsed: 00:06:32 | eta: 00:00:43 | gpu: 0.2/2.2 GB
2026-07-03 15:51:41 | INFO | benchmark.run | Purified full train | Images: 46080/50000 | 92.16% | 112.32 img/s | elapsed: 00:06:50 | eta: 00:00:34 | gpu: 0.2/2.2 GB
2026-07-03 15:51:49 | INFO | benchmark.run | Purified full train | Images: 47104/50000 | 94.21% | 112.64 img/s | elapsed: 00:06:58 | eta: 00:00:25 | gpu: 0.2/2.2 GB
2026-07-03 15:51:57 | INFO | benchmark.run | Purified full train | Images: 48128/50000 | 96.26% | 112.91 img/s | elapsed: 00:07:06 | eta: 00:00:16 | gpu: 0.2/2.2 GB
2026-07-03 15:52:06 | INFO | benchmark.run | Purified full train | Images: 49152/50000 | 98.30% | 112.95 img/s | elapsed: 00:07:15 | eta: 00:00:07 | gpu: 0.2/2.2 GB
2026-07-03 15:52:13 | INFO | benchmark.run | Purified full train | Images: 50000/50000 | 100.00% | 113.21 img/s | elapsed: 00:07:21 | eta: 00:00:00 | gpu: 0.2/2.2 GB
2026-07-03 15:52:13 | INFO | benchmark.run | ================================================================================
2026-07-03 15:52:13 | INFO | benchmark.run | RETRAINING AND EVALUATING BP_c2_g0...
2026-07-03 15:52:13 | INFO | benchmark.run | ================================================================================
2026-07-03 15:52:14 | INFO | benchmark.run | Loading BP victim ResNet18 from ckpt-%s-4800.t7
==> Resuming from checkpoint for ResNet18..
Using Adam for retraining
2026-07-03 15:52:15, Epoch 0, Iteration 7, loss 0.205 (0.306), acc 98.077 (94.400)
2026-07-03 15:52:15, Epoch 50, Iteration 7, loss 0.002 (0.003), acc 100.000 (100.000)
Target Label: 5, Poison label: 2, Prediction:2, Target's Score:[9.191830151780746e-17, 1.3187209469214551e-14, 0.97621750831604, 1.0758727994562967e-23, 8.227845611876146e-18, 0.02378241717815399, 1.946955652254445e-10, 1.5615854747827203e-17, 1.0239160864664032e-12, 4.397571640168962e-09], Poisons' Predictions:[2, 2, 2, 2, 2, 2, 2, 2, 2, 2]
Now evaluating against camera taken images
2026-07-03 15:52:16 Epoch 59, Val iteration 0, acc 93.600 (93.600)
2026-07-03 15:52:18 Epoch 59, Val iteration 19, acc 94.800 (93.980)
* Prec: 93.98000221252441
2026-07-03 15:52:21 | INFO | benchmark.run | Loading BP victim ResNet18 from ckpt-%s-4800.t7
==> Resuming from checkpoint for ResNet18..
Using Adam for retraining
2026-07-03 15:52:21, Epoch 0, Iteration 7, loss 1.002 (1.222), acc 80.769 (74.400)
2026-07-03 15:52:22, Epoch 50, Iteration 7, loss 0.061 (0.091), acc 96.154 (97.800)
Target Label: 5, Poison label: 2, Prediction:5, Target's Score:[2.5382954418895487e-11, 2.6237759984744956e-36, 0.0007112129242159426, 0.007148046046495438, 3.571499837562442e-05, 0.9920768737792969, 2.804826908686664e-05, 3.4901958710295555e-13, 3.936435244145027e-24, 1.3973581758364162e-07], Poisons' Predictions:[2, 2, 2, 2, 2, 2, 2, 2, 3, 2]
Now evaluating against camera taken images
2026-07-03 15:52:22 Epoch 59, Val iteration 0, acc 91.200 (91.200)
2026-07-03 15:52:24 Epoch 59, Val iteration 19, acc 92.800 (91.780)
* Prec: 91.78000221252441
2026-07-03 15:52:24 | INFO | benchmark.run | Updated benchmark CSV: /media02/ndthuc03/cm-purify-targeted-poisoning/benchmark/outputs/slurm_73353/benchmark_results.csv
2026-07-03 15:52:24 | INFO | benchmark.run | ================================================================================
2026-07-03 15:52:24 | INFO | benchmark.run | CASE 6/30: BP_c2_g1 (BP)
2026-07-03 15:52:24 | INFO | benchmark.run | ================================================================================
2026-07-03 15:53:24 | INFO | benchmark.run | Materialized BP poisoned train | Images: 10000/50000 | 20.00% | 170.55 img/s | elapsed: 00:00:58 | eta: 00:03:54 | gpu: cpu
2026-07-03 15:54:22 | INFO | benchmark.run | Materialized BP poisoned train | Images: 20000/50000 | 40.00% | 172.53 img/s | elapsed: 00:01:55 | eta: 00:02:53 | gpu: cpu
2026-07-03 15:55:19 | INFO | benchmark.run | Materialized BP poisoned train | Images: 30000/50000 | 60.00% | 172.78 img/s | elapsed: 00:02:53 | eta: 00:01:55 | gpu: cpu
2026-07-03 15:56:19 | INFO | benchmark.run | Materialized BP poisoned train | Images: 40000/50000 | 80.00% | 171.78 img/s | elapsed: 00:03:52 | eta: 00:00:58 | gpu: cpu
2026-07-03 15:57:19 | INFO | benchmark.run | Materialized BP poisoned train | Images: 50000/50000 | 100.00% | 170.52 img/s | elapsed: 00:04:53 | eta: 00:00:00 | gpu: cpu
2026-07-03 15:57:30 | INFO | benchmark.run | Purified full train | Images: 1024/50000 | 2.05% | 124.52 img/s | elapsed: 00:00:08 | eta: 00:06:33 | gpu: 0.2/2.2 GB
2026-07-03 15:57:38 | INFO | benchmark.run | Purified full train | Images: 2048/50000 | 4.10% | 126.82 img/s | elapsed: 00:00:16 | eta: 00:06:18 | gpu: 0.2/2.2 GB
2026-07-03 15:57:46 | INFO | benchmark.run | Purified full train | Images: 3072/50000 | 6.14% | 126.92 img/s | elapsed: 00:00:24 | eta: 00:06:09 | gpu: 0.2/2.2 GB
2026-07-03 15:57:54 | INFO | benchmark.run | Purified full train | Images: 4096/50000 | 8.19% | 127.79 img/s | elapsed: 00:00:32 | eta: 00:05:59 | gpu: 0.2/2.2 GB
2026-07-03 15:58:02 | INFO | benchmark.run | Purified full train | Images: 5120/50000 | 10.24% | 127.77 img/s | elapsed: 00:00:40 | eta: 00:05:51 | gpu: 0.2/2.2 GB
2026-07-03 15:58:10 | INFO | benchmark.run | Purified full train | Images: 6144/50000 | 12.29% | 128.26 img/s | elapsed: 00:00:47 | eta: 00:05:41 | gpu: 0.2/2.2 GB
2026-07-03 15:58:17 | INFO | benchmark.run | Purified full train | Images: 7168/50000 | 14.34% | 128.67 img/s | elapsed: 00:00:55 | eta: 00:05:32 | gpu: 0.2/2.2 GB
2026-07-03 15:58:25 | INFO | benchmark.run | Purified full train | Images: 8192/50000 | 16.38% | 129.04 img/s | elapsed: 00:01:03 | eta: 00:05:24 | gpu: 0.2/2.2 GB
2026-07-03 15:58:33 | INFO | benchmark.run | Purified full train | Images: 9216/50000 | 18.43% | 129.10 img/s | elapsed: 00:01:11 | eta: 00:05:15 | gpu: 0.2/2.2 GB
2026-07-03 15:58:41 | INFO | benchmark.run | Purified full train | Images: 10240/50000 | 20.48% | 128.97 img/s | elapsed: 00:01:19 | eta: 00:05:08 | gpu: 0.2/2.2 GB
2026-07-03 15:58:49 | INFO | benchmark.run | Purified full train | Images: 11264/50000 | 22.53% | 129.06 img/s | elapsed: 00:01:27 | eta: 00:05:00 | gpu: 0.2/2.2 GB
2026-07-03 15:58:57 | INFO | benchmark.run | Purified full train | Images: 12288/50000 | 24.58% | 129.11 img/s | elapsed: 00:01:35 | eta: 00:04:52 | gpu: 0.2/2.2 GB
2026-07-03 15:59:05 | INFO | benchmark.run | Purified full train | Images: 13312/50000 | 26.62% | 129.48 img/s | elapsed: 00:01:42 | eta: 00:04:43 | gpu: 0.2/2.2 GB
2026-07-03 15:59:13 | INFO | benchmark.run | Purified full train | Images: 14336/50000 | 28.67% | 129.21 img/s | elapsed: 00:01:50 | eta: 00:04:36 | gpu: 0.2/2.2 GB
2026-07-03 15:59:21 | INFO | benchmark.run | Purified full train | Images: 15360/50000 | 30.72% | 128.81 img/s | elapsed: 00:01:59 | eta: 00:04:28 | gpu: 0.2/2.2 GB
2026-07-03 15:59:30 | INFO | benchmark.run | Purified full train | Images: 16384/50000 | 32.77% | 127.80 img/s | elapsed: 00:02:08 | eta: 00:04:23 | gpu: 0.2/2.2 GB
2026-07-03 15:59:39 | INFO | benchmark.run | Purified full train | Images: 17408/50000 | 34.82% | 127.21 img/s | elapsed: 00:02:16 | eta: 00:04:16 | gpu: 0.2/2.2 GB
2026-07-03 15:59:47 | INFO | benchmark.run | Purified full train | Images: 18432/50000 | 36.86% | 126.92 img/s | elapsed: 00:02:25 | eta: 00:04:08 | gpu: 0.2/2.2 GB
2026-07-03 15:59:55 | INFO | benchmark.run | Purified full train | Images: 19456/50000 | 38.91% | 126.72 img/s | elapsed: 00:02:33 | eta: 00:04:01 | gpu: 0.2/2.2 GB
2026-07-03 16:00:04 | INFO | benchmark.run | Purified full train | Images: 20480/50000 | 40.96% | 126.39 img/s | elapsed: 00:02:42 | eta: 00:03:53 | gpu: 0.2/2.2 GB
2026-07-03 16:00:12 | INFO | benchmark.run | Purified full train | Images: 21504/50000 | 43.01% | 126.32 img/s | elapsed: 00:02:50 | eta: 00:03:45 | gpu: 0.2/2.2 GB
2026-07-03 16:00:20 | INFO | benchmark.run | Purified full train | Images: 22528/50000 | 45.06% | 126.36 img/s | elapsed: 00:02:58 | eta: 00:03:37 | gpu: 0.2/2.2 GB
2026-07-03 16:00:28 | INFO | benchmark.run | Purified full train | Images: 23552/50000 | 47.10% | 126.32 img/s | elapsed: 00:03:06 | eta: 00:03:29 | gpu: 0.2/2.2 GB
2026-07-03 16:00:36 | INFO | benchmark.run | Purified full train | Images: 24576/50000 | 49.15% | 126.37 img/s | elapsed: 00:03:14 | eta: 00:03:21 | gpu: 0.2/2.2 GB
2026-07-03 16:00:44 | INFO | benchmark.run | Purified full train | Images: 25600/50000 | 51.20% | 126.34 img/s | elapsed: 00:03:22 | eta: 00:03:13 | gpu: 0.2/2.2 GB
2026-07-03 16:00:52 | INFO | benchmark.run | Purified full train | Images: 26624/50000 | 53.25% | 126.55 img/s | elapsed: 00:03:30 | eta: 00:03:04 | gpu: 0.2/2.2 GB
2026-07-03 16:01:00 | INFO | benchmark.run | Purified full train | Images: 27648/50000 | 55.30% | 126.58 img/s | elapsed: 00:03:38 | eta: 00:02:56 | gpu: 0.2/2.2 GB
2026-07-03 16:01:08 | INFO | benchmark.run | Purified full train | Images: 28672/50000 | 57.34% | 126.53 img/s | elapsed: 00:03:46 | eta: 00:02:48 | gpu: 0.2/2.2 GB
2026-07-03 16:01:16 | INFO | benchmark.run | Purified full train | Images: 29696/50000 | 59.39% | 126.58 img/s | elapsed: 00:03:54 | eta: 00:02:40 | gpu: 0.2/2.2 GB
2026-07-03 16:01:25 | INFO | benchmark.run | Purified full train | Images: 30720/50000 | 61.44% | 126.39 img/s | elapsed: 00:04:03 | eta: 00:02:32 | gpu: 0.2/2.2 GB
2026-07-03 16:01:33 | INFO | benchmark.run | Purified full train | Images: 31744/50000 | 63.49% | 126.26 img/s | elapsed: 00:04:11 | eta: 00:02:24 | gpu: 0.2/2.2 GB
2026-07-03 16:01:42 | INFO | benchmark.run | Purified full train | Images: 32768/50000 | 65.54% | 126.11 img/s | elapsed: 00:04:19 | eta: 00:02:16 | gpu: 0.2/2.2 GB
2026-07-03 16:01:50 | INFO | benchmark.run | Purified full train | Images: 33792/50000 | 67.58% | 125.90 img/s | elapsed: 00:04:28 | eta: 00:02:08 | gpu: 0.2/2.2 GB
2026-07-03 16:01:58 | INFO | benchmark.run | Purified full train | Images: 34816/50000 | 69.63% | 126.05 img/s | elapsed: 00:04:36 | eta: 00:02:00 | gpu: 0.2/2.2 GB
2026-07-03 16:02:06 | INFO | benchmark.run | Purified full train | Images: 35840/50000 | 71.68% | 126.05 img/s | elapsed: 00:04:44 | eta: 00:01:52 | gpu: 0.2/2.2 GB
2026-07-03 16:02:14 | INFO | benchmark.run | Purified full train | Images: 36864/50000 | 73.73% | 126.08 img/s | elapsed: 00:04:52 | eta: 00:01:44 | gpu: 0.2/2.2 GB
2026-07-03 16:02:22 | INFO | benchmark.run | Purified full train | Images: 37888/50000 | 75.78% | 126.18 img/s | elapsed: 00:05:00 | eta: 00:01:35 | gpu: 0.2/2.2 GB
2026-07-03 16:02:30 | INFO | benchmark.run | Purified full train | Images: 38912/50000 | 77.82% | 126.23 img/s | elapsed: 00:05:08 | eta: 00:01:27 | gpu: 0.2/2.2 GB
2026-07-03 16:02:40 | INFO | benchmark.run | Purified full train | Images: 39936/50000 | 79.87% | 125.55 img/s | elapsed: 00:05:18 | eta: 00:01:20 | gpu: 0.2/2.2 GB
2026-07-03 16:02:50 | INFO | benchmark.run | Purified full train | Images: 40960/50000 | 81.92% | 124.68 img/s | elapsed: 00:05:28 | eta: 00:01:12 | gpu: 0.2/2.2 GB
2026-07-03 16:03:00 | INFO | benchmark.run | Purified full train | Images: 41984/50000 | 83.97% | 124.10 img/s | elapsed: 00:05:38 | eta: 00:01:04 | gpu: 0.2/2.2 GB
2026-07-03 16:03:08 | INFO | benchmark.run | Purified full train | Images: 43008/50000 | 86.02% | 124.21 img/s | elapsed: 00:05:46 | eta: 00:00:56 | gpu: 0.2/2.2 GB
2026-07-03 16:03:16 | INFO | benchmark.run | Purified full train | Images: 44032/50000 | 88.06% | 124.33 img/s | elapsed: 00:05:54 | eta: 00:00:48 | gpu: 0.2/2.2 GB
2026-07-03 16:03:24 | INFO | benchmark.run | Purified full train | Images: 45056/50000 | 90.11% | 124.35 img/s | elapsed: 00:06:02 | eta: 00:00:39 | gpu: 0.2/2.2 GB
2026-07-03 16:03:35 | INFO | benchmark.run | Purified full train | Images: 46080/50000 | 92.16% | 123.51 img/s | elapsed: 00:06:13 | eta: 00:00:31 | gpu: 0.2/2.2 GB
2026-07-03 16:03:43 | INFO | benchmark.run | Purified full train | Images: 47104/50000 | 94.21% | 123.64 img/s | elapsed: 00:06:20 | eta: 00:00:23 | gpu: 0.2/2.2 GB
2026-07-03 16:03:51 | INFO | benchmark.run | Purified full train | Images: 48128/50000 | 96.26% | 123.71 img/s | elapsed: 00:06:29 | eta: 00:00:15 | gpu: 0.2/2.2 GB
2026-07-03 16:03:59 | INFO | benchmark.run | Purified full train | Images: 49152/50000 | 98.30% | 123.88 img/s | elapsed: 00:06:36 | eta: 00:00:06 | gpu: 0.2/2.2 GB
2026-07-03 16:04:05 | INFO | benchmark.run | Purified full train | Images: 50000/50000 | 100.00% | 124.04 img/s | elapsed: 00:06:43 | eta: 00:00:00 | gpu: 0.2/2.2 GB
2026-07-03 16:04:05 | INFO | benchmark.run | ================================================================================
2026-07-03 16:04:05 | INFO | benchmark.run | RETRAINING AND EVALUATING BP_c2_g1...
2026-07-03 16:04:05 | INFO | benchmark.run | ================================================================================
2026-07-03 16:04:06 | INFO | benchmark.run | Loading BP victim ResNet18 from ckpt-%s-4800.t7
==> Resuming from checkpoint for ResNet18..
Using Adam for retraining
2026-07-03 16:04:07, Epoch 0, Iteration 7, loss 0.051 (0.371), acc 98.077 (93.200)
2026-07-03 16:04:07, Epoch 50, Iteration 7, loss 0.001 (0.001), acc 100.000 (100.000)
Target Label: 9, Poison label: 2, Prediction:2, Target's Score:[3.732551796634153e-16, 8.186797051910888e-13, 0.9842897057533264, 5.2356059381853965e-16, 3.2873094324901036e-18, 1.6426479452916545e-14, 7.417764476945815e-18, 3.5252325811508615e-19, 3.9003400661118126e-13, 0.01571030728518963], Poisons' Predictions:[2, 2, 2, 2, 2, 2, 2, 2, 2, 2]
Now evaluating against camera taken images
2026-07-03 16:04:08 Epoch 59, Val iteration 0, acc 93.400 (93.400)
2026-07-03 16:04:10 Epoch 59, Val iteration 19, acc 94.000 (93.980)
* Prec: 93.98000144958496
2026-07-03 16:04:13 | INFO | benchmark.run | Loading BP victim ResNet18 from ckpt-%s-4800.t7
==> Resuming from checkpoint for ResNet18..
Using Adam for retraining
2026-07-03 16:04:13, Epoch 0, Iteration 7, loss 1.410 (1.374), acc 80.769 (74.800)
2026-07-03 16:04:14, Epoch 50, Iteration 7, loss 0.207 (0.113), acc 90.385 (95.200)
Target Label: 9, Poison label: 2, Prediction:9, Target's Score:[0.0005203409818932414, 6.246148487321079e-09, 2.057074230735461e-14, 5.657996039972433e-19, 2.8606367670710553e-33, 2.330854259602333e-11, 1.4320598893391434e-06, 7.707606119100249e-14, 3.2348261811421253e-06, 0.9994750618934631], Poisons' Predictions:[2, 5, 5, 2, 2, 2, 2, 2, 2, 2]
Now evaluating against camera taken images
2026-07-03 16:04:14 Epoch 59, Val iteration 0, acc 90.000 (90.000)
2026-07-03 16:04:16 Epoch 59, Val iteration 19, acc 91.000 (90.000)
* Prec: 90.00000076293945
2026-07-03 16:04:16 | INFO | benchmark.run | Updated benchmark CSV: /media02/ndthuc03/cm-purify-targeted-poisoning/benchmark/outputs/slurm_73353/benchmark_results.csv
2026-07-03 16:04:16 | INFO | benchmark.run | ================================================================================
2026-07-03 16:04:16 | INFO | benchmark.run | CASE 7/30: BP_c3_g0 (BP)
2026-07-03 16:04:16 | INFO | benchmark.run | ================================================================================
2026-07-03 16:05:17 | INFO | benchmark.run | Materialized BP poisoned train | Images: 10000/50000 | 20.00% | 168.63 img/s | elapsed: 00:00:59 | eta: 00:03:57 | gpu: cpu
2026-07-03 16:06:17 | INFO | benchmark.run | Materialized BP poisoned train | Images: 20000/50000 | 40.00% | 167.84 img/s | elapsed: 00:01:59 | eta: 00:02:58 | gpu: cpu
2026-07-03 16:07:15 | INFO | benchmark.run | Materialized BP poisoned train | Images: 30000/50000 | 60.00% | 168.94 img/s | elapsed: 00:02:57 | eta: 00:01:58 | gpu: cpu
2026-07-03 16:08:14 | INFO | benchmark.run | Materialized BP poisoned train | Images: 40000/50000 | 80.00% | 169.39 img/s | elapsed: 00:03:56 | eta: 00:00:59 | gpu: cpu
2026-07-03 16:09:11 | INFO | benchmark.run | Materialized BP poisoned train | Images: 50000/50000 | 100.00% | 170.31 img/s | elapsed: 00:04:53 | eta: 00:00:00 | gpu: cpu
2026-07-03 16:09:22 | INFO | benchmark.run | Purified full train | Images: 1024/50000 | 2.05% | 134.92 img/s | elapsed: 00:00:07 | eta: 00:06:03 | gpu: 0.2/2.2 GB
2026-07-03 16:09:30 | INFO | benchmark.run | Purified full train | Images: 2048/50000 | 4.10% | 131.39 img/s | elapsed: 00:00:15 | eta: 00:06:04 | gpu: 0.2/2.2 GB
2026-07-03 16:09:38 | INFO | benchmark.run | Purified full train | Images: 3072/50000 | 6.14% | 131.85 img/s | elapsed: 00:00:23 | eta: 00:05:55 | gpu: 0.2/2.2 GB
2026-07-03 16:09:46 | INFO | benchmark.run | Purified full train | Images: 4096/50000 | 8.19% | 130.53 img/s | elapsed: 00:00:31 | eta: 00:05:51 | gpu: 0.2/2.2 GB
2026-07-03 16:09:54 | INFO | benchmark.run | Purified full train | Images: 5120/50000 | 10.24% | 130.53 img/s | elapsed: 00:00:39 | eta: 00:05:43 | gpu: 0.2/2.2 GB
2026-07-03 16:10:01 | INFO | benchmark.run | Purified full train | Images: 6144/50000 | 12.29% | 130.27 img/s | elapsed: 00:00:47 | eta: 00:05:36 | gpu: 0.2/2.2 GB
2026-07-03 16:10:09 | INFO | benchmark.run | Purified full train | Images: 7168/50000 | 14.34% | 130.75 img/s | elapsed: 00:00:54 | eta: 00:05:27 | gpu: 0.2/2.2 GB
2026-07-03 16:10:17 | INFO | benchmark.run | Purified full train | Images: 8192/50000 | 16.38% | 129.92 img/s | elapsed: 00:01:03 | eta: 00:05:21 | gpu: 0.2/2.2 GB
2026-07-03 16:10:25 | INFO | benchmark.run | Purified full train | Images: 9216/50000 | 18.43% | 130.04 img/s | elapsed: 00:01:10 | eta: 00:05:13 | gpu: 0.2/2.2 GB
2026-07-03 16:10:33 | INFO | benchmark.run | Purified full train | Images: 10240/50000 | 20.48% | 130.33 img/s | elapsed: 00:01:18 | eta: 00:05:05 | gpu: 0.2/2.2 GB
2026-07-03 16:10:41 | INFO | benchmark.run | Purified full train | Images: 11264/50000 | 22.53% | 130.49 img/s | elapsed: 00:01:26 | eta: 00:04:56 | gpu: 0.2/2.2 GB
2026-07-03 16:10:49 | INFO | benchmark.run | Purified full train | Images: 12288/50000 | 24.58% | 130.43 img/s | elapsed: 00:01:34 | eta: 00:04:49 | gpu: 0.2/2.2 GB
2026-07-03 16:10:56 | INFO | benchmark.run | Purified full train | Images: 13312/50000 | 26.62% | 130.58 img/s | elapsed: 00:01:41 | eta: 00:04:40 | gpu: 0.2/2.2 GB
2026-07-03 16:11:04 | INFO | benchmark.run | Purified full train | Images: 14336/50000 | 28.67% | 130.73 img/s | elapsed: 00:01:49 | eta: 00:04:32 | gpu: 0.2/2.2 GB
2026-07-03 16:11:12 | INFO | benchmark.run | Purified full train | Images: 15360/50000 | 30.72% | 130.88 img/s | elapsed: 00:01:57 | eta: 00:04:24 | gpu: 0.2/2.2 GB
2026-07-03 16:11:19 | INFO | benchmark.run | Purified full train | Images: 16384/50000 | 32.77% | 131.01 img/s | elapsed: 00:02:05 | eta: 00:04:16 | gpu: 0.2/2.2 GB
2026-07-03 16:11:27 | INFO | benchmark.run | Purified full train | Images: 17408/50000 | 34.82% | 131.23 img/s | elapsed: 00:02:12 | eta: 00:04:08 | gpu: 0.2/2.2 GB
2026-07-03 16:11:35 | INFO | benchmark.run | Purified full train | Images: 18432/50000 | 36.86% | 131.39 img/s | elapsed: 00:02:20 | eta: 00:04:00 | gpu: 0.2/2.2 GB
2026-07-03 16:11:42 | INFO | benchmark.run | Purified full train | Images: 19456/50000 | 38.91% | 131.52 img/s | elapsed: 00:02:27 | eta: 00:03:52 | gpu: 0.2/2.2 GB
2026-07-03 16:11:50 | INFO | benchmark.run | Purified full train | Images: 20480/50000 | 40.96% | 131.59 img/s | elapsed: 00:02:35 | eta: 00:03:44 | gpu: 0.2/2.2 GB
2026-07-03 16:11:58 | INFO | benchmark.run | Purified full train | Images: 21504/50000 | 43.01% | 131.75 img/s | elapsed: 00:02:43 | eta: 00:03:36 | gpu: 0.2/2.2 GB
2026-07-03 16:12:05 | INFO | benchmark.run | Purified full train | Images: 22528/50000 | 45.06% | 131.76 img/s | elapsed: 00:02:50 | eta: 00:03:28 | gpu: 0.2/2.2 GB
2026-07-03 16:12:13 | INFO | benchmark.run | Purified full train | Images: 23552/50000 | 47.10% | 131.89 img/s | elapsed: 00:02:58 | eta: 00:03:20 | gpu: 0.2/2.2 GB
2026-07-03 16:12:21 | INFO | benchmark.run | Purified full train | Images: 24576/50000 | 49.15% | 131.93 img/s | elapsed: 00:03:06 | eta: 00:03:12 | gpu: 0.2/2.2 GB
2026-07-03 16:12:31 | INFO | benchmark.run | Purified full train | Images: 25600/50000 | 51.20% | 129.90 img/s | elapsed: 00:03:17 | eta: 00:03:07 | gpu: 0.2/2.2 GB
2026-07-03 16:12:39 | INFO | benchmark.run | Purified full train | Images: 26624/50000 | 53.25% | 130.05 img/s | elapsed: 00:03:24 | eta: 00:02:59 | gpu: 0.2/2.2 GB
2026-07-03 16:12:47 | INFO | benchmark.run | Purified full train | Images: 27648/50000 | 55.30% | 130.06 img/s | elapsed: 00:03:32 | eta: 00:02:51 | gpu: 0.2/2.2 GB
2026-07-03 16:12:55 | INFO | benchmark.run | Purified full train | Images: 28672/50000 | 57.34% | 130.19 img/s | elapsed: 00:03:40 | eta: 00:02:43 | gpu: 0.2/2.2 GB
2026-07-03 16:13:02 | INFO | benchmark.run | Purified full train | Images: 29696/50000 | 59.39% | 130.27 img/s | elapsed: 00:03:47 | eta: 00:02:35 | gpu: 0.2/2.2 GB
2026-07-03 16:13:10 | INFO | benchmark.run | Purified full train | Images: 30720/50000 | 61.44% | 130.45 img/s | elapsed: 00:03:55 | eta: 00:02:27 | gpu: 0.2/2.2 GB
2026-07-03 16:13:18 | INFO | benchmark.run | Purified full train | Images: 31744/50000 | 63.49% | 130.52 img/s | elapsed: 00:04:03 | eta: 00:02:19 | gpu: 0.2/2.2 GB
2026-07-03 16:13:25 | INFO | benchmark.run | Purified full train | Images: 32768/50000 | 65.54% | 130.63 img/s | elapsed: 00:04:10 | eta: 00:02:11 | gpu: 0.2/2.2 GB
2026-07-03 16:13:33 | INFO | benchmark.run | Purified full train | Images: 33792/50000 | 67.58% | 130.72 img/s | elapsed: 00:04:18 | eta: 00:02:03 | gpu: 0.2/2.2 GB
2026-07-03 16:13:40 | INFO | benchmark.run | Purified full train | Images: 34816/50000 | 69.63% | 130.90 img/s | elapsed: 00:04:25 | eta: 00:01:55 | gpu: 0.2/2.2 GB
2026-07-03 16:13:48 | INFO | benchmark.run | Purified full train | Images: 35840/50000 | 71.68% | 130.98 img/s | elapsed: 00:04:33 | eta: 00:01:48 | gpu: 0.2/2.2 GB
2026-07-03 16:13:56 | INFO | benchmark.run | Purified full train | Images: 36864/50000 | 73.73% | 131.08 img/s | elapsed: 00:04:41 | eta: 00:01:40 | gpu: 0.2/2.2 GB
2026-07-03 16:14:03 | INFO | benchmark.run | Purified full train | Images: 37888/50000 | 75.78% | 131.03 img/s | elapsed: 00:04:49 | eta: 00:01:32 | gpu: 0.2/2.2 GB
2026-07-03 16:14:11 | INFO | benchmark.run | Purified full train | Images: 38912/50000 | 77.82% | 131.11 img/s | elapsed: 00:04:56 | eta: 00:01:24 | gpu: 0.2/2.2 GB
2026-07-03 16:14:19 | INFO | benchmark.run | Purified full train | Images: 39936/50000 | 79.87% | 131.21 img/s | elapsed: 00:05:04 | eta: 00:01:16 | gpu: 0.2/2.2 GB
2026-07-03 16:14:26 | INFO | benchmark.run | Purified full train | Images: 40960/50000 | 81.92% | 131.29 img/s | elapsed: 00:05:11 | eta: 00:01:08 | gpu: 0.2/2.2 GB
2026-07-03 16:14:34 | INFO | benchmark.run | Purified full train | Images: 41984/50000 | 83.97% | 131.17 img/s | elapsed: 00:05:20 | eta: 00:01:01 | gpu: 0.2/2.2 GB
2026-07-03 16:14:42 | INFO | benchmark.run | Purified full train | Images: 43008/50000 | 86.02% | 131.11 img/s | elapsed: 00:05:28 | eta: 00:00:53 | gpu: 0.2/2.2 GB
2026-07-03 16:14:50 | INFO | benchmark.run | Purified full train | Images: 44032/50000 | 88.06% | 131.05 img/s | elapsed: 00:05:36 | eta: 00:00:45 | gpu: 0.2/2.2 GB
2026-07-03 16:14:58 | INFO | benchmark.run | Purified full train | Images: 45056/50000 | 90.11% | 131.09 img/s | elapsed: 00:05:43 | eta: 00:00:37 | gpu: 0.2/2.2 GB
2026-07-03 16:15:06 | INFO | benchmark.run | Purified full train | Images: 46080/50000 | 92.16% | 131.09 img/s | elapsed: 00:05:51 | eta: 00:00:29 | gpu: 0.2/2.2 GB
2026-07-03 16:15:14 | INFO | benchmark.run | Purified full train | Images: 47104/50000 | 94.21% | 131.14 img/s | elapsed: 00:05:59 | eta: 00:00:22 | gpu: 0.2/2.2 GB
2026-07-03 16:15:21 | INFO | benchmark.run | Purified full train | Images: 48128/50000 | 96.26% | 131.18 img/s | elapsed: 00:06:06 | eta: 00:00:14 | gpu: 0.2/2.2 GB
2026-07-03 16:15:29 | INFO | benchmark.run | Purified full train | Images: 49152/50000 | 98.30% | 131.25 img/s | elapsed: 00:06:14 | eta: 00:00:06 | gpu: 0.2/2.2 GB
2026-07-03 16:15:35 | INFO | benchmark.run | Purified full train | Images: 50000/50000 | 100.00% | 131.21 img/s | elapsed: 00:06:21 | eta: 00:00:00 | gpu: 0.2/2.2 GB
2026-07-03 16:15:36 | INFO | benchmark.run | ================================================================================
2026-07-03 16:15:36 | INFO | benchmark.run | RETRAINING AND EVALUATING BP_c3_g0...
2026-07-03 16:15:36 | INFO | benchmark.run | ================================================================================
2026-07-03 16:15:37 | INFO | benchmark.run | Loading BP victim ResNet18 from ckpt-%s-4800.t7
==> Resuming from checkpoint for ResNet18..
Using Adam for retraining
2026-07-03 16:15:37, Epoch 0, Iteration 7, loss 0.251 (0.417), acc 90.385 (88.400)
2026-07-03 16:15:38, Epoch 50, Iteration 7, loss 0.004 (0.002), acc 100.000 (100.000)
Target Label: 1, Poison label: 3, Prediction:3, Target's Score:[3.027078099900743e-13, 0.01984708197414875, 3.2455781118212457e-11, 0.9801529049873352, 7.082897551753458e-15, 9.32127842251905e-14, 6.015483731101212e-17, 1.1893209309635967e-20, 5.36102662263005e-10, 3.8987251469758955e-13], Poisons' Predictions:[3, 3, 3, 3, 3, 3, 3, 3, 3, 3]
Now evaluating against camera taken images
2026-07-03 16:15:38 Epoch 59, Val iteration 0, acc 92.600 (92.600)
2026-07-03 16:15:40 Epoch 59, Val iteration 19, acc 95.000 (93.150)
* Prec: 93.1500015258789
2026-07-03 16:15:43 | INFO | benchmark.run | Loading BP victim ResNet18 from ckpt-%s-4800.t7
==> Resuming from checkpoint for ResNet18..
Using Adam for retraining
2026-07-03 16:15:43, Epoch 0, Iteration 7, loss 1.349 (1.104), acc 78.846 (77.800)
2026-07-03 16:15:44, Epoch 50, Iteration 7, loss 0.098 (0.094), acc 96.154 (96.800)
Target Label: 1, Poison label: 3, Prediction:1, Target's Score:[5.989365207284287e-23, 1.0, 4.749369156355903e-19, 3.5447801564582803e-15, 1.5973510088058398e-28, 1.7509006421804186e-24, 7.006492321624085e-44, 1.4158928207403526e-13, 1.557454431406054e-18, 1.2288647432967537e-08], Poisons' Predictions:[3, 3, 3, 3, 3, 2, 3, 3, 3, 3]
Now evaluating against camera taken images
2026-07-03 16:15:44 Epoch 59, Val iteration 0, acc 91.800 (91.800)
2026-07-03 16:15:46 Epoch 59, Val iteration 19, acc 92.800 (91.740)
* Prec: 91.74000205993653
2026-07-03 16:15:46 | INFO | benchmark.run | Updated benchmark CSV: /media02/ndthuc03/cm-purify-targeted-poisoning/benchmark/outputs/slurm_73353/benchmark_results.csv
2026-07-03 16:15:46 | INFO | benchmark.run | ================================================================================
2026-07-03 16:15:46 | INFO | benchmark.run | CASE 8/30: BP_c3_g1 (BP)
2026-07-03 16:15:46 | INFO | benchmark.run | ================================================================================
2026-07-03 16:16:46 | INFO | benchmark.run | Materialized BP poisoned train | Images: 10000/50000 | 20.00% | 170.95 img/s | elapsed: 00:00:58 | eta: 00:03:53 | gpu: cpu
2026-07-03 16:17:44 | INFO | benchmark.run | Materialized BP poisoned train | Images: 20000/50000 | 40.00% | 171.38 img/s | elapsed: 00:01:56 | eta: 00:02:55 | gpu: cpu
2026-07-03 16:18:52 | INFO | benchmark.run | Materialized BP poisoned train | Images: 30000/50000 | 60.00% | 163.28 img/s | elapsed: 00:03:03 | eta: 00:02:02 | gpu: cpu
2026-07-03 16:19:50 | INFO | benchmark.run | Materialized BP poisoned train | Images: 40000/50000 | 80.00% | 165.03 img/s | elapsed: 00:04:02 | eta: 00:01:00 | gpu: cpu
2026-07-03 16:20:50 | INFO | benchmark.run | Materialized BP poisoned train | Images: 50000/50000 | 100.00% | 165.71 img/s | elapsed: 00:05:01 | eta: 00:00:00 | gpu: cpu
2026-07-03 16:21:00 | INFO | benchmark.run | Purified full train | Images: 1024/50000 | 2.05% | 132.96 img/s | elapsed: 00:00:07 | eta: 00:06:08 | gpu: 0.2/2.2 GB
2026-07-03 16:21:08 | INFO | benchmark.run | Purified full train | Images: 2048/50000 | 4.10% | 130.72 img/s | elapsed: 00:00:15 | eta: 00:06:06 | gpu: 0.2/2.2 GB
2026-07-03 16:21:16 | INFO | benchmark.run | Purified full train | Images: 3072/50000 | 6.14% | 130.79 img/s | elapsed: 00:00:23 | eta: 00:05:58 | gpu: 0.2/2.2 GB
2026-07-03 16:21:24 | INFO | benchmark.run | Purified full train | Images: 4096/50000 | 8.19% | 131.55 img/s | elapsed: 00:00:31 | eta: 00:05:48 | gpu: 0.2/2.2 GB
2026-07-03 16:21:31 | INFO | benchmark.run | Purified full train | Images: 5120/50000 | 10.24% | 131.42 img/s | elapsed: 00:00:38 | eta: 00:05:41 | gpu: 0.2/2.2 GB
2026-07-03 16:21:39 | INFO | benchmark.run | Purified full train | Images: 6144/50000 | 12.29% | 131.82 img/s | elapsed: 00:00:46 | eta: 00:05:32 | gpu: 0.2/2.2 GB
2026-07-03 16:21:47 | INFO | benchmark.run | Purified full train | Images: 7168/50000 | 14.34% | 131.90 img/s | elapsed: 00:00:54 | eta: 00:05:24 | gpu: 0.2/2.2 GB
2026-07-03 16:21:55 | INFO | benchmark.run | Purified full train | Images: 8192/50000 | 16.38% | 132.11 img/s | elapsed: 00:01:02 | eta: 00:05:16 | gpu: 0.2/2.2 GB
2026-07-03 16:22:02 | INFO | benchmark.run | Purified full train | Images: 9216/50000 | 18.43% | 132.37 img/s | elapsed: 00:01:09 | eta: 00:05:08 | gpu: 0.2/2.2 GB
2026-07-03 16:22:10 | INFO | benchmark.run | Purified full train | Images: 10240/50000 | 20.48% | 132.53 img/s | elapsed: 00:01:17 | eta: 00:05:00 | gpu: 0.2/2.2 GB
2026-07-03 16:22:17 | INFO | benchmark.run | Purified full train | Images: 11264/50000 | 22.53% | 132.68 img/s | elapsed: 00:01:24 | eta: 00:04:51 | gpu: 0.2/2.2 GB
2026-07-03 16:22:25 | INFO | benchmark.run | Purified full train | Images: 12288/50000 | 24.58% | 132.83 img/s | elapsed: 00:01:32 | eta: 00:04:43 | gpu: 0.2/2.2 GB
2026-07-03 16:22:33 | INFO | benchmark.run | Purified full train | Images: 13312/50000 | 26.62% | 132.91 img/s | elapsed: 00:01:40 | eta: 00:04:36 | gpu: 0.2/2.2 GB
2026-07-03 16:22:40 | INFO | benchmark.run | Purified full train | Images: 14336/50000 | 28.67% | 132.90 img/s | elapsed: 00:01:47 | eta: 00:04:28 | gpu: 0.2/2.2 GB
2026-07-03 16:22:48 | INFO | benchmark.run | Purified full train | Images: 15360/50000 | 30.72% | 132.99 img/s | elapsed: 00:01:55 | eta: 00:04:20 | gpu: 0.2/2.2 GB
2026-07-03 16:22:56 | INFO | benchmark.run | Purified full train | Images: 16384/50000 | 32.77% | 132.38 img/s | elapsed: 00:02:03 | eta: 00:04:13 | gpu: 0.2/2.2 GB
2026-07-03 16:23:04 | INFO | benchmark.run | Purified full train | Images: 17408/50000 | 34.82% | 132.12 img/s | elapsed: 00:02:11 | eta: 00:04:06 | gpu: 0.2/2.2 GB
2026-07-03 16:23:12 | INFO | benchmark.run | Purified full train | Images: 18432/50000 | 36.86% | 132.22 img/s | elapsed: 00:02:19 | eta: 00:03:58 | gpu: 0.2/2.2 GB
2026-07-03 16:23:20 | INFO | benchmark.run | Purified full train | Images: 19456/50000 | 38.91% | 132.23 img/s | elapsed: 00:02:27 | eta: 00:03:51 | gpu: 0.2/2.2 GB
2026-07-03 16:23:27 | INFO | benchmark.run | Purified full train | Images: 20480/50000 | 40.96% | 132.25 img/s | elapsed: 00:02:34 | eta: 00:03:43 | gpu: 0.2/2.2 GB
2026-07-03 16:23:35 | INFO | benchmark.run | Purified full train | Images: 21504/50000 | 43.01% | 132.07 img/s | elapsed: 00:02:42 | eta: 00:03:35 | gpu: 0.2/2.2 GB
2026-07-03 16:23:43 | INFO | benchmark.run | Purified full train | Images: 22528/50000 | 45.06% | 132.10 img/s | elapsed: 00:02:50 | eta: 00:03:27 | gpu: 0.2/2.2 GB
2026-07-03 16:23:51 | INFO | benchmark.run | Purified full train | Images: 23552/50000 | 47.10% | 132.22 img/s | elapsed: 00:02:58 | eta: 00:03:20 | gpu: 0.2/2.2 GB
2026-07-03 16:23:58 | INFO | benchmark.run | Purified full train | Images: 24576/50000 | 49.15% | 132.23 img/s | elapsed: 00:03:05 | eta: 00:03:12 | gpu: 0.2/2.2 GB
2026-07-03 16:24:06 | INFO | benchmark.run | Purified full train | Images: 25600/50000 | 51.20% | 132.21 img/s | elapsed: 00:03:13 | eta: 00:03:04 | gpu: 0.2/2.2 GB
2026-07-03 16:24:14 | INFO | benchmark.run | Purified full train | Images: 26624/50000 | 53.25% | 132.20 img/s | elapsed: 00:03:21 | eta: 00:02:56 | gpu: 0.2/2.2 GB
2026-07-03 16:24:22 | INFO | benchmark.run | Purified full train | Images: 27648/50000 | 55.30% | 132.26 img/s | elapsed: 00:03:29 | eta: 00:02:48 | gpu: 0.2/2.2 GB
2026-07-03 16:24:29 | INFO | benchmark.run | Purified full train | Images: 28672/50000 | 57.34% | 132.22 img/s | elapsed: 00:03:36 | eta: 00:02:41 | gpu: 0.2/2.2 GB
2026-07-03 16:24:37 | INFO | benchmark.run | Purified full train | Images: 29696/50000 | 59.39% | 132.29 img/s | elapsed: 00:03:44 | eta: 00:02:33 | gpu: 0.2/2.2 GB
2026-07-03 16:24:45 | INFO | benchmark.run | Purified full train | Images: 30720/50000 | 61.44% | 132.27 img/s | elapsed: 00:03:52 | eta: 00:02:25 | gpu: 0.2/2.2 GB
2026-07-03 16:24:52 | INFO | benchmark.run | Purified full train | Images: 31744/50000 | 63.49% | 132.38 img/s | elapsed: 00:03:59 | eta: 00:02:17 | gpu: 0.2/2.2 GB
2026-07-03 16:25:00 | INFO | benchmark.run | Purified full train | Images: 32768/50000 | 65.54% | 132.26 img/s | elapsed: 00:04:07 | eta: 00:02:10 | gpu: 0.2/2.2 GB
2026-07-03 16:25:08 | INFO | benchmark.run | Purified full train | Images: 33792/50000 | 67.58% | 132.29 img/s | elapsed: 00:04:15 | eta: 00:02:02 | gpu: 0.2/2.2 GB
2026-07-03 16:25:16 | INFO | benchmark.run | Purified full train | Images: 34816/50000 | 69.63% | 132.27 img/s | elapsed: 00:04:23 | eta: 00:01:54 | gpu: 0.2/2.2 GB
2026-07-03 16:25:23 | INFO | benchmark.run | Purified full train | Images: 35840/50000 | 71.68% | 132.33 img/s | elapsed: 00:04:30 | eta: 00:01:47 | gpu: 0.2/2.2 GB
2026-07-03 16:25:31 | INFO | benchmark.run | Purified full train | Images: 36864/50000 | 73.73% | 132.33 img/s | elapsed: 00:04:38 | eta: 00:01:39 | gpu: 0.2/2.2 GB
2026-07-03 16:25:39 | INFO | benchmark.run | Purified full train | Images: 37888/50000 | 75.78% | 132.39 img/s | elapsed: 00:04:46 | eta: 00:01:31 | gpu: 0.2/2.2 GB
2026-07-03 16:25:46 | INFO | benchmark.run | Purified full train | Images: 38912/50000 | 77.82% | 132.39 img/s | elapsed: 00:04:53 | eta: 00:01:23 | gpu: 0.2/2.2 GB
2026-07-03 16:25:57 | INFO | benchmark.run | Purified full train | Images: 39936/50000 | 79.87% | 131.19 img/s | elapsed: 00:05:04 | eta: 00:01:16 | gpu: 0.2/2.2 GB
2026-07-03 16:26:05 | INFO | benchmark.run | Purified full train | Images: 40960/50000 | 81.92% | 131.30 img/s | elapsed: 00:05:11 | eta: 00:01:08 | gpu: 0.2/2.2 GB
2026-07-03 16:26:12 | INFO | benchmark.run | Purified full train | Images: 41984/50000 | 83.97% | 131.35 img/s | elapsed: 00:05:19 | eta: 00:01:01 | gpu: 0.2/2.2 GB
2026-07-03 16:26:20 | INFO | benchmark.run | Purified full train | Images: 43008/50000 | 86.02% | 131.40 img/s | elapsed: 00:05:27 | eta: 00:00:53 | gpu: 0.2/2.2 GB
2026-07-03 16:26:27 | INFO | benchmark.run | Purified full train | Images: 44032/50000 | 88.06% | 131.53 img/s | elapsed: 00:05:34 | eta: 00:00:45 | gpu: 0.2/2.2 GB
2026-07-03 16:26:35 | INFO | benchmark.run | Purified full train | Images: 45056/50000 | 90.11% | 131.57 img/s | elapsed: 00:05:42 | eta: 00:00:37 | gpu: 0.2/2.2 GB
2026-07-03 16:26:43 | INFO | benchmark.run | Purified full train | Images: 46080/50000 | 92.16% | 131.66 img/s | elapsed: 00:05:49 | eta: 00:00:29 | gpu: 0.2/2.2 GB
2026-07-03 16:26:50 | INFO | benchmark.run | Purified full train | Images: 47104/50000 | 94.21% | 131.70 img/s | elapsed: 00:05:57 | eta: 00:00:21 | gpu: 0.2/2.2 GB
2026-07-03 16:26:58 | INFO | benchmark.run | Purified full train | Images: 48128/50000 | 96.26% | 131.78 img/s | elapsed: 00:06:05 | eta: 00:00:14 | gpu: 0.2/2.2 GB
2026-07-03 16:27:06 | INFO | benchmark.run | Purified full train | Images: 49152/50000 | 98.30% | 131.76 img/s | elapsed: 00:06:13 | eta: 00:00:06 | gpu: 0.2/2.2 GB
2026-07-03 16:27:12 | INFO | benchmark.run | Purified full train | Images: 50000/50000 | 100.00% | 131.80 img/s | elapsed: 00:06:19 | eta: 00:00:00 | gpu: 0.2/2.2 GB
2026-07-03 16:27:12 | INFO | benchmark.run | ================================================================================
2026-07-03 16:27:12 | INFO | benchmark.run | RETRAINING AND EVALUATING BP_c3_g1...
2026-07-03 16:27:12 | INFO | benchmark.run | ================================================================================
2026-07-03 16:27:13 | INFO | benchmark.run | Loading BP victim ResNet18 from ckpt-%s-4800.t7
==> Resuming from checkpoint for ResNet18..
Using Adam for retraining
2026-07-03 16:27:14, Epoch 0, Iteration 7, loss 0.042 (0.207), acc 98.077 (95.000)
2026-07-03 16:27:14, Epoch 50, Iteration 7, loss 0.000 (0.000), acc 100.000 (100.000)
Target Label: 1, Poison label: 3, Prediction:3, Target's Score:[5.130885137333979e-15, 0.0004294568789191544, 1.0270876937642126e-15, 0.9995705485343933, 3.909166371768351e-16, 1.9779802240549316e-09, 2.0454905999015493e-17, 4.313948064789012e-17, 8.000486384496241e-10, 1.7218586040486372e-13], Poisons' Predictions:[3, 3, 3, 3, 3, 3, 3, 3, 3, 3]
Now evaluating against camera taken images
2026-07-03 16:27:15 Epoch 59, Val iteration 0, acc 93.200 (93.200)
2026-07-03 16:27:17 Epoch 59, Val iteration 19, acc 94.400 (93.630)
* Prec: 93.63000144958497
2026-07-03 16:27:19 | INFO | benchmark.run | Loading BP victim ResNet18 from ckpt-%s-4800.t7
==> Resuming from checkpoint for ResNet18..
Using Adam for retraining
2026-07-03 16:27:19, Epoch 0, Iteration 7, loss 0.333 (1.124), acc 94.231 (81.600)
2026-07-03 16:27:20, Epoch 50, Iteration 7, loss 0.036 (0.070), acc 98.077 (97.600)
Target Label: 1, Poison label: 3, Prediction:1, Target's Score:[2.7281998961048007e-28, 0.9994907379150391, 4.714518577604514e-28, 1.2922277240314292e-24, 4.7768459327995455e-36, 1.0356635582499082e-25, 2.464954524648887e-31, 9.22660325825919e-20, 0.00022847999935038388, 0.0002806976845022291], Poisons' Predictions:[3, 3, 3, 3, 9, 3, 3, 3, 3, 3]
Now evaluating against camera taken images
2026-07-03 16:27:20 Epoch 59, Val iteration 0, acc 93.000 (93.000)
2026-07-03 16:27:22 Epoch 59, Val iteration 19, acc 93.000 (92.300)
* Prec: 92.30000038146973
2026-07-03 16:27:22 | INFO | benchmark.run | Updated benchmark CSV: /media02/ndthuc03/cm-purify-targeted-poisoning/benchmark/outputs/slurm_73353/benchmark_results.csv
2026-07-03 16:27:22 | INFO | benchmark.run | ================================================================================
2026-07-03 16:27:22 | INFO | benchmark.run | CASE 9/30: BP_c4_g0 (BP)
2026-07-03 16:27:22 | INFO | benchmark.run | ================================================================================
2026-07-03 16:28:25 | INFO | benchmark.run | Materialized BP poisoned train | Images: 10000/50000 | 20.00% | 164.21 img/s | elapsed: 00:01:00 | eta: 00:04:03 | gpu: cpu
2026-07-03 16:29:53 | INFO | benchmark.run | Materialized BP poisoned train | Images: 20000/50000 | 40.00% | 133.94 img/s | elapsed: 00:02:29 | eta: 00:03:43 | gpu: cpu
2026-07-03 16:30:51 | INFO | benchmark.run | Materialized BP poisoned train | Images: 30000/50000 | 60.00% | 145.16 img/s | elapsed: 00:03:26 | eta: 00:02:17 | gpu: cpu
2026-07-03 16:31:48 | INFO | benchmark.run | Materialized BP poisoned train | Images: 40000/50000 | 80.00% | 151.63 img/s | elapsed: 00:04:23 | eta: 00:01:05 | gpu: cpu
2026-07-03 16:32:46 | INFO | benchmark.run | Materialized BP poisoned train | Images: 50000/50000 | 100.00% | 155.27 img/s | elapsed: 00:05:22 | eta: 00:00:00 | gpu: cpu
2026-07-03 16:32:57 | INFO | benchmark.run | Purified full train | Images: 1024/50000 | 2.05% | 131.40 img/s | elapsed: 00:00:07 | eta: 00:06:12 | gpu: 0.2/2.2 GB
2026-07-03 16:33:04 | INFO | benchmark.run | Purified full train | Images: 2048/50000 | 4.10% | 132.31 img/s | elapsed: 00:00:15 | eta: 00:06:02 | gpu: 0.2/2.2 GB
2026-07-03 16:33:12 | INFO | benchmark.run | Purified full train | Images: 3072/50000 | 6.14% | 132.67 img/s | elapsed: 00:00:23 | eta: 00:05:53 | gpu: 0.2/2.2 GB
2026-07-03 16:33:20 | INFO | benchmark.run | Purified full train | Images: 4096/50000 | 8.19% | 131.78 img/s | elapsed: 00:00:31 | eta: 00:05:48 | gpu: 0.2/2.2 GB
2026-07-03 16:33:29 | INFO | benchmark.run | Purified full train | Images: 5120/50000 | 10.24% | 128.73 img/s | elapsed: 00:00:39 | eta: 00:05:48 | gpu: 0.2/2.2 GB
2026-07-03 16:33:37 | INFO | benchmark.run | Purified full train | Images: 6144/50000 | 12.29% | 128.68 img/s | elapsed: 00:00:47 | eta: 00:05:40 | gpu: 0.2/2.2 GB
2026-07-03 16:33:45 | INFO | benchmark.run | Purified full train | Images: 7168/50000 | 14.34% | 128.65 img/s | elapsed: 00:00:55 | eta: 00:05:32 | gpu: 0.2/2.2 GB
2026-07-03 16:33:53 | INFO | benchmark.run | Purified full train | Images: 8192/50000 | 16.38% | 128.24 img/s | elapsed: 00:01:03 | eta: 00:05:26 | gpu: 0.2/2.2 GB
2026-07-03 16:34:01 | INFO | benchmark.run | Purified full train | Images: 9216/50000 | 18.43% | 127.84 img/s | elapsed: 00:01:12 | eta: 00:05:19 | gpu: 0.2/2.2 GB
2026-07-03 16:34:09 | INFO | benchmark.run | Purified full train | Images: 10240/50000 | 20.48% | 128.29 img/s | elapsed: 00:01:19 | eta: 00:05:09 | gpu: 0.2/2.2 GB
2026-07-03 16:34:16 | INFO | benchmark.run | Purified full train | Images: 11264/50000 | 22.53% | 128.73 img/s | elapsed: 00:01:27 | eta: 00:05:00 | gpu: 0.2/2.2 GB
2026-07-03 16:34:24 | INFO | benchmark.run | Purified full train | Images: 12288/50000 | 24.58% | 129.21 img/s | elapsed: 00:01:35 | eta: 00:04:51 | gpu: 0.2/2.2 GB
2026-07-03 16:34:32 | INFO | benchmark.run | Purified full train | Images: 13312/50000 | 26.62% | 129.45 img/s | elapsed: 00:01:42 | eta: 00:04:43 | gpu: 0.2/2.2 GB
2026-07-03 16:34:39 | INFO | benchmark.run | Purified full train | Images: 14336/50000 | 28.67% | 129.62 img/s | elapsed: 00:01:50 | eta: 00:04:35 | gpu: 0.2/2.2 GB
2026-07-03 16:34:47 | INFO | benchmark.run | Purified full train | Images: 15360/50000 | 30.72% | 129.69 img/s | elapsed: 00:01:58 | eta: 00:04:27 | gpu: 0.2/2.2 GB
2026-07-03 16:34:55 | INFO | benchmark.run | Purified full train | Images: 16384/50000 | 32.77% | 130.03 img/s | elapsed: 00:02:06 | eta: 00:04:18 | gpu: 0.2/2.2 GB
2026-07-03 16:35:03 | INFO | benchmark.run | Purified full train | Images: 17408/50000 | 34.82% | 130.02 img/s | elapsed: 00:02:13 | eta: 00:04:10 | gpu: 0.2/2.2 GB
2026-07-03 16:35:10 | INFO | benchmark.run | Purified full train | Images: 18432/50000 | 36.86% | 130.35 img/s | elapsed: 00:02:21 | eta: 00:04:02 | gpu: 0.2/2.2 GB
2026-07-03 16:35:18 | INFO | benchmark.run | Purified full train | Images: 19456/50000 | 38.91% | 130.44 img/s | elapsed: 00:02:29 | eta: 00:03:54 | gpu: 0.2/2.2 GB
2026-07-03 16:35:26 | INFO | benchmark.run | Purified full train | Images: 20480/50000 | 40.96% | 130.69 img/s | elapsed: 00:02:36 | eta: 00:03:45 | gpu: 0.2/2.2 GB
2026-07-03 16:35:33 | INFO | benchmark.run | Purified full train | Images: 21504/50000 | 43.01% | 130.68 img/s | elapsed: 00:02:44 | eta: 00:03:38 | gpu: 0.2/2.2 GB
2026-07-03 16:35:41 | INFO | benchmark.run | Purified full train | Images: 22528/50000 | 45.06% | 130.82 img/s | elapsed: 00:02:52 | eta: 00:03:29 | gpu: 0.2/2.2 GB
2026-07-03 16:35:49 | INFO | benchmark.run | Purified full train | Images: 23552/50000 | 47.10% | 130.94 img/s | elapsed: 00:02:59 | eta: 00:03:21 | gpu: 0.2/2.2 GB
2026-07-03 16:35:56 | INFO | benchmark.run | Purified full train | Images: 24576/50000 | 49.15% | 131.18 img/s | elapsed: 00:03:07 | eta: 00:03:13 | gpu: 0.2/2.2 GB
2026-07-03 16:36:04 | INFO | benchmark.run | Purified full train | Images: 25600/50000 | 51.20% | 131.34 img/s | elapsed: 00:03:14 | eta: 00:03:05 | gpu: 0.2/2.2 GB
2026-07-03 16:36:11 | INFO | benchmark.run | Purified full train | Images: 26624/50000 | 53.25% | 131.39 img/s | elapsed: 00:03:22 | eta: 00:02:57 | gpu: 0.2/2.2 GB
2026-07-03 16:36:19 | INFO | benchmark.run | Purified full train | Images: 27648/50000 | 55.30% | 131.54 img/s | elapsed: 00:03:30 | eta: 00:02:49 | gpu: 0.2/2.2 GB
2026-07-03 16:36:27 | INFO | benchmark.run | Purified full train | Images: 28672/50000 | 57.34% | 131.69 img/s | elapsed: 00:03:37 | eta: 00:02:41 | gpu: 0.2/2.2 GB
2026-07-03 16:36:34 | INFO | benchmark.run | Purified full train | Images: 29696/50000 | 59.39% | 131.76 img/s | elapsed: 00:03:45 | eta: 00:02:34 | gpu: 0.2/2.2 GB
2026-07-03 16:36:42 | INFO | benchmark.run | Purified full train | Images: 30720/50000 | 61.44% | 131.71 img/s | elapsed: 00:03:53 | eta: 00:02:26 | gpu: 0.2/2.2 GB
2026-07-03 16:36:50 | INFO | benchmark.run | Purified full train | Images: 31744/50000 | 63.49% | 131.67 img/s | elapsed: 00:04:01 | eta: 00:02:18 | gpu: 0.2/2.2 GB
2026-07-03 16:36:57 | INFO | benchmark.run | Purified full train | Images: 32768/50000 | 65.54% | 131.79 img/s | elapsed: 00:04:08 | eta: 00:02:10 | gpu: 0.2/2.2 GB
2026-07-03 16:37:05 | INFO | benchmark.run | Purified full train | Images: 33792/50000 | 67.58% | 131.86 img/s | elapsed: 00:04:16 | eta: 00:02:02 | gpu: 0.2/2.2 GB
2026-07-03 16:37:13 | INFO | benchmark.run | Purified full train | Images: 34816/50000 | 69.63% | 131.97 img/s | elapsed: 00:04:23 | eta: 00:01:55 | gpu: 0.2/2.2 GB
2026-07-03 16:37:20 | INFO | benchmark.run | Purified full train | Images: 35840/50000 | 71.68% | 131.94 img/s | elapsed: 00:04:31 | eta: 00:01:47 | gpu: 0.2/2.2 GB
2026-07-03 16:37:28 | INFO | benchmark.run | Purified full train | Images: 36864/50000 | 73.73% | 132.06 img/s | elapsed: 00:04:39 | eta: 00:01:39 | gpu: 0.2/2.2 GB
2026-07-03 16:37:36 | INFO | benchmark.run | Purified full train | Images: 37888/50000 | 75.78% | 132.11 img/s | elapsed: 00:04:46 | eta: 00:01:31 | gpu: 0.2/2.2 GB
2026-07-03 16:37:43 | INFO | benchmark.run | Purified full train | Images: 38912/50000 | 77.82% | 132.06 img/s | elapsed: 00:04:54 | eta: 00:01:23 | gpu: 0.2/2.2 GB
2026-07-03 16:37:51 | INFO | benchmark.run | Purified full train | Images: 39936/50000 | 79.87% | 131.97 img/s | elapsed: 00:05:02 | eta: 00:01:16 | gpu: 0.2/2.2 GB
2026-07-03 16:37:59 | INFO | benchmark.run | Purified full train | Images: 40960/50000 | 81.92% | 132.06 img/s | elapsed: 00:05:10 | eta: 00:01:08 | gpu: 0.2/2.2 GB
2026-07-03 16:38:07 | INFO | benchmark.run | Purified full train | Images: 41984/50000 | 83.97% | 132.03 img/s | elapsed: 00:05:17 | eta: 00:01:00 | gpu: 0.2/2.2 GB
2026-07-03 16:38:14 | INFO | benchmark.run | Purified full train | Images: 43008/50000 | 86.02% | 132.08 img/s | elapsed: 00:05:25 | eta: 00:00:52 | gpu: 0.2/2.2 GB
2026-07-03 16:38:22 | INFO | benchmark.run | Purified full train | Images: 44032/50000 | 88.06% | 132.16 img/s | elapsed: 00:05:33 | eta: 00:00:45 | gpu: 0.2/2.2 GB
2026-07-03 16:38:30 | INFO | benchmark.run | Purified full train | Images: 45056/50000 | 90.11% | 132.19 img/s | elapsed: 00:05:40 | eta: 00:00:37 | gpu: 0.2/2.2 GB
2026-07-03 16:38:37 | INFO | benchmark.run | Purified full train | Images: 46080/50000 | 92.16% | 132.26 img/s | elapsed: 00:05:48 | eta: 00:00:29 | gpu: 0.2/2.2 GB
2026-07-03 16:38:45 | INFO | benchmark.run | Purified full train | Images: 47104/50000 | 94.21% | 132.19 img/s | elapsed: 00:05:56 | eta: 00:00:21 | gpu: 0.2/2.2 GB
2026-07-03 16:38:53 | INFO | benchmark.run | Purified full train | Images: 48128/50000 | 96.26% | 132.15 img/s | elapsed: 00:06:04 | eta: 00:00:14 | gpu: 0.2/2.2 GB
2026-07-03 16:39:01 | INFO | benchmark.run | Purified full train | Images: 49152/50000 | 98.30% | 132.19 img/s | elapsed: 00:06:11 | eta: 00:00:06 | gpu: 0.2/2.2 GB
2026-07-03 16:39:07 | INFO | benchmark.run | Purified full train | Images: 50000/50000 | 100.00% | 132.24 img/s | elapsed: 00:06:18 | eta: 00:00:00 | gpu: 0.2/2.2 GB
2026-07-03 16:39:07 | INFO | benchmark.run | ================================================================================
2026-07-03 16:39:07 | INFO | benchmark.run | RETRAINING AND EVALUATING BP_c4_g0...
2026-07-03 16:39:07 | INFO | benchmark.run | ================================================================================
2026-07-03 16:39:08 | INFO | benchmark.run | Loading BP victim ResNet18 from ckpt-%s-4800.t7
==> Resuming from checkpoint for ResNet18..
Using Adam for retraining
2026-07-03 16:39:09, Epoch 0, Iteration 7, loss 0.430 (0.446), acc 92.308 (89.000)
2026-07-03 16:39:09, Epoch 50, Iteration 7, loss 0.016 (0.009), acc 100.000 (99.600)
Target Label: 8, Poison label: 4, Prediction:4, Target's Score:[1.2538287787444138e-15, 4.1080340554585198e-19, 1.6676684921890228e-08, 3.6839408404890246e-16, 0.8947423100471497, 7.815056110929697e-13, 1.704436257848178e-17, 1.7962655812018543e-16, 0.10525768250226974, 5.1819112491095255e-15], Poisons' Predictions:[4, 4, 4, 4, 4, 4, 4, 4, 4, 8]
Now evaluating against camera taken images
2026-07-03 16:39:09 Epoch 59, Val iteration 0, acc 92.200 (92.200)
2026-07-03 16:39:11 Epoch 59, Val iteration 19, acc 94.400 (93.660)
* Prec: 93.66000137329101
2026-07-03 16:39:14 | INFO | benchmark.run | Loading BP victim ResNet18 from ckpt-%s-4800.t7
==> Resuming from checkpoint for ResNet18..
Using Adam for retraining
2026-07-03 16:39:14, Epoch 0, Iteration 7, loss 0.593 (1.134), acc 90.385 (77.200)
2026-07-03 16:39:15, Epoch 50, Iteration 7, loss 0.047 (0.069), acc 100.000 (97.800)
Target Label: 8, Poison label: 4, Prediction:8, Target's Score:[4.6405390711138326e-18, 2.360700574323255e-24, 0.04594244062900543, 1.5635920081536208e-18, 4.969896849615907e-08, 6.874545869695503e-16, 6.042563462377495e-22, 8.704960907654895e-18, 0.954057514667511, 1.0408797406619413e-14], Poisons' Predictions:[4, 4, 4, 4, 4, 4, 4, 4, 4, 4]
Now evaluating against camera taken images
2026-07-03 16:39:15 Epoch 59, Val iteration 0, acc 90.200 (90.200)
2026-07-03 16:39:17 Epoch 59, Val iteration 19, acc 91.600 (90.320)
* Prec: 90.3200008392334
2026-07-03 16:39:17 | INFO | benchmark.run | Updated benchmark CSV: /media02/ndthuc03/cm-purify-targeted-poisoning/benchmark/outputs/slurm_73353/benchmark_results.csv
2026-07-03 16:39:17 | INFO | benchmark.run | ================================================================================
2026-07-03 16:39:17 | INFO | benchmark.run | CASE 10/30: BP_c4_g1 (BP)
2026-07-03 16:39:17 | INFO | benchmark.run | ================================================================================
2026-07-03 16:40:18 | INFO | benchmark.run | Materialized BP poisoned train | Images: 10000/50000 | 20.00% | 170.43 img/s | elapsed: 00:00:58 | eta: 00:03:54 | gpu: cpu
2026-07-03 16:41:16 | INFO | benchmark.run | Materialized BP poisoned train | Images: 20000/50000 | 40.00% | 170.84 img/s | elapsed: 00:01:57 | eta: 00:02:55 | gpu: cpu
2026-07-03 16:42:14 | INFO | benchmark.run | Materialized BP poisoned train | Images: 30000/50000 | 60.00% | 170.85 img/s | elapsed: 00:02:55 | eta: 00:01:57 | gpu: cpu
2026-07-03 16:43:13 | INFO | benchmark.run | Materialized BP poisoned train | Images: 40000/50000 | 80.00% | 170.89 img/s | elapsed: 00:03:54 | eta: 00:00:58 | gpu: cpu
2026-07-03 16:44:11 | INFO | benchmark.run | Materialized BP poisoned train | Images: 50000/50000 | 100.00% | 170.97 img/s | elapsed: 00:04:52 | eta: 00:00:00 | gpu: cpu
2026-07-03 16:44:22 | INFO | benchmark.run | Purified full train | Images: 1024/50000 | 2.05% | 132.53 img/s | elapsed: 00:00:07 | eta: 00:06:09 | gpu: 0.2/2.2 GB
2026-07-03 16:44:29 | INFO | benchmark.run | Purified full train | Images: 2048/50000 | 4.10% | 131.81 img/s | elapsed: 00:00:15 | eta: 00:06:03 | gpu: 0.2/2.2 GB
2026-07-03 16:44:37 | INFO | benchmark.run | Purified full train | Images: 3072/50000 | 6.14% | 132.08 img/s | elapsed: 00:00:23 | eta: 00:05:55 | gpu: 0.2/2.2 GB
2026-07-03 16:44:45 | INFO | benchmark.run | Purified full train | Images: 4096/50000 | 8.19% | 130.77 img/s | elapsed: 00:00:31 | eta: 00:05:51 | gpu: 0.2/2.2 GB
2026-07-03 16:44:53 | INFO | benchmark.run | Purified full train | Images: 5120/50000 | 10.24% | 130.53 img/s | elapsed: 00:00:39 | eta: 00:05:43 | gpu: 0.2/2.2 GB
2026-07-03 16:45:01 | INFO | benchmark.run | Purified full train | Images: 6144/50000 | 12.29% | 129.62 img/s | elapsed: 00:00:47 | eta: 00:05:38 | gpu: 0.2/2.2 GB
2026-07-03 16:45:09 | INFO | benchmark.run | Purified full train | Images: 7168/50000 | 14.34% | 129.87 img/s | elapsed: 00:00:55 | eta: 00:05:29 | gpu: 0.2/2.2 GB
2026-07-03 16:45:17 | INFO | benchmark.run | Purified full train | Images: 8192/50000 | 16.38% | 129.51 img/s | elapsed: 00:01:03 | eta: 00:05:22 | gpu: 0.2/2.2 GB
2026-07-03 16:45:25 | INFO | benchmark.run | Purified full train | Images: 9216/50000 | 18.43% | 129.65 img/s | elapsed: 00:01:11 | eta: 00:05:14 | gpu: 0.2/2.2 GB
2026-07-03 16:45:33 | INFO | benchmark.run | Purified full train | Images: 10240/50000 | 20.48% | 129.70 img/s | elapsed: 00:01:18 | eta: 00:05:06 | gpu: 0.2/2.2 GB
2026-07-03 16:45:40 | INFO | benchmark.run | Purified full train | Images: 11264/50000 | 22.53% | 130.07 img/s | elapsed: 00:01:26 | eta: 00:04:57 | gpu: 0.2/2.2 GB
2026-07-03 16:45:49 | INFO | benchmark.run | Purified full train | Images: 12288/50000 | 24.58% | 129.72 img/s | elapsed: 00:01:34 | eta: 00:04:50 | gpu: 0.2/2.2 GB
2026-07-03 16:45:57 | INFO | benchmark.run | Purified full train | Images: 13312/50000 | 26.62% | 129.65 img/s | elapsed: 00:01:42 | eta: 00:04:42 | gpu: 0.2/2.2 GB
2026-07-03 16:46:05 | INFO | benchmark.run | Purified full train | Images: 14336/50000 | 28.67% | 129.42 img/s | elapsed: 00:01:50 | eta: 00:04:35 | gpu: 0.2/2.2 GB
2026-07-03 16:46:12 | INFO | benchmark.run | Purified full train | Images: 15360/50000 | 30.72% | 129.63 img/s | elapsed: 00:01:58 | eta: 00:04:27 | gpu: 0.2/2.2 GB
2026-07-03 16:46:20 | INFO | benchmark.run | Purified full train | Images: 16384/50000 | 32.77% | 129.64 img/s | elapsed: 00:02:06 | eta: 00:04:19 | gpu: 0.2/2.2 GB
2026-07-03 16:46:28 | INFO | benchmark.run | Purified full train | Images: 17408/50000 | 34.82% | 129.67 img/s | elapsed: 00:02:14 | eta: 00:04:11 | gpu: 0.2/2.2 GB
2026-07-03 16:46:36 | INFO | benchmark.run | Purified full train | Images: 18432/50000 | 36.86% | 129.88 img/s | elapsed: 00:02:21 | eta: 00:04:03 | gpu: 0.2/2.2 GB
2026-07-03 16:46:43 | INFO | benchmark.run | Purified full train | Images: 19456/50000 | 38.91% | 130.05 img/s | elapsed: 00:02:29 | eta: 00:03:54 | gpu: 0.2/2.2 GB
2026-07-03 16:46:51 | INFO | benchmark.run | Purified full train | Images: 20480/50000 | 40.96% | 130.21 img/s | elapsed: 00:02:37 | eta: 00:03:46 | gpu: 0.2/2.2 GB
2026-07-03 16:46:59 | INFO | benchmark.run | Purified full train | Images: 21504/50000 | 43.01% | 130.20 img/s | elapsed: 00:02:45 | eta: 00:03:38 | gpu: 0.2/2.2 GB
2026-07-03 16:47:07 | INFO | benchmark.run | Purified full train | Images: 22528/50000 | 45.06% | 130.17 img/s | elapsed: 00:02:53 | eta: 00:03:31 | gpu: 0.2/2.2 GB
2026-07-03 16:47:15 | INFO | benchmark.run | Purified full train | Images: 23552/50000 | 47.10% | 129.98 img/s | elapsed: 00:03:01 | eta: 00:03:23 | gpu: 0.2/2.2 GB
2026-07-03 16:47:23 | INFO | benchmark.run | Purified full train | Images: 24576/50000 | 49.15% | 130.09 img/s | elapsed: 00:03:08 | eta: 00:03:15 | gpu: 0.2/2.2 GB
2026-07-03 16:47:34 | INFO | benchmark.run | Purified full train | Images: 25600/50000 | 51.20% | 127.98 img/s | elapsed: 00:03:20 | eta: 00:03:10 | gpu: 0.2/2.2 GB
2026-07-03 16:47:42 | INFO | benchmark.run | Purified full train | Images: 26624/50000 | 53.25% | 128.16 img/s | elapsed: 00:03:27 | eta: 00:03:02 | gpu: 0.2/2.2 GB
2026-07-03 16:47:49 | INFO | benchmark.run | Purified full train | Images: 27648/50000 | 55.30% | 128.28 img/s | elapsed: 00:03:35 | eta: 00:02:54 | gpu: 0.2/2.2 GB
2026-07-03 16:47:57 | INFO | benchmark.run | Purified full train | Images: 28672/50000 | 57.34% | 128.44 img/s | elapsed: 00:03:43 | eta: 00:02:46 | gpu: 0.2/2.2 GB
2026-07-03 16:48:05 | INFO | benchmark.run | Purified full train | Images: 29696/50000 | 59.39% | 128.50 img/s | elapsed: 00:03:51 | eta: 00:02:38 | gpu: 0.2/2.2 GB
2026-07-03 16:48:13 | INFO | benchmark.run | Purified full train | Images: 30720/50000 | 61.44% | 128.68 img/s | elapsed: 00:03:58 | eta: 00:02:29 | gpu: 0.2/2.2 GB
2026-07-03 16:48:20 | INFO | benchmark.run | Purified full train | Images: 31744/50000 | 63.49% | 128.74 img/s | elapsed: 00:04:06 | eta: 00:02:21 | gpu: 0.2/2.2 GB
2026-07-03 16:48:28 | INFO | benchmark.run | Purified full train | Images: 32768/50000 | 65.54% | 128.84 img/s | elapsed: 00:04:14 | eta: 00:02:13 | gpu: 0.2/2.2 GB
2026-07-03 16:48:36 | INFO | benchmark.run | Purified full train | Images: 33792/50000 | 67.58% | 128.72 img/s | elapsed: 00:04:22 | eta: 00:02:05 | gpu: 0.2/2.2 GB
2026-07-03 16:48:45 | INFO | benchmark.run | Purified full train | Images: 34816/50000 | 69.63% | 128.40 img/s | elapsed: 00:04:31 | eta: 00:01:58 | gpu: 0.2/2.2 GB
2026-07-03 16:48:53 | INFO | benchmark.run | Purified full train | Images: 35840/50000 | 71.68% | 128.47 img/s | elapsed: 00:04:38 | eta: 00:01:50 | gpu: 0.2/2.2 GB
2026-07-03 16:49:01 | INFO | benchmark.run | Purified full train | Images: 36864/50000 | 73.73% | 128.46 img/s | elapsed: 00:04:46 | eta: 00:01:42 | gpu: 0.2/2.2 GB
2026-07-03 16:49:09 | INFO | benchmark.run | Purified full train | Images: 37888/50000 | 75.78% | 128.54 img/s | elapsed: 00:04:54 | eta: 00:01:34 | gpu: 0.2/2.2 GB
2026-07-03 16:49:17 | INFO | benchmark.run | Purified full train | Images: 38912/50000 | 77.82% | 128.48 img/s | elapsed: 00:05:02 | eta: 00:01:26 | gpu: 0.2/2.2 GB
2026-07-03 16:49:25 | INFO | benchmark.run | Purified full train | Images: 39936/50000 | 79.87% | 128.56 img/s | elapsed: 00:05:10 | eta: 00:01:18 | gpu: 0.2/2.2 GB
2026-07-03 16:49:32 | INFO | benchmark.run | Purified full train | Images: 40960/50000 | 81.92% | 128.65 img/s | elapsed: 00:05:18 | eta: 00:01:10 | gpu: 0.2/2.2 GB
2026-07-03 16:49:40 | INFO | benchmark.run | Purified full train | Images: 41984/50000 | 83.97% | 128.76 img/s | elapsed: 00:05:26 | eta: 00:01:02 | gpu: 0.2/2.2 GB
2026-07-03 16:49:48 | INFO | benchmark.run | Purified full train | Images: 43008/50000 | 86.02% | 128.80 img/s | elapsed: 00:05:33 | eta: 00:00:54 | gpu: 0.2/2.2 GB
2026-07-03 16:49:55 | INFO | benchmark.run | Purified full train | Images: 44032/50000 | 88.06% | 128.94 img/s | elapsed: 00:05:41 | eta: 00:00:46 | gpu: 0.2/2.2 GB
2026-07-03 16:50:03 | INFO | benchmark.run | Purified full train | Images: 45056/50000 | 90.11% | 128.89 img/s | elapsed: 00:05:49 | eta: 00:00:38 | gpu: 0.2/2.2 GB
2026-07-03 16:50:11 | INFO | benchmark.run | Purified full train | Images: 46080/50000 | 92.16% | 128.98 img/s | elapsed: 00:05:57 | eta: 00:00:30 | gpu: 0.2/2.2 GB
2026-07-03 16:50:19 | INFO | benchmark.run | Purified full train | Images: 47104/50000 | 94.21% | 129.01 img/s | elapsed: 00:06:05 | eta: 00:00:22 | gpu: 0.2/2.2 GB
2026-07-03 16:50:27 | INFO | benchmark.run | Purified full train | Images: 48128/50000 | 96.26% | 129.08 img/s | elapsed: 00:06:12 | eta: 00:00:14 | gpu: 0.2/2.2 GB
2026-07-03 16:50:35 | INFO | benchmark.run | Purified full train | Images: 49152/50000 | 98.30% | 129.13 img/s | elapsed: 00:06:20 | eta: 00:00:06 | gpu: 0.2/2.2 GB
2026-07-03 16:50:41 | INFO | benchmark.run | Purified full train | Images: 50000/50000 | 100.00% | 129.20 img/s | elapsed: 00:06:26 | eta: 00:00:00 | gpu: 0.2/2.2 GB
2026-07-03 16:50:41 | INFO | benchmark.run | ================================================================================
2026-07-03 16:50:41 | INFO | benchmark.run | RETRAINING AND EVALUATING BP_c4_g1...
2026-07-03 16:50:41 | INFO | benchmark.run | ================================================================================
2026-07-03 16:50:42 | INFO | benchmark.run | Loading BP victim ResNet18 from ckpt-%s-4800.t7
==> Resuming from checkpoint for ResNet18..
Using Adam for retraining
2026-07-03 16:50:43, Epoch 0, Iteration 7, loss 0.000 (0.339), acc 100.000 (94.400)
2026-07-03 16:50:43, Epoch 50, Iteration 7, loss 0.001 (0.002), acc 100.000 (100.000)
Target Label: 9, Poison label: 4, Prediction:4, Target's Score:[3.402379518464729e-15, 1.546154155228352e-12, 2.8024365050782762e-09, 1.623063696518188e-14, 0.9856078624725342, 5.556942167701806e-13, 2.3040267610463516e-12, 4.020902263490028e-13, 1.3255511082647145e-16, 0.01439217384904623], Poisons' Predictions:[4, 4, 4, 4, 4, 4, 4, 4, 4, 4]
Now evaluating against camera taken images
2026-07-03 16:50:44 Epoch 59, Val iteration 0, acc 93.400 (93.400)
2026-07-03 16:50:46 Epoch 59, Val iteration 19, acc 94.200 (94.030)
* Prec: 94.03000106811524
2026-07-03 16:50:48 | INFO | benchmark.run | Loading BP victim ResNet18 from ckpt-%s-4800.t7
==> Resuming from checkpoint for ResNet18..
Using Adam for retraining
2026-07-03 16:50:48, Epoch 0, Iteration 7, loss 0.690 (1.091), acc 88.462 (78.000)
2026-07-03 16:50:49, Epoch 50, Iteration 7, loss 0.090 (0.072), acc 96.154 (97.600)
Target Label: 9, Poison label: 4, Prediction:9, Target's Score:[4.9613495320954826e-06, 3.5860838920598326e-07, 1.797858482131966e-21, 2.2953292542668606e-17, 3.947793629777152e-07, 2.2527031483769005e-17, 1.7923541767667937e-20, 6.0646222220980094e-24, 4.3377400433062945e-27, 0.9999942779541016], Poisons' Predictions:[4, 4, 4, 4, 4, 4, 4, 4, 4, 4]
Now evaluating against camera taken images
2026-07-03 16:50:49 Epoch 59, Val iteration 0, acc 89.800 (89.800)
2026-07-03 16:50:51 Epoch 59, Val iteration 19, acc 90.200 (89.780)
* Prec: 89.78000144958496
2026-07-03 16:50:51 | INFO | benchmark.run | Updated benchmark CSV: /media02/ndthuc03/cm-purify-targeted-poisoning/benchmark/outputs/slurm_73353/benchmark_results.csv
2026-07-03 16:50:51 | INFO | benchmark.run | ================================================================================
2026-07-03 16:50:51 | INFO | benchmark.run | CASE 11/30: BP_c5_g0 (BP)
2026-07-03 16:50:51 | INFO | benchmark.run | ================================================================================
2026-07-03 16:51:52 | INFO | benchmark.run | Materialized BP poisoned train | Images: 10000/50000 | 20.00% | 170.60 img/s | elapsed: 00:00:58 | eta: 00:03:54 | gpu: cpu
2026-07-03 16:52:49 | INFO | benchmark.run | Materialized BP poisoned train | Images: 20000/50000 | 40.00% | 171.86 img/s | elapsed: 00:01:56 | eta: 00:02:54 | gpu: cpu
2026-07-03 16:53:48 | INFO | benchmark.run | Materialized BP poisoned train | Images: 30000/50000 | 60.00% | 171.56 img/s | elapsed: 00:02:54 | eta: 00:01:56 | gpu: cpu
2026-07-03 16:54:48 | INFO | benchmark.run | Materialized BP poisoned train | Images: 40000/50000 | 80.00% | 170.25 img/s | elapsed: 00:03:54 | eta: 00:00:58 | gpu: cpu
2026-07-03 16:55:55 | INFO | benchmark.run | Materialized BP poisoned train | Images: 50000/50000 | 100.00% | 165.59 img/s | elapsed: 00:05:01 | eta: 00:00:00 | gpu: cpu
2026-07-03 16:56:36 | INFO | benchmark.run | Purified full train | Images: 1024/50000 | 2.05% | 26.82 img/s | elapsed: 00:00:38 | eta: 00:30:25 | gpu: 0.2/2.2 GB
2026-07-03 16:56:44 | INFO | benchmark.run | Purified full train | Images: 2048/50000 | 4.10% | 44.12 img/s | elapsed: 00:00:46 | eta: 00:18:06 | gpu: 0.2/2.2 GB
2026-07-03 16:56:53 | INFO | benchmark.run | Purified full train | Images: 3072/50000 | 6.14% | 56.14 img/s | elapsed: 00:00:54 | eta: 00:13:55 | gpu: 0.2/2.2 GB
2026-07-03 16:57:37 | INFO | benchmark.run | Purified full train | Images: 4096/50000 | 8.19% | 41.45 img/s | elapsed: 00:01:38 | eta: 00:18:27 | gpu: 0.2/2.2 GB
2026-07-03 16:58:16 | INFO | benchmark.run | Purified full train | Images: 5120/50000 | 10.24% | 37.04 img/s | elapsed: 00:02:18 | eta: 00:20:11 | gpu: 0.2/2.2 GB
2026-07-03 16:58:25 | INFO | benchmark.run | Purified full train | Images: 6144/50000 | 12.29% | 41.88 img/s | elapsed: 00:02:26 | eta: 00:17:27 | gpu: 0.2/2.2 GB
2026-07-03 16:58:33 | INFO | benchmark.run | Purified full train | Images: 7168/50000 | 14.34% | 46.31 img/s | elapsed: 00:02:34 | eta: 00:15:24 | gpu: 0.2/2.2 GB
2026-07-03 16:58:41 | INFO | benchmark.run | Purified full train | Images: 8192/50000 | 16.38% | 50.35 img/s | elapsed: 00:02:42 | eta: 00:13:50 | gpu: 0.2/2.2 GB
2026-07-03 16:58:49 | INFO | benchmark.run | Purified full train | Images: 9216/50000 | 18.43% | 54.03 img/s | elapsed: 00:02:50 | eta: 00:12:34 | gpu: 0.2/2.2 GB
2026-07-03 16:58:56 | INFO | benchmark.run | Purified full train | Images: 10240/50000 | 20.48% | 57.38 img/s | elapsed: 00:02:58 | eta: 00:11:32 | gpu: 0.2/2.2 GB
2026-07-03 16:59:05 | INFO | benchmark.run | Purified full train | Images: 11264/50000 | 22.53% | 60.26 img/s | elapsed: 00:03:06 | eta: 00:10:42 | gpu: 0.2/2.2 GB
2026-07-03 16:59:13 | INFO | benchmark.run | Purified full train | Images: 12288/50000 | 24.58% | 63.13 img/s | elapsed: 00:03:14 | eta: 00:09:57 | gpu: 0.2/2.2 GB
2026-07-03 16:59:21 | INFO | benchmark.run | Purified full train | Images: 13312/50000 | 26.62% | 65.66 img/s | elapsed: 00:03:22 | eta: 00:09:18 | gpu: 0.2/2.2 GB
2026-07-03 16:59:29 | INFO | benchmark.run | Purified full train | Images: 14336/50000 | 28.67% | 67.95 img/s | elapsed: 00:03:30 | eta: 00:08:44 | gpu: 0.2/2.2 GB
2026-07-03 16:59:37 | INFO | benchmark.run | Purified full train | Images: 15360/50000 | 30.72% | 70.21 img/s | elapsed: 00:03:38 | eta: 00:08:13 | gpu: 0.2/2.2 GB
2026-07-03 16:59:45 | INFO | benchmark.run | Purified full train | Images: 16384/50000 | 32.77% | 72.30 img/s | elapsed: 00:03:46 | eta: 00:07:44 | gpu: 0.2/2.2 GB
2026-07-03 16:59:52 | INFO | benchmark.run | Purified full train | Images: 17408/50000 | 34.82% | 74.23 img/s | elapsed: 00:03:54 | eta: 00:07:19 | gpu: 0.2/2.2 GB
2026-07-03 17:00:00 | INFO | benchmark.run | Purified full train | Images: 18432/50000 | 36.86% | 76.01 img/s | elapsed: 00:04:02 | eta: 00:06:55 | gpu: 0.2/2.2 GB
2026-07-03 17:00:08 | INFO | benchmark.run | Purified full train | Images: 19456/50000 | 38.91% | 77.74 img/s | elapsed: 00:04:10 | eta: 00:06:32 | gpu: 0.2/2.2 GB
2026-07-03 17:00:16 | INFO | benchmark.run | Purified full train | Images: 20480/50000 | 40.96% | 79.29 img/s | elapsed: 00:04:18 | eta: 00:06:12 | gpu: 0.2/2.2 GB
2026-07-03 17:00:24 | INFO | benchmark.run | Purified full train | Images: 21504/50000 | 43.01% | 80.85 img/s | elapsed: 00:04:25 | eta: 00:05:52 | gpu: 0.2/2.2 GB
2026-07-03 17:00:32 | INFO | benchmark.run | Purified full train | Images: 22528/50000 | 45.06% | 82.24 img/s | elapsed: 00:04:33 | eta: 00:05:34 | gpu: 0.2/2.2 GB
2026-07-03 17:00:39 | INFO | benchmark.run | Purified full train | Images: 23552/50000 | 47.10% | 83.66 img/s | elapsed: 00:04:41 | eta: 00:05:16 | gpu: 0.2/2.2 GB
2026-07-03 17:00:47 | INFO | benchmark.run | Purified full train | Images: 24576/50000 | 49.15% | 84.98 img/s | elapsed: 00:04:49 | eta: 00:04:59 | gpu: 0.2/2.2 GB
2026-07-03 17:00:55 | INFO | benchmark.run | Purified full train | Images: 25600/50000 | 51.20% | 86.19 img/s | elapsed: 00:04:57 | eta: 00:04:43 | gpu: 0.2/2.2 GB
2026-07-03 17:01:03 | INFO | benchmark.run | Purified full train | Images: 26624/50000 | 53.25% | 87.29 img/s | elapsed: 00:05:04 | eta: 00:04:27 | gpu: 0.2/2.2 GB
2026-07-03 17:01:11 | INFO | benchmark.run | Purified full train | Images: 27648/50000 | 55.30% | 88.44 img/s | elapsed: 00:05:12 | eta: 00:04:12 | gpu: 0.2/2.2 GB
2026-07-03 17:01:35 | INFO | benchmark.run | Purified full train | Images: 28672/50000 | 57.34% | 85.04 img/s | elapsed: 00:05:37 | eta: 00:04:10 | gpu: 0.2/2.2 GB
2026-07-03 17:01:43 | INFO | benchmark.run | Purified full train | Images: 29696/50000 | 59.39% | 86.13 img/s | elapsed: 00:05:44 | eta: 00:03:55 | gpu: 0.2/2.2 GB
2026-07-03 17:01:51 | INFO | benchmark.run | Purified full train | Images: 30720/50000 | 61.44% | 87.11 img/s | elapsed: 00:05:52 | eta: 00:03:41 | gpu: 0.2/2.2 GB
2026-07-03 17:01:59 | INFO | benchmark.run | Purified full train | Images: 31744/50000 | 63.49% | 88.01 img/s | elapsed: 00:06:00 | eta: 00:03:27 | gpu: 0.2/2.2 GB
2026-07-03 17:02:07 | INFO | benchmark.run | Purified full train | Images: 32768/50000 | 65.54% | 88.89 img/s | elapsed: 00:06:08 | eta: 00:03:13 | gpu: 0.2/2.2 GB
2026-07-03 17:02:15 | INFO | benchmark.run | Purified full train | Images: 33792/50000 | 67.58% | 89.69 img/s | elapsed: 00:06:16 | eta: 00:03:00 | gpu: 0.2/2.2 GB
2026-07-03 17:02:23 | INFO | benchmark.run | Purified full train | Images: 34816/50000 | 69.63% | 90.48 img/s | elapsed: 00:06:24 | eta: 00:02:47 | gpu: 0.2/2.2 GB
2026-07-03 17:02:31 | INFO | benchmark.run | Purified full train | Images: 35840/50000 | 71.68% | 91.24 img/s | elapsed: 00:06:32 | eta: 00:02:35 | gpu: 0.2/2.2 GB
2026-07-03 17:02:39 | INFO | benchmark.run | Purified full train | Images: 36864/50000 | 73.73% | 91.98 img/s | elapsed: 00:06:40 | eta: 00:02:22 | gpu: 0.2/2.2 GB
2026-07-03 17:02:47 | INFO | benchmark.run | Purified full train | Images: 37888/50000 | 75.78% | 92.66 img/s | elapsed: 00:06:48 | eta: 00:02:10 | gpu: 0.2/2.2 GB
2026-07-03 17:02:55 | INFO | benchmark.run | Purified full train | Images: 38912/50000 | 77.82% | 93.38 img/s | elapsed: 00:06:56 | eta: 00:01:58 | gpu: 0.2/2.2 GB
2026-07-03 17:03:03 | INFO | benchmark.run | Purified full train | Images: 39936/50000 | 79.87% | 94.03 img/s | elapsed: 00:07:04 | eta: 00:01:47 | gpu: 0.2/2.2 GB
2026-07-03 17:03:11 | INFO | benchmark.run | Purified full train | Images: 40960/50000 | 81.92% | 94.67 img/s | elapsed: 00:07:12 | eta: 00:01:35 | gpu: 0.2/2.2 GB
2026-07-03 17:03:19 | INFO | benchmark.run | Purified full train | Images: 41984/50000 | 83.97% | 95.27 img/s | elapsed: 00:07:20 | eta: 00:01:24 | gpu: 0.2/2.2 GB
2026-07-03 17:03:27 | INFO | benchmark.run | Purified full train | Images: 43008/50000 | 86.02% | 95.84 img/s | elapsed: 00:07:28 | eta: 00:01:12 | gpu: 0.2/2.2 GB
2026-07-03 17:03:35 | INFO | benchmark.run | Purified full train | Images: 44032/50000 | 88.06% | 96.41 img/s | elapsed: 00:07:36 | eta: 00:01:01 | gpu: 0.2/2.2 GB
2026-07-03 17:03:42 | INFO | benchmark.run | Purified full train | Images: 45056/50000 | 90.11% | 96.99 img/s | elapsed: 00:07:44 | eta: 00:00:50 | gpu: 0.2/2.2 GB
2026-07-03 17:03:50 | INFO | benchmark.run | Purified full train | Images: 46080/50000 | 92.16% | 97.53 img/s | elapsed: 00:07:52 | eta: 00:00:40 | gpu: 0.2/2.2 GB
2026-07-03 17:03:58 | INFO | benchmark.run | Purified full train | Images: 47104/50000 | 94.21% | 98.06 img/s | elapsed: 00:08:00 | eta: 00:00:29 | gpu: 0.2/2.2 GB
2026-07-03 17:04:06 | INFO | benchmark.run | Purified full train | Images: 48128/50000 | 96.26% | 98.59 img/s | elapsed: 00:08:08 | eta: 00:00:18 | gpu: 0.2/2.2 GB
2026-07-03 17:04:14 | INFO | benchmark.run | Purified full train | Images: 49152/50000 | 98.30% | 99.09 img/s | elapsed: 00:08:16 | eta: 00:00:08 | gpu: 0.2/2.2 GB
2026-07-03 17:04:21 | INFO | benchmark.run | Purified full train | Images: 50000/50000 | 100.00% | 99.48 img/s | elapsed: 00:08:22 | eta: 00:00:00 | gpu: 0.2/2.2 GB
2026-07-03 17:04:21 | INFO | benchmark.run | ================================================================================
2026-07-03 17:04:21 | INFO | benchmark.run | RETRAINING AND EVALUATING BP_c5_g0...
2026-07-03 17:04:21 | INFO | benchmark.run | ================================================================================
2026-07-03 17:04:22 | INFO | benchmark.run | Loading BP victim ResNet18 from ckpt-%s-4800.t7
==> Resuming from checkpoint for ResNet18..
Using Adam for retraining
2026-07-03 17:04:23, Epoch 0, Iteration 7, loss 0.000 (0.319), acc 100.000 (94.200)
2026-07-03 17:04:23, Epoch 50, Iteration 7, loss 0.000 (0.001), acc 100.000 (100.000)
Target Label: 4, Poison label: 5, Prediction:5, Target's Score:[8.889063386391719e-16, 5.19216424412286e-14, 5.933259992979971e-17, 1.5663619258323312e-18, 0.014639368280768394, 0.9853606820106506, 6.842228941822299e-25, 2.0749509682898704e-17, 4.3963435184715924e-24, 5.3736353853132546e-20], Poisons' Predictions:[5, 5, 5, 5, 5, 5, 5, 5, 5, 5]
Now evaluating against camera taken images
2026-07-03 17:04:23 Epoch 59, Val iteration 0, acc 94.200 (94.200)
2026-07-03 17:04:25 Epoch 59, Val iteration 19, acc 94.800 (94.200)
* Prec: 94.2000015258789
2026-07-03 17:04:27 | INFO | benchmark.run | Loading BP victim ResNet18 from ckpt-%s-4800.t7
==> Resuming from checkpoint for ResNet18..
Using Adam for retraining
2026-07-03 17:04:28, Epoch 0, Iteration 7, loss 0.830 (1.478), acc 84.615 (74.000)
2026-07-03 17:04:28, Epoch 50, Iteration 7, loss 0.084 (0.088), acc 96.154 (97.400)
Target Label: 4, Poison label: 5, Prediction:4, Target's Score:[2.2796375898082033e-10, 2.7731705008991286e-24, 0.010802685283124447, 7.15910941639919e-10, 0.9771026372909546, 0.0013858756283298135, 0.010708783753216267, 1.687696884371606e-14, 2.2037290395293674e-11, 6.64190993870939e-11], Poisons' Predictions:[5, 5, 5, 5, 5, 5, 5, 5, 5, 5]
Now evaluating against camera taken images
2026-07-03 17:04:29 Epoch 59, Val iteration 0, acc 91.800 (91.800)
2026-07-03 17:04:31 Epoch 59, Val iteration 19, acc 92.600 (92.010)
* Prec: 92.01000175476074
2026-07-03 17:04:31 | INFO | benchmark.run | Updated benchmark CSV: /media02/ndthuc03/cm-purify-targeted-poisoning/benchmark/outputs/slurm_73353/benchmark_results.csv
2026-07-03 17:04:31 | INFO | benchmark.run | ================================================================================
2026-07-03 17:04:31 | INFO | benchmark.run | CASE 12/30: BP_c5_g1 (BP)
2026-07-03 17:04:31 | INFO | benchmark.run | ================================================================================
2026-07-03 17:05:32 | INFO | benchmark.run | Materialized BP poisoned train | Images: 10000/50000 | 20.00% | 169.75 img/s | elapsed: 00:00:58 | eta: 00:03:55 | gpu: cpu
2026-07-03 17:06:55 | INFO | benchmark.run | Materialized BP poisoned train | Images: 20000/50000 | 40.00% | 140.42 img/s | elapsed: 00:02:22 | eta: 00:03:33 | gpu: cpu
2026-07-03 17:07:54 | INFO | benchmark.run | Materialized BP poisoned train | Images: 30000/50000 | 60.00% | 149.14 img/s | elapsed: 00:03:21 | eta: 00:02:14 | gpu: cpu
2026-07-03 17:08:54 | INFO | benchmark.run | Materialized BP poisoned train | Images: 40000/50000 | 80.00% | 152.94 img/s | elapsed: 00:04:21 | eta: 00:01:05 | gpu: cpu
2026-07-03 17:09:56 | INFO | benchmark.run | Materialized BP poisoned train | Images: 50000/50000 | 100.00% | 154.71 img/s | elapsed: 00:05:23 | eta: 00:00:00 | gpu: cpu
2026-07-03 17:10:06 | INFO | benchmark.run | Purified full train | Images: 1024/50000 | 2.05% | 129.72 img/s | elapsed: 00:00:07 | eta: 00:06:17 | gpu: 0.2/2.2 GB
2026-07-03 17:10:14 | INFO | benchmark.run | Purified full train | Images: 2048/50000 | 4.10% | 129.98 img/s | elapsed: 00:00:15 | eta: 00:06:08 | gpu: 0.2/2.2 GB
2026-07-03 17:10:22 | INFO | benchmark.run | Purified full train | Images: 3072/50000 | 6.14% | 130.82 img/s | elapsed: 00:00:23 | eta: 00:05:58 | gpu: 0.2/2.2 GB
2026-07-03 17:10:30 | INFO | benchmark.run | Purified full train | Images: 4096/50000 | 8.19% | 129.93 img/s | elapsed: 00:00:31 | eta: 00:05:53 | gpu: 0.2/2.2 GB
2026-07-03 17:10:38 | INFO | benchmark.run | Purified full train | Images: 5120/50000 | 10.24% | 128.70 img/s | elapsed: 00:00:39 | eta: 00:05:48 | gpu: 0.2/2.2 GB
2026-07-03 17:10:46 | INFO | benchmark.run | Purified full train | Images: 6144/50000 | 12.29% | 128.50 img/s | elapsed: 00:00:47 | eta: 00:05:41 | gpu: 0.2/2.2 GB
2026-07-03 17:10:54 | INFO | benchmark.run | Purified full train | Images: 7168/50000 | 14.34% | 127.95 img/s | elapsed: 00:00:56 | eta: 00:05:34 | gpu: 0.2/2.2 GB
2026-07-03 17:11:02 | INFO | benchmark.run | Purified full train | Images: 8192/50000 | 16.38% | 128.03 img/s | elapsed: 00:01:03 | eta: 00:05:26 | gpu: 0.2/2.2 GB
2026-07-03 17:11:10 | INFO | benchmark.run | Purified full train | Images: 9216/50000 | 18.43% | 128.32 img/s | elapsed: 00:01:11 | eta: 00:05:17 | gpu: 0.2/2.2 GB
2026-07-03 17:11:18 | INFO | benchmark.run | Purified full train | Images: 10240/50000 | 20.48% | 128.60 img/s | elapsed: 00:01:19 | eta: 00:05:09 | gpu: 0.2/2.2 GB
2026-07-03 17:11:26 | INFO | benchmark.run | Purified full train | Images: 11264/50000 | 22.53% | 128.18 img/s | elapsed: 00:01:27 | eta: 00:05:02 | gpu: 0.2/2.2 GB
2026-07-03 17:11:34 | INFO | benchmark.run | Purified full train | Images: 12288/50000 | 24.58% | 128.08 img/s | elapsed: 00:01:35 | eta: 00:04:54 | gpu: 0.2/2.2 GB
2026-07-03 17:11:42 | INFO | benchmark.run | Purified full train | Images: 13312/50000 | 26.62% | 128.57 img/s | elapsed: 00:01:43 | eta: 00:04:45 | gpu: 0.2/2.2 GB
2026-07-03 17:11:50 | INFO | benchmark.run | Purified full train | Images: 14336/50000 | 28.67% | 128.67 img/s | elapsed: 00:01:51 | eta: 00:04:37 | gpu: 0.2/2.2 GB
2026-07-03 17:11:58 | INFO | benchmark.run | Purified full train | Images: 15360/50000 | 30.72% | 128.78 img/s | elapsed: 00:01:59 | eta: 00:04:28 | gpu: 0.2/2.2 GB
2026-07-03 17:12:05 | INFO | benchmark.run | Purified full train | Images: 16384/50000 | 32.77% | 129.22 img/s | elapsed: 00:02:06 | eta: 00:04:20 | gpu: 0.2/2.2 GB
2026-07-03 17:12:13 | INFO | benchmark.run | Purified full train | Images: 17408/50000 | 34.82% | 129.26 img/s | elapsed: 00:02:14 | eta: 00:04:12 | gpu: 0.2/2.2 GB
2026-07-03 17:12:21 | INFO | benchmark.run | Purified full train | Images: 18432/50000 | 36.86% | 129.55 img/s | elapsed: 00:02:22 | eta: 00:04:03 | gpu: 0.2/2.2 GB
2026-07-03 17:12:28 | INFO | benchmark.run | Purified full train | Images: 19456/50000 | 38.91% | 129.77 img/s | elapsed: 00:02:29 | eta: 00:03:55 | gpu: 0.2/2.2 GB
2026-07-03 17:12:36 | INFO | benchmark.run | Purified full train | Images: 20480/50000 | 40.96% | 129.97 img/s | elapsed: 00:02:37 | eta: 00:03:47 | gpu: 0.2/2.2 GB
2026-07-03 17:12:43 | INFO | benchmark.run | Purified full train | Images: 21504/50000 | 43.01% | 130.16 img/s | elapsed: 00:02:45 | eta: 00:03:38 | gpu: 0.2/2.2 GB
2026-07-03 17:12:51 | INFO | benchmark.run | Purified full train | Images: 22528/50000 | 45.06% | 130.31 img/s | elapsed: 00:02:52 | eta: 00:03:30 | gpu: 0.2/2.2 GB
2026-07-03 17:12:59 | INFO | benchmark.run | Purified full train | Images: 23552/50000 | 47.10% | 130.47 img/s | elapsed: 00:03:00 | eta: 00:03:22 | gpu: 0.2/2.2 GB
2026-07-03 17:13:06 | INFO | benchmark.run | Purified full train | Images: 24576/50000 | 49.15% | 130.65 img/s | elapsed: 00:03:08 | eta: 00:03:14 | gpu: 0.2/2.2 GB
2026-07-03 17:13:14 | INFO | benchmark.run | Purified full train | Images: 25600/50000 | 51.20% | 130.82 img/s | elapsed: 00:03:15 | eta: 00:03:06 | gpu: 0.2/2.2 GB
2026-07-03 17:13:22 | INFO | benchmark.run | Purified full train | Images: 26624/50000 | 53.25% | 130.84 img/s | elapsed: 00:03:23 | eta: 00:02:58 | gpu: 0.2/2.2 GB
2026-07-03 17:13:29 | INFO | benchmark.run | Purified full train | Images: 27648/50000 | 55.30% | 130.99 img/s | elapsed: 00:03:31 | eta: 00:02:50 | gpu: 0.2/2.2 GB
2026-07-03 17:13:37 | INFO | benchmark.run | Purified full train | Images: 28672/50000 | 57.34% | 130.84 img/s | elapsed: 00:03:39 | eta: 00:02:43 | gpu: 0.2/2.2 GB
2026-07-03 17:13:45 | INFO | benchmark.run | Purified full train | Images: 29696/50000 | 59.39% | 130.91 img/s | elapsed: 00:03:46 | eta: 00:02:35 | gpu: 0.2/2.2 GB
2026-07-03 17:13:53 | INFO | benchmark.run | Purified full train | Images: 30720/50000 | 61.44% | 130.95 img/s | elapsed: 00:03:54 | eta: 00:02:27 | gpu: 0.2/2.2 GB
2026-07-03 17:14:00 | INFO | benchmark.run | Purified full train | Images: 31744/50000 | 63.49% | 131.06 img/s | elapsed: 00:04:02 | eta: 00:02:19 | gpu: 0.2/2.2 GB
2026-07-03 17:14:08 | INFO | benchmark.run | Purified full train | Images: 32768/50000 | 65.54% | 131.14 img/s | elapsed: 00:04:09 | eta: 00:02:11 | gpu: 0.2/2.2 GB
2026-07-03 17:14:16 | INFO | benchmark.run | Purified full train | Images: 33792/50000 | 67.58% | 131.18 img/s | elapsed: 00:04:17 | eta: 00:02:03 | gpu: 0.2/2.2 GB
2026-07-03 17:14:24 | INFO | benchmark.run | Purified full train | Images: 34816/50000 | 69.63% | 131.10 img/s | elapsed: 00:04:25 | eta: 00:01:55 | gpu: 0.2/2.2 GB
2026-07-03 17:14:32 | INFO | benchmark.run | Purified full train | Images: 35840/50000 | 71.68% | 131.16 img/s | elapsed: 00:04:33 | eta: 00:01:47 | gpu: 0.2/2.2 GB
2026-07-03 17:14:39 | INFO | benchmark.run | Purified full train | Images: 36864/50000 | 73.73% | 131.11 img/s | elapsed: 00:04:41 | eta: 00:01:40 | gpu: 0.2/2.2 GB
2026-07-03 17:14:47 | INFO | benchmark.run | Purified full train | Images: 37888/50000 | 75.78% | 131.29 img/s | elapsed: 00:04:48 | eta: 00:01:32 | gpu: 0.2/2.2 GB
2026-07-03 17:14:55 | INFO | benchmark.run | Purified full train | Images: 38912/50000 | 77.82% | 131.32 img/s | elapsed: 00:04:56 | eta: 00:01:24 | gpu: 0.2/2.2 GB
2026-07-03 17:15:02 | INFO | benchmark.run | Purified full train | Images: 39936/50000 | 79.87% | 131.36 img/s | elapsed: 00:05:04 | eta: 00:01:16 | gpu: 0.2/2.2 GB
2026-07-03 17:15:10 | INFO | benchmark.run | Purified full train | Images: 40960/50000 | 81.92% | 131.36 img/s | elapsed: 00:05:11 | eta: 00:01:08 | gpu: 0.2/2.2 GB
2026-07-03 17:15:18 | INFO | benchmark.run | Purified full train | Images: 41984/50000 | 83.97% | 131.37 img/s | elapsed: 00:05:19 | eta: 00:01:01 | gpu: 0.2/2.2 GB
2026-07-03 17:15:26 | INFO | benchmark.run | Purified full train | Images: 43008/50000 | 86.02% | 131.30 img/s | elapsed: 00:05:27 | eta: 00:00:53 | gpu: 0.2/2.2 GB
2026-07-03 17:15:34 | INFO | benchmark.run | Purified full train | Images: 44032/50000 | 88.06% | 131.32 img/s | elapsed: 00:05:35 | eta: 00:00:45 | gpu: 0.2/2.2 GB
2026-07-03 17:15:41 | INFO | benchmark.run | Purified full train | Images: 45056/50000 | 90.11% | 131.31 img/s | elapsed: 00:05:43 | eta: 00:00:37 | gpu: 0.2/2.2 GB
2026-07-03 17:15:49 | INFO | benchmark.run | Purified full train | Images: 46080/50000 | 92.16% | 131.36 img/s | elapsed: 00:05:50 | eta: 00:00:29 | gpu: 0.2/2.2 GB
2026-07-03 17:15:57 | INFO | benchmark.run | Purified full train | Images: 47104/50000 | 94.21% | 131.47 img/s | elapsed: 00:05:58 | eta: 00:00:22 | gpu: 0.2/2.2 GB
2026-07-03 17:16:04 | INFO | benchmark.run | Purified full train | Images: 48128/50000 | 96.26% | 131.54 img/s | elapsed: 00:06:05 | eta: 00:00:14 | gpu: 0.2/2.2 GB
2026-07-03 17:16:12 | INFO | benchmark.run | Purified full train | Images: 49152/50000 | 98.30% | 131.55 img/s | elapsed: 00:06:13 | eta: 00:00:06 | gpu: 0.2/2.2 GB
2026-07-03 17:16:18 | INFO | benchmark.run | Purified full train | Images: 50000/50000 | 100.00% | 131.58 img/s | elapsed: 00:06:19 | eta: 00:00:00 | gpu: 0.2/2.2 GB
2026-07-03 17:16:19 | INFO | benchmark.run | ================================================================================
2026-07-03 17:16:19 | INFO | benchmark.run | RETRAINING AND EVALUATING BP_c5_g1...
2026-07-03 17:16:19 | INFO | benchmark.run | ================================================================================
2026-07-03 17:16:20 | INFO | benchmark.run | Loading BP victim ResNet18 from ckpt-%s-4800.t7
==> Resuming from checkpoint for ResNet18..
Using Adam for retraining
2026-07-03 17:16:20, Epoch 0, Iteration 7, loss 0.020 (0.188), acc 100.000 (95.000)
2026-07-03 17:16:21, Epoch 50, Iteration 7, loss 0.004 (0.002), acc 100.000 (100.000)
Target Label: 7, Poison label: 5, Prediction:5, Target's Score:[5.883526850528628e-16, 1.9896790881546167e-09, 2.559005785052193e-10, 3.4355393760420773e-15, 7.074252808767217e-19, 0.9826065301895142, 1.3665470532941981e-08, 0.017393527552485466, 1.650002371018813e-20, 2.238612703683255e-14], Poisons' Predictions:[5, 5, 5, 5, 5, 5, 5, 5, 5, 5]
Now evaluating against camera taken images
2026-07-03 17:16:21 Epoch 59, Val iteration 0, acc 94.800 (94.800)
2026-07-03 17:16:23 Epoch 59, Val iteration 19, acc 94.200 (93.470)
* Prec: 93.47000160217286
2026-07-03 17:16:25 | INFO | benchmark.run | Loading BP victim ResNet18 from ckpt-%s-4800.t7
==> Resuming from checkpoint for ResNet18..
Using Adam for retraining
2026-07-03 17:16:25, Epoch 0, Iteration 7, loss 0.891 (1.323), acc 84.615 (76.400)
2026-07-03 17:16:26, Epoch 50, Iteration 7, loss 0.058 (0.093), acc 100.000 (96.800)
Target Label: 7, Poison label: 5, Prediction:7, Target's Score:[3.681994986681758e-10, 5.639785658787078e-18, 1.4641975511816424e-13, 2.1415547781945863e-23, 1.8726703743254802e-08, 1.0849431419046596e-05, 4.179137775856684e-13, 0.9999891519546509, 6.090208337639069e-09, 5.554424341884362e-18], Poisons' Predictions:[5, 5, 5, 5, 5, 5, 5, 5, 5, 5]
Now evaluating against camera taken images
2026-07-03 17:16:26 Epoch 59, Val iteration 0, acc 91.200 (91.200)
2026-07-03 17:16:28 Epoch 59, Val iteration 19, acc 93.200 (91.730)
* Prec: 91.7300018310547
2026-07-03 17:16:28 | INFO | benchmark.run | Updated benchmark CSV: /media02/ndthuc03/cm-purify-targeted-poisoning/benchmark/outputs/slurm_73353/benchmark_results.csv
2026-07-03 17:16:28 | INFO | benchmark.run | ================================================================================
2026-07-03 17:16:28 | INFO | benchmark.run | CASE 13/30: BP_c6_g0 (BP)
2026-07-03 17:16:28 | INFO | benchmark.run | ================================================================================
2026-07-03 17:17:28 | INFO | benchmark.run | Materialized BP poisoned train | Images: 10000/50000 | 20.00% | 172.54 img/s | elapsed: 00:00:57 | eta: 00:03:51 | gpu: cpu
2026-07-03 17:18:26 | INFO | benchmark.run | Materialized BP poisoned train | Images: 20000/50000 | 40.00% | 172.07 img/s | elapsed: 00:01:56 | eta: 00:02:54 | gpu: cpu
2026-07-03 17:19:25 | INFO | benchmark.run | Materialized BP poisoned train | Images: 30000/50000 | 60.00% | 171.80 img/s | elapsed: 00:02:54 | eta: 00:01:56 | gpu: cpu
2026-07-03 17:20:25 | INFO | benchmark.run | Materialized BP poisoned train | Images: 40000/50000 | 80.00% | 170.23 img/s | elapsed: 00:03:54 | eta: 00:00:58 | gpu: cpu
2026-07-03 17:21:23 | INFO | benchmark.run | Materialized BP poisoned train | Images: 50000/50000 | 100.00% | 170.54 img/s | elapsed: 00:04:53 | eta: 00:00:00 | gpu: cpu
2026-07-03 17:21:34 | INFO | benchmark.run | Purified full train | Images: 1024/50000 | 2.05% | 129.79 img/s | elapsed: 00:00:07 | eta: 00:06:17 | gpu: 0.2/2.2 GB
2026-07-03 17:21:41 | INFO | benchmark.run | Purified full train | Images: 2048/50000 | 4.10% | 131.42 img/s | elapsed: 00:00:15 | eta: 00:06:04 | gpu: 0.2/2.2 GB
2026-07-03 17:21:49 | INFO | benchmark.run | Purified full train | Images: 3072/50000 | 6.14% | 131.92 img/s | elapsed: 00:00:23 | eta: 00:05:55 | gpu: 0.2/2.2 GB
2026-07-03 17:21:56 | INFO | benchmark.run | Purified full train | Images: 4096/50000 | 8.19% | 132.94 img/s | elapsed: 00:00:30 | eta: 00:05:45 | gpu: 0.2/2.2 GB
2026-07-03 17:22:04 | INFO | benchmark.run | Purified full train | Images: 5120/50000 | 10.24% | 133.07 img/s | elapsed: 00:00:38 | eta: 00:05:37 | gpu: 0.2/2.2 GB
2026-07-03 17:22:12 | INFO | benchmark.run | Purified full train | Images: 6144/50000 | 12.29% | 133.78 img/s | elapsed: 00:00:45 | eta: 00:05:27 | gpu: 0.2/2.2 GB
2026-07-03 17:22:19 | INFO | benchmark.run | Purified full train | Images: 7168/50000 | 14.34% | 133.52 img/s | elapsed: 00:00:53 | eta: 00:05:20 | gpu: 0.2/2.2 GB
2026-07-03 17:22:33 | INFO | benchmark.run | Purified full train | Images: 8192/50000 | 16.38% | 121.83 img/s | elapsed: 00:01:07 | eta: 00:05:43 | gpu: 0.2/2.2 GB
2026-07-03 17:22:40 | INFO | benchmark.run | Purified full train | Images: 9216/50000 | 18.43% | 123.34 img/s | elapsed: 00:01:14 | eta: 00:05:30 | gpu: 0.2/2.2 GB
2026-07-03 17:22:48 | INFO | benchmark.run | Purified full train | Images: 10240/50000 | 20.48% | 124.34 img/s | elapsed: 00:01:22 | eta: 00:05:19 | gpu: 0.2/2.2 GB
2026-07-03 17:22:56 | INFO | benchmark.run | Purified full train | Images: 11264/50000 | 22.53% | 125.02 img/s | elapsed: 00:01:30 | eta: 00:05:09 | gpu: 0.2/2.2 GB
2026-07-03 17:23:04 | INFO | benchmark.run | Purified full train | Images: 12288/50000 | 24.58% | 125.37 img/s | elapsed: 00:01:38 | eta: 00:05:00 | gpu: 0.2/2.2 GB
2026-07-03 17:23:11 | INFO | benchmark.run | Purified full train | Images: 13312/50000 | 26.62% | 125.92 img/s | elapsed: 00:01:45 | eta: 00:04:51 | gpu: 0.2/2.2 GB
2026-07-03 17:23:19 | INFO | benchmark.run | Purified full train | Images: 14336/50000 | 28.67% | 126.31 img/s | elapsed: 00:01:53 | eta: 00:04:42 | gpu: 0.2/2.2 GB
2026-07-03 17:23:27 | INFO | benchmark.run | Purified full train | Images: 15360/50000 | 30.72% | 126.67 img/s | elapsed: 00:02:01 | eta: 00:04:33 | gpu: 0.2/2.2 GB
2026-07-03 17:23:35 | INFO | benchmark.run | Purified full train | Images: 16384/50000 | 32.77% | 126.98 img/s | elapsed: 00:02:09 | eta: 00:04:24 | gpu: 0.2/2.2 GB
2026-07-03 17:23:43 | INFO | benchmark.run | Purified full train | Images: 17408/50000 | 34.82% | 127.09 img/s | elapsed: 00:02:16 | eta: 00:04:16 | gpu: 0.2/2.2 GB
2026-07-03 17:23:50 | INFO | benchmark.run | Purified full train | Images: 18432/50000 | 36.86% | 127.38 img/s | elapsed: 00:02:24 | eta: 00:04:07 | gpu: 0.2/2.2 GB
2026-07-03 17:23:58 | INFO | benchmark.run | Purified full train | Images: 19456/50000 | 38.91% | 127.66 img/s | elapsed: 00:02:32 | eta: 00:03:59 | gpu: 0.2/2.2 GB
2026-07-03 17:24:06 | INFO | benchmark.run | Purified full train | Images: 20480/50000 | 40.96% | 127.79 img/s | elapsed: 00:02:40 | eta: 00:03:51 | gpu: 0.2/2.2 GB
2026-07-03 17:24:13 | INFO | benchmark.run | Purified full train | Images: 21504/50000 | 43.01% | 128.25 img/s | elapsed: 00:02:47 | eta: 00:03:42 | gpu: 0.2/2.2 GB
2026-07-03 17:24:21 | INFO | benchmark.run | Purified full train | Images: 22528/50000 | 45.06% | 128.62 img/s | elapsed: 00:02:55 | eta: 00:03:33 | gpu: 0.2/2.2 GB
2026-07-03 17:24:28 | INFO | benchmark.run | Purified full train | Images: 23552/50000 | 47.10% | 129.01 img/s | elapsed: 00:03:02 | eta: 00:03:25 | gpu: 0.2/2.2 GB
2026-07-03 17:24:36 | INFO | benchmark.run | Purified full train | Images: 24576/50000 | 49.15% | 129.26 img/s | elapsed: 00:03:10 | eta: 00:03:16 | gpu: 0.2/2.2 GB
2026-07-03 17:24:43 | INFO | benchmark.run | Purified full train | Images: 25600/50000 | 51.20% | 129.48 img/s | elapsed: 00:03:17 | eta: 00:03:08 | gpu: 0.2/2.2 GB
2026-07-03 17:24:51 | INFO | benchmark.run | Purified full train | Images: 26624/50000 | 53.25% | 129.50 img/s | elapsed: 00:03:25 | eta: 00:03:00 | gpu: 0.2/2.2 GB
2026-07-03 17:24:59 | INFO | benchmark.run | Purified full train | Images: 27648/50000 | 55.30% | 129.64 img/s | elapsed: 00:03:33 | eta: 00:02:52 | gpu: 0.2/2.2 GB
2026-07-03 17:25:07 | INFO | benchmark.run | Purified full train | Images: 28672/50000 | 57.34% | 129.74 img/s | elapsed: 00:03:40 | eta: 00:02:44 | gpu: 0.2/2.2 GB
2026-07-03 17:25:14 | INFO | benchmark.run | Purified full train | Images: 29696/50000 | 59.39% | 129.91 img/s | elapsed: 00:03:48 | eta: 00:02:36 | gpu: 0.2/2.2 GB
2026-07-03 17:25:22 | INFO | benchmark.run | Purified full train | Images: 30720/50000 | 61.44% | 130.08 img/s | elapsed: 00:03:56 | eta: 00:02:28 | gpu: 0.2/2.2 GB
2026-07-03 17:25:29 | INFO | benchmark.run | Purified full train | Images: 31744/50000 | 63.49% | 130.28 img/s | elapsed: 00:04:03 | eta: 00:02:20 | gpu: 0.2/2.2 GB
2026-07-03 17:25:37 | INFO | benchmark.run | Purified full train | Images: 32768/50000 | 65.54% | 130.43 img/s | elapsed: 00:04:11 | eta: 00:02:12 | gpu: 0.2/2.2 GB
2026-07-03 17:25:45 | INFO | benchmark.run | Purified full train | Images: 33792/50000 | 67.58% | 130.51 img/s | elapsed: 00:04:18 | eta: 00:02:04 | gpu: 0.2/2.2 GB
2026-07-03 17:25:52 | INFO | benchmark.run | Purified full train | Images: 34816/50000 | 69.63% | 130.62 img/s | elapsed: 00:04:26 | eta: 00:01:56 | gpu: 0.2/2.2 GB
2026-07-03 17:26:00 | INFO | benchmark.run | Purified full train | Images: 35840/50000 | 71.68% | 130.56 img/s | elapsed: 00:04:34 | eta: 00:01:48 | gpu: 0.2/2.2 GB
2026-07-03 17:26:08 | INFO | benchmark.run | Purified full train | Images: 36864/50000 | 73.73% | 130.58 img/s | elapsed: 00:04:42 | eta: 00:01:40 | gpu: 0.2/2.2 GB
2026-07-03 17:26:16 | INFO | benchmark.run | Purified full train | Images: 37888/50000 | 75.78% | 130.64 img/s | elapsed: 00:04:50 | eta: 00:01:32 | gpu: 0.2/2.2 GB
2026-07-03 17:26:23 | INFO | benchmark.run | Purified full train | Images: 38912/50000 | 77.82% | 130.72 img/s | elapsed: 00:04:57 | eta: 00:01:24 | gpu: 0.2/2.2 GB
2026-07-03 17:26:32 | INFO | benchmark.run | Purified full train | Images: 39936/50000 | 79.87% | 130.51 img/s | elapsed: 00:05:05 | eta: 00:01:17 | gpu: 0.2/2.2 GB
2026-07-03 17:26:39 | INFO | benchmark.run | Purified full train | Images: 40960/50000 | 81.92% | 130.59 img/s | elapsed: 00:05:13 | eta: 00:01:09 | gpu: 0.2/2.2 GB
2026-07-03 17:26:47 | INFO | benchmark.run | Purified full train | Images: 41984/50000 | 83.97% | 130.64 img/s | elapsed: 00:05:21 | eta: 00:01:01 | gpu: 0.2/2.2 GB
2026-07-03 17:26:55 | INFO | benchmark.run | Purified full train | Images: 43008/50000 | 86.02% | 130.72 img/s | elapsed: 00:05:29 | eta: 00:00:53 | gpu: 0.2/2.2 GB
2026-07-03 17:27:02 | INFO | benchmark.run | Purified full train | Images: 44032/50000 | 88.06% | 130.72 img/s | elapsed: 00:05:36 | eta: 00:00:45 | gpu: 0.2/2.2 GB
2026-07-03 17:27:11 | INFO | benchmark.run | Purified full train | Images: 45056/50000 | 90.11% | 130.60 img/s | elapsed: 00:05:44 | eta: 00:00:37 | gpu: 0.2/2.2 GB
2026-07-03 17:27:19 | INFO | benchmark.run | Purified full train | Images: 46080/50000 | 92.16% | 130.54 img/s | elapsed: 00:05:52 | eta: 00:00:30 | gpu: 0.2/2.2 GB
2026-07-03 17:27:26 | INFO | benchmark.run | Purified full train | Images: 47104/50000 | 94.21% | 130.53 img/s | elapsed: 00:06:00 | eta: 00:00:22 | gpu: 0.2/2.2 GB
2026-07-03 17:27:34 | INFO | benchmark.run | Purified full train | Images: 48128/50000 | 96.26% | 130.61 img/s | elapsed: 00:06:08 | eta: 00:00:14 | gpu: 0.2/2.2 GB
2026-07-03 17:27:42 | INFO | benchmark.run | Purified full train | Images: 49152/50000 | 98.30% | 130.60 img/s | elapsed: 00:06:16 | eta: 00:00:06 | gpu: 0.2/2.2 GB
2026-07-03 17:27:49 | INFO | benchmark.run | Purified full train | Images: 50000/50000 | 100.00% | 130.57 img/s | elapsed: 00:06:22 | eta: 00:00:00 | gpu: 0.2/2.2 GB
2026-07-03 17:27:49 | INFO | benchmark.run | ================================================================================
2026-07-03 17:27:49 | INFO | benchmark.run | RETRAINING AND EVALUATING BP_c6_g0...
2026-07-03 17:27:49 | INFO | benchmark.run | ================================================================================
2026-07-03 17:27:50 | INFO | benchmark.run | Loading BP victim ResNet18 from ckpt-%s-4800.t7
==> Resuming from checkpoint for ResNet18..
Using Adam for retraining
2026-07-03 17:27:51, Epoch 0, Iteration 7, loss 0.073 (0.320), acc 98.077 (93.800)
2026-07-03 17:27:51, Epoch 50, Iteration 7, loss 0.000 (0.000), acc 100.000 (100.000)
Target Label: 9, Poison label: 6, Prediction:6, Target's Score:[8.116534469472557e-21, 5.1658317623548555e-09, 1.4761774025373597e-07, 2.937162224835182e-19, 2.6977443148642816e-23, 3.5802630018934734e-15, 0.9999998807907104, 3.0976170243379625e-17, 4.281631693208452e-15, 7.019197445501391e-10], Poisons' Predictions:[6, 6, 6, 6, 6, 6, 6, 6, 6, 6]
Now evaluating against camera taken images
2026-07-03 17:27:52 Epoch 59, Val iteration 0, acc 93.600 (93.600)
2026-07-03 17:27:54 Epoch 59, Val iteration 19, acc 94.600 (94.030)
* Prec: 94.03000144958496
2026-07-03 17:27:56 | INFO | benchmark.run | Loading BP victim ResNet18 from ckpt-%s-4800.t7
==> Resuming from checkpoint for ResNet18..
Using Adam for retraining
2026-07-03 17:27:57, Epoch 0, Iteration 7, loss 0.706 (1.437), acc 88.462 (77.200)
2026-07-03 17:27:57, Epoch 50, Iteration 7, loss 0.137 (0.085), acc 96.154 (97.800)
Target Label: 9, Poison label: 6, Prediction:9, Target's Score:[6.653902689252034e-13, 4.500661887618662e-08, 4.8879208749827695e-19, 1.4207673184359627e-21, 2.1450847729732693e-24, 1.3669718264149576e-25, 2.8834556624087983e-17, 9.223580691631359e-23, 1.6446454183878696e-14, 1.0], Poisons' Predictions:[6, 6, 6, 6, 6, 6, 6, 6, 6, 6]
Now evaluating against camera taken images
2026-07-03 17:27:58 Epoch 59, Val iteration 0, acc 92.800 (92.800)
2026-07-03 17:28:00 Epoch 59, Val iteration 19, acc 92.800 (92.420)
* Prec: 92.42000198364258
2026-07-03 17:28:00 | INFO | benchmark.run | Updated benchmark CSV: /media02/ndthuc03/cm-purify-targeted-poisoning/benchmark/outputs/slurm_73353/benchmark_results.csv
2026-07-03 17:28:00 | INFO | benchmark.run | ================================================================================
2026-07-03 17:28:00 | INFO | benchmark.run | CASE 14/30: BP_c6_g1 (BP)
2026-07-03 17:28:00 | INFO | benchmark.run | ================================================================================
2026-07-03 17:29:00 | INFO | benchmark.run | Materialized BP poisoned train | Images: 10000/50000 | 20.00% | 172.21 img/s | elapsed: 00:00:58 | eta: 00:03:52 | gpu: cpu
2026-07-03 17:29:56 | INFO | benchmark.run | Materialized BP poisoned train | Images: 20000/50000 | 40.00% | 174.61 img/s | elapsed: 00:01:54 | eta: 00:02:51 | gpu: cpu
2026-07-03 17:30:56 | INFO | benchmark.run | Materialized BP poisoned train | Images: 30000/50000 | 60.00% | 172.07 img/s | elapsed: 00:02:54 | eta: 00:01:56 | gpu: cpu
2026-07-03 17:31:54 | INFO | benchmark.run | Materialized BP poisoned train | Images: 40000/50000 | 80.00% | 172.59 img/s | elapsed: 00:03:51 | eta: 00:00:57 | gpu: cpu
2026-07-03 17:32:53 | INFO | benchmark.run | Materialized BP poisoned train | Images: 50000/50000 | 100.00% | 171.88 img/s | elapsed: 00:04:50 | eta: 00:00:00 | gpu: cpu
2026-07-03 17:33:03 | INFO | benchmark.run | Purified full train | Images: 1024/50000 | 2.05% | 131.12 img/s | elapsed: 00:00:07 | eta: 00:06:13 | gpu: 0.2/2.2 GB
2026-07-03 17:33:11 | INFO | benchmark.run | Purified full train | Images: 2048/50000 | 4.10% | 130.64 img/s | elapsed: 00:00:15 | eta: 00:06:07 | gpu: 0.2/2.2 GB
2026-07-03 17:33:19 | INFO | benchmark.run | Purified full train | Images: 3072/50000 | 6.14% | 130.84 img/s | elapsed: 00:00:23 | eta: 00:05:58 | gpu: 0.2/2.2 GB
2026-07-03 17:33:26 | INFO | benchmark.run | Purified full train | Images: 4096/50000 | 8.19% | 131.41 img/s | elapsed: 00:00:31 | eta: 00:05:49 | gpu: 0.2/2.2 GB
2026-07-03 17:33:34 | INFO | benchmark.run | Purified full train | Images: 5120/50000 | 10.24% | 131.71 img/s | elapsed: 00:00:38 | eta: 00:05:40 | gpu: 0.2/2.2 GB
2026-07-03 17:33:42 | INFO | benchmark.run | Purified full train | Images: 6144/50000 | 12.29% | 132.19 img/s | elapsed: 00:00:46 | eta: 00:05:31 | gpu: 0.2/2.2 GB
2026-07-03 17:33:49 | INFO | benchmark.run | Purified full train | Images: 7168/50000 | 14.34% | 132.25 img/s | elapsed: 00:00:54 | eta: 00:05:23 | gpu: 0.2/2.2 GB
2026-07-03 17:33:57 | INFO | benchmark.run | Purified full train | Images: 8192/50000 | 16.38% | 132.61 img/s | elapsed: 00:01:01 | eta: 00:05:15 | gpu: 0.2/2.2 GB
2026-07-03 17:34:05 | INFO | benchmark.run | Purified full train | Images: 9216/50000 | 18.43% | 132.55 img/s | elapsed: 00:01:09 | eta: 00:05:07 | gpu: 0.2/2.2 GB
2026-07-03 17:34:12 | INFO | benchmark.run | Purified full train | Images: 10240/50000 | 20.48% | 132.39 img/s | elapsed: 00:01:17 | eta: 00:05:00 | gpu: 0.2/2.2 GB
2026-07-03 17:34:20 | INFO | benchmark.run | Purified full train | Images: 11264/50000 | 22.53% | 132.30 img/s | elapsed: 00:01:25 | eta: 00:04:52 | gpu: 0.2/2.2 GB
2026-07-03 17:34:28 | INFO | benchmark.run | Purified full train | Images: 12288/50000 | 24.58% | 132.09 img/s | elapsed: 00:01:33 | eta: 00:04:45 | gpu: 0.2/2.2 GB
2026-07-03 17:34:36 | INFO | benchmark.run | Purified full train | Images: 13312/50000 | 26.62% | 131.91 img/s | elapsed: 00:01:40 | eta: 00:04:38 | gpu: 0.2/2.2 GB
2026-07-03 17:34:44 | INFO | benchmark.run | Purified full train | Images: 14336/50000 | 28.67% | 132.15 img/s | elapsed: 00:01:48 | eta: 00:04:29 | gpu: 0.2/2.2 GB
2026-07-03 17:34:51 | INFO | benchmark.run | Purified full train | Images: 15360/50000 | 30.72% | 132.16 img/s | elapsed: 00:01:56 | eta: 00:04:22 | gpu: 0.2/2.2 GB
2026-07-03 17:34:59 | INFO | benchmark.run | Purified full train | Images: 16384/50000 | 32.77% | 132.54 img/s | elapsed: 00:02:03 | eta: 00:04:13 | gpu: 0.2/2.2 GB
2026-07-03 17:35:06 | INFO | benchmark.run | Purified full train | Images: 17408/50000 | 34.82% | 132.61 img/s | elapsed: 00:02:11 | eta: 00:04:05 | gpu: 0.2/2.2 GB
2026-07-03 17:35:14 | INFO | benchmark.run | Purified full train | Images: 18432/50000 | 36.86% | 132.46 img/s | elapsed: 00:02:19 | eta: 00:03:58 | gpu: 0.2/2.2 GB
2026-07-03 17:35:22 | INFO | benchmark.run | Purified full train | Images: 19456/50000 | 38.91% | 132.50 img/s | elapsed: 00:02:26 | eta: 00:03:50 | gpu: 0.2/2.2 GB
2026-07-03 17:35:30 | INFO | benchmark.run | Purified full train | Images: 20480/50000 | 40.96% | 132.48 img/s | elapsed: 00:02:34 | eta: 00:03:42 | gpu: 0.2/2.2 GB
2026-07-03 17:35:37 | INFO | benchmark.run | Purified full train | Images: 21504/50000 | 43.01% | 132.57 img/s | elapsed: 00:02:42 | eta: 00:03:34 | gpu: 0.2/2.2 GB
2026-07-03 17:35:45 | INFO | benchmark.run | Purified full train | Images: 22528/50000 | 45.06% | 132.45 img/s | elapsed: 00:02:50 | eta: 00:03:27 | gpu: 0.2/2.2 GB
2026-07-03 17:35:53 | INFO | benchmark.run | Purified full train | Images: 23552/50000 | 47.10% | 132.51 img/s | elapsed: 00:02:57 | eta: 00:03:19 | gpu: 0.2/2.2 GB
2026-07-03 17:36:01 | INFO | benchmark.run | Purified full train | Images: 24576/50000 | 49.15% | 132.41 img/s | elapsed: 00:03:05 | eta: 00:03:12 | gpu: 0.2/2.2 GB
2026-07-03 17:36:08 | INFO | benchmark.run | Purified full train | Images: 25600/50000 | 51.20% | 132.36 img/s | elapsed: 00:03:13 | eta: 00:03:04 | gpu: 0.2/2.2 GB
2026-07-03 17:36:16 | INFO | benchmark.run | Purified full train | Images: 26624/50000 | 53.25% | 132.31 img/s | elapsed: 00:03:21 | eta: 00:02:56 | gpu: 0.2/2.2 GB
2026-07-03 17:36:24 | INFO | benchmark.run | Purified full train | Images: 27648/50000 | 55.30% | 132.38 img/s | elapsed: 00:03:28 | eta: 00:02:48 | gpu: 0.2/2.2 GB
2026-07-03 17:36:32 | INFO | benchmark.run | Purified full train | Images: 28672/50000 | 57.34% | 132.36 img/s | elapsed: 00:03:36 | eta: 00:02:41 | gpu: 0.2/2.2 GB
2026-07-03 17:36:40 | INFO | benchmark.run | Purified full train | Images: 29696/50000 | 59.39% | 132.29 img/s | elapsed: 00:03:44 | eta: 00:02:33 | gpu: 0.2/2.2 GB
2026-07-03 17:36:47 | INFO | benchmark.run | Purified full train | Images: 30720/50000 | 61.44% | 132.30 img/s | elapsed: 00:03:52 | eta: 00:02:25 | gpu: 0.2/2.2 GB
2026-07-03 17:36:55 | INFO | benchmark.run | Purified full train | Images: 31744/50000 | 63.49% | 132.33 img/s | elapsed: 00:03:59 | eta: 00:02:17 | gpu: 0.2/2.2 GB
2026-07-03 17:37:03 | INFO | benchmark.run | Purified full train | Images: 32768/50000 | 65.54% | 132.38 img/s | elapsed: 00:04:07 | eta: 00:02:10 | gpu: 0.2/2.2 GB
2026-07-03 17:37:10 | INFO | benchmark.run | Purified full train | Images: 33792/50000 | 67.58% | 132.34 img/s | elapsed: 00:04:15 | eta: 00:02:02 | gpu: 0.2/2.2 GB
2026-07-03 17:37:18 | INFO | benchmark.run | Purified full train | Images: 34816/50000 | 69.63% | 132.30 img/s | elapsed: 00:04:23 | eta: 00:01:54 | gpu: 0.2/2.2 GB
2026-07-03 17:37:26 | INFO | benchmark.run | Purified full train | Images: 35840/50000 | 71.68% | 132.25 img/s | elapsed: 00:04:31 | eta: 00:01:47 | gpu: 0.2/2.2 GB
2026-07-03 17:37:34 | INFO | benchmark.run | Purified full train | Images: 36864/50000 | 73.73% | 132.22 img/s | elapsed: 00:04:38 | eta: 00:01:39 | gpu: 0.2/2.2 GB
2026-07-03 17:37:41 | INFO | benchmark.run | Purified full train | Images: 37888/50000 | 75.78% | 132.33 img/s | elapsed: 00:04:46 | eta: 00:01:31 | gpu: 0.2/2.2 GB
2026-07-03 17:37:49 | INFO | benchmark.run | Purified full train | Images: 38912/50000 | 77.82% | 132.29 img/s | elapsed: 00:04:54 | eta: 00:01:23 | gpu: 0.2/2.2 GB
2026-07-03 17:37:57 | INFO | benchmark.run | Purified full train | Images: 39936/50000 | 79.87% | 132.31 img/s | elapsed: 00:05:01 | eta: 00:01:16 | gpu: 0.2/2.2 GB
2026-07-03 17:38:05 | INFO | benchmark.run | Purified full train | Images: 40960/50000 | 81.92% | 132.31 img/s | elapsed: 00:05:09 | eta: 00:01:08 | gpu: 0.2/2.2 GB
2026-07-03 17:38:13 | INFO | benchmark.run | Purified full train | Images: 41984/50000 | 83.97% | 132.22 img/s | elapsed: 00:05:17 | eta: 00:01:00 | gpu: 0.2/2.2 GB
2026-07-03 17:38:20 | INFO | benchmark.run | Purified full train | Images: 43008/50000 | 86.02% | 132.18 img/s | elapsed: 00:05:25 | eta: 00:00:52 | gpu: 0.2/2.2 GB
2026-07-03 17:38:28 | INFO | benchmark.run | Purified full train | Images: 44032/50000 | 88.06% | 132.16 img/s | elapsed: 00:05:33 | eta: 00:00:45 | gpu: 0.2/2.2 GB
2026-07-03 17:38:36 | INFO | benchmark.run | Purified full train | Images: 45056/50000 | 90.11% | 132.16 img/s | elapsed: 00:05:40 | eta: 00:00:37 | gpu: 0.2/2.2 GB
2026-07-03 17:38:44 | INFO | benchmark.run | Purified full train | Images: 46080/50000 | 92.16% | 132.16 img/s | elapsed: 00:05:48 | eta: 00:00:29 | gpu: 0.2/2.2 GB
2026-07-03 17:38:51 | INFO | benchmark.run | Purified full train | Images: 47104/50000 | 94.21% | 132.22 img/s | elapsed: 00:05:56 | eta: 00:00:21 | gpu: 0.2/2.2 GB
2026-07-03 17:38:59 | INFO | benchmark.run | Purified full train | Images: 48128/50000 | 96.26% | 132.22 img/s | elapsed: 00:06:03 | eta: 00:00:14 | gpu: 0.2/2.2 GB
2026-07-03 17:39:07 | INFO | benchmark.run | Purified full train | Images: 49152/50000 | 98.30% | 132.21 img/s | elapsed: 00:06:11 | eta: 00:00:06 | gpu: 0.2/2.2 GB
2026-07-03 17:39:13 | INFO | benchmark.run | Purified full train | Images: 50000/50000 | 100.00% | 132.14 img/s | elapsed: 00:06:18 | eta: 00:00:00 | gpu: 0.2/2.2 GB
2026-07-03 17:39:14 | INFO | benchmark.run | ================================================================================
2026-07-03 17:39:14 | INFO | benchmark.run | RETRAINING AND EVALUATING BP_c6_g1...
2026-07-03 17:39:14 | INFO | benchmark.run | ================================================================================
2026-07-03 17:39:15 | INFO | benchmark.run | Loading BP victim ResNet18 from ckpt-%s-4800.t7
==> Resuming from checkpoint for ResNet18..
Using Adam for retraining
2026-07-03 17:39:15, Epoch 0, Iteration 7, loss 0.142 (0.333), acc 96.154 (95.400)
2026-07-03 17:39:16, Epoch 50, Iteration 7, loss 0.001 (0.001), acc 100.000 (100.000)
Target Label: 0, Poison label: 6, Prediction:6, Target's Score:[0.0169778261333704, 1.1856966075640685e-08, 2.932050713333467e-10, 1.0555494632472801e-17, 1.0675501146062069e-13, 3.5643732410051143e-09, 0.983022153377533, 1.0074856705337434e-16, 8.423815911164668e-21, 2.5070576464039348e-15], Poisons' Predictions:[6, 6, 6, 6, 6, 6, 6, 6, 6, 6]
Now evaluating against camera taken images
2026-07-03 17:39:16 Epoch 59, Val iteration 0, acc 92.800 (92.800)
2026-07-03 17:39:18 Epoch 59, Val iteration 19, acc 93.600 (93.070)
* Prec: 93.07000122070312
2026-07-03 17:39:20 | INFO | benchmark.run | Loading BP victim ResNet18 from ckpt-%s-4800.t7
==> Resuming from checkpoint for ResNet18..
Using Adam for retraining
2026-07-03 17:39:21, Epoch 0, Iteration 7, loss 0.826 (1.179), acc 88.462 (82.600)
2026-07-03 17:39:21, Epoch 50, Iteration 7, loss 0.108 (0.076), acc 98.077 (97.200)
Target Label: 0, Poison label: 6, Prediction:0, Target's Score:[0.999962568283081, 2.1957416895986015e-13, 5.5614302903574456e-15, 1.6285582604691484e-10, 1.5616446937677386e-13, 9.889834931155043e-17, 1.1886043830696357e-15, 2.279707915311572e-16, 5.972429335088236e-06, 3.150478733005002e-05], Poisons' Predictions:[6, 6, 6, 6, 6, 6, 6, 6, 6, 6]
Now evaluating against camera taken images
2026-07-03 17:39:21 Epoch 59, Val iteration 0, acc 91.000 (91.000)
2026-07-03 17:39:23 Epoch 59, Val iteration 19, acc 95.000 (91.610)
* Prec: 91.61000213623046
2026-07-03 17:39:24 | INFO | benchmark.run | Updated benchmark CSV: /media02/ndthuc03/cm-purify-targeted-poisoning/benchmark/outputs/slurm_73353/benchmark_results.csv
2026-07-03 17:39:24 | INFO | benchmark.run | ================================================================================
2026-07-03 17:39:24 | INFO | benchmark.run | CASE 15/30: BP_c7_g0 (BP)
2026-07-03 17:39:24 | INFO | benchmark.run | ================================================================================
2026-07-03 17:40:24 | INFO | benchmark.run | Materialized BP poisoned train | Images: 10000/50000 | 20.00% | 171.96 img/s | elapsed: 00:00:58 | eta: 00:03:52 | gpu: cpu
2026-07-03 17:41:22 | INFO | benchmark.run | Materialized BP poisoned train | Images: 20000/50000 | 40.00% | 171.82 img/s | elapsed: 00:01:56 | eta: 00:02:54 | gpu: cpu
2026-07-03 17:42:20 | INFO | benchmark.run | Materialized BP poisoned train | Images: 30000/50000 | 60.00% | 172.02 img/s | elapsed: 00:02:54 | eta: 00:01:56 | gpu: cpu
2026-07-03 17:43:18 | INFO | benchmark.run | Materialized BP poisoned train | Images: 40000/50000 | 80.00% | 172.18 img/s | elapsed: 00:03:52 | eta: 00:00:58 | gpu: cpu
2026-07-03 17:44:16 | INFO | benchmark.run | Materialized BP poisoned train | Images: 50000/50000 | 100.00% | 172.33 img/s | elapsed: 00:04:50 | eta: 00:00:00 | gpu: cpu
2026-07-03 17:44:26 | INFO | benchmark.run | Purified full train | Images: 1024/50000 | 2.05% | 132.19 img/s | elapsed: 00:00:07 | eta: 00:06:10 | gpu: 0.2/2.2 GB
2026-07-03 17:44:33 | INFO | benchmark.run | Purified full train | Images: 2048/50000 | 4.10% | 133.84 img/s | elapsed: 00:00:15 | eta: 00:05:58 | gpu: 0.2/2.2 GB
2026-07-03 17:44:41 | INFO | benchmark.run | Purified full train | Images: 3072/50000 | 6.14% | 134.29 img/s | elapsed: 00:00:22 | eta: 00:05:49 | gpu: 0.2/2.2 GB
2026-07-03 17:44:49 | INFO | benchmark.run | Purified full train | Images: 4096/50000 | 8.19% | 134.08 img/s | elapsed: 00:00:30 | eta: 00:05:42 | gpu: 0.2/2.2 GB
2026-07-03 17:44:56 | INFO | benchmark.run | Purified full train | Images: 5120/50000 | 10.24% | 134.33 img/s | elapsed: 00:00:38 | eta: 00:05:34 | gpu: 0.2/2.2 GB
2026-07-03 17:45:04 | INFO | benchmark.run | Purified full train | Images: 6144/50000 | 12.29% | 134.10 img/s | elapsed: 00:00:45 | eta: 00:05:27 | gpu: 0.2/2.2 GB
2026-07-03 17:45:11 | INFO | benchmark.run | Purified full train | Images: 7168/50000 | 14.34% | 134.51 img/s | elapsed: 00:00:53 | eta: 00:05:18 | gpu: 0.2/2.2 GB
2026-07-03 17:45:19 | INFO | benchmark.run | Purified full train | Images: 8192/50000 | 16.38% | 134.11 img/s | elapsed: 00:01:01 | eta: 00:05:11 | gpu: 0.2/2.2 GB
2026-07-03 17:45:27 | INFO | benchmark.run | Purified full train | Images: 9216/50000 | 18.43% | 134.08 img/s | elapsed: 00:01:08 | eta: 00:05:04 | gpu: 0.2/2.2 GB
2026-07-03 17:45:34 | INFO | benchmark.run | Purified full train | Images: 10240/50000 | 20.48% | 134.14 img/s | elapsed: 00:01:16 | eta: 00:04:56 | gpu: 0.2/2.2 GB
2026-07-03 17:45:42 | INFO | benchmark.run | Purified full train | Images: 11264/50000 | 22.53% | 134.09 img/s | elapsed: 00:01:24 | eta: 00:04:48 | gpu: 0.2/2.2 GB
2026-07-03 17:45:50 | INFO | benchmark.run | Purified full train | Images: 12288/50000 | 24.58% | 134.02 img/s | elapsed: 00:01:31 | eta: 00:04:41 | gpu: 0.2/2.2 GB
2026-07-03 17:45:57 | INFO | benchmark.run | Purified full train | Images: 13312/50000 | 26.62% | 134.01 img/s | elapsed: 00:01:39 | eta: 00:04:33 | gpu: 0.2/2.2 GB
2026-07-03 17:46:05 | INFO | benchmark.run | Purified full train | Images: 14336/50000 | 28.67% | 134.00 img/s | elapsed: 00:01:46 | eta: 00:04:26 | gpu: 0.2/2.2 GB
2026-07-03 17:46:13 | INFO | benchmark.run | Purified full train | Images: 15360/50000 | 30.72% | 133.86 img/s | elapsed: 00:01:54 | eta: 00:04:18 | gpu: 0.2/2.2 GB
2026-07-03 17:46:20 | INFO | benchmark.run | Purified full train | Images: 16384/50000 | 32.77% | 133.81 img/s | elapsed: 00:02:02 | eta: 00:04:11 | gpu: 0.2/2.2 GB
2026-07-03 17:46:28 | INFO | benchmark.run | Purified full train | Images: 17408/50000 | 34.82% | 133.90 img/s | elapsed: 00:02:10 | eta: 00:04:03 | gpu: 0.2/2.2 GB
2026-07-03 17:46:36 | INFO | benchmark.run | Purified full train | Images: 18432/50000 | 36.86% | 133.82 img/s | elapsed: 00:02:17 | eta: 00:03:55 | gpu: 0.2/2.2 GB
2026-07-03 17:46:43 | INFO | benchmark.run | Purified full train | Images: 19456/50000 | 38.91% | 133.79 img/s | elapsed: 00:02:25 | eta: 00:03:48 | gpu: 0.2/2.2 GB
2026-07-03 17:46:51 | INFO | benchmark.run | Purified full train | Images: 20480/50000 | 40.96% | 133.96 img/s | elapsed: 00:02:32 | eta: 00:03:40 | gpu: 0.2/2.2 GB
2026-07-03 17:46:59 | INFO | benchmark.run | Purified full train | Images: 21504/50000 | 43.01% | 133.90 img/s | elapsed: 00:02:40 | eta: 00:03:32 | gpu: 0.2/2.2 GB
2026-07-03 17:47:06 | INFO | benchmark.run | Purified full train | Images: 22528/50000 | 45.06% | 134.08 img/s | elapsed: 00:02:48 | eta: 00:03:24 | gpu: 0.2/2.2 GB
2026-07-03 17:47:14 | INFO | benchmark.run | Purified full train | Images: 23552/50000 | 47.10% | 134.20 img/s | elapsed: 00:02:55 | eta: 00:03:17 | gpu: 0.2/2.2 GB
2026-07-03 17:47:21 | INFO | benchmark.run | Purified full train | Images: 24576/50000 | 49.15% | 134.25 img/s | elapsed: 00:03:03 | eta: 00:03:09 | gpu: 0.2/2.2 GB
2026-07-03 17:47:29 | INFO | benchmark.run | Purified full train | Images: 25600/50000 | 51.20% | 134.35 img/s | elapsed: 00:03:10 | eta: 00:03:01 | gpu: 0.2/2.2 GB
2026-07-03 17:47:36 | INFO | benchmark.run | Purified full train | Images: 26624/50000 | 53.25% | 134.34 img/s | elapsed: 00:03:18 | eta: 00:02:54 | gpu: 0.2/2.2 GB
2026-07-03 17:47:44 | INFO | benchmark.run | Purified full train | Images: 27648/50000 | 55.30% | 134.31 img/s | elapsed: 00:03:25 | eta: 00:02:46 | gpu: 0.2/2.2 GB
2026-07-03 17:47:51 | INFO | benchmark.run | Purified full train | Images: 28672/50000 | 57.34% | 134.37 img/s | elapsed: 00:03:33 | eta: 00:02:38 | gpu: 0.2/2.2 GB
2026-07-03 17:47:59 | INFO | benchmark.run | Purified full train | Images: 29696/50000 | 59.39% | 134.41 img/s | elapsed: 00:03:40 | eta: 00:02:31 | gpu: 0.2/2.2 GB
2026-07-03 17:48:07 | INFO | benchmark.run | Purified full train | Images: 30720/50000 | 61.44% | 134.40 img/s | elapsed: 00:03:48 | eta: 00:02:23 | gpu: 0.2/2.2 GB
2026-07-03 17:48:14 | INFO | benchmark.run | Purified full train | Images: 31744/50000 | 63.49% | 134.42 img/s | elapsed: 00:03:56 | eta: 00:02:15 | gpu: 0.2/2.2 GB
2026-07-03 17:48:22 | INFO | benchmark.run | Purified full train | Images: 32768/50000 | 65.54% | 134.56 img/s | elapsed: 00:04:03 | eta: 00:02:08 | gpu: 0.2/2.2 GB
2026-07-03 17:48:29 | INFO | benchmark.run | Purified full train | Images: 33792/50000 | 67.58% | 134.56 img/s | elapsed: 00:04:11 | eta: 00:02:00 | gpu: 0.2/2.2 GB
2026-07-03 17:48:37 | INFO | benchmark.run | Purified full train | Images: 34816/50000 | 69.63% | 134.60 img/s | elapsed: 00:04:18 | eta: 00:01:52 | gpu: 0.2/2.2 GB
2026-07-03 17:48:44 | INFO | benchmark.run | Purified full train | Images: 35840/50000 | 71.68% | 134.65 img/s | elapsed: 00:04:26 | eta: 00:01:45 | gpu: 0.2/2.2 GB
2026-07-03 17:48:52 | INFO | benchmark.run | Purified full train | Images: 36864/50000 | 73.73% | 134.72 img/s | elapsed: 00:04:33 | eta: 00:01:37 | gpu: 0.2/2.2 GB
2026-07-03 17:48:59 | INFO | benchmark.run | Purified full train | Images: 37888/50000 | 75.78% | 134.75 img/s | elapsed: 00:04:41 | eta: 00:01:29 | gpu: 0.2/2.2 GB
2026-07-03 17:49:07 | INFO | benchmark.run | Purified full train | Images: 38912/50000 | 77.82% | 134.78 img/s | elapsed: 00:04:48 | eta: 00:01:22 | gpu: 0.2/2.2 GB
2026-07-03 17:49:14 | INFO | benchmark.run | Purified full train | Images: 39936/50000 | 79.87% | 134.73 img/s | elapsed: 00:04:56 | eta: 00:01:14 | gpu: 0.2/2.2 GB
2026-07-03 17:49:22 | INFO | benchmark.run | Purified full train | Images: 40960/50000 | 81.92% | 134.77 img/s | elapsed: 00:05:03 | eta: 00:01:07 | gpu: 0.2/2.2 GB
2026-07-03 17:49:29 | INFO | benchmark.run | Purified full train | Images: 41984/50000 | 83.97% | 134.80 img/s | elapsed: 00:05:11 | eta: 00:00:59 | gpu: 0.2/2.2 GB
2026-07-03 17:49:37 | INFO | benchmark.run | Purified full train | Images: 43008/50000 | 86.02% | 134.82 img/s | elapsed: 00:05:18 | eta: 00:00:51 | gpu: 0.2/2.2 GB
2026-07-03 17:49:44 | INFO | benchmark.run | Purified full train | Images: 44032/50000 | 88.06% | 134.88 img/s | elapsed: 00:05:26 | eta: 00:00:44 | gpu: 0.2/2.2 GB
2026-07-03 17:49:52 | INFO | benchmark.run | Purified full train | Images: 45056/50000 | 90.11% | 134.85 img/s | elapsed: 00:05:34 | eta: 00:00:36 | gpu: 0.2/2.2 GB
2026-07-03 17:50:03 | INFO | benchmark.run | Purified full train | Images: 46080/50000 | 92.16% | 133.63 img/s | elapsed: 00:05:44 | eta: 00:00:29 | gpu: 0.2/2.2 GB
2026-07-03 17:50:10 | INFO | benchmark.run | Purified full train | Images: 47104/50000 | 94.21% | 133.74 img/s | elapsed: 00:05:52 | eta: 00:00:21 | gpu: 0.2/2.2 GB
2026-07-03 17:50:18 | INFO | benchmark.run | Purified full train | Images: 48128/50000 | 96.26% | 133.78 img/s | elapsed: 00:05:59 | eta: 00:00:13 | gpu: 0.2/2.2 GB
2026-07-03 17:50:25 | INFO | benchmark.run | Purified full train | Images: 49152/50000 | 98.30% | 133.86 img/s | elapsed: 00:06:07 | eta: 00:00:06 | gpu: 0.2/2.2 GB
2026-07-03 17:50:31 | INFO | benchmark.run | Purified full train | Images: 50000/50000 | 100.00% | 133.90 img/s | elapsed: 00:06:13 | eta: 00:00:00 | gpu: 0.2/2.2 GB
2026-07-03 17:50:32 | INFO | benchmark.run | ================================================================================
2026-07-03 17:50:32 | INFO | benchmark.run | RETRAINING AND EVALUATING BP_c7_g0...
2026-07-03 17:50:32 | INFO | benchmark.run | ================================================================================
2026-07-03 17:50:33 | INFO | benchmark.run | Loading BP victim ResNet18 from ckpt-%s-4800.t7
==> Resuming from checkpoint for ResNet18..
Using Adam for retraining
2026-07-03 17:50:33, Epoch 0, Iteration 7, loss 0.233 (0.285), acc 96.154 (95.200)
2026-07-03 17:50:34, Epoch 50, Iteration 7, loss 0.001 (0.002), acc 100.000 (100.000)
Target Label: 2, Poison label: 7, Prediction:7, Target's Score:[4.580287671503996e-21, 1.6933759949822047e-11, 0.017474906519055367, 2.970288053856491e-16, 2.9243629114620183e-22, 7.672769442024219e-08, 1.2638654838946668e-15, 0.9825249910354614, 2.1228262203631942e-12, 3.1607063378115657e-18], Poisons' Predictions:[7, 7, 7, 7, 7, 7, 7, 7, 7, 7]
Now evaluating against camera taken images
2026-07-03 17:50:34 Epoch 59, Val iteration 0, acc 92.200 (92.200)
2026-07-03 17:50:36 Epoch 59, Val iteration 19, acc 94.600 (93.500)
* Prec: 93.5000015258789
2026-07-03 17:50:39 | INFO | benchmark.run | Loading BP victim ResNet18 from ckpt-%s-4800.t7
==> Resuming from checkpoint for ResNet18..
Using Adam for retraining
2026-07-03 17:50:40, Epoch 0, Iteration 7, loss 1.960 (1.468), acc 71.154 (77.200)
2026-07-03 17:50:40, Epoch 50, Iteration 7, loss 0.087 (0.081), acc 98.077 (97.400)
Target Label: 2, Poison label: 7, Prediction:2, Target's Score:[2.5884747123505747e-10, 5.112888629810186e-06, 0.9987356066703796, 1.3405128811427858e-05, 3.372138962731697e-05, 4.471973902298032e-09, 0.0012089875526726246, 1.3613118965416504e-10, 5.955939214041805e-11, 3.1236074846674455e-06], Poisons' Predictions:[7, 7, 7, 7, 7, 7, 7, 7, 7, 7]
Now evaluating against camera taken images
2026-07-03 17:50:41 Epoch 59, Val iteration 0, acc 93.200 (93.200)
2026-07-03 17:50:43 Epoch 59, Val iteration 19, acc 93.400 (92.200)
* Prec: 92.20000267028809
2026-07-03 17:50:43 | INFO | benchmark.run | Updated benchmark CSV: /media02/ndthuc03/cm-purify-targeted-poisoning/benchmark/outputs/slurm_73353/benchmark_results.csv
2026-07-03 17:50:43 | INFO | benchmark.run | ================================================================================
2026-07-03 17:50:43 | INFO | benchmark.run | CASE 16/30: BP_c7_g1 (BP)
2026-07-03 17:50:43 | INFO | benchmark.run | ================================================================================
2026-07-03 17:51:40 | INFO | benchmark.run | Materialized BP poisoned train | Images: 10000/50000 | 20.00% | 178.00 img/s | elapsed: 00:00:56 | eta: 00:03:44 | gpu: cpu
2026-07-03 17:52:40 | INFO | benchmark.run | Materialized BP poisoned train | Images: 20000/50000 | 40.00% | 173.25 img/s | elapsed: 00:01:55 | eta: 00:02:53 | gpu: cpu
2026-07-03 17:53:37 | INFO | benchmark.run | Materialized BP poisoned train | Images: 30000/50000 | 60.00% | 174.17 img/s | elapsed: 00:02:52 | eta: 00:01:54 | gpu: cpu
2026-07-03 17:54:37 | INFO | benchmark.run | Materialized BP poisoned train | Images: 40000/50000 | 80.00% | 172.11 img/s | elapsed: 00:03:52 | eta: 00:00:58 | gpu: cpu
2026-07-03 17:55:40 | INFO | benchmark.run | Materialized BP poisoned train | Images: 50000/50000 | 100.00% | 169.37 img/s | elapsed: 00:04:55 | eta: 00:00:00 | gpu: cpu
2026-07-03 17:55:51 | INFO | benchmark.run | Purified full train | Images: 1024/50000 | 2.05% | 117.09 img/s | elapsed: 00:00:08 | eta: 00:06:58 | gpu: 0.2/2.2 GB
2026-07-03 17:56:00 | INFO | benchmark.run | Purified full train | Images: 2048/50000 | 4.10% | 116.38 img/s | elapsed: 00:00:17 | eta: 00:06:52 | gpu: 0.2/2.2 GB
2026-07-03 17:56:09 | INFO | benchmark.run | Purified full train | Images: 3072/50000 | 6.14% | 117.51 img/s | elapsed: 00:00:26 | eta: 00:06:39 | gpu: 0.2/2.2 GB
2026-07-03 17:56:17 | INFO | benchmark.run | Purified full train | Images: 4096/50000 | 8.19% | 118.96 img/s | elapsed: 00:00:34 | eta: 00:06:25 | gpu: 0.2/2.2 GB
2026-07-03 17:56:26 | INFO | benchmark.run | Purified full train | Images: 5120/50000 | 10.24% | 118.49 img/s | elapsed: 00:00:43 | eta: 00:06:18 | gpu: 0.2/2.2 GB
2026-07-03 17:56:34 | INFO | benchmark.run | Purified full train | Images: 6144/50000 | 12.29% | 119.27 img/s | elapsed: 00:00:51 | eta: 00:06:07 | gpu: 0.2/2.2 GB
2026-07-03 17:56:42 | INFO | benchmark.run | Purified full train | Images: 7168/50000 | 14.34% | 120.08 img/s | elapsed: 00:00:59 | eta: 00:05:56 | gpu: 0.2/2.2 GB
2026-07-03 17:56:51 | INFO | benchmark.run | Purified full train | Images: 8192/50000 | 16.38% | 120.63 img/s | elapsed: 00:01:07 | eta: 00:05:46 | gpu: 0.2/2.2 GB
2026-07-03 17:56:58 | INFO | benchmark.run | Purified full train | Images: 9216/50000 | 18.43% | 121.63 img/s | elapsed: 00:01:15 | eta: 00:05:35 | gpu: 0.2/2.2 GB
2026-07-03 17:57:07 | INFO | benchmark.run | Purified full train | Images: 10240/50000 | 20.48% | 122.07 img/s | elapsed: 00:01:23 | eta: 00:05:25 | gpu: 0.2/2.2 GB
2026-07-03 17:57:15 | INFO | benchmark.run | Purified full train | Images: 11264/50000 | 22.53% | 122.46 img/s | elapsed: 00:01:31 | eta: 00:05:16 | gpu: 0.2/2.2 GB
2026-07-03 17:57:24 | INFO | benchmark.run | Purified full train | Images: 12288/50000 | 24.58% | 121.00 img/s | elapsed: 00:01:41 | eta: 00:05:11 | gpu: 0.2/2.2 GB
2026-07-03 17:57:33 | INFO | benchmark.run | Purified full train | Images: 13312/50000 | 26.62% | 120.69 img/s | elapsed: 00:01:50 | eta: 00:05:03 | gpu: 0.2/2.2 GB
2026-07-03 17:57:41 | INFO | benchmark.run | Purified full train | Images: 14336/50000 | 28.67% | 121.14 img/s | elapsed: 00:01:58 | eta: 00:04:54 | gpu: 0.2/2.2 GB
2026-07-03 17:57:49 | INFO | benchmark.run | Purified full train | Images: 15360/50000 | 30.72% | 121.70 img/s | elapsed: 00:02:06 | eta: 00:04:44 | gpu: 0.2/2.2 GB
2026-07-03 17:57:57 | INFO | benchmark.run | Purified full train | Images: 16384/50000 | 32.77% | 121.64 img/s | elapsed: 00:02:14 | eta: 00:04:36 | gpu: 0.2/2.2 GB
2026-07-03 17:58:06 | INFO | benchmark.run | Purified full train | Images: 17408/50000 | 34.82% | 121.34 img/s | elapsed: 00:02:23 | eta: 00:04:28 | gpu: 0.2/2.2 GB
2026-07-03 17:58:15 | INFO | benchmark.run | Purified full train | Images: 18432/50000 | 36.86% | 120.68 img/s | elapsed: 00:02:32 | eta: 00:04:21 | gpu: 0.2/2.2 GB
2026-07-03 17:58:24 | INFO | benchmark.run | Purified full train | Images: 19456/50000 | 38.91% | 120.85 img/s | elapsed: 00:02:40 | eta: 00:04:12 | gpu: 0.2/2.2 GB
2026-07-03 17:58:32 | INFO | benchmark.run | Purified full train | Images: 20480/50000 | 40.96% | 120.89 img/s | elapsed: 00:02:49 | eta: 00:04:04 | gpu: 0.2/2.2 GB
2026-07-03 17:58:40 | INFO | benchmark.run | Purified full train | Images: 21504/50000 | 43.01% | 121.24 img/s | elapsed: 00:02:57 | eta: 00:03:55 | gpu: 0.2/2.2 GB
2026-07-03 17:58:48 | INFO | benchmark.run | Purified full train | Images: 22528/50000 | 45.06% | 121.30 img/s | elapsed: 00:03:05 | eta: 00:03:46 | gpu: 0.2/2.2 GB
2026-07-03 17:58:57 | INFO | benchmark.run | Purified full train | Images: 23552/50000 | 47.10% | 121.31 img/s | elapsed: 00:03:14 | eta: 00:03:38 | gpu: 0.2/2.2 GB
2026-07-03 17:59:06 | INFO | benchmark.run | Purified full train | Images: 24576/50000 | 49.15% | 121.13 img/s | elapsed: 00:03:22 | eta: 00:03:29 | gpu: 0.2/2.2 GB
2026-07-03 17:59:14 | INFO | benchmark.run | Purified full train | Images: 25600/50000 | 51.20% | 120.88 img/s | elapsed: 00:03:31 | eta: 00:03:21 | gpu: 0.2/2.2 GB
2026-07-03 17:59:22 | INFO | benchmark.run | Purified full train | Images: 26624/50000 | 53.25% | 121.20 img/s | elapsed: 00:03:39 | eta: 00:03:12 | gpu: 0.2/2.2 GB
2026-07-03 17:59:31 | INFO | benchmark.run | Purified full train | Images: 27648/50000 | 55.30% | 121.09 img/s | elapsed: 00:03:48 | eta: 00:03:04 | gpu: 0.2/2.2 GB
2026-07-03 17:59:39 | INFO | benchmark.run | Purified full train | Images: 28672/50000 | 57.34% | 121.25 img/s | elapsed: 00:03:56 | eta: 00:02:55 | gpu: 0.2/2.2 GB
2026-07-03 17:59:48 | INFO | benchmark.run | Purified full train | Images: 29696/50000 | 59.39% | 121.20 img/s | elapsed: 00:04:05 | eta: 00:02:47 | gpu: 0.2/2.2 GB
2026-07-03 17:59:56 | INFO | benchmark.run | Purified full train | Images: 30720/50000 | 61.44% | 121.17 img/s | elapsed: 00:04:13 | eta: 00:02:39 | gpu: 0.2/2.2 GB
2026-07-03 18:00:05 | INFO | benchmark.run | Purified full train | Images: 31744/50000 | 63.49% | 120.96 img/s | elapsed: 00:04:22 | eta: 00:02:30 | gpu: 0.2/2.2 GB
2026-07-03 18:00:13 | INFO | benchmark.run | Purified full train | Images: 32768/50000 | 65.54% | 121.35 img/s | elapsed: 00:04:30 | eta: 00:02:22 | gpu: 0.2/2.2 GB
2026-07-03 18:00:21 | INFO | benchmark.run | Purified full train | Images: 33792/50000 | 67.58% | 121.29 img/s | elapsed: 00:04:38 | eta: 00:02:13 | gpu: 0.2/2.2 GB
2026-07-03 18:00:44 | INFO | benchmark.run | Purified full train | Images: 34816/50000 | 69.63% | 115.70 img/s | elapsed: 00:05:00 | eta: 00:02:11 | gpu: 0.2/2.2 GB
2026-07-03 18:00:52 | INFO | benchmark.run | Purified full train | Images: 35840/50000 | 71.68% | 116.04 img/s | elapsed: 00:05:08 | eta: 00:02:02 | gpu: 0.2/2.2 GB
2026-07-03 18:01:00 | INFO | benchmark.run | Purified full train | Images: 36864/50000 | 73.73% | 116.00 img/s | elapsed: 00:05:17 | eta: 00:01:53 | gpu: 0.2/2.2 GB
2026-07-03 18:01:22 | INFO | benchmark.run | Purified full train | Images: 37888/50000 | 75.78% | 111.61 img/s | elapsed: 00:05:39 | eta: 00:01:48 | gpu: 0.2/2.2 GB
2026-07-03 18:01:45 | INFO | benchmark.run | Purified full train | Images: 38912/50000 | 77.82% | 107.40 img/s | elapsed: 00:06:02 | eta: 00:01:43 | gpu: 0.2/2.2 GB
2026-07-03 18:01:54 | INFO | benchmark.run | Purified full train | Images: 39936/50000 | 79.87% | 107.68 img/s | elapsed: 00:06:10 | eta: 00:01:33 | gpu: 0.2/2.2 GB
2026-07-03 18:02:02 | INFO | benchmark.run | Purified full train | Images: 40960/50000 | 81.92% | 107.98 img/s | elapsed: 00:06:19 | eta: 00:01:23 | gpu: 0.2/2.2 GB
2026-07-03 18:02:10 | INFO | benchmark.run | Purified full train | Images: 41984/50000 | 83.97% | 108.38 img/s | elapsed: 00:06:27 | eta: 00:01:13 | gpu: 0.2/2.2 GB
2026-07-03 18:02:18 | INFO | benchmark.run | Purified full train | Images: 43008/50000 | 86.02% | 108.74 img/s | elapsed: 00:06:35 | eta: 00:01:04 | gpu: 0.2/2.2 GB
2026-07-03 18:02:28 | INFO | benchmark.run | Purified full train | Images: 44032/50000 | 88.06% | 108.60 img/s | elapsed: 00:06:45 | eta: 00:00:54 | gpu: 0.2/2.2 GB
2026-07-03 18:02:36 | INFO | benchmark.run | Purified full train | Images: 45056/50000 | 90.11% | 108.94 img/s | elapsed: 00:06:53 | eta: 00:00:45 | gpu: 0.2/2.2 GB
2026-07-03 18:02:44 | INFO | benchmark.run | Purified full train | Images: 46080/50000 | 92.16% | 109.40 img/s | elapsed: 00:07:01 | eta: 00:00:35 | gpu: 0.2/2.2 GB
2026-07-03 18:02:52 | INFO | benchmark.run | Purified full train | Images: 47104/50000 | 94.21% | 109.82 img/s | elapsed: 00:07:08 | eta: 00:00:26 | gpu: 0.2/2.2 GB
2026-07-03 18:02:59 | INFO | benchmark.run | Purified full train | Images: 48128/50000 | 96.26% | 110.25 img/s | elapsed: 00:07:16 | eta: 00:00:16 | gpu: 0.2/2.2 GB
2026-07-03 18:03:07 | INFO | benchmark.run | Purified full train | Images: 49152/50000 | 98.30% | 110.67 img/s | elapsed: 00:07:24 | eta: 00:00:07 | gpu: 0.2/2.2 GB
2026-07-03 18:03:13 | INFO | benchmark.run | Purified full train | Images: 50000/50000 | 100.00% | 110.96 img/s | elapsed: 00:07:30 | eta: 00:00:00 | gpu: 0.2/2.2 GB
2026-07-03 18:03:14 | INFO | benchmark.run | ================================================================================
2026-07-03 18:03:14 | INFO | benchmark.run | RETRAINING AND EVALUATING BP_c7_g1...
2026-07-03 18:03:14 | INFO | benchmark.run | ================================================================================
2026-07-03 18:03:15 | INFO | benchmark.run | Loading BP victim ResNet18 from ckpt-%s-4800.t7
==> Resuming from checkpoint for ResNet18..
Using Adam for retraining
2026-07-03 18:03:16, Epoch 0, Iteration 7, loss 0.543 (0.392), acc 96.154 (93.400)
2026-07-03 18:03:16, Epoch 50, Iteration 7, loss 0.001 (0.002), acc 100.000 (100.000)
Target Label: 5, Poison label: 7, Prediction:7, Target's Score:[1.7911478128052063e-23, 1.323544354863771e-15, 3.888712958003161e-18, 3.235135889385961e-21, 1.7821173869947415e-08, 0.02537788450717926, 2.9347378693866943e-11, 0.9746220707893372, 5.350875683144194e-28, 1.4954821144396469e-22], Poisons' Predictions:[7, 7, 7, 7, 7, 7, 7, 7, 7, 7]
Now evaluating against camera taken images
2026-07-03 18:03:17 Epoch 59, Val iteration 0, acc 92.200 (92.200)
2026-07-03 18:03:19 Epoch 59, Val iteration 19, acc 93.000 (93.360)
* Prec: 93.36000175476075
2026-07-03 18:03:21 | INFO | benchmark.run | Loading BP victim ResNet18 from ckpt-%s-4800.t7
==> Resuming from checkpoint for ResNet18..
Using Adam for retraining
2026-07-03 18:03:21, Epoch 0, Iteration 7, loss 0.827 (1.113), acc 86.538 (80.600)
2026-07-03 18:03:22, Epoch 50, Iteration 7, loss 0.090 (0.083), acc 96.154 (97.200)
Target Label: 5, Poison label: 7, Prediction:5, Target's Score:[1.3682321402708371e-14, 2.838643635109155e-33, 1.4868014597269053e-09, 0.010127313435077667, 0.00024621703778393567, 0.9894780516624451, 0.00014766845561098307, 8.708634027243534e-07, 3.4117123731171317e-13, 2.987774254959168e-15], Poisons' Predictions:[7, 7, 7, 7, 7, 7, 7, 7, 7, 7]
Now evaluating against camera taken images
2026-07-03 18:03:22 Epoch 59, Val iteration 0, acc 92.600 (92.600)
2026-07-03 18:03:24 Epoch 59, Val iteration 19, acc 93.800 (92.360)
* Prec: 92.36000137329101
2026-07-03 18:03:25 | INFO | benchmark.run | Updated benchmark CSV: /media02/ndthuc03/cm-purify-targeted-poisoning/benchmark/outputs/slurm_73353/benchmark_results.csv
2026-07-03 18:03:25 | INFO | benchmark.run | ================================================================================
2026-07-03 18:03:25 | INFO | benchmark.run | CASE 17/30: BP_c8_g0 (BP)
2026-07-03 18:03:25 | INFO | benchmark.run | ================================================================================
2026-07-03 18:04:24 | INFO | benchmark.run | Materialized BP poisoned train | Images: 10000/50000 | 20.00% | 173.94 img/s | elapsed: 00:00:57 | eta: 00:03:49 | gpu: cpu
2026-07-03 18:05:21 | INFO | benchmark.run | Materialized BP poisoned train | Images: 20000/50000 | 40.00% | 175.00 img/s | elapsed: 00:01:54 | eta: 00:02:51 | gpu: cpu
2026-07-03 18:06:20 | INFO | benchmark.run | Materialized BP poisoned train | Images: 30000/50000 | 60.00% | 172.54 img/s | elapsed: 00:02:53 | eta: 00:01:55 | gpu: cpu
2026-07-03 18:07:19 | INFO | benchmark.run | Materialized BP poisoned train | Images: 40000/50000 | 80.00% | 171.92 img/s | elapsed: 00:03:52 | eta: 00:00:58 | gpu: cpu
2026-07-03 18:08:17 | INFO | benchmark.run | Materialized BP poisoned train | Images: 50000/50000 | 100.00% | 171.98 img/s | elapsed: 00:04:50 | eta: 00:00:00 | gpu: cpu
2026-07-03 18:08:27 | INFO | benchmark.run | Purified full train | Images: 1024/50000 | 2.05% | 133.28 img/s | elapsed: 00:00:07 | eta: 00:06:07 | gpu: 0.2/2.2 GB
2026-07-03 18:08:35 | INFO | benchmark.run | Purified full train | Images: 2048/50000 | 4.10% | 133.27 img/s | elapsed: 00:00:15 | eta: 00:05:59 | gpu: 0.2/2.2 GB
2026-07-03 18:08:42 | INFO | benchmark.run | Purified full train | Images: 3072/50000 | 6.14% | 133.70 img/s | elapsed: 00:00:22 | eta: 00:05:50 | gpu: 0.2/2.2 GB
2026-07-03 18:08:50 | INFO | benchmark.run | Purified full train | Images: 4096/50000 | 8.19% | 133.73 img/s | elapsed: 00:00:30 | eta: 00:05:43 | gpu: 0.2/2.2 GB
2026-07-03 18:08:58 | INFO | benchmark.run | Purified full train | Images: 5120/50000 | 10.24% | 134.18 img/s | elapsed: 00:00:38 | eta: 00:05:34 | gpu: 0.2/2.2 GB
2026-07-03 18:09:05 | INFO | benchmark.run | Purified full train | Images: 6144/50000 | 12.29% | 134.19 img/s | elapsed: 00:00:45 | eta: 00:05:26 | gpu: 0.2/2.2 GB
2026-07-03 18:09:14 | INFO | benchmark.run | Purified full train | Images: 7168/50000 | 14.34% | 132.27 img/s | elapsed: 00:00:54 | eta: 00:05:23 | gpu: 0.2/2.2 GB
2026-07-03 18:09:21 | INFO | benchmark.run | Purified full train | Images: 8192/50000 | 16.38% | 132.69 img/s | elapsed: 00:01:01 | eta: 00:05:15 | gpu: 0.2/2.2 GB
2026-07-03 18:09:28 | INFO | benchmark.run | Purified full train | Images: 9216/50000 | 18.43% | 133.61 img/s | elapsed: 00:01:08 | eta: 00:05:05 | gpu: 0.2/2.2 GB
2026-07-03 18:09:36 | INFO | benchmark.run | Purified full train | Images: 10240/50000 | 20.48% | 134.00 img/s | elapsed: 00:01:16 | eta: 00:04:56 | gpu: 0.2/2.2 GB
2026-07-03 18:09:43 | INFO | benchmark.run | Purified full train | Images: 11264/50000 | 22.53% | 134.28 img/s | elapsed: 00:01:23 | eta: 00:04:48 | gpu: 0.2/2.2 GB
2026-07-03 18:09:51 | INFO | benchmark.run | Purified full train | Images: 12288/50000 | 24.58% | 134.10 img/s | elapsed: 00:01:31 | eta: 00:04:41 | gpu: 0.2/2.2 GB
2026-07-03 18:09:59 | INFO | benchmark.run | Purified full train | Images: 13312/50000 | 26.62% | 134.16 img/s | elapsed: 00:01:39 | eta: 00:04:33 | gpu: 0.2/2.2 GB
2026-07-03 18:10:06 | INFO | benchmark.run | Purified full train | Images: 14336/50000 | 28.67% | 133.97 img/s | elapsed: 00:01:47 | eta: 00:04:26 | gpu: 0.2/2.2 GB
2026-07-03 18:10:14 | INFO | benchmark.run | Purified full train | Images: 15360/50000 | 30.72% | 133.80 img/s | elapsed: 00:01:54 | eta: 00:04:18 | gpu: 0.2/2.2 GB
2026-07-03 18:10:22 | INFO | benchmark.run | Purified full train | Images: 16384/50000 | 32.77% | 133.90 img/s | elapsed: 00:02:02 | eta: 00:04:11 | gpu: 0.2/2.2 GB
2026-07-03 18:10:30 | INFO | benchmark.run | Purified full train | Images: 17408/50000 | 34.82% | 133.69 img/s | elapsed: 00:02:10 | eta: 00:04:03 | gpu: 0.2/2.2 GB
2026-07-03 18:10:37 | INFO | benchmark.run | Purified full train | Images: 18432/50000 | 36.86% | 133.58 img/s | elapsed: 00:02:17 | eta: 00:03:56 | gpu: 0.2/2.2 GB
2026-07-03 18:10:45 | INFO | benchmark.run | Purified full train | Images: 19456/50000 | 38.91% | 133.54 img/s | elapsed: 00:02:25 | eta: 00:03:48 | gpu: 0.2/2.2 GB
2026-07-03 18:10:53 | INFO | benchmark.run | Purified full train | Images: 20480/50000 | 40.96% | 133.41 img/s | elapsed: 00:02:33 | eta: 00:03:41 | gpu: 0.2/2.2 GB
2026-07-03 18:11:00 | INFO | benchmark.run | Purified full train | Images: 21504/50000 | 43.01% | 133.52 img/s | elapsed: 00:02:41 | eta: 00:03:33 | gpu: 0.2/2.2 GB
2026-07-03 18:11:08 | INFO | benchmark.run | Purified full train | Images: 22528/50000 | 45.06% | 133.46 img/s | elapsed: 00:02:48 | eta: 00:03:25 | gpu: 0.2/2.2 GB
2026-07-03 18:11:16 | INFO | benchmark.run | Purified full train | Images: 23552/50000 | 47.10% | 133.38 img/s | elapsed: 00:02:56 | eta: 00:03:18 | gpu: 0.2/2.2 GB
2026-07-03 18:11:24 | INFO | benchmark.run | Purified full train | Images: 24576/50000 | 49.15% | 133.38 img/s | elapsed: 00:03:04 | eta: 00:03:10 | gpu: 0.2/2.2 GB
2026-07-03 18:11:31 | INFO | benchmark.run | Purified full train | Images: 25600/50000 | 51.20% | 133.27 img/s | elapsed: 00:03:12 | eta: 00:03:03 | gpu: 0.2/2.2 GB
2026-07-03 18:11:39 | INFO | benchmark.run | Purified full train | Images: 26624/50000 | 53.25% | 133.25 img/s | elapsed: 00:03:19 | eta: 00:02:55 | gpu: 0.2/2.2 GB
2026-07-03 18:11:48 | INFO | benchmark.run | Purified full train | Images: 27648/50000 | 55.30% | 132.63 img/s | elapsed: 00:03:28 | eta: 00:02:48 | gpu: 0.2/2.2 GB
2026-07-03 18:11:55 | INFO | benchmark.run | Purified full train | Images: 28672/50000 | 57.34% | 132.77 img/s | elapsed: 00:03:35 | eta: 00:02:40 | gpu: 0.2/2.2 GB
2026-07-03 18:12:16 | INFO | benchmark.run | Purified full train | Images: 29696/50000 | 59.39% | 125.43 img/s | elapsed: 00:03:56 | eta: 00:02:41 | gpu: 0.2/2.2 GB
2026-07-03 18:12:24 | INFO | benchmark.run | Purified full train | Images: 30720/50000 | 61.44% | 125.59 img/s | elapsed: 00:04:04 | eta: 00:02:33 | gpu: 0.2/2.2 GB
2026-07-03 18:12:32 | INFO | benchmark.run | Purified full train | Images: 31744/50000 | 63.49% | 125.87 img/s | elapsed: 00:04:12 | eta: 00:02:25 | gpu: 0.2/2.2 GB
2026-07-03 18:12:39 | INFO | benchmark.run | Purified full train | Images: 32768/50000 | 65.54% | 126.19 img/s | elapsed: 00:04:19 | eta: 00:02:16 | gpu: 0.2/2.2 GB
2026-07-03 18:12:46 | INFO | benchmark.run | Purified full train | Images: 33792/50000 | 67.58% | 126.51 img/s | elapsed: 00:04:27 | eta: 00:02:08 | gpu: 0.2/2.2 GB
2026-07-03 18:12:54 | INFO | benchmark.run | Purified full train | Images: 34816/50000 | 69.63% | 126.84 img/s | elapsed: 00:04:34 | eta: 00:01:59 | gpu: 0.2/2.2 GB
2026-07-03 18:13:01 | INFO | benchmark.run | Purified full train | Images: 35840/50000 | 71.68% | 127.05 img/s | elapsed: 00:04:42 | eta: 00:01:51 | gpu: 0.2/2.2 GB
2026-07-03 18:13:09 | INFO | benchmark.run | Purified full train | Images: 36864/50000 | 73.73% | 127.31 img/s | elapsed: 00:04:49 | eta: 00:01:43 | gpu: 0.2/2.2 GB
2026-07-03 18:13:17 | INFO | benchmark.run | Purified full train | Images: 37888/50000 | 75.78% | 127.48 img/s | elapsed: 00:04:57 | eta: 00:01:35 | gpu: 0.2/2.2 GB
2026-07-03 18:13:24 | INFO | benchmark.run | Purified full train | Images: 38912/50000 | 77.82% | 127.73 img/s | elapsed: 00:05:04 | eta: 00:01:26 | gpu: 0.2/2.2 GB
2026-07-03 18:13:32 | INFO | benchmark.run | Purified full train | Images: 39936/50000 | 79.87% | 127.92 img/s | elapsed: 00:05:12 | eta: 00:01:18 | gpu: 0.2/2.2 GB
2026-07-03 18:13:39 | INFO | benchmark.run | Purified full train | Images: 40960/50000 | 81.92% | 128.09 img/s | elapsed: 00:05:19 | eta: 00:01:10 | gpu: 0.2/2.2 GB
2026-07-03 18:13:47 | INFO | benchmark.run | Purified full train | Images: 41984/50000 | 83.97% | 128.30 img/s | elapsed: 00:05:27 | eta: 00:01:02 | gpu: 0.2/2.2 GB
2026-07-03 18:13:54 | INFO | benchmark.run | Purified full train | Images: 43008/50000 | 86.02% | 128.47 img/s | elapsed: 00:05:34 | eta: 00:00:54 | gpu: 0.2/2.2 GB
2026-07-03 18:14:02 | INFO | benchmark.run | Purified full train | Images: 44032/50000 | 88.06% | 128.67 img/s | elapsed: 00:05:42 | eta: 00:00:46 | gpu: 0.2/2.2 GB
2026-07-03 18:14:09 | INFO | benchmark.run | Purified full train | Images: 45056/50000 | 90.11% | 128.84 img/s | elapsed: 00:05:49 | eta: 00:00:38 | gpu: 0.2/2.2 GB
2026-07-03 18:14:17 | INFO | benchmark.run | Purified full train | Images: 46080/50000 | 92.16% | 128.98 img/s | elapsed: 00:05:57 | eta: 00:00:30 | gpu: 0.2/2.2 GB
2026-07-03 18:14:24 | INFO | benchmark.run | Purified full train | Images: 47104/50000 | 94.21% | 129.11 img/s | elapsed: 00:06:04 | eta: 00:00:22 | gpu: 0.2/2.2 GB
2026-07-03 18:14:32 | INFO | benchmark.run | Purified full train | Images: 48128/50000 | 96.26% | 129.22 img/s | elapsed: 00:06:12 | eta: 00:00:14 | gpu: 0.2/2.2 GB
2026-07-03 18:14:42 | INFO | benchmark.run | Purified full train | Images: 49152/50000 | 98.30% | 128.48 img/s | elapsed: 00:06:22 | eta: 00:00:06 | gpu: 0.2/2.2 GB
2026-07-03 18:14:48 | INFO | benchmark.run | Purified full train | Images: 50000/50000 | 100.00% | 128.59 img/s | elapsed: 00:06:28 | eta: 00:00:00 | gpu: 0.2/2.2 GB
2026-07-03 18:14:48 | INFO | benchmark.run | ================================================================================
2026-07-03 18:14:48 | INFO | benchmark.run | RETRAINING AND EVALUATING BP_c8_g0...
2026-07-03 18:14:48 | INFO | benchmark.run | ================================================================================
2026-07-03 18:14:50 | INFO | benchmark.run | Loading BP victim ResNet18 from ckpt-%s-4800.t7
==> Resuming from checkpoint for ResNet18..
Using Adam for retraining
2026-07-03 18:14:51, Epoch 0, Iteration 7, loss 0.007 (0.494), acc 100.000 (93.200)
2026-07-03 18:14:51, Epoch 50, Iteration 7, loss 0.000 (0.001), acc 100.000 (100.000)
Target Label: 0, Poison label: 8, Prediction:8, Target's Score:[0.0017212654929608107, 2.0539341287222456e-18, 1.305197811808656e-12, 2.9429307330305265e-27, 2.4218279291721156e-12, 9.651997083526265e-13, 2.0291666125160646e-09, 1.436312538227956e-19, 0.9982787370681763, 2.3515865903850353e-12], Poisons' Predictions:[8, 8, 8, 8, 8, 8, 8, 8, 8, 8]
Now evaluating against camera taken images
2026-07-03 18:14:51 Epoch 59, Val iteration 0, acc 91.200 (91.200)
2026-07-03 18:14:53 Epoch 59, Val iteration 19, acc 93.600 (93.330)
* Prec: 93.33000221252442
2026-07-03 18:14:57 | INFO | benchmark.run | Loading BP victim ResNet18 from ckpt-%s-4800.t7
==> Resuming from checkpoint for ResNet18..
Using Adam for retraining
2026-07-03 18:14:57, Epoch 0, Iteration 7, loss 0.930 (1.222), acc 84.615 (76.400)
2026-07-03 18:14:58, Epoch 50, Iteration 7, loss 0.063 (0.107), acc 98.077 (95.400)
Target Label: 0, Poison label: 8, Prediction:0, Target's Score:[0.9999513626098633, 5.918317016573231e-19, 2.918362022514046e-16, 6.393285275407834e-06, 3.4321125497172034e-08, 1.4164812682793126e-06, 1.3021227152076875e-10, 4.415233166830287e-19, 4.077591438544914e-05, 1.7516277057288976e-12], Poisons' Predictions:[8, 8, 8, 8, 8, 5, 8, 8, 8, 8]
Now evaluating against camera taken images
2026-07-03 18:14:58 Epoch 59, Val iteration 0, acc 90.800 (90.800)
2026-07-03 18:15:00 Epoch 59, Val iteration 19, acc 93.600 (90.960)
* Prec: 90.96000137329102
2026-07-03 18:15:00 | INFO | benchmark.run | Updated benchmark CSV: /media02/ndthuc03/cm-purify-targeted-poisoning/benchmark/outputs/slurm_73353/benchmark_results.csv
2026-07-03 18:15:00 | INFO | benchmark.run | ================================================================================
2026-07-03 18:15:00 | INFO | benchmark.run | CASE 18/30: BP_c8_g1 (BP)
2026-07-03 18:15:00 | INFO | benchmark.run | ================================================================================
2026-07-03 18:15:58 | INFO | benchmark.run | Materialized BP poisoned train | Images: 10000/50000 | 20.00% | 179.02 img/s | elapsed: 00:00:55 | eta: 00:03:43 | gpu: cpu
2026-07-03 18:16:54 | INFO | benchmark.run | Materialized BP poisoned train | Images: 20000/50000 | 40.00% | 179.28 img/s | elapsed: 00:01:51 | eta: 00:02:47 | gpu: cpu
2026-07-03 18:17:50 | INFO | benchmark.run | Materialized BP poisoned train | Images: 30000/50000 | 60.00% | 178.16 img/s | elapsed: 00:02:48 | eta: 00:01:52 | gpu: cpu
2026-07-03 18:18:47 | INFO | benchmark.run | Materialized BP poisoned train | Images: 40000/50000 | 80.00% | 177.80 img/s | elapsed: 00:03:44 | eta: 00:00:56 | gpu: cpu
2026-07-03 18:19:46 | INFO | benchmark.run | Materialized BP poisoned train | Images: 50000/50000 | 100.00% | 176.22 img/s | elapsed: 00:04:43 | eta: 00:00:00 | gpu: cpu
2026-07-03 18:19:56 | INFO | benchmark.run | Purified full train | Images: 1024/50000 | 2.05% | 131.54 img/s | elapsed: 00:00:07 | eta: 00:06:12 | gpu: 0.2/2.2 GB
2026-07-03 18:20:04 | INFO | benchmark.run | Purified full train | Images: 2048/50000 | 4.10% | 133.38 img/s | elapsed: 00:00:15 | eta: 00:05:59 | gpu: 0.2/2.2 GB
2026-07-03 18:20:11 | INFO | benchmark.run | Purified full train | Images: 3072/50000 | 6.14% | 134.28 img/s | elapsed: 00:00:22 | eta: 00:05:49 | gpu: 0.2/2.2 GB
2026-07-03 18:20:19 | INFO | benchmark.run | Purified full train | Images: 4096/50000 | 8.19% | 135.23 img/s | elapsed: 00:00:30 | eta: 00:05:39 | gpu: 0.2/2.2 GB
2026-07-03 18:20:27 | INFO | benchmark.run | Purified full train | Images: 5120/50000 | 10.24% | 134.91 img/s | elapsed: 00:00:37 | eta: 00:05:32 | gpu: 0.2/2.2 GB
2026-07-03 18:20:34 | INFO | benchmark.run | Purified full train | Images: 6144/50000 | 12.29% | 134.71 img/s | elapsed: 00:00:45 | eta: 00:05:25 | gpu: 0.2/2.2 GB
2026-07-03 18:20:42 | INFO | benchmark.run | Purified full train | Images: 7168/50000 | 14.34% | 134.73 img/s | elapsed: 00:00:53 | eta: 00:05:17 | gpu: 0.2/2.2 GB
2026-07-03 18:20:50 | INFO | benchmark.run | Purified full train | Images: 8192/50000 | 16.38% | 134.45 img/s | elapsed: 00:01:00 | eta: 00:05:10 | gpu: 0.2/2.2 GB
2026-07-03 18:20:57 | INFO | benchmark.run | Purified full train | Images: 9216/50000 | 18.43% | 134.44 img/s | elapsed: 00:01:08 | eta: 00:05:03 | gpu: 0.2/2.2 GB
2026-07-03 18:21:05 | INFO | benchmark.run | Purified full train | Images: 10240/50000 | 20.48% | 134.52 img/s | elapsed: 00:01:16 | eta: 00:04:55 | gpu: 0.2/2.2 GB
2026-07-03 18:21:12 | INFO | benchmark.run | Purified full train | Images: 11264/50000 | 22.53% | 134.53 img/s | elapsed: 00:01:23 | eta: 00:04:47 | gpu: 0.2/2.2 GB
2026-07-03 18:21:20 | INFO | benchmark.run | Purified full train | Images: 12288/50000 | 24.58% | 134.67 img/s | elapsed: 00:01:31 | eta: 00:04:40 | gpu: 0.2/2.2 GB
2026-07-03 18:21:27 | INFO | benchmark.run | Purified full train | Images: 13312/50000 | 26.62% | 134.67 img/s | elapsed: 00:01:38 | eta: 00:04:32 | gpu: 0.2/2.2 GB
2026-07-03 18:21:35 | INFO | benchmark.run | Purified full train | Images: 14336/50000 | 28.67% | 134.30 img/s | elapsed: 00:01:46 | eta: 00:04:25 | gpu: 0.2/2.2 GB
2026-07-03 18:21:43 | INFO | benchmark.run | Purified full train | Images: 15360/50000 | 30.72% | 134.14 img/s | elapsed: 00:01:54 | eta: 00:04:18 | gpu: 0.2/2.2 GB
2026-07-03 18:21:51 | INFO | benchmark.run | Purified full train | Images: 16384/50000 | 32.77% | 134.20 img/s | elapsed: 00:02:02 | eta: 00:04:10 | gpu: 0.2/2.2 GB
2026-07-03 18:21:58 | INFO | benchmark.run | Purified full train | Images: 17408/50000 | 34.82% | 134.18 img/s | elapsed: 00:02:09 | eta: 00:04:02 | gpu: 0.2/2.2 GB
2026-07-03 18:22:06 | INFO | benchmark.run | Purified full train | Images: 18432/50000 | 36.86% | 134.42 img/s | elapsed: 00:02:17 | eta: 00:03:54 | gpu: 0.2/2.2 GB
2026-07-03 18:22:13 | INFO | benchmark.run | Purified full train | Images: 19456/50000 | 38.91% | 134.44 img/s | elapsed: 00:02:24 | eta: 00:03:47 | gpu: 0.2/2.2 GB
2026-07-03 18:22:21 | INFO | benchmark.run | Purified full train | Images: 20480/50000 | 40.96% | 134.45 img/s | elapsed: 00:02:32 | eta: 00:03:39 | gpu: 0.2/2.2 GB
2026-07-03 18:22:29 | INFO | benchmark.run | Purified full train | Images: 21504/50000 | 43.01% | 134.34 img/s | elapsed: 00:02:40 | eta: 00:03:32 | gpu: 0.2/2.2 GB
2026-07-03 18:22:36 | INFO | benchmark.run | Purified full train | Images: 22528/50000 | 45.06% | 134.30 img/s | elapsed: 00:02:47 | eta: 00:03:24 | gpu: 0.2/2.2 GB
2026-07-03 18:22:44 | INFO | benchmark.run | Purified full train | Images: 23552/50000 | 47.10% | 134.25 img/s | elapsed: 00:02:55 | eta: 00:03:17 | gpu: 0.2/2.2 GB
2026-07-03 18:22:52 | INFO | benchmark.run | Purified full train | Images: 24576/50000 | 49.15% | 134.20 img/s | elapsed: 00:03:03 | eta: 00:03:09 | gpu: 0.2/2.2 GB
2026-07-03 18:22:59 | INFO | benchmark.run | Purified full train | Images: 25600/50000 | 51.20% | 134.25 img/s | elapsed: 00:03:10 | eta: 00:03:01 | gpu: 0.2/2.2 GB
2026-07-03 18:23:07 | INFO | benchmark.run | Purified full train | Images: 26624/50000 | 53.25% | 134.39 img/s | elapsed: 00:03:18 | eta: 00:02:53 | gpu: 0.2/2.2 GB
2026-07-03 18:23:15 | INFO | benchmark.run | Purified full train | Images: 27648/50000 | 55.30% | 134.23 img/s | elapsed: 00:03:25 | eta: 00:02:46 | gpu: 0.2/2.2 GB
2026-07-03 18:23:22 | INFO | benchmark.run | Purified full train | Images: 28672/50000 | 57.34% | 134.25 img/s | elapsed: 00:03:33 | eta: 00:02:38 | gpu: 0.2/2.2 GB
2026-07-03 18:23:30 | INFO | benchmark.run | Purified full train | Images: 29696/50000 | 59.39% | 134.22 img/s | elapsed: 00:03:41 | eta: 00:02:31 | gpu: 0.2/2.2 GB
2026-07-03 18:23:38 | INFO | benchmark.run | Purified full train | Images: 30720/50000 | 61.44% | 134.12 img/s | elapsed: 00:03:49 | eta: 00:02:23 | gpu: 0.2/2.2 GB
2026-07-03 18:23:45 | INFO | benchmark.run | Purified full train | Images: 31744/50000 | 63.49% | 134.06 img/s | elapsed: 00:03:56 | eta: 00:02:16 | gpu: 0.2/2.2 GB
2026-07-03 18:23:53 | INFO | benchmark.run | Purified full train | Images: 32768/50000 | 65.54% | 134.08 img/s | elapsed: 00:04:04 | eta: 00:02:08 | gpu: 0.2/2.2 GB
2026-07-03 18:24:01 | INFO | benchmark.run | Purified full train | Images: 33792/50000 | 67.58% | 133.76 img/s | elapsed: 00:04:12 | eta: 00:02:01 | gpu: 0.2/2.2 GB
2026-07-03 18:24:09 | INFO | benchmark.run | Purified full train | Images: 34816/50000 | 69.63% | 133.47 img/s | elapsed: 00:04:20 | eta: 00:01:53 | gpu: 0.2/2.2 GB
2026-07-03 18:24:18 | INFO | benchmark.run | Purified full train | Images: 35840/50000 | 71.68% | 133.21 img/s | elapsed: 00:04:29 | eta: 00:01:46 | gpu: 0.2/2.2 GB
2026-07-03 18:24:26 | INFO | benchmark.run | Purified full train | Images: 36864/50000 | 73.73% | 133.11 img/s | elapsed: 00:04:36 | eta: 00:01:38 | gpu: 0.2/2.2 GB
2026-07-03 18:24:34 | INFO | benchmark.run | Purified full train | Images: 37888/50000 | 75.78% | 132.95 img/s | elapsed: 00:04:44 | eta: 00:01:31 | gpu: 0.2/2.2 GB
2026-07-03 18:24:42 | INFO | benchmark.run | Purified full train | Images: 38912/50000 | 77.82% | 132.67 img/s | elapsed: 00:04:53 | eta: 00:01:23 | gpu: 0.2/2.2 GB
2026-07-03 18:24:51 | INFO | benchmark.run | Purified full train | Images: 39936/50000 | 79.87% | 132.23 img/s | elapsed: 00:05:02 | eta: 00:01:16 | gpu: 0.2/2.2 GB
2026-07-03 18:24:59 | INFO | benchmark.run | Purified full train | Images: 40960/50000 | 81.92% | 131.78 img/s | elapsed: 00:05:10 | eta: 00:01:08 | gpu: 0.2/2.2 GB
2026-07-03 18:25:07 | INFO | benchmark.run | Purified full train | Images: 41984/50000 | 83.97% | 131.67 img/s | elapsed: 00:05:18 | eta: 00:01:00 | gpu: 0.2/2.2 GB
2026-07-03 18:25:16 | INFO | benchmark.run | Purified full train | Images: 43008/50000 | 86.02% | 131.51 img/s | elapsed: 00:05:27 | eta: 00:00:53 | gpu: 0.2/2.2 GB
2026-07-03 18:25:27 | INFO | benchmark.run | Purified full train | Images: 44032/50000 | 88.06% | 129.92 img/s | elapsed: 00:05:38 | eta: 00:00:45 | gpu: 0.2/2.2 GB
2026-07-03 18:25:36 | INFO | benchmark.run | Purified full train | Images: 45056/50000 | 90.11% | 129.82 img/s | elapsed: 00:05:47 | eta: 00:00:38 | gpu: 0.2/2.2 GB
2026-07-03 18:25:45 | INFO | benchmark.run | Purified full train | Images: 46080/50000 | 92.16% | 129.44 img/s | elapsed: 00:05:56 | eta: 00:00:30 | gpu: 0.2/2.2 GB
2026-07-03 18:25:53 | INFO | benchmark.run | Purified full train | Images: 47104/50000 | 94.21% | 129.32 img/s | elapsed: 00:06:04 | eta: 00:00:22 | gpu: 0.2/2.2 GB
2026-07-03 18:26:01 | INFO | benchmark.run | Purified full train | Images: 48128/50000 | 96.26% | 129.22 img/s | elapsed: 00:06:12 | eta: 00:00:14 | gpu: 0.2/2.2 GB
2026-07-03 18:26:09 | INFO | benchmark.run | Purified full train | Images: 49152/50000 | 98.30% | 129.19 img/s | elapsed: 00:06:20 | eta: 00:00:06 | gpu: 0.2/2.2 GB
2026-07-03 18:26:16 | INFO | benchmark.run | Purified full train | Images: 50000/50000 | 100.00% | 129.05 img/s | elapsed: 00:06:27 | eta: 00:00:00 | gpu: 0.2/2.2 GB
2026-07-03 18:26:16 | INFO | benchmark.run | ================================================================================
2026-07-03 18:26:16 | INFO | benchmark.run | RETRAINING AND EVALUATING BP_c8_g1...
2026-07-03 18:26:16 | INFO | benchmark.run | ================================================================================
2026-07-03 18:26:17 | INFO | benchmark.run | Loading BP victim ResNet18 from ckpt-%s-4800.t7
==> Resuming from checkpoint for ResNet18..
Using Adam for retraining
2026-07-03 18:26:18, Epoch 0, Iteration 7, loss 0.005 (0.268), acc 100.000 (96.400)
2026-07-03 18:26:18, Epoch 50, Iteration 7, loss 0.009 (0.003), acc 100.000 (100.000)
Target Label: 2, Poison label: 8, Prediction:8, Target's Score:[5.2277547897972964e-15, 3.9405223528632405e-10, 0.0028516000602394342, 2.8014479596038744e-25, 3.4609623536155046e-18, 1.0626355795295694e-08, 1.718702774221778e-16, 1.434831461001422e-15, 0.9971484541893005, 1.4959601082690908e-16], Poisons' Predictions:[8, 8, 8, 8, 8, 8, 8, 8, 8, 8]
Now evaluating against camera taken images
2026-07-03 18:26:18 Epoch 59, Val iteration 0, acc 92.600 (92.600)
2026-07-03 18:26:20 Epoch 59, Val iteration 19, acc 94.400 (93.470)
* Prec: 93.47000083923339
2026-07-03 18:26:23 | INFO | benchmark.run | Loading BP victim ResNet18 from ckpt-%s-4800.t7
==> Resuming from checkpoint for ResNet18..
Using Adam for retraining
2026-07-03 18:26:24, Epoch 0, Iteration 7, loss 1.116 (1.274), acc 78.846 (76.400)
2026-07-03 18:26:24, Epoch 50, Iteration 7, loss 0.084 (0.094), acc 98.077 (96.800)
Target Label: 2, Poison label: 8, Prediction:2, Target's Score:[5.1535066080282834e-17, 2.641544316617228e-09, 0.8747040629386902, 1.059204078046605e-05, 4.2092731746379286e-05, 5.699944267689716e-07, 0.12523506581783295, 1.065315724524396e-09, 7.502628704969538e-06, 8.832782493969644e-15], Poisons' Predictions:[8, 8, 8, 8, 8, 8, 8, 8, 8, 8]
Now evaluating against camera taken images
2026-07-03 18:26:24 Epoch 59, Val iteration 0, acc 92.200 (92.200)
2026-07-03 18:26:26 Epoch 59, Val iteration 19, acc 93.600 (91.590)
* Prec: 91.59000091552734
2026-07-03 18:26:27 | INFO | benchmark.run | Updated benchmark CSV: /media02/ndthuc03/cm-purify-targeted-poisoning/benchmark/outputs/slurm_73353/benchmark_results.csv
2026-07-03 18:26:27 | INFO | benchmark.run | ================================================================================
2026-07-03 18:26:27 | INFO | benchmark.run | CASE 19/30: BP_c9_g0 (BP)
2026-07-03 18:26:27 | INFO | benchmark.run | ================================================================================
2026-07-03 18:27:45 | INFO | benchmark.run | Materialized BP poisoned train | Images: 10000/50000 | 20.00% | 130.92 img/s | elapsed: 00:01:16 | eta: 00:05:05 | gpu: cpu
2026-07-03 18:28:44 | INFO | benchmark.run | Materialized BP poisoned train | Images: 20000/50000 | 40.00% | 147.64 img/s | elapsed: 00:02:15 | eta: 00:03:23 | gpu: cpu
2026-07-03 18:29:43 | INFO | benchmark.run | Materialized BP poisoned train | Images: 30000/50000 | 60.00% | 153.99 img/s | elapsed: 00:03:14 | eta: 00:02:09 | gpu: cpu
2026-07-03 18:30:42 | INFO | benchmark.run | Materialized BP poisoned train | Images: 40000/50000 | 80.00% | 157.86 img/s | elapsed: 00:04:13 | eta: 00:01:03 | gpu: cpu
2026-07-03 18:31:40 | INFO | benchmark.run | Materialized BP poisoned train | Images: 50000/50000 | 100.00% | 160.20 img/s | elapsed: 00:05:12 | eta: 00:00:00 | gpu: cpu
2026-07-03 18:31:51 | INFO | benchmark.run | Purified full train | Images: 1024/50000 | 2.05% | 125.39 img/s | elapsed: 00:00:08 | eta: 00:06:30 | gpu: 0.2/2.2 GB
2026-07-03 18:31:59 | INFO | benchmark.run | Purified full train | Images: 2048/50000 | 4.10% | 125.84 img/s | elapsed: 00:00:16 | eta: 00:06:21 | gpu: 0.2/2.2 GB
2026-07-03 18:32:07 | INFO | benchmark.run | Purified full train | Images: 3072/50000 | 6.14% | 126.11 img/s | elapsed: 00:00:24 | eta: 00:06:12 | gpu: 0.2/2.2 GB
2026-07-03 18:32:15 | INFO | benchmark.run | Purified full train | Images: 4096/50000 | 8.19% | 126.10 img/s | elapsed: 00:00:32 | eta: 00:06:04 | gpu: 0.2/2.2 GB
2026-07-03 18:32:23 | INFO | benchmark.run | Purified full train | Images: 5120/50000 | 10.24% | 125.58 img/s | elapsed: 00:00:40 | eta: 00:05:57 | gpu: 0.2/2.2 GB
2026-07-03 18:32:32 | INFO | benchmark.run | Purified full train | Images: 6144/50000 | 12.29% | 125.55 img/s | elapsed: 00:00:48 | eta: 00:05:49 | gpu: 0.2/2.2 GB
2026-07-03 18:32:40 | INFO | benchmark.run | Purified full train | Images: 7168/50000 | 14.34% | 125.99 img/s | elapsed: 00:00:56 | eta: 00:05:39 | gpu: 0.2/2.2 GB
2026-07-03 18:32:48 | INFO | benchmark.run | Purified full train | Images: 8192/50000 | 16.38% | 125.64 img/s | elapsed: 00:01:05 | eta: 00:05:32 | gpu: 0.2/2.2 GB
2026-07-03 18:32:56 | INFO | benchmark.run | Purified full train | Images: 9216/50000 | 18.43% | 125.34 img/s | elapsed: 00:01:13 | eta: 00:05:25 | gpu: 0.2/2.2 GB
2026-07-03 18:33:04 | INFO | benchmark.run | Purified full train | Images: 10240/50000 | 20.48% | 125.62 img/s | elapsed: 00:01:21 | eta: 00:05:16 | gpu: 0.2/2.2 GB
2026-07-03 18:33:12 | INFO | benchmark.run | Purified full train | Images: 11264/50000 | 22.53% | 125.61 img/s | elapsed: 00:01:29 | eta: 00:05:08 | gpu: 0.2/2.2 GB
2026-07-03 18:33:21 | INFO | benchmark.run | Purified full train | Images: 12288/50000 | 24.58% | 125.33 img/s | elapsed: 00:01:38 | eta: 00:05:00 | gpu: 0.2/2.2 GB
2026-07-03 18:33:29 | INFO | benchmark.run | Purified full train | Images: 13312/50000 | 26.62% | 125.63 img/s | elapsed: 00:01:45 | eta: 00:04:52 | gpu: 0.2/2.2 GB
2026-07-03 18:33:37 | INFO | benchmark.run | Purified full train | Images: 14336/50000 | 28.67% | 125.09 img/s | elapsed: 00:01:54 | eta: 00:04:45 | gpu: 0.2/2.2 GB
2026-07-03 18:33:45 | INFO | benchmark.run | Purified full train | Images: 15360/50000 | 30.72% | 125.50 img/s | elapsed: 00:02:02 | eta: 00:04:36 | gpu: 0.2/2.2 GB
2026-07-03 18:33:53 | INFO | benchmark.run | Purified full train | Images: 16384/50000 | 32.77% | 125.61 img/s | elapsed: 00:02:10 | eta: 00:04:27 | gpu: 0.2/2.2 GB
2026-07-03 18:34:01 | INFO | benchmark.run | Purified full train | Images: 17408/50000 | 34.82% | 125.69 img/s | elapsed: 00:02:18 | eta: 00:04:19 | gpu: 0.2/2.2 GB
2026-07-03 18:34:09 | INFO | benchmark.run | Purified full train | Images: 18432/50000 | 36.86% | 125.73 img/s | elapsed: 00:02:26 | eta: 00:04:11 | gpu: 0.2/2.2 GB
2026-07-03 18:34:18 | INFO | benchmark.run | Purified full train | Images: 19456/50000 | 38.91% | 125.62 img/s | elapsed: 00:02:34 | eta: 00:04:03 | gpu: 0.2/2.2 GB
2026-07-03 18:34:26 | INFO | benchmark.run | Purified full train | Images: 20480/50000 | 40.96% | 125.73 img/s | elapsed: 00:02:42 | eta: 00:03:54 | gpu: 0.2/2.2 GB
2026-07-03 18:34:34 | INFO | benchmark.run | Purified full train | Images: 21504/50000 | 43.01% | 125.80 img/s | elapsed: 00:02:50 | eta: 00:03:46 | gpu: 0.2/2.2 GB
2026-07-03 18:34:42 | INFO | benchmark.run | Purified full train | Images: 22528/50000 | 45.06% | 125.94 img/s | elapsed: 00:02:58 | eta: 00:03:38 | gpu: 0.2/2.2 GB
2026-07-03 18:34:49 | INFO | benchmark.run | Purified full train | Images: 23552/50000 | 47.10% | 126.38 img/s | elapsed: 00:03:06 | eta: 00:03:29 | gpu: 0.2/2.2 GB
2026-07-03 18:34:57 | INFO | benchmark.run | Purified full train | Images: 24576/50000 | 49.15% | 126.17 img/s | elapsed: 00:03:14 | eta: 00:03:21 | gpu: 0.2/2.2 GB
2026-07-03 18:35:05 | INFO | benchmark.run | Purified full train | Images: 25600/50000 | 51.20% | 126.48 img/s | elapsed: 00:03:22 | eta: 00:03:12 | gpu: 0.2/2.2 GB
2026-07-03 18:35:13 | INFO | benchmark.run | Purified full train | Images: 26624/50000 | 53.25% | 126.62 img/s | elapsed: 00:03:30 | eta: 00:03:04 | gpu: 0.2/2.2 GB
2026-07-03 18:35:21 | INFO | benchmark.run | Purified full train | Images: 27648/50000 | 55.30% | 126.72 img/s | elapsed: 00:03:38 | eta: 00:02:56 | gpu: 0.2/2.2 GB
2026-07-03 18:35:28 | INFO | benchmark.run | Purified full train | Images: 28672/50000 | 57.34% | 127.01 img/s | elapsed: 00:03:45 | eta: 00:02:47 | gpu: 0.2/2.2 GB
2026-07-03 18:35:36 | INFO | benchmark.run | Purified full train | Images: 29696/50000 | 59.39% | 127.04 img/s | elapsed: 00:03:53 | eta: 00:02:39 | gpu: 0.2/2.2 GB
2026-07-03 18:35:44 | INFO | benchmark.run | Purified full train | Images: 30720/50000 | 61.44% | 127.08 img/s | elapsed: 00:04:01 | eta: 00:02:31 | gpu: 0.2/2.2 GB
2026-07-03 18:35:52 | INFO | benchmark.run | Purified full train | Images: 31744/50000 | 63.49% | 127.15 img/s | elapsed: 00:04:09 | eta: 00:02:23 | gpu: 0.2/2.2 GB
2026-07-03 18:36:00 | INFO | benchmark.run | Purified full train | Images: 32768/50000 | 65.54% | 127.21 img/s | elapsed: 00:04:17 | eta: 00:02:15 | gpu: 0.2/2.2 GB
2026-07-03 18:36:10 | INFO | benchmark.run | Purified full train | Images: 33792/50000 | 67.58% | 126.15 img/s | elapsed: 00:04:27 | eta: 00:02:08 | gpu: 0.2/2.2 GB
2026-07-03 18:36:18 | INFO | benchmark.run | Purified full train | Images: 34816/50000 | 69.63% | 126.32 img/s | elapsed: 00:04:35 | eta: 00:02:00 | gpu: 0.2/2.2 GB
2026-07-03 18:36:26 | INFO | benchmark.run | Purified full train | Images: 35840/50000 | 71.68% | 126.44 img/s | elapsed: 00:04:43 | eta: 00:01:51 | gpu: 0.2/2.2 GB
2026-07-03 18:36:34 | INFO | benchmark.run | Purified full train | Images: 36864/50000 | 73.73% | 126.46 img/s | elapsed: 00:04:51 | eta: 00:01:43 | gpu: 0.2/2.2 GB
2026-07-03 18:36:42 | INFO | benchmark.run | Purified full train | Images: 37888/50000 | 75.78% | 126.43 img/s | elapsed: 00:04:59 | eta: 00:01:35 | gpu: 0.2/2.2 GB
2026-07-03 18:36:50 | INFO | benchmark.run | Purified full train | Images: 38912/50000 | 77.82% | 126.63 img/s | elapsed: 00:05:07 | eta: 00:01:27 | gpu: 0.2/2.2 GB
2026-07-03 18:36:58 | INFO | benchmark.run | Purified full train | Images: 39936/50000 | 79.87% | 126.67 img/s | elapsed: 00:05:15 | eta: 00:01:19 | gpu: 0.2/2.2 GB
2026-07-03 18:37:06 | INFO | benchmark.run | Purified full train | Images: 40960/50000 | 81.92% | 126.76 img/s | elapsed: 00:05:23 | eta: 00:01:11 | gpu: 0.2/2.2 GB
2026-07-03 18:37:14 | INFO | benchmark.run | Purified full train | Images: 41984/50000 | 83.97% | 126.89 img/s | elapsed: 00:05:30 | eta: 00:01:03 | gpu: 0.2/2.2 GB
2026-07-03 18:37:22 | INFO | benchmark.run | Purified full train | Images: 43008/50000 | 86.02% | 126.87 img/s | elapsed: 00:05:38 | eta: 00:00:55 | gpu: 0.2/2.2 GB
2026-07-03 18:37:29 | INFO | benchmark.run | Purified full train | Images: 44032/50000 | 88.06% | 126.95 img/s | elapsed: 00:05:46 | eta: 00:00:47 | gpu: 0.2/2.2 GB
2026-07-03 18:37:37 | INFO | benchmark.run | Purified full train | Images: 45056/50000 | 90.11% | 127.00 img/s | elapsed: 00:05:54 | eta: 00:00:38 | gpu: 0.2/2.2 GB
2026-07-03 18:37:46 | INFO | benchmark.run | Purified full train | Images: 46080/50000 | 92.16% | 126.90 img/s | elapsed: 00:06:03 | eta: 00:00:30 | gpu: 0.2/2.2 GB
2026-07-03 18:37:53 | INFO | benchmark.run | Purified full train | Images: 47104/50000 | 94.21% | 127.07 img/s | elapsed: 00:06:10 | eta: 00:00:22 | gpu: 0.2/2.2 GB
2026-07-03 18:38:02 | INFO | benchmark.run | Purified full train | Images: 48128/50000 | 96.26% | 127.02 img/s | elapsed: 00:06:18 | eta: 00:00:14 | gpu: 0.2/2.2 GB
2026-07-03 18:38:09 | INFO | benchmark.run | Purified full train | Images: 49152/50000 | 98.30% | 127.16 img/s | elapsed: 00:06:26 | eta: 00:00:06 | gpu: 0.2/2.2 GB
2026-07-03 18:38:16 | INFO | benchmark.run | Purified full train | Images: 50000/50000 | 100.00% | 127.22 img/s | elapsed: 00:06:33 | eta: 00:00:00 | gpu: 0.2/2.2 GB
2026-07-03 18:38:16 | INFO | benchmark.run | ================================================================================
2026-07-03 18:38:16 | INFO | benchmark.run | RETRAINING AND EVALUATING BP_c9_g0...
2026-07-03 18:38:16 | INFO | benchmark.run | ================================================================================
2026-07-03 18:38:17 | INFO | benchmark.run | Loading BP victim ResNet18 from ckpt-%s-4800.t7
==> Resuming from checkpoint for ResNet18..
Using Adam for retraining
2026-07-03 18:38:17, Epoch 0, Iteration 7, loss 0.235 (0.288), acc 98.077 (95.400)
2026-07-03 18:38:18, Epoch 50, Iteration 7, loss 0.000 (0.001), acc 100.000 (100.000)
Target Label: 2, Poison label: 9, Prediction:9, Target's Score:[6.653727915861829e-12, 8.673182350094066e-08, 0.0030833648052066565, 6.218106845514722e-25, 5.260281702004809e-15, 2.539491817240818e-20, 2.671479302964602e-13, 1.6797706625600358e-19, 3.866345839143362e-19, 0.9969165325164795], Poisons' Predictions:[9, 9, 9, 9, 9, 9, 9, 9, 9, 9]
Now evaluating against camera taken images
2026-07-03 18:38:18 Epoch 59, Val iteration 0, acc 93.800 (93.800)
2026-07-03 18:38:20 Epoch 59, Val iteration 19, acc 94.600 (94.130)
* Prec: 94.13000144958497
2026-07-03 18:38:22 | INFO | benchmark.run | Loading BP victim ResNet18 from ckpt-%s-4800.t7
==> Resuming from checkpoint for ResNet18..
Using Adam for retraining
2026-07-03 18:38:23, Epoch 0, Iteration 7, loss 1.826 (1.507), acc 78.846 (77.600)
2026-07-03 18:38:23, Epoch 50, Iteration 7, loss 0.081 (0.073), acc 98.077 (97.800)
Target Label: 2, Poison label: 9, Prediction:2, Target's Score:[1.3878122651078684e-08, 1.139169314434696e-11, 0.9998689889907837, 3.512967055030458e-07, 7.545250468865561e-08, 4.90953107146197e-06, 0.000125360835227184, 2.4472038262501883e-07, 1.627192147014506e-17, 1.9027433798487833e-17], Poisons' Predictions:[9, 9, 9, 9, 9, 9, 9, 9, 9, 9]
Now evaluating against camera taken images
2026-07-03 18:38:24 Epoch 59, Val iteration 0, acc 92.200 (92.200)
2026-07-03 18:38:26 Epoch 59, Val iteration 19, acc 95.000 (92.480)
* Prec: 92.48000106811523
2026-07-03 18:38:26 | INFO | benchmark.run | Updated benchmark CSV: /media02/ndthuc03/cm-purify-targeted-poisoning/benchmark/outputs/slurm_73353/benchmark_results.csv
2026-07-03 18:38:26 | INFO | benchmark.run | ================================================================================
2026-07-03 18:38:26 | INFO | benchmark.run | CASE 20/30: BP_c9_g1 (BP)
2026-07-03 18:38:26 | INFO | benchmark.run | ================================================================================
2026-07-03 18:39:31 | INFO | benchmark.run | Materialized BP poisoned train | Images: 10000/50000 | 20.00% | 156.53 img/s | elapsed: 00:01:03 | eta: 00:04:15 | gpu: cpu
2026-07-03 18:40:32 | INFO | benchmark.run | Materialized BP poisoned train | Images: 20000/50000 | 40.00% | 160.17 img/s | elapsed: 00:02:04 | eta: 00:03:07 | gpu: cpu
2026-07-03 18:41:32 | INFO | benchmark.run | Materialized BP poisoned train | Images: 30000/50000 | 60.00% | 162.44 img/s | elapsed: 00:03:04 | eta: 00:02:03 | gpu: cpu
2026-07-03 18:42:31 | INFO | benchmark.run | Materialized BP poisoned train | Images: 40000/50000 | 80.00% | 164.26 img/s | elapsed: 00:04:03 | eta: 00:01:00 | gpu: cpu
2026-07-03 18:43:30 | INFO | benchmark.run | Materialized BP poisoned train | Images: 50000/50000 | 100.00% | 165.26 img/s | elapsed: 00:05:02 | eta: 00:00:00 | gpu: cpu
2026-07-03 18:43:40 | INFO | benchmark.run | Purified full train | Images: 1024/50000 | 2.05% | 129.35 img/s | elapsed: 00:00:07 | eta: 00:06:18 | gpu: 0.2/2.2 GB
2026-07-03 18:43:48 | INFO | benchmark.run | Purified full train | Images: 2048/50000 | 4.10% | 131.48 img/s | elapsed: 00:00:15 | eta: 00:06:04 | gpu: 0.2/2.2 GB
2026-07-03 18:43:56 | INFO | benchmark.run | Purified full train | Images: 3072/50000 | 6.14% | 130.61 img/s | elapsed: 00:00:23 | eta: 00:05:59 | gpu: 0.2/2.2 GB
2026-07-03 18:44:04 | INFO | benchmark.run | Purified full train | Images: 4096/50000 | 8.19% | 131.63 img/s | elapsed: 00:00:31 | eta: 00:05:48 | gpu: 0.2/2.2 GB
2026-07-03 18:44:11 | INFO | benchmark.run | Purified full train | Images: 5120/50000 | 10.24% | 131.51 img/s | elapsed: 00:00:38 | eta: 00:05:41 | gpu: 0.2/2.2 GB
2026-07-03 18:44:19 | INFO | benchmark.run | Purified full train | Images: 6144/50000 | 12.29% | 130.94 img/s | elapsed: 00:00:46 | eta: 00:05:34 | gpu: 0.2/2.2 GB
2026-07-03 18:44:27 | INFO | benchmark.run | Purified full train | Images: 7168/50000 | 14.34% | 130.76 img/s | elapsed: 00:00:54 | eta: 00:05:27 | gpu: 0.2/2.2 GB
2026-07-03 18:44:35 | INFO | benchmark.run | Purified full train | Images: 8192/50000 | 16.38% | 131.15 img/s | elapsed: 00:01:02 | eta: 00:05:18 | gpu: 0.2/2.2 GB
2026-07-03 18:44:42 | INFO | benchmark.run | Purified full train | Images: 9216/50000 | 18.43% | 131.77 img/s | elapsed: 00:01:09 | eta: 00:05:09 | gpu: 0.2/2.2 GB
2026-07-03 18:44:50 | INFO | benchmark.run | Purified full train | Images: 10240/50000 | 20.48% | 131.71 img/s | elapsed: 00:01:17 | eta: 00:05:01 | gpu: 0.2/2.2 GB
2026-07-03 18:44:58 | INFO | benchmark.run | Purified full train | Images: 11264/50000 | 22.53% | 131.93 img/s | elapsed: 00:01:25 | eta: 00:04:53 | gpu: 0.2/2.2 GB
2026-07-03 18:45:06 | INFO | benchmark.run | Purified full train | Images: 12288/50000 | 24.58% | 131.54 img/s | elapsed: 00:01:33 | eta: 00:04:46 | gpu: 0.2/2.2 GB
2026-07-03 18:45:14 | INFO | benchmark.run | Purified full train | Images: 13312/50000 | 26.62% | 131.25 img/s | elapsed: 00:01:41 | eta: 00:04:39 | gpu: 0.2/2.2 GB
2026-07-03 18:45:22 | INFO | benchmark.run | Purified full train | Images: 14336/50000 | 28.67% | 131.46 img/s | elapsed: 00:01:49 | eta: 00:04:31 | gpu: 0.2/2.2 GB
2026-07-03 18:45:30 | INFO | benchmark.run | Purified full train | Images: 15360/50000 | 30.72% | 131.12 img/s | elapsed: 00:01:57 | eta: 00:04:24 | gpu: 0.2/2.2 GB
2026-07-03 18:45:37 | INFO | benchmark.run | Purified full train | Images: 16384/50000 | 32.77% | 131.19 img/s | elapsed: 00:02:04 | eta: 00:04:16 | gpu: 0.2/2.2 GB
2026-07-03 18:45:45 | INFO | benchmark.run | Purified full train | Images: 17408/50000 | 34.82% | 130.99 img/s | elapsed: 00:02:12 | eta: 00:04:08 | gpu: 0.2/2.2 GB
2026-07-03 18:45:53 | INFO | benchmark.run | Purified full train | Images: 18432/50000 | 36.86% | 130.93 img/s | elapsed: 00:02:20 | eta: 00:04:01 | gpu: 0.2/2.2 GB
2026-07-03 18:46:01 | INFO | benchmark.run | Purified full train | Images: 19456/50000 | 38.91% | 131.02 img/s | elapsed: 00:02:28 | eta: 00:03:53 | gpu: 0.2/2.2 GB
2026-07-03 18:46:09 | INFO | benchmark.run | Purified full train | Images: 20480/50000 | 40.96% | 130.89 img/s | elapsed: 00:02:36 | eta: 00:03:45 | gpu: 0.2/2.2 GB
2026-07-03 18:46:17 | INFO | benchmark.run | Purified full train | Images: 21504/50000 | 43.01% | 130.87 img/s | elapsed: 00:02:44 | eta: 00:03:37 | gpu: 0.2/2.2 GB
2026-07-03 18:46:25 | INFO | benchmark.run | Purified full train | Images: 22528/50000 | 45.06% | 130.69 img/s | elapsed: 00:02:52 | eta: 00:03:30 | gpu: 0.2/2.2 GB
2026-07-03 18:46:33 | INFO | benchmark.run | Purified full train | Images: 23552/50000 | 47.10% | 130.50 img/s | elapsed: 00:03:00 | eta: 00:03:22 | gpu: 0.2/2.2 GB
2026-07-03 18:46:41 | INFO | benchmark.run | Purified full train | Images: 24576/50000 | 49.15% | 130.65 img/s | elapsed: 00:03:08 | eta: 00:03:14 | gpu: 0.2/2.2 GB
2026-07-03 18:46:49 | INFO | benchmark.run | Purified full train | Images: 25600/50000 | 51.20% | 130.45 img/s | elapsed: 00:03:16 | eta: 00:03:07 | gpu: 0.2/2.2 GB
2026-07-03 18:46:57 | INFO | benchmark.run | Purified full train | Images: 26624/50000 | 53.25% | 130.42 img/s | elapsed: 00:03:24 | eta: 00:02:59 | gpu: 0.2/2.2 GB
2026-07-03 18:47:04 | INFO | benchmark.run | Purified full train | Images: 27648/50000 | 55.30% | 130.58 img/s | elapsed: 00:03:31 | eta: 00:02:51 | gpu: 0.2/2.2 GB
2026-07-03 18:47:12 | INFO | benchmark.run | Purified full train | Images: 28672/50000 | 57.34% | 130.74 img/s | elapsed: 00:03:39 | eta: 00:02:43 | gpu: 0.2/2.2 GB
2026-07-03 18:47:20 | INFO | benchmark.run | Purified full train | Images: 29696/50000 | 59.39% | 130.63 img/s | elapsed: 00:03:47 | eta: 00:02:35 | gpu: 0.2/2.2 GB
2026-07-03 18:47:27 | INFO | benchmark.run | Purified full train | Images: 30720/50000 | 61.44% | 130.73 img/s | elapsed: 00:03:54 | eta: 00:02:27 | gpu: 0.2/2.2 GB
2026-07-03 18:47:35 | INFO | benchmark.run | Purified full train | Images: 31744/50000 | 63.49% | 130.74 img/s | elapsed: 00:04:02 | eta: 00:02:19 | gpu: 0.2/2.2 GB
2026-07-03 18:47:43 | INFO | benchmark.run | Purified full train | Images: 32768/50000 | 65.54% | 130.84 img/s | elapsed: 00:04:10 | eta: 00:02:11 | gpu: 0.2/2.2 GB
2026-07-03 18:47:51 | INFO | benchmark.run | Purified full train | Images: 33792/50000 | 67.58% | 130.83 img/s | elapsed: 00:04:18 | eta: 00:02:03 | gpu: 0.2/2.2 GB
2026-07-03 18:47:58 | INFO | benchmark.run | Purified full train | Images: 34816/50000 | 69.63% | 130.95 img/s | elapsed: 00:04:25 | eta: 00:01:55 | gpu: 0.2/2.2 GB
2026-07-03 18:48:06 | INFO | benchmark.run | Purified full train | Images: 35840/50000 | 71.68% | 131.03 img/s | elapsed: 00:04:33 | eta: 00:01:48 | gpu: 0.2/2.2 GB
2026-07-03 18:48:14 | INFO | benchmark.run | Purified full train | Images: 36864/50000 | 73.73% | 131.09 img/s | elapsed: 00:04:41 | eta: 00:01:40 | gpu: 0.2/2.2 GB
2026-07-03 18:48:21 | INFO | benchmark.run | Purified full train | Images: 37888/50000 | 75.78% | 131.10 img/s | elapsed: 00:04:49 | eta: 00:01:32 | gpu: 0.2/2.2 GB
2026-07-03 18:48:29 | INFO | benchmark.run | Purified full train | Images: 38912/50000 | 77.82% | 131.12 img/s | elapsed: 00:04:56 | eta: 00:01:24 | gpu: 0.2/2.2 GB
2026-07-03 18:48:37 | INFO | benchmark.run | Purified full train | Images: 39936/50000 | 79.87% | 131.24 img/s | elapsed: 00:05:04 | eta: 00:01:16 | gpu: 0.2/2.2 GB
2026-07-03 18:48:45 | INFO | benchmark.run | Purified full train | Images: 40960/50000 | 81.92% | 131.26 img/s | elapsed: 00:05:12 | eta: 00:01:08 | gpu: 0.2/2.2 GB
2026-07-03 18:48:52 | INFO | benchmark.run | Purified full train | Images: 41984/50000 | 83.97% | 131.25 img/s | elapsed: 00:05:19 | eta: 00:01:01 | gpu: 0.2/2.2 GB
2026-07-03 18:49:00 | INFO | benchmark.run | Purified full train | Images: 43008/50000 | 86.02% | 131.25 img/s | elapsed: 00:05:27 | eta: 00:00:53 | gpu: 0.2/2.2 GB
2026-07-03 18:49:08 | INFO | benchmark.run | Purified full train | Images: 44032/50000 | 88.06% | 131.37 img/s | elapsed: 00:05:35 | eta: 00:00:45 | gpu: 0.2/2.2 GB
2026-07-03 18:49:15 | INFO | benchmark.run | Purified full train | Images: 45056/50000 | 90.11% | 131.40 img/s | elapsed: 00:05:42 | eta: 00:00:37 | gpu: 0.2/2.2 GB
2026-07-03 18:49:23 | INFO | benchmark.run | Purified full train | Images: 46080/50000 | 92.16% | 131.43 img/s | elapsed: 00:05:50 | eta: 00:00:29 | gpu: 0.2/2.2 GB
2026-07-03 18:49:31 | INFO | benchmark.run | Purified full train | Images: 47104/50000 | 94.21% | 131.39 img/s | elapsed: 00:05:58 | eta: 00:00:22 | gpu: 0.2/2.2 GB
2026-07-03 18:49:39 | INFO | benchmark.run | Purified full train | Images: 48128/50000 | 96.26% | 131.38 img/s | elapsed: 00:06:06 | eta: 00:00:14 | gpu: 0.2/2.2 GB
2026-07-03 18:49:46 | INFO | benchmark.run | Purified full train | Images: 49152/50000 | 98.30% | 131.42 img/s | elapsed: 00:06:14 | eta: 00:00:06 | gpu: 0.2/2.2 GB
2026-07-03 18:49:53 | INFO | benchmark.run | Purified full train | Images: 50000/50000 | 100.00% | 131.51 img/s | elapsed: 00:06:20 | eta: 00:00:00 | gpu: 0.2/2.2 GB
2026-07-03 18:49:53 | INFO | benchmark.run | ================================================================================
2026-07-03 18:49:53 | INFO | benchmark.run | RETRAINING AND EVALUATING BP_c9_g1...
2026-07-03 18:49:53 | INFO | benchmark.run | ================================================================================
2026-07-03 18:49:54 | INFO | benchmark.run | Loading BP victim ResNet18 from ckpt-%s-4800.t7
==> Resuming from checkpoint for ResNet18..
Using Adam for retraining
2026-07-03 18:49:54, Epoch 0, Iteration 7, loss 0.000 (0.345), acc 100.000 (94.000)
2026-07-03 18:49:55, Epoch 50, Iteration 7, loss 0.002 (0.003), acc 100.000 (100.000)
Target Label: 5, Poison label: 9, Prediction:9, Target's Score:[1.3418171698840026e-20, 2.273821575471402e-09, 1.6012468593747744e-20, 1.3664606555649494e-14, 1.6471374611470857e-11, 0.024812469258904457, 1.4532941690348355e-11, 1.36797250349668e-15, 9.46663503609193e-16, 0.9751875400543213], Poisons' Predictions:[9, 9, 9, 9, 9, 9, 9, 9, 9, 9]
Now evaluating against camera taken images
2026-07-03 18:49:55 Epoch 59, Val iteration 0, acc 93.000 (93.000)
2026-07-03 18:49:57 Epoch 59, Val iteration 19, acc 94.000 (93.700)
* Prec: 93.70000114440919
2026-07-03 18:49:59 | INFO | benchmark.run | Loading BP victim ResNet18 from ckpt-%s-4800.t7
==> Resuming from checkpoint for ResNet18..
Using Adam for retraining
2026-07-03 18:49:59, Epoch 0, Iteration 7, loss 2.035 (1.545), acc 76.923 (71.000)
2026-07-03 18:50:00, Epoch 50, Iteration 7, loss 0.120 (0.080), acc 96.154 (98.200)
Target Label: 5, Poison label: 9, Prediction:5, Target's Score:[1.1756718265587551e-08, 3.506048757740692e-42, 1.8062106255101185e-09, 0.00023883505491539836, 0.0018348857993260026, 0.9979093670845032, 1.692276055109687e-05, 6.691448051443461e-16, 8.505923385173405e-17, 3.342782761706076e-08], Poisons' Predictions:[9, 9, 9, 9, 9, 9, 9, 9, 9, 9]
Now evaluating against camera taken images
2026-07-03 18:50:00 Epoch 59, Val iteration 0, acc 90.800 (90.800)
2026-07-03 18:50:02 Epoch 59, Val iteration 19, acc 94.200 (91.680)
* Prec: 91.68000106811523
2026-07-03 18:50:02 | INFO | benchmark.run | Updated benchmark CSV: /media02/ndthuc03/cm-purify-targeted-poisoning/benchmark/outputs/slurm_73353/benchmark_results.csv
2026-07-03 18:50:02 | INFO | benchmark.run | ================================================================================
2026-07-03 18:50:02 | INFO | benchmark.run | CASE 21/30: WB_c0 (WB)
2026-07-03 18:50:02 | INFO | benchmark.run | ================================================================================
2026-07-03 18:51:09 | INFO | benchmark.run | Materialized WB poisoned train | Images: 10000/50000 | 20.00% | 152.72 img/s | elapsed: 00:01:05 | eta: 00:04:21 | gpu: cpu
2026-07-03 18:52:14 | INFO | benchmark.run | Materialized WB poisoned train | Images: 20000/50000 | 40.00% | 153.43 img/s | elapsed: 00:02:10 | eta: 00:03:15 | gpu: cpu
2026-07-03 18:53:13 | INFO | benchmark.run | Materialized WB poisoned train | Images: 30000/50000 | 60.00% | 158.27 img/s | elapsed: 00:03:09 | eta: 00:02:06 | gpu: cpu
2026-07-03 18:54:27 | INFO | benchmark.run | Materialized WB poisoned train | Images: 40000/50000 | 80.00% | 151.82 img/s | elapsed: 00:04:23 | eta: 00:01:05 | gpu: cpu
2026-07-03 18:55:28 | INFO | benchmark.run | Materialized WB poisoned train | Images: 50000/50000 | 100.00% | 154.14 img/s | elapsed: 00:05:24 | eta: 00:00:00 | gpu: cpu
2026-07-03 18:55:37 | INFO | benchmark.run | Purified full train | Images: 1024/50000 | 2.05% | 135.03 img/s | elapsed: 00:00:07 | eta: 00:06:02 | gpu: 0.2/2.2 GB
2026-07-03 18:55:45 | INFO | benchmark.run | Purified full train | Images: 2048/50000 | 4.10% | 132.28 img/s | elapsed: 00:00:15 | eta: 00:06:02 | gpu: 0.2/2.2 GB
2026-07-03 18:55:53 | INFO | benchmark.run | Purified full train | Images: 3072/50000 | 6.14% | 132.15 img/s | elapsed: 00:00:23 | eta: 00:05:55 | gpu: 0.2/2.2 GB
2026-07-03 18:56:01 | INFO | benchmark.run | Purified full train | Images: 4096/50000 | 8.19% | 130.38 img/s | elapsed: 00:00:31 | eta: 00:05:52 | gpu: 0.2/2.2 GB
2026-07-03 18:56:09 | INFO | benchmark.run | Purified full train | Images: 5120/50000 | 10.24% | 130.52 img/s | elapsed: 00:00:39 | eta: 00:05:43 | gpu: 0.2/2.2 GB
2026-07-03 18:56:17 | INFO | benchmark.run | Purified full train | Images: 6144/50000 | 12.29% | 131.11 img/s | elapsed: 00:00:46 | eta: 00:05:34 | gpu: 0.2/2.2 GB
2026-07-03 18:56:24 | INFO | benchmark.run | Purified full train | Images: 7168/50000 | 14.34% | 131.36 img/s | elapsed: 00:00:54 | eta: 00:05:26 | gpu: 0.2/2.2 GB
2026-07-03 18:56:32 | INFO | benchmark.run | Purified full train | Images: 8192/50000 | 16.38% | 131.26 img/s | elapsed: 00:01:02 | eta: 00:05:18 | gpu: 0.2/2.2 GB
2026-07-03 18:56:40 | INFO | benchmark.run | Purified full train | Images: 9216/50000 | 18.43% | 131.27 img/s | elapsed: 00:01:10 | eta: 00:05:10 | gpu: 0.2/2.2 GB
2026-07-03 18:56:48 | INFO | benchmark.run | Purified full train | Images: 10240/50000 | 20.48% | 131.24 img/s | elapsed: 00:01:18 | eta: 00:05:02 | gpu: 0.2/2.2 GB
2026-07-03 18:56:56 | INFO | benchmark.run | Purified full train | Images: 11264/50000 | 22.53% | 131.30 img/s | elapsed: 00:01:25 | eta: 00:04:55 | gpu: 0.2/2.2 GB
2026-07-03 18:57:03 | INFO | benchmark.run | Purified full train | Images: 12288/50000 | 24.58% | 131.33 img/s | elapsed: 00:01:33 | eta: 00:04:47 | gpu: 0.2/2.2 GB
2026-07-03 18:57:11 | INFO | benchmark.run | Purified full train | Images: 13312/50000 | 26.62% | 131.52 img/s | elapsed: 00:01:41 | eta: 00:04:38 | gpu: 0.2/2.2 GB
2026-07-03 18:57:19 | INFO | benchmark.run | Purified full train | Images: 14336/50000 | 28.67% | 131.66 img/s | elapsed: 00:01:48 | eta: 00:04:30 | gpu: 0.2/2.2 GB
2026-07-03 18:57:26 | INFO | benchmark.run | Purified full train | Images: 15360/50000 | 30.72% | 131.77 img/s | elapsed: 00:01:56 | eta: 00:04:22 | gpu: 0.2/2.2 GB
2026-07-03 18:57:34 | INFO | benchmark.run | Purified full train | Images: 16384/50000 | 32.77% | 131.76 img/s | elapsed: 00:02:04 | eta: 00:04:15 | gpu: 0.2/2.2 GB
2026-07-03 18:57:45 | INFO | benchmark.run | Purified full train | Images: 17408/50000 | 34.82% | 129.15 img/s | elapsed: 00:02:14 | eta: 00:04:12 | gpu: 0.2/2.2 GB
2026-07-03 18:57:52 | INFO | benchmark.run | Purified full train | Images: 18432/50000 | 36.86% | 129.48 img/s | elapsed: 00:02:22 | eta: 00:04:03 | gpu: 0.2/2.2 GB
2026-07-03 18:58:00 | INFO | benchmark.run | Purified full train | Images: 19456/50000 | 38.91% | 129.70 img/s | elapsed: 00:02:30 | eta: 00:03:55 | gpu: 0.2/2.2 GB
2026-07-03 18:58:08 | INFO | benchmark.run | Purified full train | Images: 20480/50000 | 40.96% | 129.53 img/s | elapsed: 00:02:38 | eta: 00:03:47 | gpu: 0.2/2.2 GB
2026-07-03 18:58:16 | INFO | benchmark.run | Purified full train | Images: 21504/50000 | 43.01% | 129.67 img/s | elapsed: 00:02:45 | eta: 00:03:39 | gpu: 0.2/2.2 GB
2026-07-03 18:58:24 | INFO | benchmark.run | Purified full train | Images: 22528/50000 | 45.06% | 129.69 img/s | elapsed: 00:02:53 | eta: 00:03:31 | gpu: 0.2/2.2 GB
2026-07-03 18:58:32 | INFO | benchmark.run | Purified full train | Images: 23552/50000 | 47.10% | 129.65 img/s | elapsed: 00:03:01 | eta: 00:03:23 | gpu: 0.2/2.2 GB
2026-07-03 18:58:39 | INFO | benchmark.run | Purified full train | Images: 24576/50000 | 49.15% | 129.85 img/s | elapsed: 00:03:09 | eta: 00:03:15 | gpu: 0.2/2.2 GB
2026-07-03 18:58:47 | INFO | benchmark.run | Purified full train | Images: 25600/50000 | 51.20% | 129.88 img/s | elapsed: 00:03:17 | eta: 00:03:07 | gpu: 0.2/2.2 GB
2026-07-03 18:58:55 | INFO | benchmark.run | Purified full train | Images: 26624/50000 | 53.25% | 129.94 img/s | elapsed: 00:03:24 | eta: 00:02:59 | gpu: 0.2/2.2 GB
2026-07-03 18:59:02 | INFO | benchmark.run | Purified full train | Images: 27648/50000 | 55.30% | 130.04 img/s | elapsed: 00:03:32 | eta: 00:02:51 | gpu: 0.2/2.2 GB
2026-07-03 18:59:10 | INFO | benchmark.run | Purified full train | Images: 28672/50000 | 57.34% | 130.24 img/s | elapsed: 00:03:40 | eta: 00:02:43 | gpu: 0.2/2.2 GB
2026-07-03 18:59:18 | INFO | benchmark.run | Purified full train | Images: 29696/50000 | 59.39% | 130.28 img/s | elapsed: 00:03:47 | eta: 00:02:35 | gpu: 0.2/2.2 GB
2026-07-03 18:59:25 | INFO | benchmark.run | Purified full train | Images: 30720/50000 | 61.44% | 130.38 img/s | elapsed: 00:03:55 | eta: 00:02:27 | gpu: 0.2/2.2 GB
2026-07-03 18:59:33 | INFO | benchmark.run | Purified full train | Images: 31744/50000 | 63.49% | 130.45 img/s | elapsed: 00:04:03 | eta: 00:02:19 | gpu: 0.2/2.2 GB
2026-07-03 18:59:41 | INFO | benchmark.run | Purified full train | Images: 32768/50000 | 65.54% | 130.67 img/s | elapsed: 00:04:10 | eta: 00:02:11 | gpu: 0.2/2.2 GB
2026-07-03 18:59:48 | INFO | benchmark.run | Purified full train | Images: 33792/50000 | 67.58% | 130.74 img/s | elapsed: 00:04:18 | eta: 00:02:03 | gpu: 0.2/2.2 GB
2026-07-03 18:59:56 | INFO | benchmark.run | Purified full train | Images: 34816/50000 | 69.63% | 130.80 img/s | elapsed: 00:04:26 | eta: 00:01:56 | gpu: 0.2/2.2 GB
2026-07-03 19:00:04 | INFO | benchmark.run | Purified full train | Images: 35840/50000 | 71.68% | 130.81 img/s | elapsed: 00:04:33 | eta: 00:01:48 | gpu: 0.2/2.2 GB
2026-07-03 19:00:12 | INFO | benchmark.run | Purified full train | Images: 36864/50000 | 73.73% | 130.79 img/s | elapsed: 00:04:41 | eta: 00:01:40 | gpu: 0.2/2.2 GB
2026-07-03 19:00:20 | INFO | benchmark.run | Purified full train | Images: 37888/50000 | 75.78% | 130.77 img/s | elapsed: 00:04:49 | eta: 00:01:32 | gpu: 0.2/2.2 GB
2026-07-03 19:00:27 | INFO | benchmark.run | Purified full train | Images: 38912/50000 | 77.82% | 130.81 img/s | elapsed: 00:04:57 | eta: 00:01:24 | gpu: 0.2/2.2 GB
2026-07-03 19:00:35 | INFO | benchmark.run | Purified full train | Images: 39936/50000 | 79.87% | 130.87 img/s | elapsed: 00:05:05 | eta: 00:01:16 | gpu: 0.2/2.2 GB
2026-07-03 19:00:43 | INFO | benchmark.run | Purified full train | Images: 40960/50000 | 81.92% | 130.85 img/s | elapsed: 00:05:13 | eta: 00:01:09 | gpu: 0.2/2.2 GB
2026-07-03 19:00:51 | INFO | benchmark.run | Purified full train | Images: 41984/50000 | 83.97% | 130.85 img/s | elapsed: 00:05:20 | eta: 00:01:01 | gpu: 0.2/2.2 GB
2026-07-03 19:00:58 | INFO | benchmark.run | Purified full train | Images: 43008/50000 | 86.02% | 130.95 img/s | elapsed: 00:05:28 | eta: 00:00:53 | gpu: 0.2/2.2 GB
2026-07-03 19:01:06 | INFO | benchmark.run | Purified full train | Images: 44032/50000 | 88.06% | 131.02 img/s | elapsed: 00:05:36 | eta: 00:00:45 | gpu: 0.2/2.2 GB
2026-07-03 19:01:16 | INFO | benchmark.run | Purified full train | Images: 45056/50000 | 90.11% | 130.19 img/s | elapsed: 00:05:46 | eta: 00:00:37 | gpu: 0.2/2.2 GB
2026-07-03 19:01:23 | INFO | benchmark.run | Purified full train | Images: 46080/50000 | 92.16% | 130.31 img/s | elapsed: 00:05:53 | eta: 00:00:30 | gpu: 0.2/2.2 GB
2026-07-03 19:01:31 | INFO | benchmark.run | Purified full train | Images: 47104/50000 | 94.21% | 130.38 img/s | elapsed: 00:06:01 | eta: 00:00:22 | gpu: 0.2/2.2 GB
2026-07-03 19:01:39 | INFO | benchmark.run | Purified full train | Images: 48128/50000 | 96.26% | 130.44 img/s | elapsed: 00:06:08 | eta: 00:00:14 | gpu: 0.2/2.2 GB
2026-07-03 19:01:47 | INFO | benchmark.run | Purified full train | Images: 49152/50000 | 98.30% | 130.50 img/s | elapsed: 00:06:16 | eta: 00:00:06 | gpu: 0.2/2.2 GB
2026-07-03 19:01:53 | INFO | benchmark.run | Purified full train | Images: 50000/50000 | 100.00% | 130.50 img/s | elapsed: 00:06:23 | eta: 00:00:00 | gpu: 0.2/2.2 GB
2026-07-03 19:01:58 | INFO | benchmark.run | ================================================================================
2026-07-03 19:01:58 | INFO | benchmark.run | RETRAINING AND EVALUATING WB_c0...
2026-07-03 19:01:58 | INFO | benchmark.run | ================================================================================
Currently evaluating -------------------------------:
Friday, 03. July 2026 07:01PM
Namespace(net=['ResNet18'], dataset='CIFAR10', recipe='gradient-matching', threatmodel='single-class', poisonkey=None, modelkey=None, deterministic=False, eps=8.0, budget=0.01, targets=1, name='benchmark_WB_c0', table_path='/media02/ndthuc03/cm-purify-targeted-poisoning/benchmark/tables', poison_path='poisons/', data_path='/media02/ndthuc03/cm-purify-targeted-poisoning/dataset_generation/datasets', attackoptim='signAdam', attackiter=250, init='randn', tau=0.1, scheduling=True, target_criterion='cross-entropy', restarts=8, pbatch=512, pshuffle=False, paugment=True, data_aug='default', full_data=False, adversarial=0, ensemble=1, stagger=False, step=False, max_epoch=None, ablation=1.0, loss='similarity', centreg=0, normreg=0, repel=0, nadapt=2, clean_grad=False, vruns=1, vnet=None, retrain_from_init=False, pretrained=False, optimization='conservative', epochs=None, noaugment=False, gradient_noise=None, gradient_clip=None, lmdb_path=None, cache_dataset=False, benchmark='/media02/ndthuc03/cm-purify-targeted-poisoning/dataset_generation/configs/wb_benchmark_setups.pickle', benchmark_idx=2, dryrun=False, save=None, local_rank=None)
CPUs: 8, GPUs: 1 on gpu03.
GPU : NVIDIA A100-PCIE-40GB
ResNet18 model initialized with random key 3292237376.
Files already downloaded and verified
Data mean is [0.4914672374725342, 0.4822617471218109, 0.4467701315879822], 
Data std  is [0.24703224003314972, 0.24348513782024384, 0.26158785820007324].
Files already downloaded and verified
Data is loaded with 4 workers.
Poisoning setup generated for threat model single-class and budget of 1.0% - 500 images:
--Target images drawn from class bird with ids [1108].
--Target images assigned intended class airplane.
--Poison images drawn from class airplane.
2026-07-03 19:02:01 | INFO | benchmark.run | WB poisoned base-only delta build | Images: 500/500 | 100.00% | 947.58 img/s | elapsed: 00:00:00 | eta: 00:00:00 | gpu: cpu
ResNet18 model initialized with random key 1385899275.
Model reinitialized to random seed.
Epoch: 0  | lr: 0.1000 | Training    loss is  2.2277, train acc:  20.25% | Validation   loss is  1.6588, valid acc:  37.30% | 
Epoch: 0  | lr: 0.1000 | Target adv. loss is  3.0470, fool  acc:   0.00% | Target orig. loss is  2.1288, orig. acc:   0.00% | 
Epoch: 1  | lr: 0.1000 | Training    loss is  1.5410, train acc:  42.85% | 
Epoch: 2  | lr: 0.1000 | Training    loss is  1.2229, train acc:  55.76% | 
Epoch: 3  | lr: 0.1000 | Training    loss is  0.9552, train acc:  66.32% | 
Epoch: 4  | lr: 0.1000 | Training    loss is  0.7683, train acc:  73.12% | 
Epoch: 5  | lr: 0.1000 | Training    loss is  0.6594, train acc:  77.14% | 
Epoch: 6  | lr: 0.1000 | Training    loss is  0.6022, train acc:  79.28% | 
Epoch: 7  | lr: 0.1000 | Training    loss is  0.5635, train acc:  80.50% | 
Epoch: 8  | lr: 0.1000 | Training    loss is  0.5266, train acc:  82.04% | 
Epoch: 9  | lr: 0.1000 | Training    loss is  0.4926, train acc:  83.18% | 
Epoch: 10 | lr: 0.1000 | Training    loss is  0.4829, train acc:  83.55% | Validation   loss is  0.7974, valid acc:  74.47% | 
Epoch: 10 | lr: 0.1000 | Target adv. loss is  3.6363, fool  acc:   0.00% | Target orig. loss is  0.5582, orig. acc: 100.00% | 
Epoch: 11 | lr: 0.1000 | Training    loss is  0.4632, train acc:  84.23% | 
Epoch: 12 | lr: 0.1000 | Training    loss is  0.4493, train acc:  84.70% | 
Epoch: 13 | lr: 0.0100 | Training    loss is  0.4349, train acc:  85.16% | 
Epoch: 14 | lr: 0.0100 | Training    loss is  0.2762, train acc:  90.69% | 
Epoch: 15 | lr: 0.0100 | Training    loss is  0.2269, train acc:  92.39% | 
Epoch: 16 | lr: 0.0100 | Training    loss is  0.2027, train acc:  93.04% | 
Epoch: 17 | lr: 0.0100 | Training    loss is  0.1869, train acc:  93.60% | 
Epoch: 18 | lr: 0.0100 | Training    loss is  0.1726, train acc:  94.12% | 
Epoch: 19 | lr: 0.0100 | Training    loss is  0.1596, train acc:  94.60% | 
Epoch: 20 | lr: 0.0100 | Training    loss is  0.1500, train acc:  94.84% | Validation   loss is  0.2863, valid acc:  90.82% | 
Epoch: 20 | lr: 0.0100 | Target adv. loss is  3.6878, fool  acc:   0.00% | Target orig. loss is  0.0303, orig. acc: 100.00% | 
Epoch: 21 | lr: 0.0100 | Training    loss is  0.1369, train acc:  95.28% | 
Epoch: 22 | lr: 0.0100 | Training    loss is  0.1353, train acc:  95.31% | 
Epoch: 23 | lr: 0.0010 | Training    loss is  0.1266, train acc:  95.64% | 
Epoch: 24 | lr: 0.0010 | Training    loss is  0.0946, train acc:  96.91% | 
Epoch: 25 | lr: 0.0010 | Training    loss is  0.0832, train acc:  97.29% | 
Epoch: 26 | lr: 0.0010 | Training    loss is  0.0810, train acc:  97.42% | 
Epoch: 27 | lr: 0.0010 | Training    loss is  0.0742, train acc:  97.65% | 
Epoch: 28 | lr: 0.0010 | Training    loss is  0.0727, train acc:  97.72% | 
Epoch: 29 | lr: 0.0010 | Training    loss is  0.0690, train acc:  97.81% | 
Epoch: 30 | lr: 0.0010 | Training    loss is  0.0659, train acc:  98.00% | Validation   loss is  0.2536, valid acc:  92.14% | 
Epoch: 30 | lr: 0.0010 | Target adv. loss is  8.5597, fool  acc:   0.00% | Target orig. loss is  0.0002, orig. acc: 100.00% | 
Epoch: 31 | lr: 0.0010 | Training    loss is  0.0632, train acc:  98.04% | 
Epoch: 32 | lr: 0.0010 | Training    loss is  0.0626, train acc:  98.04% | 
Epoch: 33 | lr: 0.0010 | Training    loss is  0.0600, train acc:  98.08% | 
Epoch: 34 | lr: 0.0001 | Training    loss is  0.0589, train acc:  98.13% | 
Epoch: 35 | lr: 0.0001 | Training    loss is  0.0552, train acc:  98.33% | 
Epoch: 36 | lr: 0.0001 | Training    loss is  0.0561, train acc:  98.20% | 
Epoch: 37 | lr: 0.0001 | Training    loss is  0.0541, train acc:  98.32% | 
Epoch: 38 | lr: 0.0001 | Training    loss is  0.0540, train acc:  98.36% | 
Epoch: 39 | lr: 0.0001 | Training    loss is  0.0523, train acc:  98.43% | Validation   loss is  0.2572, valid acc:  92.25% | 
Epoch: 39 | lr: 0.0001 | Target adv. loss is  9.0689, fool  acc:   0.00% | Target orig. loss is  0.0001, orig. acc: 100.00% | 
Currently evaluating -------------------------------:
Friday, 03. July 2026 07:11PM
Namespace(net=['ResNet18'], dataset='CIFAR10', recipe='gradient-matching', threatmodel='single-class', poisonkey=None, modelkey=None, deterministic=False, eps=8.0, budget=0.01, targets=1, name='benchmark_WB_c0', table_path='/media02/ndthuc03/cm-purify-targeted-poisoning/benchmark/tables', poison_path='poisons/', data_path='/media02/ndthuc03/cm-purify-targeted-poisoning/dataset_generation/datasets', attackoptim='signAdam', attackiter=250, init='randn', tau=0.1, scheduling=True, target_criterion='cross-entropy', restarts=8, pbatch=512, pshuffle=False, paugment=True, data_aug='default', full_data=False, adversarial=0, ensemble=1, stagger=False, step=False, max_epoch=None, ablation=1.0, loss='similarity', centreg=0, normreg=0, repel=0, nadapt=2, clean_grad=False, vruns=1, vnet=None, retrain_from_init=False, pretrained=False, optimization='conservative', epochs=None, noaugment=False, gradient_noise=None, gradient_clip=None, lmdb_path=None, cache_dataset=False, benchmark='/media02/ndthuc03/cm-purify-targeted-poisoning/dataset_generation/configs/wb_benchmark_setups.pickle', benchmark_idx=2, dryrun=False, save=None, local_rank=None)
CPUs: 8, GPUs: 1 on gpu03.
GPU : NVIDIA A100-PCIE-40GB
ResNet18 model initialized with random key 4073942066.
Files already downloaded and verified
Data mean is [0.4914672374725342, 0.4822617471218109, 0.4467701315879822], 
Data std  is [0.24703224003314972, 0.24348513782024384, 0.26158785820007324].
Files already downloaded and verified
Data is loaded with 4 workers.
Poisoning setup generated for threat model single-class and budget of 1.0% - 500 images:
--Target images drawn from class bird with ids [1108].
--Target images assigned intended class airplane.
--Poison images drawn from class airplane.
2026-07-03 19:12:00 | INFO | benchmark.run | WB purified full-train delta build | Images: 10000/50000 | 20.00% | 718.46 img/s | elapsed: 00:00:13 | eta: 00:00:55 | gpu: cpu
2026-07-03 19:12:14 | INFO | benchmark.run | WB purified full-train delta build | Images: 20000/50000 | 40.00% | 732.80 img/s | elapsed: 00:00:27 | eta: 00:00:40 | gpu: cpu
2026-07-03 19:12:27 | INFO | benchmark.run | WB purified full-train delta build | Images: 30000/50000 | 60.00% | 736.18 img/s | elapsed: 00:00:40 | eta: 00:00:27 | gpu: cpu
2026-07-03 19:12:41 | INFO | benchmark.run | WB purified full-train delta build | Images: 40000/50000 | 80.00% | 738.61 img/s | elapsed: 00:00:54 | eta: 00:00:13 | gpu: cpu
2026-07-03 19:12:54 | INFO | benchmark.run | WB purified full-train delta build | Images: 50000/50000 | 100.00% | 737.59 img/s | elapsed: 00:01:07 | eta: 00:00:00 | gpu: cpu
ResNet18 model initialized with random key 783284687.
Model reinitialized to random seed.
Epoch: 0  | lr: 0.1000 | Training    loss is  2.1397, train acc:  25.74% | Validation   loss is  1.6753, valid acc:  38.71% | 
Epoch: 0  | lr: 0.1000 | Target adv. loss is  4.3357, fool  acc:   0.00% | Target orig. loss is  1.2684, orig. acc: 100.00% | 
Epoch: 1  | lr: 0.1000 | Training    loss is  1.4854, train acc:  45.00% | 
Epoch: 2  | lr: 0.1000 | Training    loss is  1.1970, train acc:  56.84% | 
Epoch: 3  | lr: 0.1000 | Training    loss is  0.9006, train acc:  68.56% | 
Epoch: 4  | lr: 0.1000 | Training    loss is  0.7257, train acc:  75.13% | 
Epoch: 5  | lr: 0.1000 | Training    loss is  0.6514, train acc:  77.80% | 
Epoch: 6  | lr: 0.1000 | Training    loss is  0.6029, train acc:  79.67% | 
Epoch: 7  | lr: 0.1000 | Training    loss is  0.5791, train acc:  80.37% | 
Epoch: 8  | lr: 0.1000 | Training    loss is  0.5613, train acc:  81.10% | 
Epoch: 9  | lr: 0.1000 | Training    loss is  0.5464, train acc:  81.62% | 
Epoch: 10 | lr: 0.1000 | Training    loss is  0.5333, train acc:  81.96% | Validation   loss is  1.6144, valid acc:  56.47% | 
Epoch: 10 | lr: 0.1000 | Target adv. loss is  3.0016, fool  acc:   0.00% | Target orig. loss is  2.6574, orig. acc:   0.00% | 
Epoch: 11 | lr: 0.1000 | Training    loss is  0.5240, train acc:  82.35% | 
Epoch: 12 | lr: 0.1000 | Training    loss is  0.5173, train acc:  82.67% | 
Epoch: 13 | lr: 0.0100 | Training    loss is  0.5142, train acc:  82.84% | 
Epoch: 14 | lr: 0.0100 | Training    loss is  0.3936, train acc:  86.83% | 
Epoch: 15 | lr: 0.0100 | Training    loss is  0.3537, train acc:  88.30% | 
Epoch: 16 | lr: 0.0100 | Training    loss is  0.3399, train acc:  88.73% | 
Epoch: 17 | lr: 0.0100 | Training    loss is  0.3228, train acc:  89.28% | 
Epoch: 18 | lr: 0.0100 | Training    loss is  0.3133, train acc:  89.43% | 
Epoch: 19 | lr: 0.0100 | Training    loss is  0.3030, train acc:  89.80% | 
Epoch: 20 | lr: 0.0100 | Training    loss is  0.2914, train acc:  90.15% | Validation   loss is  1.4007, valid acc:  58.85% | 
Epoch: 20 | lr: 0.0100 | Target adv. loss is  5.2599, fool  acc:   0.00% | Target orig. loss is  1.9143, orig. acc:   0.00% | 
Epoch: 21 | lr: 0.0100 | Training    loss is  0.2842, train acc:  90.61% | 
Epoch: 22 | lr: 0.0100 | Training    loss is  0.2766, train acc:  90.70% | 
Epoch: 23 | lr: 0.0010 | Training    loss is  0.2668, train acc:  90.97% | 
Epoch: 24 | lr: 0.0010 | Training    loss is  0.2300, train acc:  92.23% | 
Epoch: 25 | lr: 0.0010 | Training    loss is  0.2158, train acc:  92.85% | 
Epoch: 26 | lr: 0.0010 | Training    loss is  0.2126, train acc:  92.92% | 
Epoch: 27 | lr: 0.0010 | Training    loss is  0.2057, train acc:  93.14% | 
Epoch: 28 | lr: 0.0010 | Training    loss is  0.2011, train acc:  93.20% | 
Epoch: 29 | lr: 0.0010 | Training    loss is  0.1987, train acc:  93.40% | 
Epoch: 30 | lr: 0.0010 | Training    loss is  0.1934, train acc:  93.54% | Validation   loss is  1.0333, valid acc:  68.77% | 
Epoch: 30 | lr: 0.0010 | Target adv. loss is  5.8996, fool  acc:   0.00% | Target orig. loss is  2.2299, orig. acc:   0.00% | 
Epoch: 31 | lr: 0.0010 | Training    loss is  0.1882, train acc:  93.77% | 
Epoch: 32 | lr: 0.0010 | Training    loss is  0.1853, train acc:  93.87% | 
Epoch: 33 | lr: 0.0010 | Training    loss is  0.1846, train acc:  93.77% | 
Epoch: 34 | lr: 0.0001 | Training    loss is  0.1777, train acc:  94.15% | 
Epoch: 35 | lr: 0.0001 | Training    loss is  0.1688, train acc:  94.37% | 
Epoch: 36 | lr: 0.0001 | Training    loss is  0.1690, train acc:  94.34% | 
Epoch: 37 | lr: 0.0001 | Training    loss is  0.1676, train acc:  94.48% | 
Epoch: 38 | lr: 0.0001 | Training    loss is  0.1680, train acc:  94.46% | 
Epoch: 39 | lr: 0.0001 | Training    loss is  0.1661, train acc:  94.53% | Validation   loss is  0.9724, valid acc:  70.90% | 
Epoch: 39 | lr: 0.0001 | Target adv. loss is  6.5472, fool  acc:   0.00% | Target orig. loss is  2.8897, orig. acc:   0.00% | 
2026-07-03 19:23:06 | INFO | benchmark.run | Updated benchmark CSV: /media02/ndthuc03/cm-purify-targeted-poisoning/benchmark/outputs/slurm_73353/benchmark_results.csv
2026-07-03 19:23:06 | INFO | benchmark.run | ================================================================================
2026-07-03 19:23:06 | INFO | benchmark.run | CASE 22/30: WB_c1 (WB)
2026-07-03 19:23:06 | INFO | benchmark.run | ================================================================================
2026-07-03 19:24:07 | INFO | benchmark.run | Materialized WB poisoned train | Images: 10000/50000 | 20.00% | 166.00 img/s | elapsed: 00:01:00 | eta: 00:04:00 | gpu: cpu
2026-07-03 19:25:09 | INFO | benchmark.run | Materialized WB poisoned train | Images: 20000/50000 | 40.00% | 164.47 img/s | elapsed: 00:02:01 | eta: 00:03:02 | gpu: cpu
2026-07-03 19:26:09 | INFO | benchmark.run | Materialized WB poisoned train | Images: 30000/50000 | 60.00% | 164.94 img/s | elapsed: 00:03:01 | eta: 00:02:01 | gpu: cpu
2026-07-03 19:27:08 | INFO | benchmark.run | Materialized WB poisoned train | Images: 40000/50000 | 80.00% | 165.83 img/s | elapsed: 00:04:01 | eta: 00:01:00 | gpu: cpu
2026-07-03 19:28:11 | INFO | benchmark.run | Materialized WB poisoned train | Images: 50000/50000 | 100.00% | 164.62 img/s | elapsed: 00:05:03 | eta: 00:00:00 | gpu: cpu
2026-07-03 19:28:21 | INFO | benchmark.run | Purified full train | Images: 1024/50000 | 2.05% | 126.48 img/s | elapsed: 00:00:08 | eta: 00:06:27 | gpu: 0.2/1.9 GB
2026-07-03 19:28:29 | INFO | benchmark.run | Purified full train | Images: 2048/50000 | 4.10% | 128.33 img/s | elapsed: 00:00:15 | eta: 00:06:13 | gpu: 0.2/1.9 GB
2026-07-03 19:28:37 | INFO | benchmark.run | Purified full train | Images: 3072/50000 | 6.14% | 129.31 img/s | elapsed: 00:00:23 | eta: 00:06:02 | gpu: 0.2/1.9 GB
2026-07-03 19:28:45 | INFO | benchmark.run | Purified full train | Images: 4096/50000 | 8.19% | 129.54 img/s | elapsed: 00:00:31 | eta: 00:05:54 | gpu: 0.2/1.9 GB
2026-07-03 19:28:52 | INFO | benchmark.run | Purified full train | Images: 5120/50000 | 10.24% | 130.30 img/s | elapsed: 00:00:39 | eta: 00:05:44 | gpu: 0.2/1.9 GB
2026-07-03 19:29:00 | INFO | benchmark.run | Purified full train | Images: 6144/50000 | 12.29% | 130.27 img/s | elapsed: 00:00:47 | eta: 00:05:36 | gpu: 0.2/1.9 GB
2026-07-03 19:29:08 | INFO | benchmark.run | Purified full train | Images: 7168/50000 | 14.34% | 130.76 img/s | elapsed: 00:00:54 | eta: 00:05:27 | gpu: 0.2/1.9 GB
2026-07-03 19:29:16 | INFO | benchmark.run | Purified full train | Images: 8192/50000 | 16.38% | 130.85 img/s | elapsed: 00:01:02 | eta: 00:05:19 | gpu: 0.2/1.9 GB
2026-07-03 19:29:23 | INFO | benchmark.run | Purified full train | Images: 9216/50000 | 18.43% | 130.97 img/s | elapsed: 00:01:10 | eta: 00:05:11 | gpu: 0.2/1.9 GB
2026-07-03 19:29:31 | INFO | benchmark.run | Purified full train | Images: 10240/50000 | 20.48% | 130.86 img/s | elapsed: 00:01:18 | eta: 00:05:03 | gpu: 0.2/1.9 GB
2026-07-03 19:29:39 | INFO | benchmark.run | Purified full train | Images: 11264/50000 | 22.53% | 130.76 img/s | elapsed: 00:01:26 | eta: 00:04:56 | gpu: 0.2/1.9 GB
2026-07-03 19:29:47 | INFO | benchmark.run | Purified full train | Images: 12288/50000 | 24.58% | 130.75 img/s | elapsed: 00:01:33 | eta: 00:04:48 | gpu: 0.2/1.9 GB
2026-07-03 19:29:55 | INFO | benchmark.run | Purified full train | Images: 13312/50000 | 26.62% | 130.84 img/s | elapsed: 00:01:41 | eta: 00:04:40 | gpu: 0.2/1.9 GB
2026-07-03 19:30:02 | INFO | benchmark.run | Purified full train | Images: 14336/50000 | 28.67% | 130.99 img/s | elapsed: 00:01:49 | eta: 00:04:32 | gpu: 0.2/1.9 GB
2026-07-03 19:30:10 | INFO | benchmark.run | Purified full train | Images: 15360/50000 | 30.72% | 131.28 img/s | elapsed: 00:01:56 | eta: 00:04:23 | gpu: 0.2/1.9 GB
2026-07-03 19:30:18 | INFO | benchmark.run | Purified full train | Images: 16384/50000 | 32.77% | 131.27 img/s | elapsed: 00:02:04 | eta: 00:04:16 | gpu: 0.2/1.9 GB
2026-07-03 19:30:25 | INFO | benchmark.run | Purified full train | Images: 17408/50000 | 34.82% | 131.29 img/s | elapsed: 00:02:12 | eta: 00:04:08 | gpu: 0.2/1.9 GB
2026-07-03 19:30:33 | INFO | benchmark.run | Purified full train | Images: 18432/50000 | 36.86% | 131.37 img/s | elapsed: 00:02:20 | eta: 00:04:00 | gpu: 0.2/1.9 GB
2026-07-03 19:30:41 | INFO | benchmark.run | Purified full train | Images: 19456/50000 | 38.91% | 131.36 img/s | elapsed: 00:02:28 | eta: 00:03:52 | gpu: 0.2/1.9 GB
2026-07-03 19:30:49 | INFO | benchmark.run | Purified full train | Images: 20480/50000 | 40.96% | 131.16 img/s | elapsed: 00:02:36 | eta: 00:03:45 | gpu: 0.2/1.9 GB
2026-07-03 19:30:57 | INFO | benchmark.run | Purified full train | Images: 21504/50000 | 43.01% | 131.30 img/s | elapsed: 00:02:43 | eta: 00:03:37 | gpu: 0.2/1.9 GB
2026-07-03 19:31:04 | INFO | benchmark.run | Purified full train | Images: 22528/50000 | 45.06% | 131.34 img/s | elapsed: 00:02:51 | eta: 00:03:29 | gpu: 0.2/1.9 GB
2026-07-03 19:31:12 | INFO | benchmark.run | Purified full train | Images: 23552/50000 | 47.10% | 131.28 img/s | elapsed: 00:02:59 | eta: 00:03:21 | gpu: 0.2/1.9 GB
2026-07-03 19:31:21 | INFO | benchmark.run | Purified full train | Images: 24576/50000 | 49.15% | 130.98 img/s | elapsed: 00:03:07 | eta: 00:03:14 | gpu: 0.2/1.9 GB
2026-07-03 19:31:29 | INFO | benchmark.run | Purified full train | Images: 25600/50000 | 51.20% | 130.66 img/s | elapsed: 00:03:15 | eta: 00:03:06 | gpu: 0.2/1.9 GB
2026-07-03 19:31:37 | INFO | benchmark.run | Purified full train | Images: 26624/50000 | 53.25% | 130.69 img/s | elapsed: 00:03:23 | eta: 00:02:58 | gpu: 0.2/1.9 GB
2026-07-03 19:31:45 | INFO | benchmark.run | Purified full train | Images: 27648/50000 | 55.30% | 130.65 img/s | elapsed: 00:03:31 | eta: 00:02:51 | gpu: 0.2/1.9 GB
2026-07-03 19:31:52 | INFO | benchmark.run | Purified full train | Images: 28672/50000 | 57.34% | 130.68 img/s | elapsed: 00:03:39 | eta: 00:02:43 | gpu: 0.2/1.9 GB
2026-07-03 19:32:00 | INFO | benchmark.run | Purified full train | Images: 29696/50000 | 59.39% | 130.50 img/s | elapsed: 00:03:47 | eta: 00:02:35 | gpu: 0.2/1.9 GB
2026-07-03 19:32:09 | INFO | benchmark.run | Purified full train | Images: 30720/50000 | 61.44% | 130.35 img/s | elapsed: 00:03:55 | eta: 00:02:27 | gpu: 0.2/1.9 GB
2026-07-03 19:32:17 | INFO | benchmark.run | Purified full train | Images: 31744/50000 | 63.49% | 130.25 img/s | elapsed: 00:04:03 | eta: 00:02:20 | gpu: 0.2/1.9 GB
2026-07-03 19:32:25 | INFO | benchmark.run | Purified full train | Images: 32768/50000 | 65.54% | 130.15 img/s | elapsed: 00:04:11 | eta: 00:02:12 | gpu: 0.2/1.9 GB
2026-07-03 19:32:33 | INFO | benchmark.run | Purified full train | Images: 33792/50000 | 67.58% | 130.07 img/s | elapsed: 00:04:19 | eta: 00:02:04 | gpu: 0.2/1.9 GB
2026-07-03 19:32:40 | INFO | benchmark.run | Purified full train | Images: 34816/50000 | 69.63% | 130.13 img/s | elapsed: 00:04:27 | eta: 00:01:56 | gpu: 0.2/1.9 GB
2026-07-03 19:32:48 | INFO | benchmark.run | Purified full train | Images: 35840/50000 | 71.68% | 130.14 img/s | elapsed: 00:04:35 | eta: 00:01:48 | gpu: 0.2/1.9 GB
2026-07-03 19:32:56 | INFO | benchmark.run | Purified full train | Images: 36864/50000 | 73.73% | 130.22 img/s | elapsed: 00:04:43 | eta: 00:01:40 | gpu: 0.2/1.9 GB
2026-07-03 19:33:04 | INFO | benchmark.run | Purified full train | Images: 37888/50000 | 75.78% | 130.21 img/s | elapsed: 00:04:50 | eta: 00:01:33 | gpu: 0.2/1.9 GB
2026-07-03 19:33:11 | INFO | benchmark.run | Purified full train | Images: 38912/50000 | 77.82% | 130.39 img/s | elapsed: 00:04:58 | eta: 00:01:25 | gpu: 0.2/1.9 GB
2026-07-03 19:33:19 | INFO | benchmark.run | Purified full train | Images: 39936/50000 | 79.87% | 130.45 img/s | elapsed: 00:05:06 | eta: 00:01:17 | gpu: 0.2/1.9 GB
2026-07-03 19:33:27 | INFO | benchmark.run | Purified full train | Images: 40960/50000 | 81.92% | 130.51 img/s | elapsed: 00:05:13 | eta: 00:01:09 | gpu: 0.2/1.9 GB
2026-07-03 19:33:35 | INFO | benchmark.run | Purified full train | Images: 41984/50000 | 83.97% | 130.50 img/s | elapsed: 00:05:21 | eta: 00:01:01 | gpu: 0.2/1.9 GB
2026-07-03 19:33:43 | INFO | benchmark.run | Purified full train | Images: 43008/50000 | 86.02% | 130.46 img/s | elapsed: 00:05:29 | eta: 00:00:53 | gpu: 0.2/1.9 GB
2026-07-03 19:33:51 | INFO | benchmark.run | Purified full train | Images: 44032/50000 | 88.06% | 130.40 img/s | elapsed: 00:05:37 | eta: 00:00:45 | gpu: 0.2/1.9 GB
2026-07-03 19:33:59 | INFO | benchmark.run | Purified full train | Images: 45056/50000 | 90.11% | 130.30 img/s | elapsed: 00:05:45 | eta: 00:00:37 | gpu: 0.2/1.9 GB
2026-07-03 19:34:06 | INFO | benchmark.run | Purified full train | Images: 46080/50000 | 92.16% | 130.39 img/s | elapsed: 00:05:53 | eta: 00:00:30 | gpu: 0.2/1.9 GB
2026-07-03 19:34:14 | INFO | benchmark.run | Purified full train | Images: 47104/50000 | 94.21% | 130.44 img/s | elapsed: 00:06:01 | eta: 00:00:22 | gpu: 0.2/1.9 GB
2026-07-03 19:34:22 | INFO | benchmark.run | Purified full train | Images: 48128/50000 | 96.26% | 130.53 img/s | elapsed: 00:06:08 | eta: 00:00:14 | gpu: 0.2/1.9 GB
2026-07-03 19:34:29 | INFO | benchmark.run | Purified full train | Images: 49152/50000 | 98.30% | 130.57 img/s | elapsed: 00:06:16 | eta: 00:00:06 | gpu: 0.2/1.9 GB
2026-07-03 19:34:36 | INFO | benchmark.run | Purified full train | Images: 50000/50000 | 100.00% | 130.57 img/s | elapsed: 00:06:22 | eta: 00:00:00 | gpu: 0.2/1.9 GB
2026-07-03 19:34:41 | INFO | benchmark.run | ================================================================================
2026-07-03 19:34:41 | INFO | benchmark.run | RETRAINING AND EVALUATING WB_c1...
2026-07-03 19:34:41 | INFO | benchmark.run | ================================================================================
Currently evaluating -------------------------------:
Friday, 03. July 2026 07:34PM
Namespace(net=['ResNet18'], dataset='CIFAR10', recipe='gradient-matching', threatmodel='single-class', poisonkey=None, modelkey=None, deterministic=False, eps=8.0, budget=0.01, targets=1, name='benchmark_WB_c1', table_path='/media02/ndthuc03/cm-purify-targeted-poisoning/benchmark/tables', poison_path='poisons/', data_path='/media02/ndthuc03/cm-purify-targeted-poisoning/dataset_generation/datasets', attackoptim='signAdam', attackiter=250, init='randn', tau=0.1, scheduling=True, target_criterion='cross-entropy', restarts=8, pbatch=512, pshuffle=False, paugment=True, data_aug='default', full_data=False, adversarial=0, ensemble=1, stagger=False, step=False, max_epoch=None, ablation=1.0, loss='similarity', centreg=0, normreg=0, repel=0, nadapt=2, clean_grad=False, vruns=1, vnet=None, retrain_from_init=False, pretrained=False, optimization='conservative', epochs=None, noaugment=False, gradient_noise=None, gradient_clip=None, lmdb_path=None, cache_dataset=False, benchmark='/media02/ndthuc03/cm-purify-targeted-poisoning/dataset_generation/configs/wb_benchmark_setups.pickle', benchmark_idx=5, dryrun=False, save=None, local_rank=None)
CPUs: 8, GPUs: 1 on gpu03.
GPU : NVIDIA A100-PCIE-40GB
ResNet18 model initialized with random key 2383420501.
Files already downloaded and verified
Data mean is [0.4914672374725342, 0.4822617471218109, 0.4467701315879822], 
Data std  is [0.24703224003314972, 0.24348513782024384, 0.26158785820007324].
Files already downloaded and verified
Data is loaded with 4 workers.
Poisoning setup generated for threat model single-class and budget of 1.0% - 500 images:
--Target images drawn from class airplane with ids [6549].
--Target images assigned intended class automobile.
--Poison images drawn from class automobile.
2026-07-03 19:34:43 | INFO | benchmark.run | WB poisoned base-only delta build | Images: 500/500 | 100.00% | 835.93 img/s | elapsed: 00:00:00 | eta: 00:00:00 | gpu: cpu
ResNet18 model initialized with random key 1191803497.
Model reinitialized to random seed.
Epoch: 0  | lr: 0.1000 | Training    loss is  1.8850, train acc:  32.87% | Validation   loss is  1.5849, valid acc:  42.66% | 
Epoch: 0  | lr: 0.1000 | Target adv. loss is  4.6942, fool  acc:   0.00% | Target orig. loss is  1.5331, orig. acc:   0.00% | 
Epoch: 1  | lr: 0.1000 | Training    loss is  1.3469, train acc:  51.04% | 
Epoch: 2  | lr: 0.1000 | Training    loss is  1.0475, train acc:  62.36% | 
Epoch: 3  | lr: 0.1000 | Training    loss is  0.8253, train acc:  71.01% | 
Epoch: 4  | lr: 0.1000 | Training    loss is  0.6896, train acc:  76.01% | 
Epoch: 5  | lr: 0.1000 | Training    loss is  0.6046, train acc:  79.06% | 
Epoch: 6  | lr: 0.1000 | Training    loss is  0.5614, train acc:  80.75% | 
Epoch: 7  | lr: 0.1000 | Training    loss is  0.5249, train acc:  81.96% | 
Epoch: 8  | lr: 0.1000 | Training    loss is  0.5005, train acc:  82.73% | 
Epoch: 9  | lr: 0.1000 | Training    loss is  0.4804, train acc:  83.36% | 
Epoch: 10 | lr: 0.1000 | Training    loss is  0.4662, train acc:  83.92% | Validation   loss is  0.6858, valid acc:  77.48% | 
Epoch: 10 | lr: 0.1000 | Target adv. loss is  5.6766, fool  acc:   0.00% | Target orig. loss is  0.7082, orig. acc: 100.00% | 
Epoch: 11 | lr: 0.1000 | Training    loss is  0.4527, train acc:  84.37% | 
Epoch: 12 | lr: 0.1000 | Training    loss is  0.4336, train acc:  85.18% | 
Epoch: 13 | lr: 0.0100 | Training    loss is  0.4289, train acc:  85.37% | 
Epoch: 14 | lr: 0.0100 | Training    loss is  0.2678, train acc:  91.06% | 
Epoch: 15 | lr: 0.0100 | Training    loss is  0.2205, train acc:  92.45% | 
Epoch: 16 | lr: 0.0100 | Training    loss is  0.1965, train acc:  93.27% | 
Epoch: 17 | lr: 0.0100 | Training    loss is  0.1813, train acc:  93.75% | 
Epoch: 18 | lr: 0.0100 | Training    loss is  0.1691, train acc:  94.24% | 
Epoch: 19 | lr: 0.0100 | Training    loss is  0.1577, train acc:  94.66% | 
Epoch: 20 | lr: 0.0100 | Training    loss is  0.1466, train acc:  94.98% | Validation   loss is  0.2632, valid acc:  91.21% | 
Epoch: 20 | lr: 0.0100 | Target adv. loss is  3.8114, fool  acc:   0.00% | Target orig. loss is  0.2630, orig. acc: 100.00% | 
Epoch: 21 | lr: 0.0100 | Training    loss is  0.1344, train acc:  95.41% | 
Epoch: 22 | lr: 0.0100 | Training    loss is  0.1284, train acc:  95.72% | 
Epoch: 23 | lr: 0.0010 | Training    loss is  0.1224, train acc:  95.77% | 
Epoch: 24 | lr: 0.0010 | Training    loss is  0.0928, train acc:  96.93% | 
Epoch: 25 | lr: 0.0010 | Training    loss is  0.0851, train acc:  97.23% | 
Epoch: 26 | lr: 0.0010 | Training    loss is  0.0776, train acc:  97.57% | 
Epoch: 27 | lr: 0.0010 | Training    loss is  0.0740, train acc:  97.67% | 
Epoch: 28 | lr: 0.0010 | Training    loss is  0.0704, train acc:  97.82% | 
Epoch: 29 | lr: 0.0010 | Training    loss is  0.0677, train acc:  97.86% | 
Epoch: 30 | lr: 0.0010 | Training    loss is  0.0661, train acc:  97.95% | Validation   loss is  0.2432, valid acc:  92.30% | 
Epoch: 30 | lr: 0.0010 | Target adv. loss is  2.2628, fool  acc:   0.00% | Target orig. loss is  0.3083, orig. acc: 100.00% | 
Epoch: 31 | lr: 0.0010 | Training    loss is  0.0647, train acc:  97.99% | 
Epoch: 32 | lr: 0.0010 | Training    loss is  0.0626, train acc:  98.09% | 
Epoch: 33 | lr: 0.0010 | Training    loss is  0.0606, train acc:  98.09% | 
Epoch: 34 | lr: 0.0001 | Training    loss is  0.0567, train acc:  98.23% | 
Epoch: 35 | lr: 0.0001 | Training    loss is  0.0548, train acc:  98.39% | 
Epoch: 36 | lr: 0.0001 | Training    loss is  0.0536, train acc:  98.42% | 
Epoch: 37 | lr: 0.0001 | Training    loss is  0.0546, train acc:  98.38% | 
Epoch: 38 | lr: 0.0001 | Training    loss is  0.0526, train acc:  98.43% | 
Epoch: 39 | lr: 0.0001 | Training    loss is  0.0531, train acc:  98.34% | Validation   loss is  0.2452, valid acc:  92.38% | 
Epoch: 39 | lr: 0.0001 | Target adv. loss is  1.7905, fool  acc:   0.00% | Target orig. loss is  0.4270, orig. acc: 100.00% | 
Currently evaluating -------------------------------:
Friday, 03. July 2026 07:44PM
Namespace(net=['ResNet18'], dataset='CIFAR10', recipe='gradient-matching', threatmodel='single-class', poisonkey=None, modelkey=None, deterministic=False, eps=8.0, budget=0.01, targets=1, name='benchmark_WB_c1', table_path='/media02/ndthuc03/cm-purify-targeted-poisoning/benchmark/tables', poison_path='poisons/', data_path='/media02/ndthuc03/cm-purify-targeted-poisoning/dataset_generation/datasets', attackoptim='signAdam', attackiter=250, init='randn', tau=0.1, scheduling=True, target_criterion='cross-entropy', restarts=8, pbatch=512, pshuffle=False, paugment=True, data_aug='default', full_data=False, adversarial=0, ensemble=1, stagger=False, step=False, max_epoch=None, ablation=1.0, loss='similarity', centreg=0, normreg=0, repel=0, nadapt=2, clean_grad=False, vruns=1, vnet=None, retrain_from_init=False, pretrained=False, optimization='conservative', epochs=None, noaugment=False, gradient_noise=None, gradient_clip=None, lmdb_path=None, cache_dataset=False, benchmark='/media02/ndthuc03/cm-purify-targeted-poisoning/dataset_generation/configs/wb_benchmark_setups.pickle', benchmark_idx=5, dryrun=False, save=None, local_rank=None)
CPUs: 8, GPUs: 1 on gpu03.
GPU : NVIDIA A100-PCIE-40GB
ResNet18 model initialized with random key 238436043.
Files already downloaded and verified
Data mean is [0.4914672374725342, 0.4822617471218109, 0.4467701315879822], 
Data std  is [0.24703224003314972, 0.24348513782024384, 0.26158785820007324].
Files already downloaded and verified
Data is loaded with 4 workers.
Poisoning setup generated for threat model single-class and budget of 1.0% - 500 images:
--Target images drawn from class airplane with ids [6549].
--Target images assigned intended class automobile.
--Poison images drawn from class automobile.
2026-07-03 19:44:23 | INFO | benchmark.run | WB purified full-train delta build | Images: 10000/50000 | 20.00% | 728.61 img/s | elapsed: 00:00:13 | eta: 00:00:54 | gpu: cpu
2026-07-03 19:44:36 | INFO | benchmark.run | WB purified full-train delta build | Images: 20000/50000 | 40.00% | 739.92 img/s | elapsed: 00:00:27 | eta: 00:00:40 | gpu: cpu
2026-07-03 19:44:50 | INFO | benchmark.run | WB purified full-train delta build | Images: 30000/50000 | 60.00% | 731.15 img/s | elapsed: 00:00:41 | eta: 00:00:27 | gpu: cpu
2026-07-03 19:45:04 | INFO | benchmark.run | WB purified full-train delta build | Images: 40000/50000 | 80.00% | 729.40 img/s | elapsed: 00:00:54 | eta: 00:00:13 | gpu: cpu
2026-07-03 19:45:18 | INFO | benchmark.run | WB purified full-train delta build | Images: 50000/50000 | 100.00% | 730.36 img/s | elapsed: 00:01:08 | eta: 00:00:00 | gpu: cpu
ResNet18 model initialized with random key 4248536529.
Model reinitialized to random seed.
Epoch: 0  | lr: 0.1000 | Training    loss is  1.9308, train acc:  31.97% | Validation   loss is  1.5205, valid acc:  42.88% | 
Epoch: 0  | lr: 0.1000 | Target adv. loss is  5.7885, fool  acc:   0.00% | Target orig. loss is  1.3376, orig. acc:   0.00% | 
Epoch: 1  | lr: 0.1000 | Training    loss is  1.3242, train acc:  52.16% | 
Epoch: 2  | lr: 0.1000 | Training    loss is  1.0100, train acc:  64.59% | 
Epoch: 3  | lr: 0.1000 | Training    loss is  0.7851, train acc:  72.94% | 
Epoch: 4  | lr: 0.1000 | Training    loss is  0.6688, train acc:  77.25% | 
Epoch: 5  | lr: 0.1000 | Training    loss is  0.6133, train acc:  79.26% | 
Epoch: 6  | lr: 0.1000 | Training    loss is  0.5824, train acc:  80.57% | 
Epoch: 7  | lr: 0.1000 | Training    loss is  0.5544, train acc:  81.41% | 
Epoch: 8  | lr: 0.1000 | Training    loss is  0.5425, train acc:  81.75% | 
Epoch: 9  | lr: 0.1000 | Training    loss is  0.5301, train acc:  82.23% | 
Epoch: 10 | lr: 0.1000 | Training    loss is  0.5256, train acc:  82.39% | Validation   loss is  1.8452, valid acc:  44.59% | 
Epoch: 10 | lr: 0.1000 | Target adv. loss is  2.7915, fool  acc:   0.00% | Target orig. loss is  2.3729, orig. acc:   0.00% | 
Epoch: 11 | lr: 0.1000 | Training    loss is  0.5153, train acc:  82.70% | 
Epoch: 12 | lr: 0.1000 | Training    loss is  0.5081, train acc:  82.95% | 
Epoch: 13 | lr: 0.0100 | Training    loss is  0.5017, train acc:  83.33% | 
Epoch: 14 | lr: 0.0100 | Training    loss is  0.3867, train acc:  87.09% | 
Epoch: 15 | lr: 0.0100 | Training    loss is  0.3484, train acc:  88.40% | 
Epoch: 16 | lr: 0.0100 | Training    loss is  0.3314, train acc:  89.02% | 
Epoch: 17 | lr: 0.0100 | Training    loss is  0.3197, train acc:  89.38% | 
Epoch: 18 | lr: 0.0100 | Training    loss is  0.3071, train acc:  89.76% | 
Epoch: 19 | lr: 0.0100 | Training    loss is  0.2943, train acc:  90.08% | 
Epoch: 20 | lr: 0.0100 | Training    loss is  0.2877, train acc:  90.22% | Validation   loss is  1.0903, valid acc:  66.53% | 
Epoch: 20 | lr: 0.0100 | Target adv. loss is  2.3504, fool  acc:   0.00% | Target orig. loss is  1.0487, orig. acc: 100.00% | 
Epoch: 21 | lr: 0.0100 | Training    loss is  0.2795, train acc:  90.56% | 
Epoch: 22 | lr: 0.0100 | Training    loss is  0.2733, train acc:  90.80% | 
Epoch: 23 | lr: 0.0010 | Training    loss is  0.2629, train acc:  91.04% | 
Epoch: 24 | lr: 0.0010 | Training    loss is  0.2276, train acc:  92.40% | 
Epoch: 25 | lr: 0.0010 | Training    loss is  0.2136, train acc:  92.90% | 
Epoch: 26 | lr: 0.0010 | Training    loss is  0.2055, train acc:  93.14% | 
Epoch: 27 | lr: 0.0010 | Training    loss is  0.2017, train acc:  93.29% | 
Epoch: 28 | lr: 0.0010 | Training    loss is  0.1974, train acc:  93.41% | 
Epoch: 29 | lr: 0.0010 | Training    loss is  0.1939, train acc:  93.50% | 
Epoch: 30 | lr: 0.0010 | Training    loss is  0.1894, train acc:  93.71% | Validation   loss is  1.2751, valid acc:  63.54% | 
Epoch: 30 | lr: 0.0010 | Target adv. loss is  1.5236, fool  acc:   0.00% | Target orig. loss is  1.4989, orig. acc: 100.00% | 
Epoch: 31 | lr: 0.0010 | Training    loss is  0.1852, train acc:  93.80% | 
Epoch: 32 | lr: 0.0010 | Training    loss is  0.1808, train acc:  94.01% | 
Epoch: 33 | lr: 0.0010 | Training    loss is  0.1786, train acc:  94.00% | 
Epoch: 34 | lr: 0.0001 | Training    loss is  0.1711, train acc:  94.43% | 
Epoch: 35 | lr: 0.0001 | Training    loss is  0.1662, train acc:  94.46% | 
Epoch: 36 | lr: 0.0001 | Training    loss is  0.1629, train acc:  94.57% | 
Epoch: 37 | lr: 0.0001 | Training    loss is  0.1639, train acc:  94.61% | 
Epoch: 38 | lr: 0.0001 | Training    loss is  0.1603, train acc:  94.76% | 
Epoch: 39 | lr: 0.0001 | Training    loss is  0.1603, train acc:  94.67% | Validation   loss is  1.1514, valid acc:  66.91% | 
Epoch: 39 | lr: 0.0001 | Target adv. loss is  1.8321, fool  acc:   0.00% | Target orig. loss is  1.4985, orig. acc:   0.00% | 
2026-07-03 19:55:30 | INFO | benchmark.run | Updated benchmark CSV: /media02/ndthuc03/cm-purify-targeted-poisoning/benchmark/outputs/slurm_73353/benchmark_results.csv
2026-07-03 19:55:30 | INFO | benchmark.run | ================================================================================
2026-07-03 19:55:30 | INFO | benchmark.run | CASE 23/30: WB_c2 (WB)
2026-07-03 19:55:30 | INFO | benchmark.run | ================================================================================
2026-07-03 19:56:31 | INFO | benchmark.run | Materialized WB poisoned train | Images: 10000/50000 | 20.00% | 167.37 img/s | elapsed: 00:00:59 | eta: 00:03:58 | gpu: cpu
2026-07-03 19:57:31 | INFO | benchmark.run | Materialized WB poisoned train | Images: 20000/50000 | 40.00% | 166.80 img/s | elapsed: 00:01:59 | eta: 00:02:59 | gpu: cpu
2026-07-03 19:58:30 | INFO | benchmark.run | Materialized WB poisoned train | Images: 30000/50000 | 60.00% | 167.20 img/s | elapsed: 00:02:59 | eta: 00:01:59 | gpu: cpu
2026-07-03 19:59:31 | INFO | benchmark.run | Materialized WB poisoned train | Images: 40000/50000 | 80.00% | 166.40 img/s | elapsed: 00:04:00 | eta: 00:01:00 | gpu: cpu
2026-07-03 20:00:30 | INFO | benchmark.run | Materialized WB poisoned train | Images: 50000/50000 | 100.00% | 166.91 img/s | elapsed: 00:04:59 | eta: 00:00:00 | gpu: cpu
2026-07-03 20:00:40 | INFO | benchmark.run | Purified full train | Images: 1024/50000 | 2.05% | 132.72 img/s | elapsed: 00:00:07 | eta: 00:06:09 | gpu: 0.2/1.9 GB
2026-07-03 20:00:48 | INFO | benchmark.run | Purified full train | Images: 2048/50000 | 4.10% | 131.29 img/s | elapsed: 00:00:15 | eta: 00:06:05 | gpu: 0.2/1.9 GB
2026-07-03 20:00:58 | INFO | benchmark.run | Purified full train | Images: 3072/50000 | 6.14% | 123.22 img/s | elapsed: 00:00:24 | eta: 00:06:20 | gpu: 0.2/1.9 GB
2026-07-03 20:01:06 | INFO | benchmark.run | Purified full train | Images: 4096/50000 | 8.19% | 123.87 img/s | elapsed: 00:00:33 | eta: 00:06:10 | gpu: 0.2/1.9 GB
2026-07-03 20:01:13 | INFO | benchmark.run | Purified full train | Images: 5120/50000 | 10.24% | 125.62 img/s | elapsed: 00:00:40 | eta: 00:05:57 | gpu: 0.2/1.9 GB
2026-07-03 20:01:22 | INFO | benchmark.run | Purified full train | Images: 6144/50000 | 12.29% | 123.80 img/s | elapsed: 00:00:49 | eta: 00:05:54 | gpu: 0.2/1.9 GB
2026-07-03 20:01:30 | INFO | benchmark.run | Purified full train | Images: 7168/50000 | 14.34% | 125.53 img/s | elapsed: 00:00:57 | eta: 00:05:41 | gpu: 0.2/1.9 GB
2026-07-03 20:01:38 | INFO | benchmark.run | Purified full train | Images: 8192/50000 | 16.38% | 126.00 img/s | elapsed: 00:01:05 | eta: 00:05:31 | gpu: 0.2/1.9 GB
2026-07-03 20:01:46 | INFO | benchmark.run | Purified full train | Images: 9216/50000 | 18.43% | 126.34 img/s | elapsed: 00:01:12 | eta: 00:05:22 | gpu: 0.2/1.9 GB
2026-07-03 20:01:53 | INFO | benchmark.run | Purified full train | Images: 10240/50000 | 20.48% | 127.11 img/s | elapsed: 00:01:20 | eta: 00:05:12 | gpu: 0.2/1.9 GB
2026-07-03 20:02:01 | INFO | benchmark.run | Purified full train | Images: 11264/50000 | 22.53% | 127.59 img/s | elapsed: 00:01:28 | eta: 00:05:03 | gpu: 0.2/1.9 GB
2026-07-03 20:02:09 | INFO | benchmark.run | Purified full train | Images: 12288/50000 | 24.58% | 127.77 img/s | elapsed: 00:01:36 | eta: 00:04:55 | gpu: 0.2/1.9 GB
2026-07-03 20:02:17 | INFO | benchmark.run | Purified full train | Images: 13312/50000 | 26.62% | 128.17 img/s | elapsed: 00:01:43 | eta: 00:04:46 | gpu: 0.2/1.9 GB
2026-07-03 20:02:24 | INFO | benchmark.run | Purified full train | Images: 14336/50000 | 28.67% | 128.50 img/s | elapsed: 00:01:51 | eta: 00:04:37 | gpu: 0.2/1.9 GB
2026-07-03 20:02:32 | INFO | benchmark.run | Purified full train | Images: 15360/50000 | 30.72% | 128.75 img/s | elapsed: 00:01:59 | eta: 00:04:29 | gpu: 0.2/1.9 GB
2026-07-03 20:02:40 | INFO | benchmark.run | Purified full train | Images: 16384/50000 | 32.77% | 128.93 img/s | elapsed: 00:02:07 | eta: 00:04:20 | gpu: 0.2/1.9 GB
2026-07-03 20:02:48 | INFO | benchmark.run | Purified full train | Images: 17408/50000 | 34.82% | 129.04 img/s | elapsed: 00:02:14 | eta: 00:04:12 | gpu: 0.2/1.9 GB
2026-07-03 20:02:55 | INFO | benchmark.run | Purified full train | Images: 18432/50000 | 36.86% | 129.31 img/s | elapsed: 00:02:22 | eta: 00:04:04 | gpu: 0.2/1.9 GB
2026-07-03 20:03:03 | INFO | benchmark.run | Purified full train | Images: 19456/50000 | 38.91% | 129.46 img/s | elapsed: 00:02:30 | eta: 00:03:55 | gpu: 0.2/1.9 GB
2026-07-03 20:03:11 | INFO | benchmark.run | Purified full train | Images: 20480/50000 | 40.96% | 129.41 img/s | elapsed: 00:02:38 | eta: 00:03:48 | gpu: 0.2/1.9 GB
2026-07-03 20:03:19 | INFO | benchmark.run | Purified full train | Images: 21504/50000 | 43.01% | 129.49 img/s | elapsed: 00:02:46 | eta: 00:03:40 | gpu: 0.2/1.9 GB
2026-07-03 20:03:26 | INFO | benchmark.run | Purified full train | Images: 22528/50000 | 45.06% | 129.63 img/s | elapsed: 00:02:53 | eta: 00:03:31 | gpu: 0.2/1.9 GB
2026-07-03 20:03:34 | INFO | benchmark.run | Purified full train | Images: 23552/50000 | 47.10% | 129.62 img/s | elapsed: 00:03:01 | eta: 00:03:24 | gpu: 0.2/1.9 GB
2026-07-03 20:03:42 | INFO | benchmark.run | Purified full train | Images: 24576/50000 | 49.15% | 129.69 img/s | elapsed: 00:03:09 | eta: 00:03:16 | gpu: 0.2/1.9 GB
2026-07-03 20:03:50 | INFO | benchmark.run | Purified full train | Images: 25600/50000 | 51.20% | 129.81 img/s | elapsed: 00:03:17 | eta: 00:03:07 | gpu: 0.2/1.9 GB
2026-07-03 20:03:58 | INFO | benchmark.run | Purified full train | Images: 26624/50000 | 53.25% | 129.93 img/s | elapsed: 00:03:24 | eta: 00:02:59 | gpu: 0.2/1.9 GB
2026-07-03 20:04:05 | INFO | benchmark.run | Purified full train | Images: 27648/50000 | 55.30% | 130.02 img/s | elapsed: 00:03:32 | eta: 00:02:51 | gpu: 0.2/1.9 GB
2026-07-03 20:04:13 | INFO | benchmark.run | Purified full train | Images: 28672/50000 | 57.34% | 130.08 img/s | elapsed: 00:03:40 | eta: 00:02:43 | gpu: 0.2/1.9 GB
2026-07-03 20:04:21 | INFO | benchmark.run | Purified full train | Images: 29696/50000 | 59.39% | 130.11 img/s | elapsed: 00:03:48 | eta: 00:02:36 | gpu: 0.2/1.9 GB
2026-07-03 20:04:29 | INFO | benchmark.run | Purified full train | Images: 30720/50000 | 61.44% | 130.05 img/s | elapsed: 00:03:56 | eta: 00:02:28 | gpu: 0.2/1.9 GB
2026-07-03 20:04:37 | INFO | benchmark.run | Purified full train | Images: 31744/50000 | 63.49% | 130.11 img/s | elapsed: 00:04:03 | eta: 00:02:20 | gpu: 0.2/1.9 GB
2026-07-03 20:04:44 | INFO | benchmark.run | Purified full train | Images: 32768/50000 | 65.54% | 130.19 img/s | elapsed: 00:04:11 | eta: 00:02:12 | gpu: 0.2/1.9 GB
2026-07-03 20:04:55 | INFO | benchmark.run | Purified full train | Images: 33792/50000 | 67.58% | 128.88 img/s | elapsed: 00:04:22 | eta: 00:02:05 | gpu: 0.2/1.9 GB
2026-07-03 20:05:03 | INFO | benchmark.run | Purified full train | Images: 34816/50000 | 69.63% | 129.01 img/s | elapsed: 00:04:29 | eta: 00:01:57 | gpu: 0.2/1.9 GB
2026-07-03 20:05:10 | INFO | benchmark.run | Purified full train | Images: 35840/50000 | 71.68% | 129.03 img/s | elapsed: 00:04:37 | eta: 00:01:49 | gpu: 0.2/1.9 GB
2026-07-03 20:05:18 | INFO | benchmark.run | Purified full train | Images: 36864/50000 | 73.73% | 129.06 img/s | elapsed: 00:04:45 | eta: 00:01:41 | gpu: 0.2/1.9 GB
2026-07-03 20:05:26 | INFO | benchmark.run | Purified full train | Images: 37888/50000 | 75.78% | 129.15 img/s | elapsed: 00:04:53 | eta: 00:01:33 | gpu: 0.2/1.9 GB
2026-07-03 20:05:34 | INFO | benchmark.run | Purified full train | Images: 38912/50000 | 77.82% | 129.23 img/s | elapsed: 00:05:01 | eta: 00:01:25 | gpu: 0.2/1.9 GB
2026-07-03 20:05:42 | INFO | benchmark.run | Purified full train | Images: 39936/50000 | 79.87% | 129.25 img/s | elapsed: 00:05:08 | eta: 00:01:17 | gpu: 0.2/1.9 GB
2026-07-03 20:05:50 | INFO | benchmark.run | Purified full train | Images: 40960/50000 | 81.92% | 129.28 img/s | elapsed: 00:05:16 | eta: 00:01:09 | gpu: 0.2/1.9 GB
2026-07-03 20:05:58 | INFO | benchmark.run | Purified full train | Images: 41984/50000 | 83.97% | 129.23 img/s | elapsed: 00:05:24 | eta: 00:01:02 | gpu: 0.2/1.9 GB
2026-07-03 20:06:07 | INFO | benchmark.run | Purified full train | Images: 43008/50000 | 86.02% | 128.78 img/s | elapsed: 00:05:33 | eta: 00:00:54 | gpu: 0.2/1.9 GB
2026-07-03 20:06:14 | INFO | benchmark.run | Purified full train | Images: 44032/50000 | 88.06% | 128.83 img/s | elapsed: 00:05:41 | eta: 00:00:46 | gpu: 0.2/1.9 GB
2026-07-03 20:06:22 | INFO | benchmark.run | Purified full train | Images: 45056/50000 | 90.11% | 128.85 img/s | elapsed: 00:05:49 | eta: 00:00:38 | gpu: 0.2/1.9 GB
2026-07-03 20:06:31 | INFO | benchmark.run | Purified full train | Images: 46080/50000 | 92.16% | 128.77 img/s | elapsed: 00:05:57 | eta: 00:00:30 | gpu: 0.2/1.9 GB
2026-07-03 20:06:38 | INFO | benchmark.run | Purified full train | Images: 47104/50000 | 94.21% | 128.84 img/s | elapsed: 00:06:05 | eta: 00:00:22 | gpu: 0.2/1.9 GB
2026-07-03 20:06:46 | INFO | benchmark.run | Purified full train | Images: 48128/50000 | 96.26% | 128.92 img/s | elapsed: 00:06:13 | eta: 00:00:14 | gpu: 0.2/1.9 GB
2026-07-03 20:06:54 | INFO | benchmark.run | Purified full train | Images: 49152/50000 | 98.30% | 129.02 img/s | elapsed: 00:06:20 | eta: 00:00:06 | gpu: 0.2/1.9 GB
2026-07-03 20:07:00 | INFO | benchmark.run | Purified full train | Images: 50000/50000 | 100.00% | 129.00 img/s | elapsed: 00:06:27 | eta: 00:00:00 | gpu: 0.2/1.9 GB
2026-07-03 20:07:06 | INFO | benchmark.run | ================================================================================
2026-07-03 20:07:06 | INFO | benchmark.run | RETRAINING AND EVALUATING WB_c2...
2026-07-03 20:07:06 | INFO | benchmark.run | ================================================================================
Currently evaluating -------------------------------:
Friday, 03. July 2026 08:07PM
Namespace(net=['ResNet18'], dataset='CIFAR10', recipe='gradient-matching', threatmodel='single-class', poisonkey=None, modelkey=None, deterministic=False, eps=8.0, budget=0.01, targets=1, name='benchmark_WB_c2', table_path='/media02/ndthuc03/cm-purify-targeted-poisoning/benchmark/tables', poison_path='poisons/', data_path='/media02/ndthuc03/cm-purify-targeted-poisoning/dataset_generation/datasets', attackoptim='signAdam', attackiter=250, init='randn', tau=0.1, scheduling=True, target_criterion='cross-entropy', restarts=8, pbatch=512, pshuffle=False, paugment=True, data_aug='default', full_data=False, adversarial=0, ensemble=1, stagger=False, step=False, max_epoch=None, ablation=1.0, loss='similarity', centreg=0, normreg=0, repel=0, nadapt=2, clean_grad=False, vruns=1, vnet=None, retrain_from_init=False, pretrained=False, optimization='conservative', epochs=None, noaugment=False, gradient_noise=None, gradient_clip=None, lmdb_path=None, cache_dataset=False, benchmark='/media02/ndthuc03/cm-purify-targeted-poisoning/dataset_generation/configs/wb_benchmark_setups.pickle', benchmark_idx=8, dryrun=False, save=None, local_rank=None)
CPUs: 8, GPUs: 1 on gpu03.
GPU : NVIDIA A100-PCIE-40GB
ResNet18 model initialized with random key 1401603237.
Files already downloaded and verified
Data mean is [0.4914672374725342, 0.4822617471218109, 0.4467701315879822], 
Data std  is [0.24703224003314972, 0.24348513782024384, 0.26158785820007324].
Files already downloaded and verified
Data is loaded with 4 workers.
Poisoning setup generated for threat model single-class and budget of 1.0% - 500 images:
--Target images drawn from class cat with ids [786].
--Target images assigned intended class bird.
--Poison images drawn from class bird.
2026-07-03 20:07:08 | INFO | benchmark.run | WB poisoned base-only delta build | Images: 500/500 | 100.00% | 913.19 img/s | elapsed: 00:00:00 | eta: 00:00:00 | gpu: cpu
ResNet18 model initialized with random key 3661877328.
Model reinitialized to random seed.
Epoch: 0  | lr: 0.1000 | Training    loss is  1.8984, train acc:  33.58% | Validation   loss is  1.4232, valid acc:  47.84% | 
Epoch: 0  | lr: 0.1000 | Target adv. loss is  2.0553, fool  acc:   0.00% | Target orig. loss is  1.9030, orig. acc:   0.00% | 
Epoch: 1  | lr: 0.1000 | Training    loss is  1.3413, train acc:  51.64% | 
Epoch: 2  | lr: 0.1000 | Training    loss is  1.0738, train acc:  61.91% | 
Epoch: 3  | lr: 0.1000 | Training    loss is  0.8752, train acc:  68.95% | 
Epoch: 4  | lr: 0.1000 | Training    loss is  0.7296, train acc:  74.49% | 
Epoch: 5  | lr: 0.1000 | Training    loss is  0.6377, train acc:  77.74% | 
Epoch: 6  | lr: 0.1000 | Training    loss is  0.5798, train acc:  79.90% | 
Epoch: 7  | lr: 0.1000 | Training    loss is  0.5441, train acc:  81.27% | 
Epoch: 8  | lr: 0.1000 | Training    loss is  0.5160, train acc:  82.22% | 
Epoch: 9  | lr: 0.1000 | Training    loss is  0.4896, train acc:  83.21% | 
Epoch: 10 | lr: 0.1000 | Training    loss is  0.4770, train acc:  83.57% | Validation   loss is  0.6010, valid acc:  80.11% | 
Epoch: 10 | lr: 0.1000 | Target adv. loss is  3.0527, fool  acc:   0.00% | Target orig. loss is  0.1455, orig. acc: 100.00% | 
Epoch: 11 | lr: 0.1000 | Training    loss is  0.4597, train acc:  84.05% | 
Epoch: 12 | lr: 0.1000 | Training    loss is  0.4419, train acc:  84.81% | 
Epoch: 13 | lr: 0.0100 | Training    loss is  0.4316, train acc:  85.31% | 
Epoch: 14 | lr: 0.0100 | Training    loss is  0.2728, train acc:  90.74% | 
Epoch: 15 | lr: 0.0100 | Training    loss is  0.2219, train acc:  92.46% | 
Epoch: 16 | lr: 0.0100 | Training    loss is  0.1996, train acc:  93.12% | 
Epoch: 17 | lr: 0.0100 | Training    loss is  0.1836, train acc:  93.75% | 
Epoch: 18 | lr: 0.0100 | Training    loss is  0.1705, train acc:  94.20% | 
Epoch: 19 | lr: 0.0100 | Training    loss is  0.1621, train acc:  94.40% | 
Epoch: 20 | lr: 0.0100 | Training    loss is  0.1483, train acc:  94.84% | Validation   loss is  0.2831, valid acc:  90.92% | 
Epoch: 20 | lr: 0.0100 | Target adv. loss is  0.0025, fool  acc: 100.00% | Target orig. loss is  6.1612, orig. acc:   0.00% | 
Epoch: 21 | lr: 0.0100 | Training    loss is  0.1392, train acc:  95.21% | 
Epoch: 22 | lr: 0.0100 | Training    loss is  0.1306, train acc:  95.53% | 
Epoch: 23 | lr: 0.0010 | Training    loss is  0.1225, train acc:  95.78% | 
Epoch: 24 | lr: 0.0010 | Training    loss is  0.0916, train acc:  97.05% | 
Epoch: 25 | lr: 0.0010 | Training    loss is  0.0811, train acc:  97.42% | 
Epoch: 26 | lr: 0.0010 | Training    loss is  0.0782, train acc:  97.52% | 
Epoch: 27 | lr: 0.0010 | Training    loss is  0.0751, train acc:  97.65% | 
Epoch: 28 | lr: 0.0010 | Training    loss is  0.0728, train acc:  97.61% | 
Epoch: 29 | lr: 0.0010 | Training    loss is  0.0691, train acc:  97.82% | 
Epoch: 30 | lr: 0.0010 | Training    loss is  0.0662, train acc:  97.93% | Validation   loss is  0.2450, valid acc:  92.27% | 
Epoch: 30 | lr: 0.0010 | Target adv. loss is  0.0016, fool  acc: 100.00% | Target orig. loss is  6.6066, orig. acc:   0.00% | 
Epoch: 31 | lr: 0.0010 | Training    loss is  0.0649, train acc:  97.97% | 
Epoch: 32 | lr: 0.0010 | Training    loss is  0.0638, train acc:  97.97% | 
Epoch: 33 | lr: 0.0010 | Training    loss is  0.0599, train acc:  98.15% | 
Epoch: 34 | lr: 0.0001 | Training    loss is  0.0600, train acc:  98.13% | 
Epoch: 35 | lr: 0.0001 | Training    loss is  0.0573, train acc:  98.24% | 
Epoch: 36 | lr: 0.0001 | Training    loss is  0.0561, train acc:  98.23% | 
Epoch: 37 | lr: 0.0001 | Training    loss is  0.0547, train acc:  98.35% | 
Epoch: 38 | lr: 0.0001 | Training    loss is  0.0547, train acc:  98.29% | 
Epoch: 39 | lr: 0.0001 | Training    loss is  0.0536, train acc:  98.35% | Validation   loss is  0.2456, valid acc:  92.59% | 
Epoch: 39 | lr: 0.0001 | Target adv. loss is  0.0012, fool  acc: 100.00% | Target orig. loss is  6.8832, orig. acc:   0.00% | 
Currently evaluating -------------------------------:
Friday, 03. July 2026 08:16PM
Namespace(net=['ResNet18'], dataset='CIFAR10', recipe='gradient-matching', threatmodel='single-class', poisonkey=None, modelkey=None, deterministic=False, eps=8.0, budget=0.01, targets=1, name='benchmark_WB_c2', table_path='/media02/ndthuc03/cm-purify-targeted-poisoning/benchmark/tables', poison_path='poisons/', data_path='/media02/ndthuc03/cm-purify-targeted-poisoning/dataset_generation/datasets', attackoptim='signAdam', attackiter=250, init='randn', tau=0.1, scheduling=True, target_criterion='cross-entropy', restarts=8, pbatch=512, pshuffle=False, paugment=True, data_aug='default', full_data=False, adversarial=0, ensemble=1, stagger=False, step=False, max_epoch=None, ablation=1.0, loss='similarity', centreg=0, normreg=0, repel=0, nadapt=2, clean_grad=False, vruns=1, vnet=None, retrain_from_init=False, pretrained=False, optimization='conservative', epochs=None, noaugment=False, gradient_noise=None, gradient_clip=None, lmdb_path=None, cache_dataset=False, benchmark='/media02/ndthuc03/cm-purify-targeted-poisoning/dataset_generation/configs/wb_benchmark_setups.pickle', benchmark_idx=8, dryrun=False, save=None, local_rank=None)
CPUs: 8, GPUs: 1 on gpu03.
GPU : NVIDIA A100-PCIE-40GB
ResNet18 model initialized with random key 2364464010.
Files already downloaded and verified
Data mean is [0.4914672374725342, 0.4822617471218109, 0.4467701315879822], 
Data std  is [0.24703224003314972, 0.24348513782024384, 0.26158785820007324].
Files already downloaded and verified
Data is loaded with 4 workers.
Poisoning setup generated for threat model single-class and budget of 1.0% - 500 images:
--Target images drawn from class cat with ids [786].
--Target images assigned intended class bird.
--Poison images drawn from class bird.
2026-07-03 20:16:48 | INFO | benchmark.run | WB purified full-train delta build | Images: 10000/50000 | 20.00% | 768.89 img/s | elapsed: 00:00:13 | eta: 00:00:52 | gpu: cpu
2026-07-03 20:17:02 | INFO | benchmark.run | WB purified full-train delta build | Images: 20000/50000 | 40.00% | 757.70 img/s | elapsed: 00:00:26 | eta: 00:00:39 | gpu: cpu
2026-07-03 20:17:15 | INFO | benchmark.run | WB purified full-train delta build | Images: 30000/50000 | 60.00% | 763.38 img/s | elapsed: 00:00:39 | eta: 00:00:26 | gpu: cpu
2026-07-03 20:17:28 | INFO | benchmark.run | WB purified full-train delta build | Images: 40000/50000 | 80.00% | 764.38 img/s | elapsed: 00:00:52 | eta: 00:00:13 | gpu: cpu
2026-07-03 20:17:41 | INFO | benchmark.run | WB purified full-train delta build | Images: 50000/50000 | 100.00% | 763.18 img/s | elapsed: 00:01:05 | eta: 00:00:00 | gpu: cpu
ResNet18 model initialized with random key 2753627853.
Model reinitialized to random seed.
Epoch: 0  | lr: 0.1000 | Training    loss is  2.0106, train acc:  28.81% | Validation   loss is  1.6071, valid acc:  40.62% | 
Epoch: 0  | lr: 0.1000 | Target adv. loss is  2.3818, fool  acc:   0.00% | Target orig. loss is  1.3268, orig. acc:   0.00% | 
Epoch: 1  | lr: 0.1000 | Training    loss is  1.4619, train acc:  46.31% | 
Epoch: 2  | lr: 0.1000 | Training    loss is  1.1934, train acc:  57.05% | 
Epoch: 3  | lr: 0.1000 | Training    loss is  0.9324, train acc:  67.32% | 
Epoch: 4  | lr: 0.1000 | Training    loss is  0.7560, train acc:  73.88% | 
Epoch: 5  | lr: 0.1000 | Training    loss is  0.6598, train acc:  77.47% | 
Epoch: 6  | lr: 0.1000 | Training    loss is  0.5997, train acc:  79.74% | 
Epoch: 7  | lr: 0.1000 | Training    loss is  0.5758, train acc:  80.60% | 
Epoch: 8  | lr: 0.1000 | Training    loss is  0.5568, train acc:  81.07% | 
Epoch: 9  | lr: 0.1000 | Training    loss is  0.5415, train acc:  81.85% | 
Epoch: 10 | lr: 0.1000 | Training    loss is  0.5321, train acc:  82.11% | Validation   loss is  1.2509, valid acc:  60.03% | 
Epoch: 10 | lr: 0.1000 | Target adv. loss is  3.6405, fool  acc:   0.00% | Target orig. loss is  1.2308, orig. acc:   0.00% | 
Epoch: 11 | lr: 0.1000 | Training    loss is  0.5248, train acc:  82.40% | 
Epoch: 12 | lr: 0.1000 | Training    loss is  0.5128, train acc:  82.81% | 
Epoch: 13 | lr: 0.0100 | Training    loss is  0.5068, train acc:  83.00% | 
Epoch: 14 | lr: 0.0100 | Training    loss is  0.3909, train acc:  86.99% | 
Epoch: 15 | lr: 0.0100 | Training    loss is  0.3521, train acc:  88.28% | 
Epoch: 16 | lr: 0.0100 | Training    loss is  0.3337, train acc:  88.91% | 
Epoch: 17 | lr: 0.0100 | Training    loss is  0.3211, train acc:  89.13% | 
Epoch: 18 | lr: 0.0100 | Training    loss is  0.3124, train acc:  89.56% | 
Epoch: 19 | lr: 0.0100 | Training    loss is  0.3015, train acc:  89.89% | 
Epoch: 20 | lr: 0.0100 | Training    loss is  0.2893, train acc:  90.31% | Validation   loss is  1.0768, valid acc:  67.43% | 
Epoch: 20 | lr: 0.0100 | Target adv. loss is  1.6925, fool  acc:   0.00% | Target orig. loss is  0.5816, orig. acc: 100.00% | 
Epoch: 21 | lr: 0.0100 | Training    loss is  0.2840, train acc:  90.46% | 
Epoch: 22 | lr: 0.0100 | Training    loss is  0.2759, train acc:  90.67% | 
Epoch: 23 | lr: 0.0010 | Training    loss is  0.2677, train acc:  90.92% | 
Epoch: 24 | lr: 0.0010 | Training    loss is  0.2296, train acc:  92.33% | 
Epoch: 25 | lr: 0.0010 | Training    loss is  0.2182, train acc:  92.69% | 
Epoch: 26 | lr: 0.0010 | Training    loss is  0.2116, train acc:  93.03% | 
Epoch: 27 | lr: 0.0010 | Training    loss is  0.2068, train acc:  93.09% | 
Epoch: 28 | lr: 0.0010 | Training    loss is  0.2022, train acc:  93.22% | 
Epoch: 29 | lr: 0.0010 | Training    loss is  0.1961, train acc:  93.58% | 
Epoch: 30 | lr: 0.0010 | Training    loss is  0.1930, train acc:  93.48% | Validation   loss is  1.1589, valid acc:  66.78% | 
Epoch: 30 | lr: 0.0010 | Target adv. loss is  3.1005, fool  acc:   0.00% | Target orig. loss is  0.1614, orig. acc: 100.00% | 
Epoch: 31 | lr: 0.0010 | Training    loss is  0.1909, train acc:  93.66% | 
Epoch: 32 | lr: 0.0010 | Training    loss is  0.1876, train acc:  93.79% | 
Epoch: 33 | lr: 0.0010 | Training    loss is  0.1833, train acc:  93.94% | 
Epoch: 34 | lr: 0.0001 | Training    loss is  0.1792, train acc:  94.14% | 
Epoch: 35 | lr: 0.0001 | Training    loss is  0.1719, train acc:  94.29% | 
Epoch: 36 | lr: 0.0001 | Training    loss is  0.1727, train acc:  94.41% | 
Epoch: 37 | lr: 0.0001 | Training    loss is  0.1705, train acc:  94.43% | 
Epoch: 38 | lr: 0.0001 | Training    loss is  0.1681, train acc:  94.52% | 
Epoch: 39 | lr: 0.0001 | Training    loss is  0.1677, train acc:  94.44% | Validation   loss is  1.2470, valid acc:  65.88% | 
Epoch: 39 | lr: 0.0001 | Target adv. loss is  2.6261, fool  acc:   0.00% | Target orig. loss is  0.3280, orig. acc: 100.00% | 
2026-07-03 20:27:53 | INFO | benchmark.run | Updated benchmark CSV: /media02/ndthuc03/cm-purify-targeted-poisoning/benchmark/outputs/slurm_73353/benchmark_results.csv
2026-07-03 20:27:53 | INFO | benchmark.run | ================================================================================
2026-07-03 20:27:53 | INFO | benchmark.run | CASE 24/30: WB_c3 (WB)
2026-07-03 20:27:53 | INFO | benchmark.run | ================================================================================
2026-07-03 20:28:56 | INFO | benchmark.run | Materialized WB poisoned train | Images: 10000/50000 | 20.00% | 162.86 img/s | elapsed: 00:01:01 | eta: 00:04:05 | gpu: cpu
2026-07-03 20:29:55 | INFO | benchmark.run | Materialized WB poisoned train | Images: 20000/50000 | 40.00% | 165.51 img/s | elapsed: 00:02:00 | eta: 00:03:01 | gpu: cpu
2026-07-03 20:30:55 | INFO | benchmark.run | Materialized WB poisoned train | Images: 30000/50000 | 60.00% | 166.16 img/s | elapsed: 00:03:00 | eta: 00:02:00 | gpu: cpu
2026-07-03 20:31:55 | INFO | benchmark.run | Materialized WB poisoned train | Images: 40000/50000 | 80.00% | 166.10 img/s | elapsed: 00:04:00 | eta: 00:01:00 | gpu: cpu
2026-07-03 20:32:56 | INFO | benchmark.run | Materialized WB poisoned train | Images: 50000/50000 | 100.00% | 165.87 img/s | elapsed: 00:05:01 | eta: 00:00:00 | gpu: cpu
2026-07-03 20:33:06 | INFO | benchmark.run | Purified full train | Images: 1024/50000 | 2.05% | 131.10 img/s | elapsed: 00:00:07 | eta: 00:06:13 | gpu: 0.2/1.9 GB
2026-07-03 20:33:14 | INFO | benchmark.run | Purified full train | Images: 2048/50000 | 4.10% | 131.14 img/s | elapsed: 00:00:15 | eta: 00:06:05 | gpu: 0.2/1.9 GB
2026-07-03 20:33:22 | INFO | benchmark.run | Purified full train | Images: 3072/50000 | 6.14% | 129.99 img/s | elapsed: 00:00:23 | eta: 00:06:00 | gpu: 0.2/1.9 GB
2026-07-03 20:33:30 | INFO | benchmark.run | Purified full train | Images: 4096/50000 | 8.19% | 130.04 img/s | elapsed: 00:00:31 | eta: 00:05:52 | gpu: 0.2/1.9 GB
2026-07-03 20:33:37 | INFO | benchmark.run | Purified full train | Images: 5120/50000 | 10.24% | 130.52 img/s | elapsed: 00:00:39 | eta: 00:05:43 | gpu: 0.2/1.9 GB
2026-07-03 20:33:45 | INFO | benchmark.run | Purified full train | Images: 6144/50000 | 12.29% | 130.79 img/s | elapsed: 00:00:46 | eta: 00:05:35 | gpu: 0.2/1.9 GB
2026-07-03 20:33:53 | INFO | benchmark.run | Purified full train | Images: 7168/50000 | 14.34% | 130.99 img/s | elapsed: 00:00:54 | eta: 00:05:26 | gpu: 0.2/1.9 GB
2026-07-03 20:34:01 | INFO | benchmark.run | Purified full train | Images: 8192/50000 | 16.38% | 131.08 img/s | elapsed: 00:01:02 | eta: 00:05:18 | gpu: 0.2/1.9 GB
2026-07-03 20:34:09 | INFO | benchmark.run | Purified full train | Images: 9216/50000 | 18.43% | 130.93 img/s | elapsed: 00:01:10 | eta: 00:05:11 | gpu: 0.2/1.9 GB
2026-07-03 20:34:26 | INFO | benchmark.run | Purified full train | Images: 10240/50000 | 20.48% | 116.81 img/s | elapsed: 00:01:27 | eta: 00:05:40 | gpu: 0.2/1.9 GB
2026-07-03 20:34:33 | INFO | benchmark.run | Purified full train | Images: 11264/50000 | 22.53% | 118.23 img/s | elapsed: 00:01:35 | eta: 00:05:27 | gpu: 0.2/1.9 GB
2026-07-03 20:34:41 | INFO | benchmark.run | Purified full train | Images: 12288/50000 | 24.58% | 119.34 img/s | elapsed: 00:01:42 | eta: 00:05:16 | gpu: 0.2/1.9 GB
2026-07-03 20:34:49 | INFO | benchmark.run | Purified full train | Images: 13312/50000 | 26.62% | 120.21 img/s | elapsed: 00:01:50 | eta: 00:05:05 | gpu: 0.2/1.9 GB
2026-07-03 20:34:57 | INFO | benchmark.run | Purified full train | Images: 14336/50000 | 28.67% | 120.88 img/s | elapsed: 00:01:58 | eta: 00:04:55 | gpu: 0.2/1.9 GB
2026-07-03 20:35:05 | INFO | benchmark.run | Purified full train | Images: 15360/50000 | 30.72% | 121.38 img/s | elapsed: 00:02:06 | eta: 00:04:45 | gpu: 0.2/1.9 GB
2026-07-03 20:35:13 | INFO | benchmark.run | Purified full train | Images: 16384/50000 | 32.77% | 121.86 img/s | elapsed: 00:02:14 | eta: 00:04:35 | gpu: 0.2/1.9 GB
2026-07-03 20:35:21 | INFO | benchmark.run | Purified full train | Images: 17408/50000 | 34.82% | 122.19 img/s | elapsed: 00:02:22 | eta: 00:04:26 | gpu: 0.2/1.9 GB
2026-07-03 20:35:28 | INFO | benchmark.run | Purified full train | Images: 18432/50000 | 36.86% | 122.59 img/s | elapsed: 00:02:30 | eta: 00:04:17 | gpu: 0.2/1.9 GB
2026-07-03 20:35:36 | INFO | benchmark.run | Purified full train | Images: 19456/50000 | 38.91% | 123.06 img/s | elapsed: 00:02:38 | eta: 00:04:08 | gpu: 0.2/1.9 GB
2026-07-03 20:35:44 | INFO | benchmark.run | Purified full train | Images: 20480/50000 | 40.96% | 123.47 img/s | elapsed: 00:02:45 | eta: 00:03:59 | gpu: 0.2/1.9 GB
2026-07-03 20:35:52 | INFO | benchmark.run | Purified full train | Images: 21504/50000 | 43.01% | 123.93 img/s | elapsed: 00:02:53 | eta: 00:03:49 | gpu: 0.2/1.9 GB
2026-07-03 20:35:59 | INFO | benchmark.run | Purified full train | Images: 22528/50000 | 45.06% | 124.36 img/s | elapsed: 00:03:01 | eta: 00:03:40 | gpu: 0.2/1.9 GB
2026-07-03 20:36:07 | INFO | benchmark.run | Purified full train | Images: 23552/50000 | 47.10% | 124.66 img/s | elapsed: 00:03:08 | eta: 00:03:32 | gpu: 0.2/1.9 GB
2026-07-03 20:36:15 | INFO | benchmark.run | Purified full train | Images: 24576/50000 | 49.15% | 124.86 img/s | elapsed: 00:03:16 | eta: 00:03:23 | gpu: 0.2/1.9 GB
2026-07-03 20:36:22 | INFO | benchmark.run | Purified full train | Images: 25600/50000 | 51.20% | 125.33 img/s | elapsed: 00:03:24 | eta: 00:03:14 | gpu: 0.2/1.9 GB
2026-07-03 20:36:30 | INFO | benchmark.run | Purified full train | Images: 26624/50000 | 53.25% | 125.52 img/s | elapsed: 00:03:32 | eta: 00:03:06 | gpu: 0.2/1.9 GB
2026-07-03 20:36:38 | INFO | benchmark.run | Purified full train | Images: 27648/50000 | 55.30% | 125.68 img/s | elapsed: 00:03:39 | eta: 00:02:57 | gpu: 0.2/1.9 GB
2026-07-03 20:36:46 | INFO | benchmark.run | Purified full train | Images: 28672/50000 | 57.34% | 125.88 img/s | elapsed: 00:03:47 | eta: 00:02:49 | gpu: 0.2/1.9 GB
2026-07-03 20:36:54 | INFO | benchmark.run | Purified full train | Images: 29696/50000 | 59.39% | 126.06 img/s | elapsed: 00:03:55 | eta: 00:02:41 | gpu: 0.2/1.9 GB
2026-07-03 20:37:01 | INFO | benchmark.run | Purified full train | Images: 30720/50000 | 61.44% | 126.29 img/s | elapsed: 00:04:03 | eta: 00:02:32 | gpu: 0.2/1.9 GB
2026-07-03 20:37:09 | INFO | benchmark.run | Purified full train | Images: 31744/50000 | 63.49% | 126.51 img/s | elapsed: 00:04:10 | eta: 00:02:24 | gpu: 0.2/1.9 GB
2026-07-03 20:37:17 | INFO | benchmark.run | Purified full train | Images: 32768/50000 | 65.54% | 126.69 img/s | elapsed: 00:04:18 | eta: 00:02:16 | gpu: 0.2/1.9 GB
2026-07-03 20:37:24 | INFO | benchmark.run | Purified full train | Images: 33792/50000 | 67.58% | 126.92 img/s | elapsed: 00:04:26 | eta: 00:02:07 | gpu: 0.2/1.9 GB
2026-07-03 20:37:32 | INFO | benchmark.run | Purified full train | Images: 34816/50000 | 69.63% | 127.10 img/s | elapsed: 00:04:33 | eta: 00:01:59 | gpu: 0.2/1.9 GB
2026-07-03 20:37:40 | INFO | benchmark.run | Purified full train | Images: 35840/50000 | 71.68% | 127.28 img/s | elapsed: 00:04:41 | eta: 00:01:51 | gpu: 0.2/1.9 GB
2026-07-03 20:37:47 | INFO | benchmark.run | Purified full train | Images: 36864/50000 | 73.73% | 127.47 img/s | elapsed: 00:04:49 | eta: 00:01:43 | gpu: 0.2/1.9 GB
2026-07-03 20:37:55 | INFO | benchmark.run | Purified full train | Images: 37888/50000 | 75.78% | 127.61 img/s | elapsed: 00:04:56 | eta: 00:01:34 | gpu: 0.2/1.9 GB
2026-07-03 20:38:03 | INFO | benchmark.run | Purified full train | Images: 38912/50000 | 77.82% | 127.77 img/s | elapsed: 00:05:04 | eta: 00:01:26 | gpu: 0.2/1.9 GB
2026-07-03 20:38:10 | INFO | benchmark.run | Purified full train | Images: 39936/50000 | 79.87% | 127.95 img/s | elapsed: 00:05:12 | eta: 00:01:18 | gpu: 0.2/1.9 GB
2026-07-03 20:38:18 | INFO | benchmark.run | Purified full train | Images: 40960/50000 | 81.92% | 128.00 img/s | elapsed: 00:05:20 | eta: 00:01:10 | gpu: 0.2/1.9 GB
2026-07-03 20:38:26 | INFO | benchmark.run | Purified full train | Images: 41984/50000 | 83.97% | 128.18 img/s | elapsed: 00:05:27 | eta: 00:01:02 | gpu: 0.2/1.9 GB
2026-07-03 20:38:33 | INFO | benchmark.run | Purified full train | Images: 43008/50000 | 86.02% | 128.28 img/s | elapsed: 00:05:35 | eta: 00:00:54 | gpu: 0.2/1.9 GB
2026-07-03 20:38:41 | INFO | benchmark.run | Purified full train | Images: 44032/50000 | 88.06% | 128.37 img/s | elapsed: 00:05:42 | eta: 00:00:46 | gpu: 0.2/1.9 GB
2026-07-03 20:38:49 | INFO | benchmark.run | Purified full train | Images: 45056/50000 | 90.11% | 128.49 img/s | elapsed: 00:05:50 | eta: 00:00:38 | gpu: 0.2/1.9 GB
2026-07-03 20:38:57 | INFO | benchmark.run | Purified full train | Images: 46080/50000 | 92.16% | 128.58 img/s | elapsed: 00:05:58 | eta: 00:00:30 | gpu: 0.2/1.9 GB
2026-07-03 20:39:04 | INFO | benchmark.run | Purified full train | Images: 47104/50000 | 94.21% | 128.67 img/s | elapsed: 00:06:06 | eta: 00:00:22 | gpu: 0.2/1.9 GB
2026-07-03 20:39:12 | INFO | benchmark.run | Purified full train | Images: 48128/50000 | 96.26% | 128.76 img/s | elapsed: 00:06:13 | eta: 00:00:14 | gpu: 0.2/1.9 GB
2026-07-03 20:39:19 | INFO | benchmark.run | Purified full train | Images: 49152/50000 | 98.30% | 128.89 img/s | elapsed: 00:06:21 | eta: 00:00:06 | gpu: 0.2/1.9 GB
2026-07-03 20:39:26 | INFO | benchmark.run | Purified full train | Images: 50000/50000 | 100.00% | 128.94 img/s | elapsed: 00:06:27 | eta: 00:00:00 | gpu: 0.2/1.9 GB
2026-07-03 20:39:31 | INFO | benchmark.run | ================================================================================
2026-07-03 20:39:31 | INFO | benchmark.run | RETRAINING AND EVALUATING WB_c3...
2026-07-03 20:39:31 | INFO | benchmark.run | ================================================================================
Currently evaluating -------------------------------:
Friday, 03. July 2026 08:39PM
Namespace(net=['ResNet18'], dataset='CIFAR10', recipe='gradient-matching', threatmodel='single-class', poisonkey=None, modelkey=None, deterministic=False, eps=8.0, budget=0.01, targets=1, name='benchmark_WB_c3', table_path='/media02/ndthuc03/cm-purify-targeted-poisoning/benchmark/tables', poison_path='poisons/', data_path='/media02/ndthuc03/cm-purify-targeted-poisoning/dataset_generation/datasets', attackoptim='signAdam', attackiter=250, init='randn', tau=0.1, scheduling=True, target_criterion='cross-entropy', restarts=8, pbatch=512, pshuffle=False, paugment=True, data_aug='default', full_data=False, adversarial=0, ensemble=1, stagger=False, step=False, max_epoch=None, ablation=1.0, loss='similarity', centreg=0, normreg=0, repel=0, nadapt=2, clean_grad=False, vruns=1, vnet=None, retrain_from_init=False, pretrained=False, optimization='conservative', epochs=None, noaugment=False, gradient_noise=None, gradient_clip=None, lmdb_path=None, cache_dataset=False, benchmark='/media02/ndthuc03/cm-purify-targeted-poisoning/dataset_generation/configs/wb_benchmark_setups.pickle', benchmark_idx=11, dryrun=False, save=None, local_rank=None)
CPUs: 8, GPUs: 1 on gpu03.
GPU : NVIDIA A100-PCIE-40GB
ResNet18 model initialized with random key 3988941630.
Files already downloaded and verified
Data mean is [0.4914672374725342, 0.4822617471218109, 0.4467701315879822], 
Data std  is [0.24703224003314972, 0.24348513782024384, 0.26158785820007324].
Files already downloaded and verified
Data is loaded with 4 workers.
Poisoning setup generated for threat model single-class and budget of 1.0% - 500 images:
--Target images drawn from class airplane with ids [6304].
--Target images assigned intended class cat.
--Poison images drawn from class cat.
2026-07-03 20:39:33 | INFO | benchmark.run | WB poisoned base-only delta build | Images: 500/500 | 100.00% | 916.78 img/s | elapsed: 00:00:00 | eta: 00:00:00 | gpu: cpu
ResNet18 model initialized with random key 2358579141.
Model reinitialized to random seed.
Epoch: 0  | lr: 0.1000 | Training    loss is  2.1400, train acc:  26.55% | Validation   loss is  1.6306, valid acc:  39.47% | 
Epoch: 0  | lr: 0.1000 | Target adv. loss is  3.2516, fool  acc:   0.00% | Target orig. loss is  0.8231, orig. acc: 100.00% | 
Epoch: 1  | lr: 0.1000 | Training    loss is  1.5228, train acc:  44.03% | 
Epoch: 2  | lr: 0.1000 | Training    loss is  1.3024, train acc:  53.19% | 
Epoch: 3  | lr: 0.1000 | Training    loss is  1.1016, train acc:  60.71% | 
Epoch: 4  | lr: 0.1000 | Training    loss is  0.9232, train acc:  67.50% | 
Epoch: 5  | lr: 0.1000 | Training    loss is  0.7707, train acc:  72.94% | 
Epoch: 6  | lr: 0.1000 | Training    loss is  0.6762, train acc:  76.42% | 
Epoch: 7  | lr: 0.1000 | Training    loss is  0.6104, train acc:  78.94% | 
Epoch: 8  | lr: 0.1000 | Training    loss is  0.5686, train acc:  80.31% | 
Epoch: 9  | lr: 0.1000 | Training    loss is  0.5404, train acc:  81.49% | 
Epoch: 10 | lr: 0.1000 | Training    loss is  0.5151, train acc:  82.21% | Validation   loss is  0.6230, valid acc:  78.73% | 
Epoch: 10 | lr: 0.1000 | Target adv. loss is  8.3057, fool  acc:   0.00% | Target orig. loss is  0.1208, orig. acc: 100.00% | 
Epoch: 11 | lr: 0.1000 | Training    loss is  0.4975, train acc:  82.87% | 
Epoch: 12 | lr: 0.1000 | Training    loss is  0.4734, train acc:  83.77% | 
Epoch: 13 | lr: 0.0100 | Training    loss is  0.4684, train acc:  84.00% | 
Epoch: 14 | lr: 0.0100 | Training    loss is  0.3069, train acc:  89.59% | 
Epoch: 15 | lr: 0.0100 | Training    loss is  0.2561, train acc:  91.37% | 
Epoch: 16 | lr: 0.0100 | Training    loss is  0.2342, train acc:  92.04% | 
Epoch: 17 | lr: 0.0100 | Training    loss is  0.2179, train acc:  92.57% | 
Epoch: 18 | lr: 0.0100 | Training    loss is  0.2024, train acc:  92.99% | 
Epoch: 19 | lr: 0.0100 | Training    loss is  0.1893, train acc:  93.51% | 
Epoch: 20 | lr: 0.0100 | Training    loss is  0.1783, train acc:  93.79% | Validation   loss is  0.3065, valid acc:  89.59% | 
Epoch: 20 | lr: 0.0100 | Target adv. loss is  5.5234, fool  acc:   0.00% | Target orig. loss is  0.0659, orig. acc: 100.00% | 
Epoch: 21 | lr: 0.0100 | Training    loss is  0.1695, train acc:  94.25% | 
Epoch: 22 | lr: 0.0100 | Training    loss is  0.1622, train acc:  94.42% | 
Epoch: 23 | lr: 0.0010 | Training    loss is  0.1487, train acc:  94.83% | 
Epoch: 24 | lr: 0.0010 | Training    loss is  0.1195, train acc:  95.98% | 
Epoch: 25 | lr: 0.0010 | Training    loss is  0.1087, train acc:  96.42% | 
Epoch: 26 | lr: 0.0010 | Training    loss is  0.1004, train acc:  96.74% | 
Epoch: 27 | lr: 0.0010 | Training    loss is  0.0968, train acc:  96.85% | 
Epoch: 28 | lr: 0.0010 | Training    loss is  0.0947, train acc:  96.88% | 
Epoch: 29 | lr: 0.0010 | Training    loss is  0.0913, train acc:  96.97% | 
Epoch: 30 | lr: 0.0010 | Training    loss is  0.0893, train acc:  97.06% | Validation   loss is  0.2816, valid acc:  91.14% | 
Epoch: 30 | lr: 0.0010 | Target adv. loss is  2.9616, fool  acc:   0.00% | Target orig. loss is  0.0909, orig. acc: 100.00% | 
Epoch: 31 | lr: 0.0010 | Training    loss is  0.0873, train acc:  97.20% | 
Epoch: 32 | lr: 0.0010 | Training    loss is  0.0848, train acc:  97.29% | 
Epoch: 33 | lr: 0.0010 | Training    loss is  0.0811, train acc:  97.35% | 
Epoch: 34 | lr: 0.0001 | Training    loss is  0.0773, train acc:  97.54% | 
Epoch: 35 | lr: 0.0001 | Training    loss is  0.0771, train acc:  97.56% | 
Epoch: 36 | lr: 0.0001 | Training    loss is  0.0737, train acc:  97.67% | 
Epoch: 37 | lr: 0.0001 | Training    loss is  0.0744, train acc:  97.60% | 
Epoch: 38 | lr: 0.0001 | Training    loss is  0.0750, train acc:  97.59% | 
Epoch: 39 | lr: 0.0001 | Training    loss is  0.0709, train acc:  97.79% | Validation   loss is  0.2837, valid acc:  91.26% | 
Epoch: 39 | lr: 0.0001 | Target adv. loss is  2.6161, fool  acc:   0.00% | Target orig. loss is  0.1079, orig. acc: 100.00% | 
Currently evaluating -------------------------------:
Friday, 03. July 2026 08:48PM
Namespace(net=['ResNet18'], dataset='CIFAR10', recipe='gradient-matching', threatmodel='single-class', poisonkey=None, modelkey=None, deterministic=False, eps=8.0, budget=0.01, targets=1, name='benchmark_WB_c3', table_path='/media02/ndthuc03/cm-purify-targeted-poisoning/benchmark/tables', poison_path='poisons/', data_path='/media02/ndthuc03/cm-purify-targeted-poisoning/dataset_generation/datasets', attackoptim='signAdam', attackiter=250, init='randn', tau=0.1, scheduling=True, target_criterion='cross-entropy', restarts=8, pbatch=512, pshuffle=False, paugment=True, data_aug='default', full_data=False, adversarial=0, ensemble=1, stagger=False, step=False, max_epoch=None, ablation=1.0, loss='similarity', centreg=0, normreg=0, repel=0, nadapt=2, clean_grad=False, vruns=1, vnet=None, retrain_from_init=False, pretrained=False, optimization='conservative', epochs=None, noaugment=False, gradient_noise=None, gradient_clip=None, lmdb_path=None, cache_dataset=False, benchmark='/media02/ndthuc03/cm-purify-targeted-poisoning/dataset_generation/configs/wb_benchmark_setups.pickle', benchmark_idx=11, dryrun=False, save=None, local_rank=None)
CPUs: 8, GPUs: 1 on gpu03.
GPU : NVIDIA A100-PCIE-40GB
ResNet18 model initialized with random key 1184312767.
Files already downloaded and verified
Data mean is [0.4914672374725342, 0.4822617471218109, 0.4467701315879822], 
Data std  is [0.24703224003314972, 0.24348513782024384, 0.26158785820007324].
Files already downloaded and verified
Data is loaded with 4 workers.
Poisoning setup generated for threat model single-class and budget of 1.0% - 500 images:
--Target images drawn from class airplane with ids [6304].
--Target images assigned intended class cat.
--Poison images drawn from class cat.
2026-07-03 20:49:12 | INFO | benchmark.run | WB purified full-train delta build | Images: 10000/50000 | 20.00% | 779.53 img/s | elapsed: 00:00:12 | eta: 00:00:51 | gpu: cpu
2026-07-03 20:49:27 | INFO | benchmark.run | WB purified full-train delta build | Images: 20000/50000 | 40.00% | 705.92 img/s | elapsed: 00:00:28 | eta: 00:00:42 | gpu: cpu
2026-07-03 20:49:40 | INFO | benchmark.run | WB purified full-train delta build | Images: 30000/50000 | 60.00% | 727.53 img/s | elapsed: 00:00:41 | eta: 00:00:27 | gpu: cpu
2026-07-03 20:49:53 | INFO | benchmark.run | WB purified full-train delta build | Images: 40000/50000 | 80.00% | 739.31 img/s | elapsed: 00:00:54 | eta: 00:00:13 | gpu: cpu
2026-07-03 20:50:06 | INFO | benchmark.run | WB purified full-train delta build | Images: 50000/50000 | 100.00% | 748.44 img/s | elapsed: 00:01:06 | eta: 00:00:00 | gpu: cpu
ResNet18 model initialized with random key 1590538772.
Model reinitialized to random seed.
Epoch: 0  | lr: 0.1000 | Training    loss is  2.0072, train acc:  28.92% | Validation   loss is  1.5981, valid acc:  40.88% | 
Epoch: 0  | lr: 0.1000 | Target adv. loss is  4.0931, fool  acc:   0.00% | Target orig. loss is  0.5826, orig. acc: 100.00% | 
Epoch: 1  | lr: 0.1000 | Training    loss is  1.3604, train acc:  50.41% | 
Epoch: 2  | lr: 0.1000 | Training    loss is  0.9988, train acc:  64.67% | 
Epoch: 3  | lr: 0.1000 | Training    loss is  0.7737, train acc:  73.10% | 
Epoch: 4  | lr: 0.1000 | Training    loss is  0.6750, train acc:  76.94% | 
Epoch: 5  | lr: 0.1000 | Training    loss is  0.6157, train acc:  79.00% | 
Epoch: 6  | lr: 0.1000 | Training    loss is  0.5868, train acc:  80.26% | 
Epoch: 7  | lr: 0.1000 | Training    loss is  0.5640, train acc:  81.04% | 
Epoch: 8  | lr: 0.1000 | Training    loss is  0.5544, train acc:  81.27% | 
Epoch: 9  | lr: 0.1000 | Training    loss is  0.5401, train acc:  81.94% | 
Epoch: 10 | lr: 0.1000 | Training    loss is  0.5279, train acc:  82.25% | Validation   loss is  1.7906, valid acc:  47.25% | 
Epoch: 10 | lr: 0.1000 | Target adv. loss is  6.2767, fool  acc:   0.00% | Target orig. loss is  0.0546, orig. acc: 100.00% | 
Epoch: 11 | lr: 0.1000 | Training    loss is  0.5195, train acc:  82.65% | 
Epoch: 12 | lr: 0.1000 | Training    loss is  0.5147, train acc:  82.61% | 
Epoch: 13 | lr: 0.0100 | Training    loss is  0.5071, train acc:  83.09% | 
Epoch: 14 | lr: 0.0100 | Training    loss is  0.3907, train acc:  87.11% | 
Epoch: 15 | lr: 0.0100 | Training    loss is  0.3553, train acc:  88.23% | 
Epoch: 16 | lr: 0.0100 | Training    loss is  0.3397, train acc:  88.64% | 
Epoch: 17 | lr: 0.0100 | Training    loss is  0.3285, train acc:  88.92% | 
Epoch: 18 | lr: 0.0100 | Training    loss is  0.3192, train acc:  89.34% | 
Epoch: 19 | lr: 0.0100 | Training    loss is  0.3083, train acc:  89.55% | 
Epoch: 20 | lr: 0.0100 | Training    loss is  0.2988, train acc:  89.91% | Validation   loss is  1.2040, valid acc:  63.06% | 
Epoch: 20 | lr: 0.0100 | Target adv. loss is 10.2271, fool  acc:   0.00% | Target orig. loss is  0.0119, orig. acc: 100.00% | 
Epoch: 21 | lr: 0.0100 | Training    loss is  0.2892, train acc:  90.25% | 
Epoch: 22 | lr: 0.0100 | Training    loss is  0.2813, train acc:  90.48% | 
Epoch: 23 | lr: 0.0010 | Training    loss is  0.2762, train acc:  90.54% | 
Epoch: 24 | lr: 0.0010 | Training    loss is  0.2388, train acc:  91.98% | 
Epoch: 25 | lr: 0.0010 | Training    loss is  0.2262, train acc:  92.32% | 
Epoch: 26 | lr: 0.0010 | Training    loss is  0.2212, train acc:  92.64% | 
Epoch: 27 | lr: 0.0010 | Training    loss is  0.2144, train acc:  92.80% | 
Epoch: 28 | lr: 0.0010 | Training    loss is  0.2109, train acc:  92.95% | 
Epoch: 29 | lr: 0.0010 | Training    loss is  0.2085, train acc:  93.01% | 
Epoch: 30 | lr: 0.0010 | Training    loss is  0.2033, train acc:  93.27% | Validation   loss is  1.1832, valid acc:  65.75% | 
Epoch: 30 | lr: 0.0010 | Target adv. loss is 11.0172, fool  acc:   0.00% | Target orig. loss is  0.0367, orig. acc: 100.00% | 
Epoch: 31 | lr: 0.0010 | Training    loss is  0.1995, train acc:  93.46% | 
Epoch: 32 | lr: 0.0010 | Training    loss is  0.1954, train acc:  93.48% | 
Epoch: 33 | lr: 0.0010 | Training    loss is  0.1927, train acc:  93.48% | 
Epoch: 34 | lr: 0.0001 | Training    loss is  0.1882, train acc:  93.69% | 
Epoch: 35 | lr: 0.0001 | Training    loss is  0.1801, train acc:  93.97% | 
Epoch: 36 | lr: 0.0001 | Training    loss is  0.1793, train acc:  94.11% | 
Epoch: 37 | lr: 0.0001 | Training    loss is  0.1771, train acc:  94.14% | 
Epoch: 38 | lr: 0.0001 | Training    loss is  0.1765, train acc:  94.12% | 
Epoch: 39 | lr: 0.0001 | Training    loss is  0.1756, train acc:  94.15% | Validation   loss is  1.2181, valid acc:  65.55% | 
Epoch: 39 | lr: 0.0001 | Target adv. loss is 11.0306, fool  acc:   0.00% | Target orig. loss is  0.0256, orig. acc: 100.00% | 
2026-07-03 21:00:18 | INFO | benchmark.run | Updated benchmark CSV: /media02/ndthuc03/cm-purify-targeted-poisoning/benchmark/outputs/slurm_73353/benchmark_results.csv
2026-07-03 21:00:18 | INFO | benchmark.run | ================================================================================
2026-07-03 21:00:18 | INFO | benchmark.run | CASE 25/30: WB_c4 (WB)
2026-07-03 21:00:18 | INFO | benchmark.run | ================================================================================
2026-07-03 21:01:21 | INFO | benchmark.run | Materialized WB poisoned train | Images: 10000/50000 | 20.00% | 160.16 img/s | elapsed: 00:01:02 | eta: 00:04:09 | gpu: cpu
2026-07-03 21:02:21 | INFO | benchmark.run | Materialized WB poisoned train | Images: 20000/50000 | 40.00% | 164.01 img/s | elapsed: 00:02:01 | eta: 00:03:02 | gpu: cpu
2026-07-03 21:03:37 | INFO | benchmark.run | Materialized WB poisoned train | Images: 30000/50000 | 60.00% | 151.35 img/s | elapsed: 00:03:18 | eta: 00:02:12 | gpu: cpu
2026-07-03 21:04:37 | INFO | benchmark.run | Materialized WB poisoned train | Images: 40000/50000 | 80.00% | 155.11 img/s | elapsed: 00:04:17 | eta: 00:01:04 | gpu: cpu
2026-07-03 21:05:42 | INFO | benchmark.run | Materialized WB poisoned train | Images: 50000/50000 | 100.00% | 154.85 img/s | elapsed: 00:05:22 | eta: 00:00:00 | gpu: cpu
2026-07-03 21:05:52 | INFO | benchmark.run | Purified full train | Images: 1024/50000 | 2.05% | 131.66 img/s | elapsed: 00:00:07 | eta: 00:06:12 | gpu: 0.2/1.9 GB
2026-07-03 21:06:00 | INFO | benchmark.run | Purified full train | Images: 2048/50000 | 4.10% | 129.57 img/s | elapsed: 00:00:15 | eta: 00:06:10 | gpu: 0.2/1.9 GB
2026-07-03 21:06:07 | INFO | benchmark.run | Purified full train | Images: 3072/50000 | 6.14% | 130.77 img/s | elapsed: 00:00:23 | eta: 00:05:58 | gpu: 0.2/1.9 GB
2026-07-03 21:06:15 | INFO | benchmark.run | Purified full train | Images: 4096/50000 | 8.19% | 131.65 img/s | elapsed: 00:00:31 | eta: 00:05:48 | gpu: 0.2/1.9 GB
2026-07-03 21:06:23 | INFO | benchmark.run | Purified full train | Images: 5120/50000 | 10.24% | 131.58 img/s | elapsed: 00:00:38 | eta: 00:05:41 | gpu: 0.2/1.9 GB
2026-07-03 21:06:31 | INFO | benchmark.run | Purified full train | Images: 6144/50000 | 12.29% | 131.88 img/s | elapsed: 00:00:46 | eta: 00:05:32 | gpu: 0.2/1.9 GB
2026-07-03 21:06:38 | INFO | benchmark.run | Purified full train | Images: 7168/50000 | 14.34% | 131.74 img/s | elapsed: 00:00:54 | eta: 00:05:25 | gpu: 0.2/1.9 GB
2026-07-03 21:06:46 | INFO | benchmark.run | Purified full train | Images: 8192/50000 | 16.38% | 131.56 img/s | elapsed: 00:01:02 | eta: 00:05:17 | gpu: 0.2/1.9 GB
2026-07-03 21:06:54 | INFO | benchmark.run | Purified full train | Images: 9216/50000 | 18.43% | 132.18 img/s | elapsed: 00:01:09 | eta: 00:05:08 | gpu: 0.2/1.9 GB
2026-07-03 21:07:01 | INFO | benchmark.run | Purified full train | Images: 10240/50000 | 20.48% | 132.49 img/s | elapsed: 00:01:17 | eta: 00:05:00 | gpu: 0.2/1.9 GB
2026-07-03 21:07:10 | INFO | benchmark.run | Purified full train | Images: 11264/50000 | 22.53% | 130.63 img/s | elapsed: 00:01:26 | eta: 00:04:56 | gpu: 0.2/1.9 GB
2026-07-03 21:07:18 | INFO | benchmark.run | Purified full train | Images: 12288/50000 | 24.58% | 130.99 img/s | elapsed: 00:01:33 | eta: 00:04:47 | gpu: 0.2/1.9 GB
2026-07-03 21:07:25 | INFO | benchmark.run | Purified full train | Images: 13312/50000 | 26.62% | 131.37 img/s | elapsed: 00:01:41 | eta: 00:04:39 | gpu: 0.2/1.9 GB
2026-07-03 21:07:33 | INFO | benchmark.run | Purified full train | Images: 14336/50000 | 28.67% | 131.62 img/s | elapsed: 00:01:48 | eta: 00:04:30 | gpu: 0.2/1.9 GB
2026-07-03 21:07:40 | INFO | benchmark.run | Purified full train | Images: 15360/50000 | 30.72% | 131.93 img/s | elapsed: 00:01:56 | eta: 00:04:22 | gpu: 0.2/1.9 GB
2026-07-03 21:07:48 | INFO | benchmark.run | Purified full train | Images: 16384/50000 | 32.77% | 132.15 img/s | elapsed: 00:02:03 | eta: 00:04:14 | gpu: 0.2/1.9 GB
2026-07-03 21:07:55 | INFO | benchmark.run | Purified full train | Images: 17408/50000 | 34.82% | 132.38 img/s | elapsed: 00:02:11 | eta: 00:04:06 | gpu: 0.2/1.9 GB
2026-07-03 21:08:03 | INFO | benchmark.run | Purified full train | Images: 18432/50000 | 36.86% | 132.62 img/s | elapsed: 00:02:18 | eta: 00:03:58 | gpu: 0.2/1.9 GB
2026-07-03 21:08:11 | INFO | benchmark.run | Purified full train | Images: 19456/50000 | 38.91% | 132.64 img/s | elapsed: 00:02:26 | eta: 00:03:50 | gpu: 0.2/1.9 GB
2026-07-03 21:08:18 | INFO | benchmark.run | Purified full train | Images: 20480/50000 | 40.96% | 132.88 img/s | elapsed: 00:02:34 | eta: 00:03:42 | gpu: 0.2/1.9 GB
2026-07-03 21:08:26 | INFO | benchmark.run | Purified full train | Images: 21504/50000 | 43.01% | 133.09 img/s | elapsed: 00:02:41 | eta: 00:03:34 | gpu: 0.2/1.9 GB
2026-07-03 21:08:33 | INFO | benchmark.run | Purified full train | Images: 22528/50000 | 45.06% | 133.02 img/s | elapsed: 00:02:49 | eta: 00:03:26 | gpu: 0.2/1.9 GB
2026-07-03 21:08:41 | INFO | benchmark.run | Purified full train | Images: 23552/50000 | 47.10% | 133.09 img/s | elapsed: 00:02:56 | eta: 00:03:18 | gpu: 0.2/1.9 GB
2026-07-03 21:08:49 | INFO | benchmark.run | Purified full train | Images: 24576/50000 | 49.15% | 133.08 img/s | elapsed: 00:03:04 | eta: 00:03:11 | gpu: 0.2/1.9 GB
2026-07-03 21:08:56 | INFO | benchmark.run | Purified full train | Images: 25600/50000 | 51.20% | 133.19 img/s | elapsed: 00:03:12 | eta: 00:03:03 | gpu: 0.2/1.9 GB
2026-07-03 21:09:04 | INFO | benchmark.run | Purified full train | Images: 26624/50000 | 53.25% | 133.25 img/s | elapsed: 00:03:19 | eta: 00:02:55 | gpu: 0.2/1.9 GB
2026-07-03 21:09:11 | INFO | benchmark.run | Purified full train | Images: 27648/50000 | 55.30% | 133.28 img/s | elapsed: 00:03:27 | eta: 00:02:47 | gpu: 0.2/1.9 GB
2026-07-03 21:09:19 | INFO | benchmark.run | Purified full train | Images: 28672/50000 | 57.34% | 133.28 img/s | elapsed: 00:03:35 | eta: 00:02:40 | gpu: 0.2/1.9 GB
2026-07-03 21:09:27 | INFO | benchmark.run | Purified full train | Images: 29696/50000 | 59.39% | 133.40 img/s | elapsed: 00:03:42 | eta: 00:02:32 | gpu: 0.2/1.9 GB
2026-07-03 21:09:34 | INFO | benchmark.run | Purified full train | Images: 30720/50000 | 61.44% | 133.57 img/s | elapsed: 00:03:49 | eta: 00:02:24 | gpu: 0.2/1.9 GB
2026-07-03 21:09:42 | INFO | benchmark.run | Purified full train | Images: 31744/50000 | 63.49% | 133.56 img/s | elapsed: 00:03:57 | eta: 00:02:16 | gpu: 0.2/1.9 GB
2026-07-03 21:09:49 | INFO | benchmark.run | Purified full train | Images: 32768/50000 | 65.54% | 133.68 img/s | elapsed: 00:04:05 | eta: 00:02:08 | gpu: 0.2/1.9 GB
2026-07-03 21:09:57 | INFO | benchmark.run | Purified full train | Images: 33792/50000 | 67.58% | 133.77 img/s | elapsed: 00:04:12 | eta: 00:02:01 | gpu: 0.2/1.9 GB
2026-07-03 21:10:04 | INFO | benchmark.run | Purified full train | Images: 34816/50000 | 69.63% | 133.77 img/s | elapsed: 00:04:20 | eta: 00:01:53 | gpu: 0.2/1.9 GB
2026-07-03 21:10:12 | INFO | benchmark.run | Purified full train | Images: 35840/50000 | 71.68% | 133.70 img/s | elapsed: 00:04:28 | eta: 00:01:45 | gpu: 0.2/1.9 GB
2026-07-03 21:10:20 | INFO | benchmark.run | Purified full train | Images: 36864/50000 | 73.73% | 133.68 img/s | elapsed: 00:04:35 | eta: 00:01:38 | gpu: 0.2/1.9 GB
2026-07-03 21:10:27 | INFO | benchmark.run | Purified full train | Images: 37888/50000 | 75.78% | 133.72 img/s | elapsed: 00:04:43 | eta: 00:01:30 | gpu: 0.2/1.9 GB
2026-07-03 21:10:35 | INFO | benchmark.run | Purified full train | Images: 38912/50000 | 77.82% | 133.71 img/s | elapsed: 00:04:51 | eta: 00:01:22 | gpu: 0.2/1.9 GB
2026-07-03 21:10:43 | INFO | benchmark.run | Purified full train | Images: 39936/50000 | 79.87% | 133.71 img/s | elapsed: 00:04:58 | eta: 00:01:15 | gpu: 0.2/1.9 GB
2026-07-03 21:10:50 | INFO | benchmark.run | Purified full train | Images: 40960/50000 | 81.92% | 133.72 img/s | elapsed: 00:05:06 | eta: 00:01:07 | gpu: 0.2/1.9 GB
2026-07-03 21:10:58 | INFO | benchmark.run | Purified full train | Images: 41984/50000 | 83.97% | 133.69 img/s | elapsed: 00:05:14 | eta: 00:00:59 | gpu: 0.2/1.9 GB
2026-07-03 21:11:08 | INFO | benchmark.run | Purified full train | Images: 43008/50000 | 86.02% | 132.85 img/s | elapsed: 00:05:23 | eta: 00:00:52 | gpu: 0.2/1.9 GB
2026-07-03 21:11:15 | INFO | benchmark.run | Purified full train | Images: 44032/50000 | 88.06% | 132.85 img/s | elapsed: 00:05:31 | eta: 00:00:44 | gpu: 0.2/1.9 GB
2026-07-03 21:11:23 | INFO | benchmark.run | Purified full train | Images: 45056/50000 | 90.11% | 132.89 img/s | elapsed: 00:05:39 | eta: 00:00:37 | gpu: 0.2/1.9 GB
2026-07-03 21:11:31 | INFO | benchmark.run | Purified full train | Images: 46080/50000 | 92.16% | 132.92 img/s | elapsed: 00:05:46 | eta: 00:00:29 | gpu: 0.2/1.9 GB
2026-07-03 21:11:38 | INFO | benchmark.run | Purified full train | Images: 47104/50000 | 94.21% | 132.91 img/s | elapsed: 00:05:54 | eta: 00:00:21 | gpu: 0.2/1.9 GB
2026-07-03 21:11:46 | INFO | benchmark.run | Purified full train | Images: 48128/50000 | 96.26% | 132.98 img/s | elapsed: 00:06:01 | eta: 00:00:14 | gpu: 0.2/1.9 GB
2026-07-03 21:11:53 | INFO | benchmark.run | Purified full train | Images: 49152/50000 | 98.30% | 133.06 img/s | elapsed: 00:06:09 | eta: 00:00:06 | gpu: 0.2/1.9 GB
2026-07-03 21:12:00 | INFO | benchmark.run | Purified full train | Images: 50000/50000 | 100.00% | 133.08 img/s | elapsed: 00:06:15 | eta: 00:00:00 | gpu: 0.2/1.9 GB
2026-07-03 21:12:05 | INFO | benchmark.run | ================================================================================
2026-07-03 21:12:05 | INFO | benchmark.run | RETRAINING AND EVALUATING WB_c4...
2026-07-03 21:12:05 | INFO | benchmark.run | ================================================================================
Currently evaluating -------------------------------:
Friday, 03. July 2026 09:12PM
Namespace(net=['ResNet18'], dataset='CIFAR10', recipe='gradient-matching', threatmodel='single-class', poisonkey=None, modelkey=None, deterministic=False, eps=8.0, budget=0.01, targets=1, name='benchmark_WB_c4', table_path='/media02/ndthuc03/cm-purify-targeted-poisoning/benchmark/tables', poison_path='poisons/', data_path='/media02/ndthuc03/cm-purify-targeted-poisoning/dataset_generation/datasets', attackoptim='signAdam', attackiter=250, init='randn', tau=0.1, scheduling=True, target_criterion='cross-entropy', restarts=8, pbatch=512, pshuffle=False, paugment=True, data_aug='default', full_data=False, adversarial=0, ensemble=1, stagger=False, step=False, max_epoch=None, ablation=1.0, loss='similarity', centreg=0, normreg=0, repel=0, nadapt=2, clean_grad=False, vruns=1, vnet=None, retrain_from_init=False, pretrained=False, optimization='conservative', epochs=None, noaugment=False, gradient_noise=None, gradient_clip=None, lmdb_path=None, cache_dataset=False, benchmark='/media02/ndthuc03/cm-purify-targeted-poisoning/dataset_generation/configs/wb_benchmark_setups.pickle', benchmark_idx=14, dryrun=False, save=None, local_rank=None)
CPUs: 8, GPUs: 1 on gpu03.
GPU : NVIDIA A100-PCIE-40GB
ResNet18 model initialized with random key 2311384721.
Files already downloaded and verified
Data mean is [0.4914672374725342, 0.4822617471218109, 0.4467701315879822], 
Data std  is [0.24703224003314972, 0.24348513782024384, 0.26158785820007324].
Files already downloaded and verified
Data is loaded with 4 workers.
Poisoning setup generated for threat model single-class and budget of 1.0% - 500 images:
--Target images drawn from class automobile with ids [8522].
--Target images assigned intended class deer.
--Poison images drawn from class deer.
2026-07-03 21:12:09 | INFO | benchmark.run | WB poisoned base-only delta build | Images: 500/500 | 100.00% | 899.94 img/s | elapsed: 00:00:00 | eta: 00:00:00 | gpu: cpu
ResNet18 model initialized with random key 3149939064.
Model reinitialized to random seed.
Epoch: 0  | lr: 0.1000 | Training    loss is  2.1317, train acc:  24.93% | Validation   loss is  1.6825, valid acc:  38.05% | 
Epoch: 0  | lr: 0.1000 | Target adv. loss is  9.4134, fool  acc:   0.00% | Target orig. loss is  0.4823, orig. acc: 100.00% | 
Epoch: 1  | lr: 0.1000 | Training    loss is  1.5125, train acc:  44.47% | 
Epoch: 2  | lr: 0.1000 | Training    loss is  1.1890, train acc:  57.05% | 
Epoch: 3  | lr: 0.1000 | Training    loss is  0.9295, train acc:  67.04% | 
Epoch: 4  | lr: 0.1000 | Training    loss is  0.7520, train acc:  73.85% | 
Epoch: 5  | lr: 0.1000 | Training    loss is  0.6468, train acc:  77.69% | 
Epoch: 6  | lr: 0.1000 | Training    loss is  0.5876, train acc:  79.71% | 
Epoch: 7  | lr: 0.1000 | Training    loss is  0.5466, train acc:  81.12% | 
Epoch: 8  | lr: 0.1000 | Training    loss is  0.5150, train acc:  82.25% | 
Epoch: 9  | lr: 0.1000 | Training    loss is  0.4995, train acc:  82.99% | 
Epoch: 10 | lr: 0.1000 | Training    loss is  0.4763, train acc:  83.68% | Validation   loss is  0.6402, valid acc:  79.03% | 
Epoch: 10 | lr: 0.1000 | Target adv. loss is 14.9216, fool  acc:   0.00% | Target orig. loss is  0.0000, orig. acc: 100.00% | 
Epoch: 11 | lr: 0.1000 | Training    loss is  0.4637, train acc:  84.14% | 
Epoch: 12 | lr: 0.1000 | Training    loss is  0.4471, train acc:  84.76% | 
Epoch: 13 | lr: 0.0100 | Training    loss is  0.4394, train acc:  85.07% | 
Epoch: 14 | lr: 0.0100 | Training    loss is  0.2826, train acc:  90.44% | 
Epoch: 15 | lr: 0.0100 | Training    loss is  0.2299, train acc:  92.11% | 
Epoch: 16 | lr: 0.0100 | Training    loss is  0.2060, train acc:  93.08% | 
Epoch: 17 | lr: 0.0100 | Training    loss is  0.1943, train acc:  93.38% | 
Epoch: 18 | lr: 0.0100 | Training    loss is  0.1769, train acc:  94.04% | 
Epoch: 19 | lr: 0.0100 | Training    loss is  0.1642, train acc:  94.41% | 
Epoch: 20 | lr: 0.0100 | Training    loss is  0.1540, train acc:  94.75% | Validation   loss is  0.2948, valid acc:  90.45% | 
Epoch: 20 | lr: 0.0100 | Target adv. loss is  3.1055, fool  acc:   0.00% | Target orig. loss is  0.0460, orig. acc: 100.00% | 
Epoch: 21 | lr: 0.0100 | Training    loss is  0.1465, train acc:  94.97% | 
Epoch: 22 | lr: 0.0100 | Training    loss is  0.1374, train acc:  95.33% | 
Epoch: 23 | lr: 0.0010 | Training    loss is  0.1256, train acc:  95.76% | 
Epoch: 24 | lr: 0.0010 | Training    loss is  0.0976, train acc:  96.74% | 
Epoch: 25 | lr: 0.0010 | Training    loss is  0.0905, train acc:  97.10% | 
Epoch: 26 | lr: 0.0010 | Training    loss is  0.0821, train acc:  97.31% | 
Epoch: 27 | lr: 0.0010 | Training    loss is  0.0802, train acc:  97.42% | 
Epoch: 28 | lr: 0.0010 | Training    loss is  0.0773, train acc:  97.48% | 
Epoch: 29 | lr: 0.0010 | Training    loss is  0.0738, train acc:  97.63% | 
Epoch: 30 | lr: 0.0010 | Training    loss is  0.0698, train acc:  97.75% | Validation   loss is  0.2496, valid acc:  92.17% | 
Epoch: 30 | lr: 0.0010 | Target adv. loss is  2.8206, fool  acc:   0.00% | Target orig. loss is  0.0625, orig. acc: 100.00% | 
Epoch: 31 | lr: 0.0010 | Training    loss is  0.0690, train acc:  97.73% | 
Epoch: 32 | lr: 0.0010 | Training    loss is  0.0660, train acc:  97.88% | 
Epoch: 33 | lr: 0.0010 | Training    loss is  0.0622, train acc:  98.05% | 
Epoch: 34 | lr: 0.0001 | Training    loss is  0.0627, train acc:  98.00% | 
Epoch: 35 | lr: 0.0001 | Training    loss is  0.0582, train acc:  98.23% | 
Epoch: 36 | lr: 0.0001 | Training    loss is  0.0593, train acc:  98.18% | 
Epoch: 37 | lr: 0.0001 | Training    loss is  0.0583, train acc:  98.20% | 
Epoch: 38 | lr: 0.0001 | Training    loss is  0.0569, train acc:  98.21% | 
Epoch: 39 | lr: 0.0001 | Training    loss is  0.0577, train acc:  98.17% | Validation   loss is  0.2509, valid acc:  92.19% | 
Epoch: 39 | lr: 0.0001 | Target adv. loss is  2.7327, fool  acc:   0.00% | Target orig. loss is  0.0691, orig. acc: 100.00% | 
Currently evaluating -------------------------------:
Friday, 03. July 2026 09:21PM
Namespace(net=['ResNet18'], dataset='CIFAR10', recipe='gradient-matching', threatmodel='single-class', poisonkey=None, modelkey=None, deterministic=False, eps=8.0, budget=0.01, targets=1, name='benchmark_WB_c4', table_path='/media02/ndthuc03/cm-purify-targeted-poisoning/benchmark/tables', poison_path='poisons/', data_path='/media02/ndthuc03/cm-purify-targeted-poisoning/dataset_generation/datasets', attackoptim='signAdam', attackiter=250, init='randn', tau=0.1, scheduling=True, target_criterion='cross-entropy', restarts=8, pbatch=512, pshuffle=False, paugment=True, data_aug='default', full_data=False, adversarial=0, ensemble=1, stagger=False, step=False, max_epoch=None, ablation=1.0, loss='similarity', centreg=0, normreg=0, repel=0, nadapt=2, clean_grad=False, vruns=1, vnet=None, retrain_from_init=False, pretrained=False, optimization='conservative', epochs=None, noaugment=False, gradient_noise=None, gradient_clip=None, lmdb_path=None, cache_dataset=False, benchmark='/media02/ndthuc03/cm-purify-targeted-poisoning/dataset_generation/configs/wb_benchmark_setups.pickle', benchmark_idx=14, dryrun=False, save=None, local_rank=None)
CPUs: 8, GPUs: 1 on gpu03.
GPU : NVIDIA A100-PCIE-40GB
ResNet18 model initialized with random key 1715679818.
Files already downloaded and verified
Data mean is [0.4914672374725342, 0.4822617471218109, 0.4467701315879822], 
Data std  is [0.24703224003314972, 0.24348513782024384, 0.26158785820007324].
Files already downloaded and verified
Data is loaded with 4 workers.
Poisoning setup generated for threat model single-class and budget of 1.0% - 500 images:
--Target images drawn from class automobile with ids [8522].
--Target images assigned intended class deer.
--Poison images drawn from class deer.
2026-07-03 21:21:48 | INFO | benchmark.run | WB purified full-train delta build | Images: 10000/50000 | 20.00% | 773.83 img/s | elapsed: 00:00:12 | eta: 00:00:51 | gpu: cpu
2026-07-03 21:22:01 | INFO | benchmark.run | WB purified full-train delta build | Images: 20000/50000 | 40.00% | 768.30 img/s | elapsed: 00:00:26 | eta: 00:00:39 | gpu: cpu
2026-07-03 21:22:15 | INFO | benchmark.run | WB purified full-train delta build | Images: 30000/50000 | 60.00% | 767.64 img/s | elapsed: 00:00:39 | eta: 00:00:26 | gpu: cpu
2026-07-03 21:22:27 | INFO | benchmark.run | WB purified full-train delta build | Images: 40000/50000 | 80.00% | 771.17 img/s | elapsed: 00:00:51 | eta: 00:00:12 | gpu: cpu
2026-07-03 21:22:40 | INFO | benchmark.run | WB purified full-train delta build | Images: 50000/50000 | 100.00% | 771.58 img/s | elapsed: 00:01:04 | eta: 00:00:00 | gpu: cpu
ResNet18 model initialized with random key 3667011436.
Model reinitialized to random seed.
Epoch: 0  | lr: 0.1000 | Training    loss is  1.7861, train acc:  36.23% | Validation   loss is  1.5035, valid acc:  44.16% | 
Epoch: 0  | lr: 0.1000 | Target adv. loss is  8.8625, fool  acc:   0.00% | Target orig. loss is  0.5326, orig. acc: 100.00% | 
Epoch: 1  | lr: 0.1000 | Training    loss is  1.2206, train acc:  55.84% | 
Epoch: 2  | lr: 0.1000 | Training    loss is  0.9026, train acc:  68.41% | 
Epoch: 3  | lr: 0.1000 | Training    loss is  0.7177, train acc:  75.35% | 
Epoch: 4  | lr: 0.1000 | Training    loss is  0.6288, train acc:  78.79% | 
Epoch: 5  | lr: 0.1000 | Training    loss is  0.5851, train acc:  80.17% | 
Epoch: 6  | lr: 0.1000 | Training    loss is  0.5622, train acc:  80.94% | 
Epoch: 7  | lr: 0.1000 | Training    loss is  0.5417, train acc:  81.75% | 
Epoch: 8  | lr: 0.1000 | Training    loss is  0.5325, train acc:  82.13% | 
Epoch: 9  | lr: 0.1000 | Training    loss is  0.5209, train acc:  82.46% | 
Epoch: 10 | lr: 0.1000 | Training    loss is  0.5119, train acc:  82.78% | Validation   loss is  2.6275, valid acc:  38.51% | 
Epoch: 10 | lr: 0.1000 | Target adv. loss is 16.8615, fool  acc:   0.00% | Target orig. loss is  0.0024, orig. acc: 100.00% | 
Epoch: 11 | lr: 0.1000 | Training    loss is  0.5070, train acc:  83.12% | 
Epoch: 12 | lr: 0.1000 | Training    loss is  0.4999, train acc:  83.23% | 
Epoch: 13 | lr: 0.0100 | Training    loss is  0.4954, train acc:  83.33% | 
Epoch: 14 | lr: 0.0100 | Training    loss is  0.3783, train acc:  87.39% | 
Epoch: 15 | lr: 0.0100 | Training    loss is  0.3394, train acc:  88.71% | 
Epoch: 16 | lr: 0.0100 | Training    loss is  0.3238, train acc:  89.27% | 
Epoch: 17 | lr: 0.0100 | Training    loss is  0.3104, train acc:  89.65% | 
Epoch: 18 | lr: 0.0100 | Training    loss is  0.2982, train acc:  90.17% | 
Epoch: 19 | lr: 0.0100 | Training    loss is  0.2897, train acc:  90.39% | 
Epoch: 20 | lr: 0.0100 | Training    loss is  0.2794, train acc:  90.76% | Validation   loss is  1.0162, valid acc:  68.37% | 
Epoch: 20 | lr: 0.0100 | Target adv. loss is 12.2019, fool  acc:   0.00% | Target orig. loss is  0.0026, orig. acc: 100.00% | 
Epoch: 21 | lr: 0.0100 | Training    loss is  0.2745, train acc:  90.86% | 
Epoch: 22 | lr: 0.0100 | Training    loss is  0.2617, train acc:  91.16% | 
Epoch: 23 | lr: 0.0010 | Training    loss is  0.2529, train acc:  91.50% | 
Epoch: 24 | lr: 0.0010 | Training    loss is  0.2164, train acc:  92.85% | 
Epoch: 25 | lr: 0.0010 | Training    loss is  0.2060, train acc:  93.20% | 
Epoch: 26 | lr: 0.0010 | Training    loss is  0.1946, train acc:  93.55% | 
Epoch: 27 | lr: 0.0010 | Training    loss is  0.1925, train acc:  93.61% | 
Epoch: 28 | lr: 0.0010 | Training    loss is  0.1878, train acc:  93.85% | 
Epoch: 29 | lr: 0.0010 | Training    loss is  0.1838, train acc:  93.91% | 
Epoch: 30 | lr: 0.0010 | Training    loss is  0.1788, train acc:  94.14% | Validation   loss is  1.0644, valid acc:  68.10% | 
Epoch: 30 | lr: 0.0010 | Target adv. loss is  9.8612, fool  acc:   0.00% | Target orig. loss is  0.0038, orig. acc: 100.00% | 
Epoch: 31 | lr: 0.0010 | Training    loss is  0.1753, train acc:  94.17% | 
Epoch: 32 | lr: 0.0010 | Training    loss is  0.1740, train acc:  94.25% | 
Epoch: 33 | lr: 0.0010 | Training    loss is  0.1688, train acc:  94.47% | 
Epoch: 34 | lr: 0.0001 | Training    loss is  0.1642, train acc:  94.72% | 
Epoch: 35 | lr: 0.0001 | Training    loss is  0.1562, train acc:  94.80% | 
Epoch: 36 | lr: 0.0001 | Training    loss is  0.1553, train acc:  95.02% | 
Epoch: 37 | lr: 0.0001 | Training    loss is  0.1526, train acc:  95.05% | 
Epoch: 38 | lr: 0.0001 | Training    loss is  0.1542, train acc:  95.03% | 
Epoch: 39 | lr: 0.0001 | Training    loss is  0.1516, train acc:  95.04% | Validation   loss is  1.1163, valid acc:  67.30% | 
Epoch: 39 | lr: 0.0001 | Target adv. loss is 10.0229, fool  acc:   0.00% | Target orig. loss is  0.0033, orig. acc: 100.00% | 
2026-07-03 21:32:52 | INFO | benchmark.run | Updated benchmark CSV: /media02/ndthuc03/cm-purify-targeted-poisoning/benchmark/outputs/slurm_73353/benchmark_results.csv
2026-07-03 21:32:52 | INFO | benchmark.run | ================================================================================
2026-07-03 21:32:52 | INFO | benchmark.run | CASE 26/30: WB_c5 (WB)
2026-07-03 21:32:52 | INFO | benchmark.run | ================================================================================
2026-07-03 21:33:58 | INFO | benchmark.run | Materialized WB poisoned train | Images: 10000/50000 | 20.00% | 152.80 img/s | elapsed: 00:01:05 | eta: 00:04:21 | gpu: cpu
2026-07-03 21:35:03 | INFO | benchmark.run | Materialized WB poisoned train | Images: 20000/50000 | 40.00% | 153.44 img/s | elapsed: 00:02:10 | eta: 00:03:15 | gpu: cpu
2026-07-03 21:36:04 | INFO | benchmark.run | Materialized WB poisoned train | Images: 30000/50000 | 60.00% | 156.76 img/s | elapsed: 00:03:11 | eta: 00:02:07 | gpu: cpu
2026-07-03 21:37:04 | INFO | benchmark.run | Materialized WB poisoned train | Images: 40000/50000 | 80.00% | 159.27 img/s | elapsed: 00:04:11 | eta: 00:01:02 | gpu: cpu
2026-07-03 21:38:05 | INFO | benchmark.run | Materialized WB poisoned train | Images: 50000/50000 | 100.00% | 159.92 img/s | elapsed: 00:05:12 | eta: 00:00:00 | gpu: cpu
2026-07-03 21:38:15 | INFO | benchmark.run | Purified full train | Images: 1024/50000 | 2.05% | 130.23 img/s | elapsed: 00:00:07 | eta: 00:06:16 | gpu: 0.2/1.9 GB
2026-07-03 21:38:23 | INFO | benchmark.run | Purified full train | Images: 2048/50000 | 4.10% | 131.74 img/s | elapsed: 00:00:15 | eta: 00:06:03 | gpu: 0.2/1.9 GB
2026-07-03 21:38:31 | INFO | benchmark.run | Purified full train | Images: 3072/50000 | 6.14% | 130.38 img/s | elapsed: 00:00:23 | eta: 00:05:59 | gpu: 0.2/1.9 GB
2026-07-03 21:38:39 | INFO | benchmark.run | Purified full train | Images: 4096/50000 | 8.19% | 131.21 img/s | elapsed: 00:00:31 | eta: 00:05:49 | gpu: 0.2/1.9 GB
2026-07-03 21:38:47 | INFO | benchmark.run | Purified full train | Images: 5120/50000 | 10.24% | 130.99 img/s | elapsed: 00:00:39 | eta: 00:05:42 | gpu: 0.2/1.9 GB
2026-07-03 21:38:54 | INFO | benchmark.run | Purified full train | Images: 6144/50000 | 12.29% | 131.13 img/s | elapsed: 00:00:46 | eta: 00:05:34 | gpu: 0.2/1.9 GB
2026-07-03 21:39:02 | INFO | benchmark.run | Purified full train | Images: 7168/50000 | 14.34% | 130.84 img/s | elapsed: 00:00:54 | eta: 00:05:27 | gpu: 0.2/1.9 GB
2026-07-03 21:39:10 | INFO | benchmark.run | Purified full train | Images: 8192/50000 | 16.38% | 130.97 img/s | elapsed: 00:01:02 | eta: 00:05:19 | gpu: 0.2/1.9 GB
2026-07-03 21:39:18 | INFO | benchmark.run | Purified full train | Images: 9216/50000 | 18.43% | 131.05 img/s | elapsed: 00:01:10 | eta: 00:05:11 | gpu: 0.2/1.9 GB
2026-07-03 21:39:26 | INFO | benchmark.run | Purified full train | Images: 10240/50000 | 20.48% | 130.90 img/s | elapsed: 00:01:18 | eta: 00:05:03 | gpu: 0.2/1.9 GB
2026-07-03 21:39:34 | INFO | benchmark.run | Purified full train | Images: 11264/50000 | 22.53% | 130.86 img/s | elapsed: 00:01:26 | eta: 00:04:56 | gpu: 0.2/1.9 GB
2026-07-03 21:39:42 | INFO | benchmark.run | Purified full train | Images: 12288/50000 | 24.58% | 130.80 img/s | elapsed: 00:01:33 | eta: 00:04:48 | gpu: 0.2/1.9 GB
2026-07-03 21:39:49 | INFO | benchmark.run | Purified full train | Images: 13312/50000 | 26.62% | 130.89 img/s | elapsed: 00:01:41 | eta: 00:04:40 | gpu: 0.2/1.9 GB
2026-07-03 21:39:57 | INFO | benchmark.run | Purified full train | Images: 14336/50000 | 28.67% | 130.90 img/s | elapsed: 00:01:49 | eta: 00:04:32 | gpu: 0.2/1.9 GB
2026-07-03 21:40:05 | INFO | benchmark.run | Purified full train | Images: 15360/50000 | 30.72% | 130.87 img/s | elapsed: 00:01:57 | eta: 00:04:24 | gpu: 0.2/1.9 GB
2026-07-03 21:40:13 | INFO | benchmark.run | Purified full train | Images: 16384/50000 | 32.77% | 130.85 img/s | elapsed: 00:02:05 | eta: 00:04:16 | gpu: 0.2/1.9 GB
2026-07-03 21:40:20 | INFO | benchmark.run | Purified full train | Images: 17408/50000 | 34.82% | 131.08 img/s | elapsed: 00:02:12 | eta: 00:04:08 | gpu: 0.2/1.9 GB
2026-07-03 21:40:28 | INFO | benchmark.run | Purified full train | Images: 18432/50000 | 36.86% | 130.94 img/s | elapsed: 00:02:20 | eta: 00:04:01 | gpu: 0.2/1.9 GB
2026-07-03 21:40:36 | INFO | benchmark.run | Purified full train | Images: 19456/50000 | 38.91% | 131.01 img/s | elapsed: 00:02:28 | eta: 00:03:53 | gpu: 0.2/1.9 GB
2026-07-03 21:40:44 | INFO | benchmark.run | Purified full train | Images: 20480/50000 | 40.96% | 131.13 img/s | elapsed: 00:02:36 | eta: 00:03:45 | gpu: 0.2/1.9 GB
2026-07-03 21:40:52 | INFO | benchmark.run | Purified full train | Images: 21504/50000 | 43.01% | 130.90 img/s | elapsed: 00:02:44 | eta: 00:03:37 | gpu: 0.2/1.9 GB
2026-07-03 21:41:00 | INFO | benchmark.run | Purified full train | Images: 22528/50000 | 45.06% | 130.93 img/s | elapsed: 00:02:52 | eta: 00:03:29 | gpu: 0.2/1.9 GB
2026-07-03 21:41:07 | INFO | benchmark.run | Purified full train | Images: 23552/50000 | 47.10% | 131.03 img/s | elapsed: 00:02:59 | eta: 00:03:21 | gpu: 0.2/1.9 GB
2026-07-03 21:41:15 | INFO | benchmark.run | Purified full train | Images: 24576/50000 | 49.15% | 131.10 img/s | elapsed: 00:03:07 | eta: 00:03:13 | gpu: 0.2/1.9 GB
2026-07-03 21:41:23 | INFO | benchmark.run | Purified full train | Images: 25600/50000 | 51.20% | 131.20 img/s | elapsed: 00:03:15 | eta: 00:03:05 | gpu: 0.2/1.9 GB
2026-07-03 21:41:31 | INFO | benchmark.run | Purified full train | Images: 26624/50000 | 53.25% | 131.13 img/s | elapsed: 00:03:23 | eta: 00:02:58 | gpu: 0.2/1.9 GB
2026-07-03 21:41:38 | INFO | benchmark.run | Purified full train | Images: 27648/50000 | 55.30% | 131.18 img/s | elapsed: 00:03:30 | eta: 00:02:50 | gpu: 0.2/1.9 GB
2026-07-03 21:41:46 | INFO | benchmark.run | Purified full train | Images: 28672/50000 | 57.34% | 131.13 img/s | elapsed: 00:03:38 | eta: 00:02:42 | gpu: 0.2/1.9 GB
2026-07-03 21:41:54 | INFO | benchmark.run | Purified full train | Images: 29696/50000 | 59.39% | 131.27 img/s | elapsed: 00:03:46 | eta: 00:02:34 | gpu: 0.2/1.9 GB
2026-07-03 21:42:02 | INFO | benchmark.run | Purified full train | Images: 30720/50000 | 61.44% | 131.20 img/s | elapsed: 00:03:54 | eta: 00:02:26 | gpu: 0.2/1.9 GB
2026-07-03 21:42:09 | INFO | benchmark.run | Purified full train | Images: 31744/50000 | 63.49% | 131.21 img/s | elapsed: 00:04:01 | eta: 00:02:19 | gpu: 0.2/1.9 GB
2026-07-03 21:42:17 | INFO | benchmark.run | Purified full train | Images: 32768/50000 | 65.54% | 131.19 img/s | elapsed: 00:04:09 | eta: 00:02:11 | gpu: 0.2/1.9 GB
2026-07-03 21:42:25 | INFO | benchmark.run | Purified full train | Images: 33792/50000 | 67.58% | 131.19 img/s | elapsed: 00:04:17 | eta: 00:02:03 | gpu: 0.2/1.9 GB
2026-07-03 21:42:33 | INFO | benchmark.run | Purified full train | Images: 34816/50000 | 69.63% | 131.24 img/s | elapsed: 00:04:25 | eta: 00:01:55 | gpu: 0.2/1.9 GB
2026-07-03 21:42:41 | INFO | benchmark.run | Purified full train | Images: 35840/50000 | 71.68% | 131.27 img/s | elapsed: 00:04:33 | eta: 00:01:47 | gpu: 0.2/1.9 GB
2026-07-03 21:42:48 | INFO | benchmark.run | Purified full train | Images: 36864/50000 | 73.73% | 131.37 img/s | elapsed: 00:04:40 | eta: 00:01:39 | gpu: 0.2/1.9 GB
2026-07-03 21:42:56 | INFO | benchmark.run | Purified full train | Images: 37888/50000 | 75.78% | 131.44 img/s | elapsed: 00:04:48 | eta: 00:01:32 | gpu: 0.2/1.9 GB
2026-07-03 21:43:03 | INFO | benchmark.run | Purified full train | Images: 38912/50000 | 77.82% | 131.52 img/s | elapsed: 00:04:55 | eta: 00:01:24 | gpu: 0.2/1.9 GB
2026-07-03 21:43:11 | INFO | benchmark.run | Purified full train | Images: 39936/50000 | 79.87% | 131.55 img/s | elapsed: 00:05:03 | eta: 00:01:16 | gpu: 0.2/1.9 GB
2026-07-03 21:43:19 | INFO | benchmark.run | Purified full train | Images: 40960/50000 | 81.92% | 131.54 img/s | elapsed: 00:05:11 | eta: 00:01:08 | gpu: 0.2/1.9 GB
2026-07-03 21:43:27 | INFO | benchmark.run | Purified full train | Images: 41984/50000 | 83.97% | 131.55 img/s | elapsed: 00:05:19 | eta: 00:01:00 | gpu: 0.2/1.9 GB
2026-07-03 21:43:34 | INFO | benchmark.run | Purified full train | Images: 43008/50000 | 86.02% | 131.55 img/s | elapsed: 00:05:26 | eta: 00:00:53 | gpu: 0.2/1.9 GB
2026-07-03 21:43:42 | INFO | benchmark.run | Purified full train | Images: 44032/50000 | 88.06% | 131.50 img/s | elapsed: 00:05:34 | eta: 00:00:45 | gpu: 0.2/1.9 GB
2026-07-03 21:43:50 | INFO | benchmark.run | Purified full train | Images: 45056/50000 | 90.11% | 131.52 img/s | elapsed: 00:05:42 | eta: 00:00:37 | gpu: 0.2/1.9 GB
2026-07-03 21:43:58 | INFO | benchmark.run | Purified full train | Images: 46080/50000 | 92.16% | 131.50 img/s | elapsed: 00:05:50 | eta: 00:00:29 | gpu: 0.2/1.9 GB
2026-07-03 21:44:06 | INFO | benchmark.run | Purified full train | Images: 47104/50000 | 94.21% | 131.48 img/s | elapsed: 00:05:58 | eta: 00:00:22 | gpu: 0.2/1.9 GB
2026-07-03 21:44:14 | INFO | benchmark.run | Purified full train | Images: 48128/50000 | 96.26% | 131.42 img/s | elapsed: 00:06:06 | eta: 00:00:14 | gpu: 0.2/1.9 GB
2026-07-03 21:44:22 | INFO | benchmark.run | Purified full train | Images: 49152/50000 | 98.30% | 131.31 img/s | elapsed: 00:06:14 | eta: 00:00:06 | gpu: 0.2/1.9 GB
2026-07-03 21:44:28 | INFO | benchmark.run | Purified full train | Images: 50000/50000 | 100.00% | 131.33 img/s | elapsed: 00:06:20 | eta: 00:00:00 | gpu: 0.2/1.9 GB
2026-07-03 21:44:33 | INFO | benchmark.run | ================================================================================
2026-07-03 21:44:33 | INFO | benchmark.run | RETRAINING AND EVALUATING WB_c5...
2026-07-03 21:44:33 | INFO | benchmark.run | ================================================================================
Currently evaluating -------------------------------:
Friday, 03. July 2026 09:44PM
Namespace(net=['ResNet18'], dataset='CIFAR10', recipe='gradient-matching', threatmodel='single-class', poisonkey=None, modelkey=None, deterministic=False, eps=8.0, budget=0.01, targets=1, name='benchmark_WB_c5', table_path='/media02/ndthuc03/cm-purify-targeted-poisoning/benchmark/tables', poison_path='poisons/', data_path='/media02/ndthuc03/cm-purify-targeted-poisoning/dataset_generation/datasets', attackoptim='signAdam', attackiter=250, init='randn', tau=0.1, scheduling=True, target_criterion='cross-entropy', restarts=8, pbatch=512, pshuffle=False, paugment=True, data_aug='default', full_data=False, adversarial=0, ensemble=1, stagger=False, step=False, max_epoch=None, ablation=1.0, loss='similarity', centreg=0, normreg=0, repel=0, nadapt=2, clean_grad=False, vruns=1, vnet=None, retrain_from_init=False, pretrained=False, optimization='conservative', epochs=None, noaugment=False, gradient_noise=None, gradient_clip=None, lmdb_path=None, cache_dataset=False, benchmark='/media02/ndthuc03/cm-purify-targeted-poisoning/dataset_generation/configs/wb_benchmark_setups.pickle', benchmark_idx=17, dryrun=False, save=None, local_rank=None)
CPUs: 8, GPUs: 1 on gpu03.
GPU : NVIDIA A100-PCIE-40GB
ResNet18 model initialized with random key 751120355.
Files already downloaded and verified
Data mean is [0.4914672374725342, 0.4822617471218109, 0.4467701315879822], 
Data std  is [0.24703224003314972, 0.24348513782024384, 0.26158785820007324].
Files already downloaded and verified
Data is loaded with 4 workers.
Poisoning setup generated for threat model single-class and budget of 1.0% - 500 images:
--Target images drawn from class frog with ids [3615].
--Target images assigned intended class dog.
--Poison images drawn from class dog.
2026-07-03 21:44:35 | INFO | benchmark.run | WB poisoned base-only delta build | Images: 500/500 | 100.00% | 902.92 img/s | elapsed: 00:00:00 | eta: 00:00:00 | gpu: cpu
ResNet18 model initialized with random key 3678657833.
Model reinitialized to random seed.
Epoch: 0  | lr: 0.1000 | Training    loss is  1.8636, train acc:  33.72% | Validation   loss is  1.4905, valid acc:  45.39% | 
Epoch: 0  | lr: 0.1000 | Target adv. loss is  2.3346, fool  acc:   0.00% | Target orig. loss is  4.0456, orig. acc:   0.00% | 
Epoch: 1  | lr: 0.1000 | Training    loss is  1.3389, train acc:  51.05% | 
Epoch: 2  | lr: 0.1000 | Training    loss is  0.9858, train acc:  64.94% | 
Epoch: 3  | lr: 0.1000 | Training    loss is  0.7669, train acc:  73.05% | 
Epoch: 4  | lr: 0.1000 | Training    loss is  0.6488, train acc:  77.53% | 
Epoch: 5  | lr: 0.1000 | Training    loss is  0.5827, train acc:  79.78% | 
Epoch: 6  | lr: 0.1000 | Training    loss is  0.5439, train acc:  81.22% | 
Epoch: 7  | lr: 0.1000 | Training    loss is  0.5103, train acc:  82.34% | 
Epoch: 8  | lr: 0.1000 | Training    loss is  0.4844, train acc:  83.43% | 
Epoch: 9  | lr: 0.1000 | Training    loss is  0.4682, train acc:  84.06% | 
Epoch: 10 | lr: 0.1000 | Training    loss is  0.4537, train acc:  84.53% | Validation   loss is  0.6647, valid acc:  78.05% | 
Epoch: 10 | lr: 0.1000 | Target adv. loss is  2.5933, fool  acc:   0.00% | Target orig. loss is  2.3346, orig. acc:   0.00% | 
Epoch: 11 | lr: 0.1000 | Training    loss is  0.4388, train acc:  84.86% | 
Epoch: 12 | lr: 0.1000 | Training    loss is  0.4255, train acc:  85.59% | 
Epoch: 13 | lr: 0.0100 | Training    loss is  0.4145, train acc:  85.68% | 
Epoch: 14 | lr: 0.0100 | Training    loss is  0.2584, train acc:  91.18% | 
Epoch: 15 | lr: 0.0100 | Training    loss is  0.2096, train acc:  92.81% | 
Epoch: 16 | lr: 0.0100 | Training    loss is  0.1885, train acc:  93.50% | 
Epoch: 17 | lr: 0.0100 | Training    loss is  0.1728, train acc:  94.06% | 
Epoch: 18 | lr: 0.0100 | Training    loss is  0.1569, train acc:  94.59% | 
Epoch: 19 | lr: 0.0100 | Training    loss is  0.1462, train acc:  94.98% | 
Epoch: 20 | lr: 0.0100 | Training    loss is  0.1319, train acc:  95.52% | Validation   loss is  0.2776, valid acc:  91.13% | 
Epoch: 20 | lr: 0.0100 | Target adv. loss is  0.7789, fool  acc: 100.00% | Target orig. loss is  6.2200, orig. acc:   0.00% | 
Epoch: 21 | lr: 0.0100 | Training    loss is  0.1284, train acc:  95.63% | 
Epoch: 22 | lr: 0.0100 | Training    loss is  0.1194, train acc:  95.94% | 
Epoch: 23 | lr: 0.0010 | Training    loss is  0.1144, train acc:  96.01% | 
Epoch: 24 | lr: 0.0010 | Training    loss is  0.0848, train acc:  97.22% | 
Epoch: 25 | lr: 0.0010 | Training    loss is  0.0752, train acc:  97.54% | 
Epoch: 26 | lr: 0.0010 | Training    loss is  0.0714, train acc:  97.61% | 
Epoch: 27 | lr: 0.0010 | Training    loss is  0.0649, train acc:  97.97% | 
Epoch: 28 | lr: 0.0010 | Training    loss is  0.0641, train acc:  97.95% | 
Epoch: 29 | lr: 0.0010 | Training    loss is  0.0626, train acc:  98.02% | 
Epoch: 30 | lr: 0.0010 | Training    loss is  0.0616, train acc:  98.06% | Validation   loss is  0.2410, valid acc:  92.28% | 
Epoch: 30 | lr: 0.0010 | Target adv. loss is  0.0718, fool  acc: 100.00% | Target orig. loss is  7.2916, orig. acc:   0.00% | 
Epoch: 31 | lr: 0.0010 | Training    loss is  0.0594, train acc:  98.06% | 
Epoch: 32 | lr: 0.0010 | Training    loss is  0.0567, train acc:  98.23% | 
Epoch: 33 | lr: 0.0010 | Training    loss is  0.0564, train acc:  98.17% | 
Epoch: 34 | lr: 0.0001 | Training    loss is  0.0522, train acc:  98.34% | 
Epoch: 35 | lr: 0.0001 | Training    loss is  0.0489, train acc:  98.48% | 
Epoch: 36 | lr: 0.0001 | Training    loss is  0.0495, train acc:  98.50% | 
Epoch: 37 | lr: 0.0001 | Training    loss is  0.0476, train acc:  98.54% | 
Epoch: 38 | lr: 0.0001 | Training    loss is  0.0481, train acc:  98.53% | 
Epoch: 39 | lr: 0.0001 | Training    loss is  0.0482, train acc:  98.56% | Validation   loss is  0.2404, valid acc:  92.41% | 
Epoch: 39 | lr: 0.0001 | Target adv. loss is  0.0639, fool  acc: 100.00% | Target orig. loss is  7.6888, orig. acc:   0.00% | 
Currently evaluating -------------------------------:
Friday, 03. July 2026 09:54PM
Namespace(net=['ResNet18'], dataset='CIFAR10', recipe='gradient-matching', threatmodel='single-class', poisonkey=None, modelkey=None, deterministic=False, eps=8.0, budget=0.01, targets=1, name='benchmark_WB_c5', table_path='/media02/ndthuc03/cm-purify-targeted-poisoning/benchmark/tables', poison_path='poisons/', data_path='/media02/ndthuc03/cm-purify-targeted-poisoning/dataset_generation/datasets', attackoptim='signAdam', attackiter=250, init='randn', tau=0.1, scheduling=True, target_criterion='cross-entropy', restarts=8, pbatch=512, pshuffle=False, paugment=True, data_aug='default', full_data=False, adversarial=0, ensemble=1, stagger=False, step=False, max_epoch=None, ablation=1.0, loss='similarity', centreg=0, normreg=0, repel=0, nadapt=2, clean_grad=False, vruns=1, vnet=None, retrain_from_init=False, pretrained=False, optimization='conservative', epochs=None, noaugment=False, gradient_noise=None, gradient_clip=None, lmdb_path=None, cache_dataset=False, benchmark='/media02/ndthuc03/cm-purify-targeted-poisoning/dataset_generation/configs/wb_benchmark_setups.pickle', benchmark_idx=17, dryrun=False, save=None, local_rank=None)
CPUs: 8, GPUs: 1 on gpu03.
GPU : NVIDIA A100-PCIE-40GB
ResNet18 model initialized with random key 4037712002.
Files already downloaded and verified
Data mean is [0.4914672374725342, 0.4822617471218109, 0.4467701315879822], 
Data std  is [0.24703224003314972, 0.24348513782024384, 0.26158785820007324].
Files already downloaded and verified
Data is loaded with 4 workers.
Poisoning setup generated for threat model single-class and budget of 1.0% - 500 images:
--Target images drawn from class frog with ids [3615].
--Target images assigned intended class dog.
--Poison images drawn from class dog.
2026-07-03 21:54:17 | INFO | benchmark.run | WB purified full-train delta build | Images: 10000/50000 | 20.00% | 787.75 img/s | elapsed: 00:00:12 | eta: 00:00:50 | gpu: cpu
2026-07-03 21:54:31 | INFO | benchmark.run | WB purified full-train delta build | Images: 20000/50000 | 40.00% | 771.14 img/s | elapsed: 00:00:25 | eta: 00:00:38 | gpu: cpu
2026-07-03 21:54:44 | INFO | benchmark.run | WB purified full-train delta build | Images: 30000/50000 | 60.00% | 771.01 img/s | elapsed: 00:00:38 | eta: 00:00:25 | gpu: cpu
2026-07-03 21:54:57 | INFO | benchmark.run | WB purified full-train delta build | Images: 40000/50000 | 80.00% | 770.98 img/s | elapsed: 00:00:51 | eta: 00:00:12 | gpu: cpu
2026-07-03 21:55:10 | INFO | benchmark.run | WB purified full-train delta build | Images: 50000/50000 | 100.00% | 770.38 img/s | elapsed: 00:01:04 | eta: 00:00:00 | gpu: cpu
ResNet18 model initialized with random key 2545022317.
Model reinitialized to random seed.
Epoch: 0  | lr: 0.1000 | Training    loss is  1.9750, train acc:  31.91% | Validation   loss is  2.0630, valid acc:  33.15% | 
Epoch: 0  | lr: 0.1000 | Target adv. loss is  4.9493, fool  acc:   0.00% | Target orig. loss is  6.3627, orig. acc:   0.00% | 
Epoch: 1  | lr: 0.1000 | Training    loss is  1.4332, train acc:  47.58% | 
Epoch: 2  | lr: 0.1000 | Training    loss is  1.1804, train acc:  57.51% | 
Epoch: 3  | lr: 0.1000 | Training    loss is  0.9487, train acc:  66.60% | 
Epoch: 4  | lr: 0.1000 | Training    loss is  0.7682, train acc:  73.43% | 
Epoch: 5  | lr: 0.1000 | Training    loss is  0.6647, train acc:  77.27% | 
Epoch: 6  | lr: 0.1000 | Training    loss is  0.6102, train acc:  79.38% | 
Epoch: 7  | lr: 0.1000 | Training    loss is  0.5804, train acc:  80.39% | 
Epoch: 8  | lr: 0.1000 | Training    loss is  0.5583, train acc:  81.16% | 
Epoch: 9  | lr: 0.1000 | Training    loss is  0.5441, train acc:  81.66% | 
Epoch: 10 | lr: 0.1000 | Training    loss is  0.5311, train acc:  82.25% | Validation   loss is  1.3551, valid acc:  55.36% | 
Epoch: 10 | lr: 0.1000 | Target adv. loss is  3.7742, fool  acc:   0.00% | Target orig. loss is  3.8283, orig. acc:   0.00% | 
Epoch: 11 | lr: 0.1000 | Training    loss is  0.5180, train acc:  82.73% | 
Epoch: 12 | lr: 0.1000 | Training    loss is  0.5112, train acc:  82.77% | 
Epoch: 13 | lr: 0.0100 | Training    loss is  0.5051, train acc:  83.19% | 
Epoch: 14 | lr: 0.0100 | Training    loss is  0.3861, train acc:  87.22% | 
Epoch: 15 | lr: 0.0100 | Training    loss is  0.3459, train acc:  88.56% | 
Epoch: 16 | lr: 0.0100 | Training    loss is  0.3295, train acc:  89.08% | 
Epoch: 17 | lr: 0.0100 | Training    loss is  0.3164, train acc:  89.43% | 
Epoch: 18 | lr: 0.0100 | Training    loss is  0.3048, train acc:  89.85% | 
Epoch: 19 | lr: 0.0100 | Training    loss is  0.2943, train acc:  90.06% | 
Epoch: 20 | lr: 0.0100 | Training    loss is  0.2852, train acc:  90.41% | Validation   loss is  1.0565, valid acc:  66.85% | 
Epoch: 20 | lr: 0.0100 | Target adv. loss is  3.7376, fool  acc:   0.00% | Target orig. loss is  1.1664, orig. acc:   0.00% | 
Epoch: 21 | lr: 0.0100 | Training    loss is  0.2752, train acc:  90.66% | 
Epoch: 22 | lr: 0.0100 | Training    loss is  0.2666, train acc:  90.95% | 
Epoch: 23 | lr: 0.0010 | Training    loss is  0.2595, train acc:  91.30% | 
Epoch: 24 | lr: 0.0010 | Training    loss is  0.2225, train acc:  92.55% | 
Epoch: 25 | lr: 0.0010 | Training    loss is  0.2096, train acc:  92.95% | 
Epoch: 26 | lr: 0.0010 | Training    loss is  0.2059, train acc:  93.08% | 
Epoch: 27 | lr: 0.0010 | Training    loss is  0.2013, train acc:  93.29% | 
Epoch: 28 | lr: 0.0010 | Training    loss is  0.1947, train acc:  93.57% | 
Epoch: 29 | lr: 0.0010 | Training    loss is  0.1919, train acc:  93.64% | 
Epoch: 30 | lr: 0.0010 | Training    loss is  0.1876, train acc:  93.79% | Validation   loss is  1.2113, valid acc:  66.04% | 
Epoch: 30 | lr: 0.0010 | Target adv. loss is  2.5944, fool  acc:   0.00% | Target orig. loss is  1.1703, orig. acc:   0.00% | 
Epoch: 31 | lr: 0.0010 | Training    loss is  0.1826, train acc:  93.91% | 
Epoch: 32 | lr: 0.0010 | Training    loss is  0.1795, train acc:  93.99% | 
Epoch: 33 | lr: 0.0010 | Training    loss is  0.1766, train acc:  94.14% | 
Epoch: 34 | lr: 0.0001 | Training    loss is  0.1728, train acc:  94.18% | 
Epoch: 35 | lr: 0.0001 | Training    loss is  0.1651, train acc:  94.51% | 
Epoch: 36 | lr: 0.0001 | Training    loss is  0.1638, train acc:  94.55% | 
Epoch: 37 | lr: 0.0001 | Training    loss is  0.1638, train acc:  94.62% | 
Epoch: 38 | lr: 0.0001 | Training    loss is  0.1618, train acc:  94.71% | 
Epoch: 39 | lr: 0.0001 | Training    loss is  0.1631, train acc:  94.60% | Validation   loss is  1.2320, valid acc:  66.38% | 
Epoch: 39 | lr: 0.0001 | Target adv. loss is  2.9831, fool  acc:   0.00% | Target orig. loss is  1.4421, orig. acc:   0.00% | 
2026-07-03 22:05:21 | INFO | benchmark.run | Updated benchmark CSV: /media02/ndthuc03/cm-purify-targeted-poisoning/benchmark/outputs/slurm_73353/benchmark_results.csv
2026-07-03 22:05:21 | INFO | benchmark.run | ================================================================================
2026-07-03 22:05:21 | INFO | benchmark.run | CASE 27/30: WB_c6 (WB)
2026-07-03 22:05:21 | INFO | benchmark.run | ================================================================================
2026-07-03 22:06:22 | INFO | benchmark.run | Materialized WB poisoned train | Images: 10000/50000 | 20.00% | 165.97 img/s | elapsed: 00:01:00 | eta: 00:04:01 | gpu: cpu
2026-07-03 22:07:22 | INFO | benchmark.run | Materialized WB poisoned train | Images: 20000/50000 | 40.00% | 166.77 img/s | elapsed: 00:01:59 | eta: 00:02:59 | gpu: cpu
2026-07-03 22:08:22 | INFO | benchmark.run | Materialized WB poisoned train | Images: 30000/50000 | 60.00% | 166.10 img/s | elapsed: 00:03:00 | eta: 00:02:00 | gpu: cpu
2026-07-03 22:09:23 | INFO | benchmark.run | Materialized WB poisoned train | Images: 40000/50000 | 80.00% | 165.72 img/s | elapsed: 00:04:01 | eta: 00:01:00 | gpu: cpu
2026-07-03 22:10:25 | INFO | benchmark.run | Materialized WB poisoned train | Images: 50000/50000 | 100.00% | 164.76 img/s | elapsed: 00:05:03 | eta: 00:00:00 | gpu: cpu
2026-07-03 22:10:35 | INFO | benchmark.run | Purified full train | Images: 1024/50000 | 2.05% | 132.97 img/s | elapsed: 00:00:07 | eta: 00:06:08 | gpu: 0.2/1.9 GB
2026-07-03 22:10:43 | INFO | benchmark.run | Purified full train | Images: 2048/50000 | 4.10% | 134.34 img/s | elapsed: 00:00:15 | eta: 00:05:56 | gpu: 0.2/1.9 GB
2026-07-03 22:10:51 | INFO | benchmark.run | Purified full train | Images: 3072/50000 | 6.14% | 132.43 img/s | elapsed: 00:00:23 | eta: 00:05:54 | gpu: 0.2/1.9 GB
2026-07-03 22:10:59 | INFO | benchmark.run | Purified full train | Images: 4096/50000 | 8.19% | 132.32 img/s | elapsed: 00:00:30 | eta: 00:05:46 | gpu: 0.2/1.9 GB
2026-07-03 22:11:07 | INFO | benchmark.run | Purified full train | Images: 5120/50000 | 10.24% | 131.15 img/s | elapsed: 00:00:39 | eta: 00:05:42 | gpu: 0.2/1.9 GB
2026-07-03 22:11:15 | INFO | benchmark.run | Purified full train | Images: 6144/50000 | 12.29% | 130.83 img/s | elapsed: 00:00:46 | eta: 00:05:35 | gpu: 0.2/1.9 GB
2026-07-03 22:11:22 | INFO | benchmark.run | Purified full train | Images: 7168/50000 | 14.34% | 130.99 img/s | elapsed: 00:00:54 | eta: 00:05:26 | gpu: 0.2/1.9 GB
2026-07-03 22:11:30 | INFO | benchmark.run | Purified full train | Images: 8192/50000 | 16.38% | 130.71 img/s | elapsed: 00:01:02 | eta: 00:05:19 | gpu: 0.2/1.9 GB
2026-07-03 22:11:38 | INFO | benchmark.run | Purified full train | Images: 9216/50000 | 18.43% | 130.79 img/s | elapsed: 00:01:10 | eta: 00:05:11 | gpu: 0.2/1.9 GB
2026-07-03 22:11:46 | INFO | benchmark.run | Purified full train | Images: 10240/50000 | 20.48% | 131.07 img/s | elapsed: 00:01:18 | eta: 00:05:03 | gpu: 0.2/1.9 GB
2026-07-03 22:11:53 | INFO | benchmark.run | Purified full train | Images: 11264/50000 | 22.53% | 131.22 img/s | elapsed: 00:01:25 | eta: 00:04:55 | gpu: 0.2/1.9 GB
2026-07-03 22:12:01 | INFO | benchmark.run | Purified full train | Images: 12288/50000 | 24.58% | 131.44 img/s | elapsed: 00:01:33 | eta: 00:04:46 | gpu: 0.2/1.9 GB
2026-07-03 22:12:09 | INFO | benchmark.run | Purified full train | Images: 13312/50000 | 26.62% | 131.46 img/s | elapsed: 00:01:41 | eta: 00:04:39 | gpu: 0.2/1.9 GB
2026-07-03 22:12:16 | INFO | benchmark.run | Purified full train | Images: 14336/50000 | 28.67% | 131.67 img/s | elapsed: 00:01:48 | eta: 00:04:30 | gpu: 0.2/1.9 GB
2026-07-03 22:12:24 | INFO | benchmark.run | Purified full train | Images: 15360/50000 | 30.72% | 131.84 img/s | elapsed: 00:01:56 | eta: 00:04:22 | gpu: 0.2/1.9 GB
2026-07-03 22:12:32 | INFO | benchmark.run | Purified full train | Images: 16384/50000 | 32.77% | 131.78 img/s | elapsed: 00:02:04 | eta: 00:04:15 | gpu: 0.2/1.9 GB
2026-07-03 22:12:40 | INFO | benchmark.run | Purified full train | Images: 17408/50000 | 34.82% | 131.89 img/s | elapsed: 00:02:11 | eta: 00:04:07 | gpu: 0.2/1.9 GB
2026-07-03 22:12:48 | INFO | benchmark.run | Purified full train | Images: 18432/50000 | 36.86% | 131.55 img/s | elapsed: 00:02:20 | eta: 00:03:59 | gpu: 0.2/1.9 GB
2026-07-03 22:12:55 | INFO | benchmark.run | Purified full train | Images: 19456/50000 | 38.91% | 131.56 img/s | elapsed: 00:02:27 | eta: 00:03:52 | gpu: 0.2/1.9 GB
2026-07-03 22:13:03 | INFO | benchmark.run | Purified full train | Images: 20480/50000 | 40.96% | 131.44 img/s | elapsed: 00:02:35 | eta: 00:03:44 | gpu: 0.2/1.9 GB
2026-07-03 22:13:11 | INFO | benchmark.run | Purified full train | Images: 21504/50000 | 43.01% | 131.44 img/s | elapsed: 00:02:43 | eta: 00:03:36 | gpu: 0.2/1.9 GB
2026-07-03 22:13:19 | INFO | benchmark.run | Purified full train | Images: 22528/50000 | 45.06% | 131.56 img/s | elapsed: 00:02:51 | eta: 00:03:28 | gpu: 0.2/1.9 GB
2026-07-03 22:13:26 | INFO | benchmark.run | Purified full train | Images: 23552/50000 | 47.10% | 131.90 img/s | elapsed: 00:02:58 | eta: 00:03:20 | gpu: 0.2/1.9 GB
2026-07-03 22:13:34 | INFO | benchmark.run | Purified full train | Images: 24576/50000 | 49.15% | 131.93 img/s | elapsed: 00:03:06 | eta: 00:03:12 | gpu: 0.2/1.9 GB
2026-07-03 22:13:42 | INFO | benchmark.run | Purified full train | Images: 25600/50000 | 51.20% | 131.76 img/s | elapsed: 00:03:14 | eta: 00:03:05 | gpu: 0.2/1.9 GB
2026-07-03 22:13:50 | INFO | benchmark.run | Purified full train | Images: 26624/50000 | 53.25% | 131.61 img/s | elapsed: 00:03:22 | eta: 00:02:57 | gpu: 0.2/1.9 GB
2026-07-03 22:13:58 | INFO | benchmark.run | Purified full train | Images: 27648/50000 | 55.30% | 131.63 img/s | elapsed: 00:03:30 | eta: 00:02:49 | gpu: 0.2/1.9 GB
2026-07-03 22:14:06 | INFO | benchmark.run | Purified full train | Images: 28672/50000 | 57.34% | 131.54 img/s | elapsed: 00:03:37 | eta: 00:02:42 | gpu: 0.2/1.9 GB
2026-07-03 22:14:13 | INFO | benchmark.run | Purified full train | Images: 29696/50000 | 59.39% | 131.45 img/s | elapsed: 00:03:45 | eta: 00:02:34 | gpu: 0.2/1.9 GB
2026-07-03 22:14:21 | INFO | benchmark.run | Purified full train | Images: 30720/50000 | 61.44% | 131.48 img/s | elapsed: 00:03:53 | eta: 00:02:26 | gpu: 0.2/1.9 GB
2026-07-03 22:14:29 | INFO | benchmark.run | Purified full train | Images: 31744/50000 | 63.49% | 131.51 img/s | elapsed: 00:04:01 | eta: 00:02:18 | gpu: 0.2/1.9 GB
2026-07-03 22:14:37 | INFO | benchmark.run | Purified full train | Images: 32768/50000 | 65.54% | 131.59 img/s | elapsed: 00:04:09 | eta: 00:02:10 | gpu: 0.2/1.9 GB
2026-07-03 22:14:44 | INFO | benchmark.run | Purified full train | Images: 33792/50000 | 67.58% | 131.54 img/s | elapsed: 00:04:16 | eta: 00:02:03 | gpu: 0.2/1.9 GB
2026-07-03 22:14:52 | INFO | benchmark.run | Purified full train | Images: 34816/50000 | 69.63% | 131.53 img/s | elapsed: 00:04:24 | eta: 00:01:55 | gpu: 0.2/1.9 GB
2026-07-03 22:15:00 | INFO | benchmark.run | Purified full train | Images: 35840/50000 | 71.68% | 131.41 img/s | elapsed: 00:04:32 | eta: 00:01:47 | gpu: 0.2/1.9 GB
2026-07-03 22:15:08 | INFO | benchmark.run | Purified full train | Images: 36864/50000 | 73.73% | 131.47 img/s | elapsed: 00:04:40 | eta: 00:01:39 | gpu: 0.2/1.9 GB
2026-07-03 22:15:16 | INFO | benchmark.run | Purified full train | Images: 37888/50000 | 75.78% | 131.45 img/s | elapsed: 00:04:48 | eta: 00:01:32 | gpu: 0.2/1.9 GB
2026-07-03 22:15:23 | INFO | benchmark.run | Purified full train | Images: 38912/50000 | 77.82% | 131.51 img/s | elapsed: 00:04:55 | eta: 00:01:24 | gpu: 0.2/1.9 GB
2026-07-03 22:15:31 | INFO | benchmark.run | Purified full train | Images: 39936/50000 | 79.87% | 131.49 img/s | elapsed: 00:05:03 | eta: 00:01:16 | gpu: 0.2/1.9 GB
2026-07-03 22:15:39 | INFO | benchmark.run | Purified full train | Images: 40960/50000 | 81.92% | 131.46 img/s | elapsed: 00:05:11 | eta: 00:01:08 | gpu: 0.2/1.9 GB
2026-07-03 22:15:47 | INFO | benchmark.run | Purified full train | Images: 41984/50000 | 83.97% | 131.46 img/s | elapsed: 00:05:19 | eta: 00:01:00 | gpu: 0.2/1.9 GB
2026-07-03 22:15:55 | INFO | benchmark.run | Purified full train | Images: 43008/50000 | 86.02% | 131.47 img/s | elapsed: 00:05:27 | eta: 00:00:53 | gpu: 0.2/1.9 GB
2026-07-03 22:16:04 | INFO | benchmark.run | Purified full train | Images: 44032/50000 | 88.06% | 130.69 img/s | elapsed: 00:05:36 | eta: 00:00:45 | gpu: 0.2/1.9 GB
2026-07-03 22:16:12 | INFO | benchmark.run | Purified full train | Images: 45056/50000 | 90.11% | 130.72 img/s | elapsed: 00:05:44 | eta: 00:00:37 | gpu: 0.2/1.9 GB
2026-07-03 22:16:20 | INFO | benchmark.run | Purified full train | Images: 46080/50000 | 92.16% | 130.76 img/s | elapsed: 00:05:52 | eta: 00:00:29 | gpu: 0.2/1.9 GB
2026-07-03 22:16:28 | INFO | benchmark.run | Purified full train | Images: 47104/50000 | 94.21% | 130.77 img/s | elapsed: 00:06:00 | eta: 00:00:22 | gpu: 0.2/1.9 GB
2026-07-03 22:16:35 | INFO | benchmark.run | Purified full train | Images: 48128/50000 | 96.26% | 130.88 img/s | elapsed: 00:06:07 | eta: 00:00:14 | gpu: 0.2/1.9 GB
2026-07-03 22:16:43 | INFO | benchmark.run | Purified full train | Images: 49152/50000 | 98.30% | 130.88 img/s | elapsed: 00:06:15 | eta: 00:00:06 | gpu: 0.2/1.9 GB
2026-07-03 22:16:49 | INFO | benchmark.run | Purified full train | Images: 50000/50000 | 100.00% | 130.95 img/s | elapsed: 00:06:21 | eta: 00:00:00 | gpu: 0.2/1.9 GB
2026-07-03 22:16:55 | INFO | benchmark.run | ================================================================================
2026-07-03 22:16:55 | INFO | benchmark.run | RETRAINING AND EVALUATING WB_c6...
2026-07-03 22:16:55 | INFO | benchmark.run | ================================================================================
Currently evaluating -------------------------------:
Friday, 03. July 2026 10:16PM
Namespace(net=['ResNet18'], dataset='CIFAR10', recipe='gradient-matching', threatmodel='single-class', poisonkey=None, modelkey=None, deterministic=False, eps=8.0, budget=0.01, targets=1, name='benchmark_WB_c6', table_path='/media02/ndthuc03/cm-purify-targeted-poisoning/benchmark/tables', poison_path='poisons/', data_path='/media02/ndthuc03/cm-purify-targeted-poisoning/dataset_generation/datasets', attackoptim='signAdam', attackiter=250, init='randn', tau=0.1, scheduling=True, target_criterion='cross-entropy', restarts=8, pbatch=512, pshuffle=False, paugment=True, data_aug='default', full_data=False, adversarial=0, ensemble=1, stagger=False, step=False, max_epoch=None, ablation=1.0, loss='similarity', centreg=0, normreg=0, repel=0, nadapt=2, clean_grad=False, vruns=1, vnet=None, retrain_from_init=False, pretrained=False, optimization='conservative', epochs=None, noaugment=False, gradient_noise=None, gradient_clip=None, lmdb_path=None, cache_dataset=False, benchmark='/media02/ndthuc03/cm-purify-targeted-poisoning/dataset_generation/configs/wb_benchmark_setups.pickle', benchmark_idx=20, dryrun=False, save=None, local_rank=None)
CPUs: 8, GPUs: 1 on gpu03.
GPU : NVIDIA A100-PCIE-40GB
ResNet18 model initialized with random key 1333388611.
Files already downloaded and verified
Data mean is [0.4914672374725342, 0.4822617471218109, 0.4467701315879822], 
Data std  is [0.24703224003314972, 0.24348513782024384, 0.26158785820007324].
Files already downloaded and verified
Data is loaded with 4 workers.
Poisoning setup generated for threat model single-class and budget of 1.0% - 500 images:
--Target images drawn from class cat with ids [2775].
--Target images assigned intended class frog.
--Poison images drawn from class frog.
2026-07-03 22:16:57 | INFO | benchmark.run | WB poisoned base-only delta build | Images: 500/500 | 100.00% | 929.84 img/s | elapsed: 00:00:00 | eta: 00:00:00 | gpu: cpu
ResNet18 model initialized with random key 2639381971.
Model reinitialized to random seed.
Epoch: 0  | lr: 0.1000 | Training    loss is  2.0754, train acc:  27.99% | Validation   loss is  1.5495, valid acc:  41.17% | 
Epoch: 0  | lr: 0.1000 | Target adv. loss is  2.5892, fool  acc:   0.00% | Target orig. loss is  1.0786, orig. acc:   0.00% | 
Epoch: 1  | lr: 0.1000 | Training    loss is  1.4878, train acc:  45.24% | 
Epoch: 2  | lr: 0.1000 | Training    loss is  1.2412, train acc:  55.11% | 
Epoch: 3  | lr: 0.1000 | Training    loss is  1.0166, train acc:  63.89% | 
Epoch: 4  | lr: 0.1000 | Training    loss is  0.8210, train acc:  71.06% | 
Epoch: 5  | lr: 0.1000 | Training    loss is  0.6852, train acc:  75.98% | 
Epoch: 6  | lr: 0.1000 | Training    loss is  0.6164, train acc:  78.60% | 
Epoch: 7  | lr: 0.1000 | Training    loss is  0.5670, train acc:  80.50% | 
Epoch: 8  | lr: 0.1000 | Training    loss is  0.5411, train acc:  81.40% | 
Epoch: 9  | lr: 0.1000 | Training    loss is  0.5134, train acc:  82.15% | 
Epoch: 10 | lr: 0.1000 | Training    loss is  0.4941, train acc:  83.05% | Validation   loss is  0.6301, valid acc:  78.56% | 
Epoch: 10 | lr: 0.1000 | Target adv. loss is  3.5624, fool  acc:   0.00% | Target orig. loss is  0.1140, orig. acc: 100.00% | 
Epoch: 11 | lr: 0.1000 | Training    loss is  0.4736, train acc:  83.78% | 
Epoch: 12 | lr: 0.1000 | Training    loss is  0.4627, train acc:  84.12% | 
Epoch: 13 | lr: 0.0100 | Training    loss is  0.4464, train acc:  84.68% | 
Epoch: 14 | lr: 0.0100 | Training    loss is  0.2917, train acc:  90.07% | 
Epoch: 15 | lr: 0.0100 | Training    loss is  0.2372, train acc:  91.93% | 
Epoch: 16 | lr: 0.0100 | Training    loss is  0.2144, train acc:  92.68% | 
Epoch: 17 | lr: 0.0100 | Training    loss is  0.1958, train acc:  93.32% | 
Epoch: 18 | lr: 0.0100 | Training    loss is  0.1846, train acc:  93.73% | 
Epoch: 19 | lr: 0.0100 | Training    loss is  0.1723, train acc:  94.22% | 
Epoch: 20 | lr: 0.0100 | Training    loss is  0.1614, train acc:  94.54% | Validation   loss is  0.3045, valid acc:  90.33% | 
Epoch: 20 | lr: 0.0100 | Target adv. loss is  0.5411, fool  acc: 100.00% | Target orig. loss is  1.3856, orig. acc:   0.00% | 
Epoch: 21 | lr: 0.0100 | Training    loss is  0.1515, train acc:  95.02% | 
Epoch: 22 | lr: 0.0100 | Training    loss is  0.1414, train acc:  95.08% | 
Epoch: 23 | lr: 0.0010 | Training    loss is  0.1326, train acc:  95.51% | 
Epoch: 24 | lr: 0.0010 | Training    loss is  0.1036, train acc:  96.59% | 
Epoch: 25 | lr: 0.0010 | Training    loss is  0.0943, train acc:  96.96% | 
Epoch: 26 | lr: 0.0010 | Training    loss is  0.0893, train acc:  97.10% | 
Epoch: 27 | lr: 0.0010 | Training    loss is  0.0819, train acc:  97.38% | 
Epoch: 28 | lr: 0.0010 | Training    loss is  0.0813, train acc:  97.34% | 
Epoch: 29 | lr: 0.0010 | Training    loss is  0.0782, train acc:  97.49% | 
Epoch: 30 | lr: 0.0010 | Training    loss is  0.0738, train acc:  97.62% | Validation   loss is  0.2624, valid acc:  91.86% | 
Epoch: 30 | lr: 0.0010 | Target adv. loss is  1.1996, fool  acc:   0.00% | Target orig. loss is  2.1126, orig. acc:   0.00% | 
Epoch: 31 | lr: 0.0010 | Training    loss is  0.0703, train acc:  97.73% | 
Epoch: 32 | lr: 0.0010 | Training    loss is  0.0695, train acc:  97.81% | 
Epoch: 33 | lr: 0.0010 | Training    loss is  0.0681, train acc:  97.84% | 
Epoch: 34 | lr: 0.0001 | Training    loss is  0.0678, train acc:  97.88% | 
Epoch: 35 | lr: 0.0001 | Training    loss is  0.0614, train acc:  98.07% | 
Epoch: 36 | lr: 0.0001 | Training    loss is  0.0604, train acc:  98.18% | 
Epoch: 37 | lr: 0.0001 | Training    loss is  0.0615, train acc:  98.05% | 
Epoch: 38 | lr: 0.0001 | Training    loss is  0.0614, train acc:  98.06% | 
Epoch: 39 | lr: 0.0001 | Training    loss is  0.0607, train acc:  98.16% | Validation   loss is  0.2649, valid acc:  91.81% | 
Epoch: 39 | lr: 0.0001 | Target adv. loss is  2.2114, fool  acc:   0.00% | Target orig. loss is  3.0397, orig. acc:   0.00% | 
Currently evaluating -------------------------------:
Friday, 03. July 2026 10:26PM
Namespace(net=['ResNet18'], dataset='CIFAR10', recipe='gradient-matching', threatmodel='single-class', poisonkey=None, modelkey=None, deterministic=False, eps=8.0, budget=0.01, targets=1, name='benchmark_WB_c6', table_path='/media02/ndthuc03/cm-purify-targeted-poisoning/benchmark/tables', poison_path='poisons/', data_path='/media02/ndthuc03/cm-purify-targeted-poisoning/dataset_generation/datasets', attackoptim='signAdam', attackiter=250, init='randn', tau=0.1, scheduling=True, target_criterion='cross-entropy', restarts=8, pbatch=512, pshuffle=False, paugment=True, data_aug='default', full_data=False, adversarial=0, ensemble=1, stagger=False, step=False, max_epoch=None, ablation=1.0, loss='similarity', centreg=0, normreg=0, repel=0, nadapt=2, clean_grad=False, vruns=1, vnet=None, retrain_from_init=False, pretrained=False, optimization='conservative', epochs=None, noaugment=False, gradient_noise=None, gradient_clip=None, lmdb_path=None, cache_dataset=False, benchmark='/media02/ndthuc03/cm-purify-targeted-poisoning/dataset_generation/configs/wb_benchmark_setups.pickle', benchmark_idx=20, dryrun=False, save=None, local_rank=None)
CPUs: 8, GPUs: 1 on gpu03.
GPU : NVIDIA A100-PCIE-40GB
ResNet18 model initialized with random key 1058019005.
Files already downloaded and verified
Data mean is [0.4914672374725342, 0.4822617471218109, 0.4467701315879822], 
Data std  is [0.24703224003314972, 0.24348513782024384, 0.26158785820007324].
Files already downloaded and verified
Data is loaded with 4 workers.
Poisoning setup generated for threat model single-class and budget of 1.0% - 500 images:
--Target images drawn from class cat with ids [2775].
--Target images assigned intended class frog.
--Poison images drawn from class frog.
2026-07-03 22:26:36 | INFO | benchmark.run | WB purified full-train delta build | Images: 10000/50000 | 20.00% | 777.30 img/s | elapsed: 00:00:12 | eta: 00:00:51 | gpu: cpu
2026-07-03 22:26:49 | INFO | benchmark.run | WB purified full-train delta build | Images: 20000/50000 | 40.00% | 772.44 img/s | elapsed: 00:00:25 | eta: 00:00:38 | gpu: cpu
2026-07-03 22:27:02 | INFO | benchmark.run | WB purified full-train delta build | Images: 30000/50000 | 60.00% | 774.64 img/s | elapsed: 00:00:38 | eta: 00:00:25 | gpu: cpu
2026-07-03 22:27:14 | INFO | benchmark.run | WB purified full-train delta build | Images: 40000/50000 | 80.00% | 775.55 img/s | elapsed: 00:00:51 | eta: 00:00:12 | gpu: cpu
2026-07-03 22:27:27 | INFO | benchmark.run | WB purified full-train delta build | Images: 50000/50000 | 100.00% | 777.34 img/s | elapsed: 00:01:04 | eta: 00:00:00 | gpu: cpu
ResNet18 model initialized with random key 3621337791.
Model reinitialized to random seed.
Epoch: 0  | lr: 0.1000 | Training    loss is  1.9370, train acc:  33.38% | Validation   loss is  1.5390, valid acc:  43.46% | 
Epoch: 0  | lr: 0.1000 | Target adv. loss is  2.7483, fool  acc:   0.00% | Target orig. loss is  2.2006, orig. acc:   0.00% | 
Epoch: 1  | lr: 0.1000 | Training    loss is  1.3929, train acc:  48.74% | 
Epoch: 2  | lr: 0.1000 | Training    loss is  1.1474, train acc:  58.77% | 
Epoch: 3  | lr: 0.1000 | Training    loss is  0.9101, train acc:  68.01% | 
Epoch: 4  | lr: 0.1000 | Training    loss is  0.7446, train acc:  74.49% | 
Epoch: 5  | lr: 0.1000 | Training    loss is  0.6504, train acc:  78.01% | 
Epoch: 6  | lr: 0.1000 | Training    loss is  0.6055, train acc:  79.50% | 
Epoch: 7  | lr: 0.1000 | Training    loss is  0.5774, train acc:  80.61% | 
Epoch: 8  | lr: 0.1000 | Training    loss is  0.5559, train acc:  81.34% | 
Epoch: 9  | lr: 0.1000 | Training    loss is  0.5535, train acc:  81.41% | 
Epoch: 10 | lr: 0.1000 | Training    loss is  0.5369, train acc:  82.11% | Validation   loss is  3.1379, valid acc:  33.57% | 
Epoch: 10 | lr: 0.1000 | Target adv. loss is  0.7186, fool  acc: 100.00% | Target orig. loss is  1.2174, orig. acc:   0.00% | 
Epoch: 11 | lr: 0.1000 | Training    loss is  0.5260, train acc:  82.13% | 
Epoch: 12 | lr: 0.1000 | Training    loss is  0.5215, train acc:  82.68% | 
Epoch: 13 | lr: 0.0100 | Training    loss is  0.5113, train acc:  82.96% | 
Epoch: 14 | lr: 0.0100 | Training    loss is  0.3936, train acc:  86.92% | 
Epoch: 15 | lr: 0.0100 | Training    loss is  0.3535, train acc:  88.26% | 
Epoch: 16 | lr: 0.0100 | Training    loss is  0.3334, train acc:  88.90% | 
Epoch: 17 | lr: 0.0100 | Training    loss is  0.3240, train acc:  89.19% | 
Epoch: 18 | lr: 0.0100 | Training    loss is  0.3129, train acc:  89.58% | 
Epoch: 19 | lr: 0.0100 | Training    loss is  0.3038, train acc:  89.88% | 
Epoch: 20 | lr: 0.0100 | Training    loss is  0.2904, train acc:  90.26% | Validation   loss is  0.9140, valid acc:  69.24% | 
Epoch: 20 | lr: 0.0100 | Target adv. loss is  3.3512, fool  acc:   0.00% | Target orig. loss is  3.2356, orig. acc:   0.00% | 
Epoch: 21 | lr: 0.0100 | Training    loss is  0.2823, train acc:  90.42% | 
Epoch: 22 | lr: 0.0100 | Training    loss is  0.2725, train acc:  90.86% | 
Epoch: 23 | lr: 0.0010 | Training    loss is  0.2657, train acc:  91.01% | 
Epoch: 24 | lr: 0.0010 | Training    loss is  0.2295, train acc:  92.43% | 
Epoch: 25 | lr: 0.0010 | Training    loss is  0.2157, train acc:  92.94% | 
Epoch: 26 | lr: 0.0010 | Training    loss is  0.2105, train acc:  92.94% | 
Epoch: 27 | lr: 0.0010 | Training    loss is  0.2038, train acc:  93.28% | 
Epoch: 28 | lr: 0.0010 | Training    loss is  0.2004, train acc:  93.35% | 
Epoch: 29 | lr: 0.0010 | Training    loss is  0.1966, train acc:  93.41% | 
Epoch: 30 | lr: 0.0010 | Training    loss is  0.1902, train acc:  93.79% | Validation   loss is  0.9514, valid acc:  69.87% | 
Epoch: 30 | lr: 0.0010 | Target adv. loss is  4.7722, fool  acc:   0.00% | Target orig. loss is  2.8898, orig. acc:   0.00% | 
Epoch: 31 | lr: 0.0010 | Training    loss is  0.1868, train acc:  93.88% | 
Epoch: 32 | lr: 0.0010 | Training    loss is  0.1845, train acc:  93.92% | 
Epoch: 33 | lr: 0.0010 | Training    loss is  0.1827, train acc:  93.94% | 
Epoch: 34 | lr: 0.0001 | Training    loss is  0.1746, train acc:  94.23% | 
Epoch: 35 | lr: 0.0001 | Training    loss is  0.1687, train acc:  94.45% | 
Epoch: 36 | lr: 0.0001 | Training    loss is  0.1697, train acc:  94.41% | 
Epoch: 37 | lr: 0.0001 | Training    loss is  0.1656, train acc:  94.56% | 
Epoch: 38 | lr: 0.0001 | Training    loss is  0.1662, train acc:  94.57% | 
Epoch: 39 | lr: 0.0001 | Training    loss is  0.1653, train acc:  94.57% | Validation   loss is  1.0118, valid acc:  69.28% | 
Epoch: 39 | lr: 0.0001 | Target adv. loss is  5.4134, fool  acc:   0.00% | Target orig. loss is  3.3879, orig. acc:   0.00% | 
2026-07-03 22:37:40 | INFO | benchmark.run | Updated benchmark CSV: /media02/ndthuc03/cm-purify-targeted-poisoning/benchmark/outputs/slurm_73353/benchmark_results.csv
2026-07-03 22:37:40 | INFO | benchmark.run | ================================================================================
2026-07-03 22:37:40 | INFO | benchmark.run | CASE 28/30: WB_c7 (WB)
2026-07-03 22:37:40 | INFO | benchmark.run | ================================================================================
2026-07-03 22:38:44 | INFO | benchmark.run | Materialized WB poisoned train | Images: 10000/50000 | 20.00% | 158.99 img/s | elapsed: 00:01:02 | eta: 00:04:11 | gpu: cpu
2026-07-03 22:39:46 | INFO | benchmark.run | Materialized WB poisoned train | Images: 20000/50000 | 40.00% | 159.78 img/s | elapsed: 00:02:05 | eta: 00:03:07 | gpu: cpu
2026-07-03 22:40:45 | INFO | benchmark.run | Materialized WB poisoned train | Images: 30000/50000 | 60.00% | 162.98 img/s | elapsed: 00:03:04 | eta: 00:02:02 | gpu: cpu
2026-07-03 22:42:01 | INFO | benchmark.run | Materialized WB poisoned train | Images: 40000/50000 | 80.00% | 153.83 img/s | elapsed: 00:04:20 | eta: 00:01:05 | gpu: cpu
2026-07-03 22:43:02 | INFO | benchmark.run | Materialized WB poisoned train | Images: 50000/50000 | 100.00% | 155.65 img/s | elapsed: 00:05:21 | eta: 00:00:00 | gpu: cpu
2026-07-03 22:43:13 | INFO | benchmark.run | Purified full train | Images: 1024/50000 | 2.05% | 129.88 img/s | elapsed: 00:00:07 | eta: 00:06:17 | gpu: 0.2/1.9 GB
2026-07-03 22:43:21 | INFO | benchmark.run | Purified full train | Images: 2048/50000 | 4.10% | 127.81 img/s | elapsed: 00:00:16 | eta: 00:06:15 | gpu: 0.2/1.9 GB
2026-07-03 22:43:29 | INFO | benchmark.run | Purified full train | Images: 3072/50000 | 6.14% | 128.96 img/s | elapsed: 00:00:23 | eta: 00:06:03 | gpu: 0.2/1.9 GB
2026-07-03 22:43:37 | INFO | benchmark.run | Purified full train | Images: 4096/50000 | 8.19% | 128.78 img/s | elapsed: 00:00:31 | eta: 00:05:56 | gpu: 0.2/1.9 GB
2026-07-03 22:43:44 | INFO | benchmark.run | Purified full train | Images: 5120/50000 | 10.24% | 129.73 img/s | elapsed: 00:00:39 | eta: 00:05:45 | gpu: 0.2/1.9 GB
2026-07-03 22:44:01 | INFO | benchmark.run | Purified full train | Images: 6144/50000 | 12.29% | 108.95 img/s | elapsed: 00:00:56 | eta: 00:06:42 | gpu: 0.2/1.9 GB
2026-07-03 22:44:09 | INFO | benchmark.run | Purified full train | Images: 7168/50000 | 14.34% | 111.63 img/s | elapsed: 00:01:04 | eta: 00:06:23 | gpu: 0.2/1.9 GB
2026-07-03 22:44:17 | INFO | benchmark.run | Purified full train | Images: 8192/50000 | 16.38% | 113.82 img/s | elapsed: 00:01:11 | eta: 00:06:07 | gpu: 0.2/1.9 GB
2026-07-03 22:44:24 | INFO | benchmark.run | Purified full train | Images: 9216/50000 | 18.43% | 115.68 img/s | elapsed: 00:01:19 | eta: 00:05:52 | gpu: 0.2/1.9 GB
2026-07-03 22:44:32 | INFO | benchmark.run | Purified full train | Images: 10240/50000 | 20.48% | 117.09 img/s | elapsed: 00:01:27 | eta: 00:05:39 | gpu: 0.2/1.9 GB
2026-07-03 22:44:40 | INFO | benchmark.run | Purified full train | Images: 11264/50000 | 22.53% | 118.33 img/s | elapsed: 00:01:35 | eta: 00:05:27 | gpu: 0.2/1.9 GB
2026-07-03 22:44:48 | INFO | benchmark.run | Purified full train | Images: 12288/50000 | 24.58% | 118.91 img/s | elapsed: 00:01:43 | eta: 00:05:17 | gpu: 0.2/1.9 GB
2026-07-03 22:44:56 | INFO | benchmark.run | Purified full train | Images: 13312/50000 | 26.62% | 119.48 img/s | elapsed: 00:01:51 | eta: 00:05:07 | gpu: 0.2/1.9 GB
2026-07-03 22:45:04 | INFO | benchmark.run | Purified full train | Images: 14336/50000 | 28.67% | 119.92 img/s | elapsed: 00:01:59 | eta: 00:04:57 | gpu: 0.2/1.9 GB
2026-07-03 22:45:12 | INFO | benchmark.run | Purified full train | Images: 15360/50000 | 30.72% | 120.27 img/s | elapsed: 00:02:07 | eta: 00:04:48 | gpu: 0.2/1.9 GB
2026-07-03 22:45:20 | INFO | benchmark.run | Purified full train | Images: 16384/50000 | 32.77% | 120.69 img/s | elapsed: 00:02:15 | eta: 00:04:38 | gpu: 0.2/1.9 GB
2026-07-03 22:45:28 | INFO | benchmark.run | Purified full train | Images: 17408/50000 | 34.82% | 121.25 img/s | elapsed: 00:02:23 | eta: 00:04:28 | gpu: 0.2/1.9 GB
2026-07-03 22:45:36 | INFO | benchmark.run | Purified full train | Images: 18432/50000 | 36.86% | 121.69 img/s | elapsed: 00:02:31 | eta: 00:04:19 | gpu: 0.2/1.9 GB
2026-07-03 22:45:44 | INFO | benchmark.run | Purified full train | Images: 19456/50000 | 38.91% | 122.03 img/s | elapsed: 00:02:39 | eta: 00:04:10 | gpu: 0.2/1.9 GB
2026-07-03 22:45:52 | INFO | benchmark.run | Purified full train | Images: 20480/50000 | 40.96% | 122.30 img/s | elapsed: 00:02:47 | eta: 00:04:01 | gpu: 0.2/1.9 GB
2026-07-03 22:46:00 | INFO | benchmark.run | Purified full train | Images: 21504/50000 | 43.01% | 122.68 img/s | elapsed: 00:02:55 | eta: 00:03:52 | gpu: 0.2/1.9 GB
2026-07-03 22:46:08 | INFO | benchmark.run | Purified full train | Images: 22528/50000 | 45.06% | 122.80 img/s | elapsed: 00:03:03 | eta: 00:03:43 | gpu: 0.2/1.9 GB
2026-07-03 22:46:16 | INFO | benchmark.run | Purified full train | Images: 23552/50000 | 47.10% | 123.14 img/s | elapsed: 00:03:11 | eta: 00:03:34 | gpu: 0.2/1.9 GB
2026-07-03 22:46:24 | INFO | benchmark.run | Purified full train | Images: 24576/50000 | 49.15% | 123.47 img/s | elapsed: 00:03:19 | eta: 00:03:25 | gpu: 0.2/1.9 GB
2026-07-03 22:46:34 | INFO | benchmark.run | Purified full train | Images: 25600/50000 | 51.20% | 122.46 img/s | elapsed: 00:03:29 | eta: 00:03:19 | gpu: 0.2/1.9 GB
2026-07-03 22:46:41 | INFO | benchmark.run | Purified full train | Images: 26624/50000 | 53.25% | 122.85 img/s | elapsed: 00:03:36 | eta: 00:03:10 | gpu: 0.2/1.9 GB
2026-07-03 22:46:49 | INFO | benchmark.run | Purified full train | Images: 27648/50000 | 55.30% | 123.18 img/s | elapsed: 00:03:44 | eta: 00:03:01 | gpu: 0.2/1.9 GB
2026-07-03 22:46:57 | INFO | benchmark.run | Purified full train | Images: 28672/50000 | 57.34% | 123.42 img/s | elapsed: 00:03:52 | eta: 00:02:52 | gpu: 0.2/1.9 GB
2026-07-03 22:47:05 | INFO | benchmark.run | Purified full train | Images: 29696/50000 | 59.39% | 123.62 img/s | elapsed: 00:04:00 | eta: 00:02:44 | gpu: 0.2/1.9 GB
2026-07-03 22:47:13 | INFO | benchmark.run | Purified full train | Images: 30720/50000 | 61.44% | 123.81 img/s | elapsed: 00:04:08 | eta: 00:02:35 | gpu: 0.2/1.9 GB
2026-07-03 22:47:21 | INFO | benchmark.run | Purified full train | Images: 31744/50000 | 63.49% | 123.92 img/s | elapsed: 00:04:16 | eta: 00:02:27 | gpu: 0.2/1.9 GB
2026-07-03 22:47:29 | INFO | benchmark.run | Purified full train | Images: 32768/50000 | 65.54% | 124.13 img/s | elapsed: 00:04:23 | eta: 00:02:18 | gpu: 0.2/1.9 GB
2026-07-03 22:47:36 | INFO | benchmark.run | Purified full train | Images: 33792/50000 | 67.58% | 124.40 img/s | elapsed: 00:04:31 | eta: 00:02:10 | gpu: 0.2/1.9 GB
2026-07-03 22:47:44 | INFO | benchmark.run | Purified full train | Images: 34816/50000 | 69.63% | 124.69 img/s | elapsed: 00:04:39 | eta: 00:02:01 | gpu: 0.2/1.9 GB
2026-07-03 22:47:52 | INFO | benchmark.run | Purified full train | Images: 35840/50000 | 71.68% | 124.90 img/s | elapsed: 00:04:46 | eta: 00:01:53 | gpu: 0.2/1.9 GB
2026-07-03 22:48:00 | INFO | benchmark.run | Purified full train | Images: 36864/50000 | 73.73% | 124.99 img/s | elapsed: 00:04:54 | eta: 00:01:45 | gpu: 0.2/1.9 GB
2026-07-03 22:48:08 | INFO | benchmark.run | Purified full train | Images: 37888/50000 | 75.78% | 125.07 img/s | elapsed: 00:05:02 | eta: 00:01:36 | gpu: 0.2/1.9 GB
2026-07-03 22:48:16 | INFO | benchmark.run | Purified full train | Images: 38912/50000 | 77.82% | 125.16 img/s | elapsed: 00:05:10 | eta: 00:01:28 | gpu: 0.2/1.9 GB
2026-07-03 22:48:23 | INFO | benchmark.run | Purified full train | Images: 39936/50000 | 79.87% | 125.32 img/s | elapsed: 00:05:18 | eta: 00:01:20 | gpu: 0.2/1.9 GB
2026-07-03 22:48:31 | INFO | benchmark.run | Purified full train | Images: 40960/50000 | 81.92% | 125.46 img/s | elapsed: 00:05:26 | eta: 00:01:12 | gpu: 0.2/1.9 GB
2026-07-03 22:48:39 | INFO | benchmark.run | Purified full train | Images: 41984/50000 | 83.97% | 125.46 img/s | elapsed: 00:05:34 | eta: 00:01:03 | gpu: 0.2/1.9 GB
2026-07-03 22:48:47 | INFO | benchmark.run | Purified full train | Images: 43008/50000 | 86.02% | 125.51 img/s | elapsed: 00:05:42 | eta: 00:00:55 | gpu: 0.2/1.9 GB
2026-07-03 22:48:55 | INFO | benchmark.run | Purified full train | Images: 44032/50000 | 88.06% | 125.52 img/s | elapsed: 00:05:50 | eta: 00:00:47 | gpu: 0.2/1.9 GB
2026-07-03 22:49:03 | INFO | benchmark.run | Purified full train | Images: 45056/50000 | 90.11% | 125.67 img/s | elapsed: 00:05:58 | eta: 00:00:39 | gpu: 0.2/1.9 GB
2026-07-03 22:49:11 | INFO | benchmark.run | Purified full train | Images: 46080/50000 | 92.16% | 125.82 img/s | elapsed: 00:06:06 | eta: 00:00:31 | gpu: 0.2/1.9 GB
2026-07-03 22:49:19 | INFO | benchmark.run | Purified full train | Images: 47104/50000 | 94.21% | 125.85 img/s | elapsed: 00:06:14 | eta: 00:00:23 | gpu: 0.2/1.9 GB
2026-07-03 22:49:27 | INFO | benchmark.run | Purified full train | Images: 48128/50000 | 96.26% | 125.97 img/s | elapsed: 00:06:22 | eta: 00:00:14 | gpu: 0.2/1.9 GB
2026-07-03 22:49:34 | INFO | benchmark.run | Purified full train | Images: 49152/50000 | 98.30% | 126.11 img/s | elapsed: 00:06:29 | eta: 00:00:06 | gpu: 0.2/1.9 GB
2026-07-03 22:49:41 | INFO | benchmark.run | Purified full train | Images: 50000/50000 | 100.00% | 126.19 img/s | elapsed: 00:06:36 | eta: 00:00:00 | gpu: 0.2/1.9 GB
2026-07-03 22:49:46 | INFO | benchmark.run | ================================================================================
2026-07-03 22:49:46 | INFO | benchmark.run | RETRAINING AND EVALUATING WB_c7...
2026-07-03 22:49:46 | INFO | benchmark.run | ================================================================================
Currently evaluating -------------------------------:
Friday, 03. July 2026 10:49PM
Namespace(net=['ResNet18'], dataset='CIFAR10', recipe='gradient-matching', threatmodel='single-class', poisonkey=None, modelkey=None, deterministic=False, eps=8.0, budget=0.01, targets=1, name='benchmark_WB_c7', table_path='/media02/ndthuc03/cm-purify-targeted-poisoning/benchmark/tables', poison_path='poisons/', data_path='/media02/ndthuc03/cm-purify-targeted-poisoning/dataset_generation/datasets', attackoptim='signAdam', attackiter=250, init='randn', tau=0.1, scheduling=True, target_criterion='cross-entropy', restarts=8, pbatch=512, pshuffle=False, paugment=True, data_aug='default', full_data=False, adversarial=0, ensemble=1, stagger=False, step=False, max_epoch=None, ablation=1.0, loss='similarity', centreg=0, normreg=0, repel=0, nadapt=2, clean_grad=False, vruns=1, vnet=None, retrain_from_init=False, pretrained=False, optimization='conservative', epochs=None, noaugment=False, gradient_noise=None, gradient_clip=None, lmdb_path=None, cache_dataset=False, benchmark='/media02/ndthuc03/cm-purify-targeted-poisoning/dataset_generation/configs/wb_benchmark_setups.pickle', benchmark_idx=23, dryrun=False, save=None, local_rank=None)
CPUs: 8, GPUs: 1 on gpu03.
GPU : NVIDIA A100-PCIE-40GB
ResNet18 model initialized with random key 24772578.
Files already downloaded and verified
Data mean is [0.4914672374725342, 0.4822617471218109, 0.4467701315879822], 
Data std  is [0.24703224003314972, 0.24348513782024384, 0.26158785820007324].
Files already downloaded and verified
Data is loaded with 4 workers.
Poisoning setup generated for threat model single-class and budget of 1.0% - 500 images:
--Target images drawn from class deer with ids [2577].
--Target images assigned intended class horse.
--Poison images drawn from class horse.
2026-07-03 22:49:48 | INFO | benchmark.run | WB poisoned base-only delta build | Images: 500/500 | 100.00% | 887.52 img/s | elapsed: 00:00:00 | eta: 00:00:00 | gpu: cpu
ResNet18 model initialized with random key 3750626457.
Model reinitialized to random seed.
Epoch: 0  | lr: 0.1000 | Training    loss is  1.9276, train acc:  31.83% | Validation   loss is  1.5285, valid acc:  43.19% | 
Epoch: 0  | lr: 0.1000 | Target adv. loss is  3.1465, fool  acc:   0.00% | Target orig. loss is  2.4298, orig. acc:   0.00% | 
Epoch: 1  | lr: 0.1000 | Training    loss is  1.4635, train acc:  46.44% | 
Epoch: 2  | lr: 0.1000 | Training    loss is  1.2263, train acc:  55.88% | 
Epoch: 3  | lr: 0.1000 | Training    loss is  1.0070, train acc:  64.20% | 
Epoch: 4  | lr: 0.1000 | Training    loss is  0.8369, train acc:  70.42% | 
Epoch: 5  | lr: 0.1000 | Training    loss is  0.7039, train acc:  75.38% | 
Epoch: 6  | lr: 0.1000 | Training    loss is  0.6258, train acc:  78.04% | 
Epoch: 7  | lr: 0.1000 | Training    loss is  0.5735, train acc:  80.26% | 
Epoch: 8  | lr: 0.1000 | Training    loss is  0.5406, train acc:  81.35% | 
Epoch: 9  | lr: 0.1000 | Training    loss is  0.5117, train acc:  82.34% | 
Epoch: 10 | lr: 0.1000 | Training    loss is  0.4935, train acc:  83.12% | Validation   loss is  0.5580, valid acc:  81.21% | 
Epoch: 10 | lr: 0.1000 | Target adv. loss is  4.9162, fool  acc:   0.00% | Target orig. loss is  0.0159, orig. acc: 100.00% | 
Epoch: 11 | lr: 0.1000 | Training    loss is  0.4708, train acc:  83.78% | 
Epoch: 12 | lr: 0.1000 | Training    loss is  0.4605, train acc:  84.15% | 
Epoch: 13 | lr: 0.0100 | Training    loss is  0.4455, train acc:  84.71% | 
Epoch: 14 | lr: 0.0100 | Training    loss is  0.2895, train acc:  90.18% | 
Epoch: 15 | lr: 0.0100 | Training    loss is  0.2352, train acc:  91.94% | 
Epoch: 16 | lr: 0.0100 | Training    loss is  0.2104, train acc:  92.89% | 
Epoch: 17 | lr: 0.0100 | Training    loss is  0.1945, train acc:  93.34% | 
Epoch: 18 | lr: 0.0100 | Training    loss is  0.1812, train acc:  93.80% | 
Epoch: 19 | lr: 0.0100 | Training    loss is  0.1676, train acc:  94.28% | 
Epoch: 20 | lr: 0.0100 | Training    loss is  0.1558, train acc:  94.60% | Validation   loss is  0.3025, valid acc:  90.25% | 
Epoch: 20 | lr: 0.0100 | Target adv. loss is  0.0835, fool  acc: 100.00% | Target orig. loss is  2.5542, orig. acc:   0.00% | 
Epoch: 21 | lr: 0.0100 | Training    loss is  0.1443, train acc:  95.07% | 
Epoch: 22 | lr: 0.0100 | Training    loss is  0.1375, train acc:  95.30% | 
Epoch: 23 | lr: 0.0010 | Training    loss is  0.1296, train acc:  95.67% | 
Epoch: 24 | lr: 0.0010 | Training    loss is  0.0996, train acc:  96.74% | 
Epoch: 25 | lr: 0.0010 | Training    loss is  0.0898, train acc:  97.03% | 
Epoch: 26 | lr: 0.0010 | Training    loss is  0.0816, train acc:  97.41% | 
Epoch: 27 | lr: 0.0010 | Training    loss is  0.0811, train acc:  97.43% | 
Epoch: 28 | lr: 0.0010 | Training    loss is  0.0762, train acc:  97.57% | 
Epoch: 29 | lr: 0.0010 | Training    loss is  0.0740, train acc:  97.72% | 
Epoch: 30 | lr: 0.0010 | Training    loss is  0.0718, train acc:  97.70% | Validation   loss is  0.2579, valid acc:  91.90% | 
Epoch: 30 | lr: 0.0010 | Target adv. loss is  0.0178, fool  acc: 100.00% | Target orig. loss is  4.0584, orig. acc:   0.00% | 
Epoch: 31 | lr: 0.0010 | Training    loss is  0.0690, train acc:  97.82% | 
Epoch: 32 | lr: 0.0010 | Training    loss is  0.0674, train acc:  97.88% | 
Epoch: 33 | lr: 0.0010 | Training    loss is  0.0670, train acc:  97.92% | 
Epoch: 34 | lr: 0.0001 | Training    loss is  0.0634, train acc:  98.03% | 
Epoch: 35 | lr: 0.0001 | Training    loss is  0.0600, train acc:  98.26% | 
Epoch: 36 | lr: 0.0001 | Training    loss is  0.0592, train acc:  98.22% | 
Epoch: 37 | lr: 0.0001 | Training    loss is  0.0595, train acc:  98.16% | 
Epoch: 38 | lr: 0.0001 | Training    loss is  0.0581, train acc:  98.19% | 
Epoch: 39 | lr: 0.0001 | Training    loss is  0.0579, train acc:  98.23% | Validation   loss is  0.2626, valid acc:  92.07% | 
Epoch: 39 | lr: 0.0001 | Target adv. loss is  0.0077, fool  acc: 100.00% | Target orig. loss is  4.8970, orig. acc:   0.00% | 
Currently evaluating -------------------------------:
Friday, 03. July 2026 10:59PM
Namespace(net=['ResNet18'], dataset='CIFAR10', recipe='gradient-matching', threatmodel='single-class', poisonkey=None, modelkey=None, deterministic=False, eps=8.0, budget=0.01, targets=1, name='benchmark_WB_c7', table_path='/media02/ndthuc03/cm-purify-targeted-poisoning/benchmark/tables', poison_path='poisons/', data_path='/media02/ndthuc03/cm-purify-targeted-poisoning/dataset_generation/datasets', attackoptim='signAdam', attackiter=250, init='randn', tau=0.1, scheduling=True, target_criterion='cross-entropy', restarts=8, pbatch=512, pshuffle=False, paugment=True, data_aug='default', full_data=False, adversarial=0, ensemble=1, stagger=False, step=False, max_epoch=None, ablation=1.0, loss='similarity', centreg=0, normreg=0, repel=0, nadapt=2, clean_grad=False, vruns=1, vnet=None, retrain_from_init=False, pretrained=False, optimization='conservative', epochs=None, noaugment=False, gradient_noise=None, gradient_clip=None, lmdb_path=None, cache_dataset=False, benchmark='/media02/ndthuc03/cm-purify-targeted-poisoning/dataset_generation/configs/wb_benchmark_setups.pickle', benchmark_idx=23, dryrun=False, save=None, local_rank=None)
CPUs: 8, GPUs: 1 on gpu03.
GPU : NVIDIA A100-PCIE-40GB
ResNet18 model initialized with random key 202989491.
Files already downloaded and verified
Data mean is [0.4914672374725342, 0.4822617471218109, 0.4467701315879822], 
Data std  is [0.24703224003314972, 0.24348513782024384, 0.26158785820007324].
Files already downloaded and verified
Data is loaded with 4 workers.
Poisoning setup generated for threat model single-class and budget of 1.0% - 500 images:
--Target images drawn from class deer with ids [2577].
--Target images assigned intended class horse.
--Poison images drawn from class horse.
2026-07-03 22:59:27 | INFO | benchmark.run | WB purified full-train delta build | Images: 10000/50000 | 20.00% | 778.83 img/s | elapsed: 00:00:12 | eta: 00:00:51 | gpu: cpu
2026-07-03 22:59:40 | INFO | benchmark.run | WB purified full-train delta build | Images: 20000/50000 | 40.00% | 772.61 img/s | elapsed: 00:00:25 | eta: 00:00:38 | gpu: cpu
2026-07-03 22:59:53 | INFO | benchmark.run | WB purified full-train delta build | Images: 30000/50000 | 60.00% | 774.09 img/s | elapsed: 00:00:38 | eta: 00:00:25 | gpu: cpu
2026-07-03 23:00:06 | INFO | benchmark.run | WB purified full-train delta build | Images: 40000/50000 | 80.00% | 770.83 img/s | elapsed: 00:00:51 | eta: 00:00:12 | gpu: cpu
2026-07-03 23:00:19 | INFO | benchmark.run | WB purified full-train delta build | Images: 50000/50000 | 100.00% | 768.95 img/s | elapsed: 00:01:05 | eta: 00:00:00 | gpu: cpu
ResNet18 model initialized with random key 1578455458.
Model reinitialized to random seed.
Epoch: 0  | lr: 0.1000 | Training    loss is  1.9690, train acc:  30.36% | Validation   loss is  1.5252, valid acc:  43.45% | 
Epoch: 0  | lr: 0.1000 | Target adv. loss is  3.3727, fool  acc:   0.00% | Target orig. loss is  1.6774, orig. acc:   0.00% | 
Epoch: 1  | lr: 0.1000 | Training    loss is  1.3352, train acc:  51.37% | 
Epoch: 2  | lr: 0.1000 | Training    loss is  0.9533, train acc:  66.58% | 
Epoch: 3  | lr: 0.1000 | Training    loss is  0.7346, train acc:  74.70% | 
Epoch: 4  | lr: 0.1000 | Training    loss is  0.6450, train acc:  78.24% | 
Epoch: 5  | lr: 0.1000 | Training    loss is  0.5966, train acc:  79.94% | 
Epoch: 6  | lr: 0.1000 | Training    loss is  0.5674, train acc:  80.98% | 
Epoch: 7  | lr: 0.1000 | Training    loss is  0.5457, train acc:  81.58% | 
Epoch: 8  | lr: 0.1000 | Training    loss is  0.5370, train acc:  81.96% | 
Epoch: 9  | lr: 0.1000 | Training    loss is  0.5273, train acc:  82.26% | 
Epoch: 10 | lr: 0.1000 | Training    loss is  0.5154, train acc:  82.70% | Validation   loss is  1.4893, valid acc:  54.90% | 
Epoch: 10 | lr: 0.1000 | Target adv. loss is  5.0763, fool  acc:   0.00% | Target orig. loss is  2.0197, orig. acc:   0.00% | 
Epoch: 11 | lr: 0.1000 | Training    loss is  0.5053, train acc:  83.07% | 
Epoch: 12 | lr: 0.1000 | Training    loss is  0.5032, train acc:  83.04% | 
Epoch: 13 | lr: 0.0100 | Training    loss is  0.5001, train acc:  83.27% | 
Epoch: 14 | lr: 0.0100 | Training    loss is  0.3840, train acc:  87.21% | 
Epoch: 15 | lr: 0.0100 | Training    loss is  0.3443, train acc:  88.58% | 
Epoch: 16 | lr: 0.0100 | Training    loss is  0.3294, train acc:  88.98% | 
Epoch: 17 | lr: 0.0100 | Training    loss is  0.3185, train acc:  89.32% | 
Epoch: 18 | lr: 0.0100 | Training    loss is  0.3047, train acc:  89.64% | 
Epoch: 19 | lr: 0.0100 | Training    loss is  0.2936, train acc:  90.21% | 
Epoch: 20 | lr: 0.0100 | Training    loss is  0.2857, train acc:  90.43% | Validation   loss is  1.3580, valid acc:  61.16% | 
Epoch: 20 | lr: 0.0100 | Target adv. loss is  6.1243, fool  acc:   0.00% | Target orig. loss is  0.5434, orig. acc: 100.00% | 
Epoch: 21 | lr: 0.0100 | Training    loss is  0.2756, train acc:  90.71% | 
Epoch: 22 | lr: 0.0100 | Training    loss is  0.2698, train acc:  90.76% | 
Epoch: 23 | lr: 0.0010 | Training    loss is  0.2596, train acc:  91.15% | 
Epoch: 24 | lr: 0.0010 | Training    loss is  0.2280, train acc:  92.34% | 
Epoch: 25 | lr: 0.0010 | Training    loss is  0.2143, train acc:  92.80% | 
Epoch: 26 | lr: 0.0010 | Training    loss is  0.2051, train acc:  93.19% | 
Epoch: 27 | lr: 0.0010 | Training    loss is  0.2025, train acc:  93.16% | 
Epoch: 28 | lr: 0.0010 | Training    loss is  0.1966, train acc:  93.46% | 
Epoch: 29 | lr: 0.0010 | Training    loss is  0.1938, train acc:  93.43% | 
Epoch: 30 | lr: 0.0010 | Training    loss is  0.1916, train acc:  93.59% | Validation   loss is  1.0820, valid acc:  68.33% | 
Epoch: 30 | lr: 0.0010 | Target adv. loss is  6.8029, fool  acc:   0.00% | Target orig. loss is  0.0984, orig. acc: 100.00% | 
Epoch: 31 | lr: 0.0010 | Training    loss is  0.1866, train acc:  93.75% | 
Epoch: 32 | lr: 0.0010 | Training    loss is  0.1824, train acc:  93.98% | 
Epoch: 33 | lr: 0.0010 | Training    loss is  0.1809, train acc:  94.03% | 
Epoch: 34 | lr: 0.0001 | Training    loss is  0.1740, train acc:  94.14% | 
Epoch: 35 | lr: 0.0001 | Training    loss is  0.1711, train acc:  94.35% | 
Epoch: 36 | lr: 0.0001 | Training    loss is  0.1649, train acc:  94.57% | 
Epoch: 37 | lr: 0.0001 | Training    loss is  0.1662, train acc:  94.54% | 
Epoch: 38 | lr: 0.0001 | Training    loss is  0.1646, train acc:  94.49% | 
Epoch: 39 | lr: 0.0001 | Training    loss is  0.1653, train acc:  94.54% | Validation   loss is  1.1412, valid acc:  67.93% | 
Epoch: 39 | lr: 0.0001 | Target adv. loss is  6.7071, fool  acc:   0.00% | Target orig. loss is  0.2984, orig. acc: 100.00% | 
2026-07-03 23:10:31 | INFO | benchmark.run | Updated benchmark CSV: /media02/ndthuc03/cm-purify-targeted-poisoning/benchmark/outputs/slurm_73353/benchmark_results.csv
2026-07-03 23:10:31 | INFO | benchmark.run | ================================================================================
2026-07-03 23:10:31 | INFO | benchmark.run | CASE 29/30: WB_c8 (WB)
2026-07-03 23:10:31 | INFO | benchmark.run | ================================================================================
2026-07-03 23:11:35 | INFO | benchmark.run | Materialized WB poisoned train | Images: 10000/50000 | 20.00% | 158.02 img/s | elapsed: 00:01:03 | eta: 00:04:13 | gpu: cpu
2026-07-03 23:12:35 | INFO | benchmark.run | Materialized WB poisoned train | Images: 20000/50000 | 40.00% | 161.53 img/s | elapsed: 00:02:03 | eta: 00:03:05 | gpu: cpu
2026-07-03 23:13:36 | INFO | benchmark.run | Materialized WB poisoned train | Images: 30000/50000 | 60.00% | 162.79 img/s | elapsed: 00:03:04 | eta: 00:02:02 | gpu: cpu
2026-07-03 23:14:36 | INFO | benchmark.run | Materialized WB poisoned train | Images: 40000/50000 | 80.00% | 163.43 img/s | elapsed: 00:04:04 | eta: 00:01:01 | gpu: cpu
2026-07-03 23:15:37 | INFO | benchmark.run | Materialized WB poisoned train | Images: 50000/50000 | 100.00% | 163.70 img/s | elapsed: 00:05:05 | eta: 00:00:00 | gpu: cpu
2026-07-03 23:15:47 | INFO | benchmark.run | Purified full train | Images: 1024/50000 | 2.05% | 131.54 img/s | elapsed: 00:00:07 | eta: 00:06:12 | gpu: 0.2/1.9 GB
2026-07-03 23:16:01 | INFO | benchmark.run | Purified full train | Images: 2048/50000 | 4.10% | 95.15 img/s | elapsed: 00:00:21 | eta: 00:08:23 | gpu: 0.2/1.9 GB
2026-07-03 23:16:08 | INFO | benchmark.run | Purified full train | Images: 3072/50000 | 6.14% | 105.44 img/s | elapsed: 00:00:29 | eta: 00:07:25 | gpu: 0.2/1.9 GB
2026-07-03 23:16:16 | INFO | benchmark.run | Purified full train | Images: 4096/50000 | 8.19% | 111.65 img/s | elapsed: 00:00:36 | eta: 00:06:51 | gpu: 0.2/1.9 GB
2026-07-03 23:16:24 | INFO | benchmark.run | Purified full train | Images: 5120/50000 | 10.24% | 115.19 img/s | elapsed: 00:00:44 | eta: 00:06:29 | gpu: 0.2/1.9 GB
2026-07-03 23:16:31 | INFO | benchmark.run | Purified full train | Images: 6144/50000 | 12.29% | 117.93 img/s | elapsed: 00:00:52 | eta: 00:06:11 | gpu: 0.2/1.9 GB
2026-07-03 23:16:39 | INFO | benchmark.run | Purified full train | Images: 7168/50000 | 14.34% | 119.73 img/s | elapsed: 00:00:59 | eta: 00:05:57 | gpu: 0.2/1.9 GB
2026-07-03 23:16:47 | INFO | benchmark.run | Purified full train | Images: 8192/50000 | 16.38% | 120.98 img/s | elapsed: 00:01:07 | eta: 00:05:45 | gpu: 0.2/1.9 GB
2026-07-03 23:16:55 | INFO | benchmark.run | Purified full train | Images: 9216/50000 | 18.43% | 122.06 img/s | elapsed: 00:01:15 | eta: 00:05:34 | gpu: 0.2/1.9 GB
2026-07-03 23:17:02 | INFO | benchmark.run | Purified full train | Images: 10240/50000 | 20.48% | 123.19 img/s | elapsed: 00:01:23 | eta: 00:05:22 | gpu: 0.2/1.9 GB
2026-07-03 23:17:10 | INFO | benchmark.run | Purified full train | Images: 11264/50000 | 22.53% | 123.94 img/s | elapsed: 00:01:30 | eta: 00:05:12 | gpu: 0.2/1.9 GB
2026-07-03 23:17:18 | INFO | benchmark.run | Purified full train | Images: 12288/50000 | 24.58% | 124.76 img/s | elapsed: 00:01:38 | eta: 00:05:02 | gpu: 0.2/1.9 GB
2026-07-03 23:17:25 | INFO | benchmark.run | Purified full train | Images: 13312/50000 | 26.62% | 125.57 img/s | elapsed: 00:01:46 | eta: 00:04:52 | gpu: 0.2/1.9 GB
2026-07-03 23:17:33 | INFO | benchmark.run | Purified full train | Images: 14336/50000 | 28.67% | 126.13 img/s | elapsed: 00:01:53 | eta: 00:04:42 | gpu: 0.2/1.9 GB
2026-07-03 23:17:41 | INFO | benchmark.run | Purified full train | Images: 15360/50000 | 30.72% | 126.44 img/s | elapsed: 00:02:01 | eta: 00:04:33 | gpu: 0.2/1.9 GB
2026-07-03 23:17:49 | INFO | benchmark.run | Purified full train | Images: 16384/50000 | 32.77% | 126.83 img/s | elapsed: 00:02:09 | eta: 00:04:25 | gpu: 0.2/1.9 GB
2026-07-03 23:17:56 | INFO | benchmark.run | Purified full train | Images: 17408/50000 | 34.82% | 127.14 img/s | elapsed: 00:02:16 | eta: 00:04:16 | gpu: 0.2/1.9 GB
2026-07-03 23:18:07 | INFO | benchmark.run | Purified full train | Images: 18432/50000 | 36.86% | 124.93 img/s | elapsed: 00:02:27 | eta: 00:04:12 | gpu: 0.2/1.9 GB
2026-07-03 23:18:14 | INFO | benchmark.run | Purified full train | Images: 19456/50000 | 38.91% | 125.53 img/s | elapsed: 00:02:34 | eta: 00:04:03 | gpu: 0.2/1.9 GB
2026-07-03 23:18:22 | INFO | benchmark.run | Purified full train | Images: 20480/50000 | 40.96% | 125.96 img/s | elapsed: 00:02:42 | eta: 00:03:54 | gpu: 0.2/1.9 GB
2026-07-03 23:18:30 | INFO | benchmark.run | Purified full train | Images: 21504/50000 | 43.01% | 126.29 img/s | elapsed: 00:02:50 | eta: 00:03:45 | gpu: 0.2/1.9 GB
2026-07-03 23:18:37 | INFO | benchmark.run | Purified full train | Images: 22528/50000 | 45.06% | 126.71 img/s | elapsed: 00:02:57 | eta: 00:03:36 | gpu: 0.2/1.9 GB
2026-07-03 23:18:45 | INFO | benchmark.run | Purified full train | Images: 23552/50000 | 47.10% | 127.00 img/s | elapsed: 00:03:05 | eta: 00:03:28 | gpu: 0.2/1.9 GB
2026-07-03 23:18:52 | INFO | benchmark.run | Purified full train | Images: 24576/50000 | 49.15% | 127.37 img/s | elapsed: 00:03:12 | eta: 00:03:19 | gpu: 0.2/1.9 GB
2026-07-03 23:19:00 | INFO | benchmark.run | Purified full train | Images: 25600/50000 | 51.20% | 127.53 img/s | elapsed: 00:03:20 | eta: 00:03:11 | gpu: 0.2/1.9 GB
2026-07-03 23:19:08 | INFO | benchmark.run | Purified full train | Images: 26624/50000 | 53.25% | 127.88 img/s | elapsed: 00:03:28 | eta: 00:03:02 | gpu: 0.2/1.9 GB
2026-07-03 23:19:15 | INFO | benchmark.run | Purified full train | Images: 27648/50000 | 55.30% | 128.22 img/s | elapsed: 00:03:35 | eta: 00:02:54 | gpu: 0.2/1.9 GB
2026-07-03 23:19:23 | INFO | benchmark.run | Purified full train | Images: 28672/50000 | 57.34% | 128.44 img/s | elapsed: 00:03:43 | eta: 00:02:46 | gpu: 0.2/1.9 GB
2026-07-03 23:19:30 | INFO | benchmark.run | Purified full train | Images: 29696/50000 | 59.39% | 128.80 img/s | elapsed: 00:03:50 | eta: 00:02:37 | gpu: 0.2/1.9 GB
2026-07-03 23:19:37 | INFO | benchmark.run | Purified full train | Images: 30720/50000 | 61.44% | 129.09 img/s | elapsed: 00:03:57 | eta: 00:02:29 | gpu: 0.2/1.9 GB
2026-07-03 23:19:47 | INFO | benchmark.run | Purified full train | Images: 31744/50000 | 63.49% | 128.26 img/s | elapsed: 00:04:07 | eta: 00:02:22 | gpu: 0.2/1.9 GB
2026-07-03 23:19:55 | INFO | benchmark.run | Purified full train | Images: 32768/50000 | 65.54% | 128.36 img/s | elapsed: 00:04:15 | eta: 00:02:14 | gpu: 0.2/1.9 GB
2026-07-03 23:20:03 | INFO | benchmark.run | Purified full train | Images: 33792/50000 | 67.58% | 128.31 img/s | elapsed: 00:04:23 | eta: 00:02:06 | gpu: 0.2/1.9 GB
2026-07-03 23:20:11 | INFO | benchmark.run | Purified full train | Images: 34816/50000 | 69.63% | 128.25 img/s | elapsed: 00:04:31 | eta: 00:01:58 | gpu: 0.2/1.9 GB
2026-07-03 23:20:19 | INFO | benchmark.run | Purified full train | Images: 35840/50000 | 71.68% | 128.23 img/s | elapsed: 00:04:39 | eta: 00:01:50 | gpu: 0.2/1.9 GB
2026-07-03 23:20:27 | INFO | benchmark.run | Purified full train | Images: 36864/50000 | 73.73% | 128.17 img/s | elapsed: 00:04:47 | eta: 00:01:42 | gpu: 0.2/1.9 GB
2026-07-03 23:20:35 | INFO | benchmark.run | Purified full train | Images: 37888/50000 | 75.78% | 128.23 img/s | elapsed: 00:04:55 | eta: 00:01:34 | gpu: 0.2/1.9 GB
2026-07-03 23:20:43 | INFO | benchmark.run | Purified full train | Images: 38912/50000 | 77.82% | 128.29 img/s | elapsed: 00:05:03 | eta: 00:01:26 | gpu: 0.2/1.9 GB
2026-07-03 23:20:51 | INFO | benchmark.run | Purified full train | Images: 39936/50000 | 79.87% | 128.25 img/s | elapsed: 00:05:11 | eta: 00:01:18 | gpu: 0.2/1.9 GB
2026-07-03 23:20:58 | INFO | benchmark.run | Purified full train | Images: 40960/50000 | 81.92% | 128.34 img/s | elapsed: 00:05:19 | eta: 00:01:10 | gpu: 0.2/1.9 GB
2026-07-03 23:21:06 | INFO | benchmark.run | Purified full train | Images: 41984/50000 | 83.97% | 128.39 img/s | elapsed: 00:05:27 | eta: 00:01:02 | gpu: 0.2/1.9 GB
2026-07-03 23:21:14 | INFO | benchmark.run | Purified full train | Images: 43008/50000 | 86.02% | 128.50 img/s | elapsed: 00:05:34 | eta: 00:00:54 | gpu: 0.2/1.9 GB
2026-07-03 23:21:22 | INFO | benchmark.run | Purified full train | Images: 44032/50000 | 88.06% | 128.55 img/s | elapsed: 00:05:42 | eta: 00:00:46 | gpu: 0.2/1.9 GB
2026-07-03 23:21:30 | INFO | benchmark.run | Purified full train | Images: 45056/50000 | 90.11% | 128.64 img/s | elapsed: 00:05:50 | eta: 00:00:38 | gpu: 0.2/1.9 GB
2026-07-03 23:21:38 | INFO | benchmark.run | Purified full train | Images: 46080/50000 | 92.16% | 128.65 img/s | elapsed: 00:05:58 | eta: 00:00:30 | gpu: 0.2/1.9 GB
2026-07-03 23:21:45 | INFO | benchmark.run | Purified full train | Images: 47104/50000 | 94.21% | 128.71 img/s | elapsed: 00:06:05 | eta: 00:00:22 | gpu: 0.2/1.9 GB
2026-07-03 23:21:53 | INFO | benchmark.run | Purified full train | Images: 48128/50000 | 96.26% | 128.71 img/s | elapsed: 00:06:13 | eta: 00:00:14 | gpu: 0.2/1.9 GB
2026-07-03 23:22:01 | INFO | benchmark.run | Purified full train | Images: 49152/50000 | 98.30% | 128.77 img/s | elapsed: 00:06:21 | eta: 00:00:06 | gpu: 0.2/1.9 GB
2026-07-03 23:22:08 | INFO | benchmark.run | Purified full train | Images: 50000/50000 | 100.00% | 128.76 img/s | elapsed: 00:06:28 | eta: 00:00:00 | gpu: 0.2/1.9 GB
2026-07-03 23:22:13 | INFO | benchmark.run | ================================================================================
2026-07-03 23:22:13 | INFO | benchmark.run | RETRAINING AND EVALUATING WB_c8...
2026-07-03 23:22:13 | INFO | benchmark.run | ================================================================================
Currently evaluating -------------------------------:
Friday, 03. July 2026 11:22PM
Namespace(net=['ResNet18'], dataset='CIFAR10', recipe='gradient-matching', threatmodel='single-class', poisonkey=None, modelkey=None, deterministic=False, eps=8.0, budget=0.01, targets=1, name='benchmark_WB_c8', table_path='/media02/ndthuc03/cm-purify-targeted-poisoning/benchmark/tables', poison_path='poisons/', data_path='/media02/ndthuc03/cm-purify-targeted-poisoning/dataset_generation/datasets', attackoptim='signAdam', attackiter=250, init='randn', tau=0.1, scheduling=True, target_criterion='cross-entropy', restarts=8, pbatch=512, pshuffle=False, paugment=True, data_aug='default', full_data=False, adversarial=0, ensemble=1, stagger=False, step=False, max_epoch=None, ablation=1.0, loss='similarity', centreg=0, normreg=0, repel=0, nadapt=2, clean_grad=False, vruns=1, vnet=None, retrain_from_init=False, pretrained=False, optimization='conservative', epochs=None, noaugment=False, gradient_noise=None, gradient_clip=None, lmdb_path=None, cache_dataset=False, benchmark='/media02/ndthuc03/cm-purify-targeted-poisoning/dataset_generation/configs/wb_benchmark_setups.pickle', benchmark_idx=26, dryrun=False, save=None, local_rank=None)
CPUs: 8, GPUs: 1 on gpu03.
GPU : NVIDIA A100-PCIE-40GB
ResNet18 model initialized with random key 1447427800.
Files already downloaded and verified
Data mean is [0.4914672374725342, 0.4822617471218109, 0.4467701315879822], 
Data std  is [0.24703224003314972, 0.24348513782024384, 0.26158785820007324].
Files already downloaded and verified
Data is loaded with 4 workers.
Poisoning setup generated for threat model single-class and budget of 1.0% - 500 images:
--Target images drawn from class dog with ids [4860].
--Target images assigned intended class ship.
--Poison images drawn from class ship.
2026-07-03 23:22:15 | INFO | benchmark.run | WB poisoned base-only delta build | Images: 500/500 | 100.00% | 929.27 img/s | elapsed: 00:00:00 | eta: 00:00:00 | gpu: cpu
ResNet18 model initialized with random key 3655472225.
Model reinitialized to random seed.
Epoch: 0  | lr: 0.1000 | Training    loss is  2.0623, train acc:  26.48% | Validation   loss is  1.5966, valid acc:  39.45% | 
Epoch: 0  | lr: 0.1000 | Target adv. loss is  5.2090, fool  acc:   0.00% | Target orig. loss is  1.3517, orig. acc:   0.00% | 
Epoch: 1  | lr: 0.1000 | Training    loss is  1.4257, train acc:  47.12% | 
Epoch: 2  | lr: 0.1000 | Training    loss is  1.1125, train acc:  60.11% | 
Epoch: 3  | lr: 0.1000 | Training    loss is  0.8666, train acc:  69.49% | 
Epoch: 4  | lr: 0.1000 | Training    loss is  0.7190, train acc:  74.93% | 
Epoch: 5  | lr: 0.1000 | Training    loss is  0.6355, train acc:  77.97% | 
Epoch: 6  | lr: 0.1000 | Training    loss is  0.5719, train acc:  80.20% | 
Epoch: 7  | lr: 0.1000 | Training    loss is  0.5398, train acc:  81.25% | 
Epoch: 8  | lr: 0.1000 | Training    loss is  0.5110, train acc:  82.56% | 
Epoch: 9  | lr: 0.1000 | Training    loss is  0.4916, train acc:  83.14% | 
Epoch: 10 | lr: 0.1000 | Training    loss is  0.4736, train acc:  83.91% | Validation   loss is  0.6235, valid acc:  79.12% | 
Epoch: 10 | lr: 0.1000 | Target adv. loss is  9.5348, fool  acc:   0.00% | Target orig. loss is  0.0055, orig. acc: 100.00% | 
Epoch: 11 | lr: 0.1000 | Training    loss is  0.4617, train acc:  84.22% | 
Epoch: 12 | lr: 0.1000 | Training    loss is  0.4411, train acc:  84.87% | 
Epoch: 13 | lr: 0.0100 | Training    loss is  0.4366, train acc:  85.06% | 
Epoch: 14 | lr: 0.0100 | Training    loss is  0.2746, train acc:  90.86% | 
Epoch: 15 | lr: 0.0100 | Training    loss is  0.2262, train acc:  92.23% | 
Epoch: 16 | lr: 0.0100 | Training    loss is  0.2042, train acc:  93.03% | 
Epoch: 17 | lr: 0.0100 | Training    loss is  0.1896, train acc:  93.45% | 
Epoch: 18 | lr: 0.0100 | Training    loss is  0.1738, train acc:  94.05% | 
Epoch: 19 | lr: 0.0100 | Training    loss is  0.1651, train acc:  94.35% | 
Epoch: 20 | lr: 0.0100 | Training    loss is  0.1527, train acc:  94.82% | Validation   loss is  0.2781, valid acc:  91.06% | 
Epoch: 20 | lr: 0.0100 | Target adv. loss is  2.4097, fool  acc:   0.00% | Target orig. loss is  0.0945, orig. acc: 100.00% | 
Epoch: 21 | lr: 0.0100 | Training    loss is  0.1409, train acc:  95.14% | 
Epoch: 22 | lr: 0.0100 | Training    loss is  0.1327, train acc:  95.49% | 
Epoch: 23 | lr: 0.0010 | Training    loss is  0.1278, train acc:  95.55% | 
Epoch: 24 | lr: 0.0010 | Training    loss is  0.0959, train acc:  96.74% | 
Epoch: 25 | lr: 0.0010 | Training    loss is  0.0837, train acc:  97.33% | 
Epoch: 26 | lr: 0.0010 | Training    loss is  0.0799, train acc:  97.40% | 
Epoch: 27 | lr: 0.0010 | Training    loss is  0.0770, train acc:  97.55% | 
Epoch: 28 | lr: 0.0010 | Training    loss is  0.0730, train acc:  97.65% | 
Epoch: 29 | lr: 0.0010 | Training    loss is  0.0697, train acc:  97.79% | 
Epoch: 30 | lr: 0.0010 | Training    loss is  0.0680, train acc:  97.84% | Validation   loss is  0.2549, valid acc:  92.15% | 
Epoch: 30 | lr: 0.0010 | Target adv. loss is  1.7694, fool  acc:   0.00% | Target orig. loss is  0.1871, orig. acc: 100.00% | 
Epoch: 31 | lr: 0.0010 | Training    loss is  0.0673, train acc:  97.83% | 
Epoch: 32 | lr: 0.0010 | Training    loss is  0.0627, train acc:  98.06% | 
Epoch: 33 | lr: 0.0010 | Training    loss is  0.0612, train acc:  98.06% | 
Epoch: 34 | lr: 0.0001 | Training    loss is  0.0579, train acc:  98.23% | 
Epoch: 35 | lr: 0.0001 | Training    loss is  0.0558, train acc:  98.22% | 
Epoch: 36 | lr: 0.0001 | Training    loss is  0.0559, train acc:  98.25% | 
Epoch: 37 | lr: 0.0001 | Training    loss is  0.0546, train acc:  98.29% | 
Epoch: 38 | lr: 0.0001 | Training    loss is  0.0542, train acc:  98.30% | 
Epoch: 39 | lr: 0.0001 | Training    loss is  0.0528, train acc:  98.38% | Validation   loss is  0.2541, valid acc:  92.28% | 
Epoch: 39 | lr: 0.0001 | Target adv. loss is  1.3813, fool  acc:   0.00% | Target orig. loss is  0.2898, orig. acc: 100.00% | 
Currently evaluating -------------------------------:
Friday, 03. July 2026 11:31PM
Namespace(net=['ResNet18'], dataset='CIFAR10', recipe='gradient-matching', threatmodel='single-class', poisonkey=None, modelkey=None, deterministic=False, eps=8.0, budget=0.01, targets=1, name='benchmark_WB_c8', table_path='/media02/ndthuc03/cm-purify-targeted-poisoning/benchmark/tables', poison_path='poisons/', data_path='/media02/ndthuc03/cm-purify-targeted-poisoning/dataset_generation/datasets', attackoptim='signAdam', attackiter=250, init='randn', tau=0.1, scheduling=True, target_criterion='cross-entropy', restarts=8, pbatch=512, pshuffle=False, paugment=True, data_aug='default', full_data=False, adversarial=0, ensemble=1, stagger=False, step=False, max_epoch=None, ablation=1.0, loss='similarity', centreg=0, normreg=0, repel=0, nadapt=2, clean_grad=False, vruns=1, vnet=None, retrain_from_init=False, pretrained=False, optimization='conservative', epochs=None, noaugment=False, gradient_noise=None, gradient_clip=None, lmdb_path=None, cache_dataset=False, benchmark='/media02/ndthuc03/cm-purify-targeted-poisoning/dataset_generation/configs/wb_benchmark_setups.pickle', benchmark_idx=26, dryrun=False, save=None, local_rank=None)
CPUs: 8, GPUs: 1 on gpu03.
GPU : NVIDIA A100-PCIE-40GB
ResNet18 model initialized with random key 2801252211.
Files already downloaded and verified
Data mean is [0.4914672374725342, 0.4822617471218109, 0.4467701315879822], 
Data std  is [0.24703224003314972, 0.24348513782024384, 0.26158785820007324].
Files already downloaded and verified
Data is loaded with 4 workers.
Poisoning setup generated for threat model single-class and budget of 1.0% - 500 images:
--Target images drawn from class dog with ids [4860].
--Target images assigned intended class ship.
--Poison images drawn from class ship.
2026-07-03 23:31:56 | INFO | benchmark.run | WB purified full-train delta build | Images: 10000/50000 | 20.00% | 776.21 img/s | elapsed: 00:00:12 | eta: 00:00:51 | gpu: cpu
2026-07-03 23:32:09 | INFO | benchmark.run | WB purified full-train delta build | Images: 20000/50000 | 40.00% | 770.64 img/s | elapsed: 00:00:25 | eta: 00:00:38 | gpu: cpu
2026-07-03 23:32:22 | INFO | benchmark.run | WB purified full-train delta build | Images: 30000/50000 | 60.00% | 765.92 img/s | elapsed: 00:00:39 | eta: 00:00:26 | gpu: cpu
2026-07-03 23:32:35 | INFO | benchmark.run | WB purified full-train delta build | Images: 40000/50000 | 80.00% | 770.31 img/s | elapsed: 00:00:51 | eta: 00:00:12 | gpu: cpu
2026-07-03 23:32:48 | INFO | benchmark.run | WB purified full-train delta build | Images: 50000/50000 | 100.00% | 770.41 img/s | elapsed: 00:01:04 | eta: 00:00:00 | gpu: cpu
ResNet18 model initialized with random key 409535759.
Model reinitialized to random seed.
Epoch: 0  | lr: 0.1000 | Training    loss is  1.8156, train acc:  36.20% | Validation   loss is  1.7296, valid acc:  40.08% | 
Epoch: 0  | lr: 0.1000 | Target adv. loss is  5.1682, fool  acc:   0.00% | Target orig. loss is  0.9135, orig. acc: 100.00% | 
Epoch: 1  | lr: 0.1000 | Training    loss is  1.3082, train acc:  52.63% | 
Epoch: 2  | lr: 0.1000 | Training    loss is  1.0346, train acc:  63.35% | 
Epoch: 3  | lr: 0.1000 | Training    loss is  0.8126, train acc:  72.11% | 
Epoch: 4  | lr: 0.1000 | Training    loss is  0.6766, train acc:  76.99% | 
Epoch: 5  | lr: 0.1000 | Training    loss is  0.6087, train acc:  79.21% | 
Epoch: 6  | lr: 0.1000 | Training    loss is  0.5783, train acc:  80.32% | 
Epoch: 7  | lr: 0.1000 | Training    loss is  0.5541, train acc:  81.28% | 
Epoch: 8  | lr: 0.1000 | Training    loss is  0.5411, train acc:  81.71% | 
Epoch: 9  | lr: 0.1000 | Training    loss is  0.5291, train acc:  82.11% | 
Epoch: 10 | lr: 0.1000 | Training    loss is  0.5184, train acc:  82.69% | Validation   loss is  1.3006, valid acc:  60.32% | 
Epoch: 10 | lr: 0.1000 | Target adv. loss is  8.5565, fool  acc:   0.00% | Target orig. loss is  0.2327, orig. acc: 100.00% | 
Epoch: 11 | lr: 0.1000 | Training    loss is  0.5111, train acc:  82.92% | 
Epoch: 12 | lr: 0.1000 | Training    loss is  0.5004, train acc:  83.08% | 
Epoch: 13 | lr: 0.0100 | Training    loss is  0.4955, train acc:  83.31% | 
Epoch: 14 | lr: 0.0100 | Training    loss is  0.3766, train acc:  87.43% | 
Epoch: 15 | lr: 0.0100 | Training    loss is  0.3418, train acc:  88.59% | 
Epoch: 16 | lr: 0.0100 | Training    loss is  0.3247, train acc:  88.93% | 
Epoch: 17 | lr: 0.0100 | Training    loss is  0.3130, train acc:  89.49% | 
Epoch: 18 | lr: 0.0100 | Training    loss is  0.3009, train acc:  89.75% | 
Epoch: 19 | lr: 0.0100 | Training    loss is  0.2905, train acc:  90.17% | 
Epoch: 20 | lr: 0.0100 | Training    loss is  0.2807, train acc:  90.46% | Validation   loss is  0.9546, valid acc:  68.31% | 
Epoch: 20 | lr: 0.0100 | Target adv. loss is 10.1165, fool  acc:   0.00% | Target orig. loss is  0.0043, orig. acc: 100.00% | 
Epoch: 21 | lr: 0.0100 | Training    loss is  0.2720, train acc:  90.74% | 
Epoch: 22 | lr: 0.0100 | Training    loss is  0.2647, train acc:  90.98% | 
Epoch: 23 | lr: 0.0010 | Training    loss is  0.2563, train acc:  91.23% | 
Epoch: 24 | lr: 0.0010 | Training    loss is  0.2167, train acc:  92.79% | 
Epoch: 25 | lr: 0.0010 | Training    loss is  0.2060, train acc:  93.11% | 
Epoch: 26 | lr: 0.0010 | Training    loss is  0.1982, train acc:  93.42% | 
Epoch: 27 | lr: 0.0010 | Training    loss is  0.1940, train acc:  93.52% | 
Epoch: 28 | lr: 0.0010 | Training    loss is  0.1882, train acc:  93.80% | 
Epoch: 29 | lr: 0.0010 | Training    loss is  0.1837, train acc:  93.93% | 
Epoch: 30 | lr: 0.0010 | Training    loss is  0.1802, train acc:  94.05% | Validation   loss is  1.1581, valid acc:  66.32% | 
Epoch: 30 | lr: 0.0010 | Target adv. loss is 12.0155, fool  acc:   0.00% | Target orig. loss is  0.0011, orig. acc: 100.00% | 
Epoch: 31 | lr: 0.0010 | Training    loss is  0.1780, train acc:  94.09% | 
Epoch: 32 | lr: 0.0010 | Training    loss is  0.1744, train acc:  94.10% | 
Epoch: 33 | lr: 0.0010 | Training    loss is  0.1683, train acc:  94.51% | 
Epoch: 34 | lr: 0.0001 | Training    loss is  0.1638, train acc:  94.59% | 
Epoch: 35 | lr: 0.0001 | Training    loss is  0.1583, train acc:  94.80% | 
Epoch: 36 | lr: 0.0001 | Training    loss is  0.1550, train acc:  94.94% | 
Epoch: 37 | lr: 0.0001 | Training    loss is  0.1540, train acc:  94.95% | 
Epoch: 38 | lr: 0.0001 | Training    loss is  0.1538, train acc:  94.83% | 
Epoch: 39 | lr: 0.0001 | Training    loss is  0.1552, train acc:  94.89% | Validation   loss is  1.0624, valid acc:  68.91% | 
Epoch: 39 | lr: 0.0001 | Target adv. loss is 12.2770, fool  acc:   0.00% | Target orig. loss is  0.0005, orig. acc: 100.00% | 
2026-07-03 23:43:00 | INFO | benchmark.run | Updated benchmark CSV: /media02/ndthuc03/cm-purify-targeted-poisoning/benchmark/outputs/slurm_73353/benchmark_results.csv
2026-07-03 23:43:00 | INFO | benchmark.run | ================================================================================
2026-07-03 23:43:00 | INFO | benchmark.run | CASE 30/30: WB_c9 (WB)
2026-07-03 23:43:00 | INFO | benchmark.run | ================================================================================
2026-07-03 23:44:04 | INFO | benchmark.run | Materialized WB poisoned train | Images: 10000/50000 | 20.00% | 157.88 img/s | elapsed: 00:01:03 | eta: 00:04:13 | gpu: cpu
2026-07-03 23:45:06 | INFO | benchmark.run | Materialized WB poisoned train | Images: 20000/50000 | 40.00% | 160.21 img/s | elapsed: 00:02:04 | eta: 00:03:07 | gpu: cpu
2026-07-03 23:46:08 | INFO | benchmark.run | Materialized WB poisoned train | Images: 30000/50000 | 60.00% | 160.41 img/s | elapsed: 00:03:07 | eta: 00:02:04 | gpu: cpu
2026-07-03 23:47:10 | INFO | benchmark.run | Materialized WB poisoned train | Images: 40000/50000 | 80.00% | 160.97 img/s | elapsed: 00:04:08 | eta: 00:01:02 | gpu: cpu
2026-07-03 23:48:09 | INFO | benchmark.run | Materialized WB poisoned train | Images: 50000/50000 | 100.00% | 162.24 img/s | elapsed: 00:05:08 | eta: 00:00:00 | gpu: cpu
2026-07-03 23:48:20 | INFO | benchmark.run | Purified full train | Images: 1024/50000 | 2.05% | 130.20 img/s | elapsed: 00:00:07 | eta: 00:06:16 | gpu: 0.2/1.9 GB
2026-07-03 23:48:28 | INFO | benchmark.run | Purified full train | Images: 2048/50000 | 4.10% | 128.30 img/s | elapsed: 00:00:15 | eta: 00:06:13 | gpu: 0.2/1.9 GB
2026-07-03 23:48:36 | INFO | benchmark.run | Purified full train | Images: 3072/50000 | 6.14% | 128.26 img/s | elapsed: 00:00:23 | eta: 00:06:05 | gpu: 0.2/1.9 GB
2026-07-03 23:48:43 | INFO | benchmark.run | Purified full train | Images: 4096/50000 | 8.19% | 129.19 img/s | elapsed: 00:00:31 | eta: 00:05:55 | gpu: 0.2/1.9 GB
2026-07-03 23:48:51 | INFO | benchmark.run | Purified full train | Images: 5120/50000 | 10.24% | 129.57 img/s | elapsed: 00:00:39 | eta: 00:05:46 | gpu: 0.2/1.9 GB
2026-07-03 23:48:59 | INFO | benchmark.run | Purified full train | Images: 6144/50000 | 12.29% | 129.79 img/s | elapsed: 00:00:47 | eta: 00:05:37 | gpu: 0.2/1.9 GB
2026-07-03 23:49:07 | INFO | benchmark.run | Purified full train | Images: 7168/50000 | 14.34% | 129.64 img/s | elapsed: 00:00:55 | eta: 00:05:30 | gpu: 0.2/1.9 GB
2026-07-03 23:49:19 | INFO | benchmark.run | Purified full train | Images: 8192/50000 | 16.38% | 121.33 img/s | elapsed: 00:01:07 | eta: 00:05:44 | gpu: 0.2/1.9 GB
2026-07-03 23:49:27 | INFO | benchmark.run | Purified full train | Images: 9216/50000 | 18.43% | 122.11 img/s | elapsed: 00:01:15 | eta: 00:05:33 | gpu: 0.2/1.9 GB
2026-07-03 23:49:35 | INFO | benchmark.run | Purified full train | Images: 10240/50000 | 20.48% | 122.47 img/s | elapsed: 00:01:23 | eta: 00:05:24 | gpu: 0.2/1.9 GB
2026-07-03 23:49:43 | INFO | benchmark.run | Purified full train | Images: 11264/50000 | 22.53% | 123.23 img/s | elapsed: 00:01:31 | eta: 00:05:14 | gpu: 0.2/1.9 GB
2026-07-03 23:49:51 | INFO | benchmark.run | Purified full train | Images: 12288/50000 | 24.58% | 123.78 img/s | elapsed: 00:01:39 | eta: 00:05:04 | gpu: 0.2/1.9 GB
2026-07-03 23:49:59 | INFO | benchmark.run | Purified full train | Images: 13312/50000 | 26.62% | 124.22 img/s | elapsed: 00:01:47 | eta: 00:04:55 | gpu: 0.2/1.9 GB
2026-07-03 23:50:07 | INFO | benchmark.run | Purified full train | Images: 14336/50000 | 28.67% | 124.78 img/s | elapsed: 00:01:54 | eta: 00:04:45 | gpu: 0.2/1.9 GB
2026-07-03 23:50:14 | INFO | benchmark.run | Purified full train | Images: 15360/50000 | 30.72% | 125.22 img/s | elapsed: 00:02:02 | eta: 00:04:36 | gpu: 0.2/1.9 GB
2026-07-03 23:50:22 | INFO | benchmark.run | Purified full train | Images: 16384/50000 | 32.77% | 125.78 img/s | elapsed: 00:02:10 | eta: 00:04:27 | gpu: 0.2/1.9 GB
2026-07-03 23:50:30 | INFO | benchmark.run | Purified full train | Images: 17408/50000 | 34.82% | 126.30 img/s | elapsed: 00:02:17 | eta: 00:04:18 | gpu: 0.2/1.9 GB
2026-07-03 23:50:37 | INFO | benchmark.run | Purified full train | Images: 18432/50000 | 36.86% | 126.59 img/s | elapsed: 00:02:25 | eta: 00:04:09 | gpu: 0.2/1.9 GB
2026-07-03 23:50:45 | INFO | benchmark.run | Purified full train | Images: 19456/50000 | 38.91% | 126.77 img/s | elapsed: 00:02:33 | eta: 00:04:00 | gpu: 0.2/1.9 GB
2026-07-03 23:50:53 | INFO | benchmark.run | Purified full train | Images: 20480/50000 | 40.96% | 127.01 img/s | elapsed: 00:02:41 | eta: 00:03:52 | gpu: 0.2/1.9 GB
2026-07-03 23:51:01 | INFO | benchmark.run | Purified full train | Images: 21504/50000 | 43.01% | 127.14 img/s | elapsed: 00:02:49 | eta: 00:03:44 | gpu: 0.2/1.9 GB
2026-07-03 23:51:09 | INFO | benchmark.run | Purified full train | Images: 22528/50000 | 45.06% | 127.31 img/s | elapsed: 00:02:56 | eta: 00:03:35 | gpu: 0.2/1.9 GB
2026-07-03 23:51:16 | INFO | benchmark.run | Purified full train | Images: 23552/50000 | 47.10% | 127.51 img/s | elapsed: 00:03:04 | eta: 00:03:27 | gpu: 0.2/1.9 GB
2026-07-03 23:51:24 | INFO | benchmark.run | Purified full train | Images: 24576/50000 | 49.15% | 127.85 img/s | elapsed: 00:03:12 | eta: 00:03:18 | gpu: 0.2/1.9 GB
2026-07-03 23:51:31 | INFO | benchmark.run | Purified full train | Images: 25600/50000 | 51.20% | 128.12 img/s | elapsed: 00:03:19 | eta: 00:03:10 | gpu: 0.2/1.9 GB
2026-07-03 23:51:39 | INFO | benchmark.run | Purified full train | Images: 26624/50000 | 53.25% | 128.14 img/s | elapsed: 00:03:27 | eta: 00:03:02 | gpu: 0.2/1.9 GB
2026-07-03 23:51:49 | INFO | benchmark.run | Purified full train | Images: 27648/50000 | 55.30% | 126.93 img/s | elapsed: 00:03:37 | eta: 00:02:56 | gpu: 0.2/1.9 GB
2026-07-03 23:51:57 | INFO | benchmark.run | Purified full train | Images: 28672/50000 | 57.34% | 127.16 img/s | elapsed: 00:03:45 | eta: 00:02:47 | gpu: 0.2/1.9 GB
2026-07-03 23:52:05 | INFO | benchmark.run | Purified full train | Images: 29696/50000 | 59.39% | 127.36 img/s | elapsed: 00:03:53 | eta: 00:02:39 | gpu: 0.2/1.9 GB
2026-07-03 23:52:13 | INFO | benchmark.run | Purified full train | Images: 30720/50000 | 61.44% | 127.55 img/s | elapsed: 00:04:00 | eta: 00:02:31 | gpu: 0.2/1.9 GB
2026-07-03 23:52:20 | INFO | benchmark.run | Purified full train | Images: 31744/50000 | 63.49% | 127.74 img/s | elapsed: 00:04:08 | eta: 00:02:22 | gpu: 0.2/1.9 GB
2026-07-03 23:52:28 | INFO | benchmark.run | Purified full train | Images: 32768/50000 | 65.54% | 127.99 img/s | elapsed: 00:04:16 | eta: 00:02:14 | gpu: 0.2/1.9 GB
2026-07-03 23:52:36 | INFO | benchmark.run | Purified full train | Images: 33792/50000 | 67.58% | 128.03 img/s | elapsed: 00:04:23 | eta: 00:02:06 | gpu: 0.2/1.9 GB
2026-07-03 23:52:43 | INFO | benchmark.run | Purified full train | Images: 34816/50000 | 69.63% | 128.15 img/s | elapsed: 00:04:31 | eta: 00:01:58 | gpu: 0.2/1.9 GB
2026-07-03 23:52:51 | INFO | benchmark.run | Purified full train | Images: 35840/50000 | 71.68% | 128.28 img/s | elapsed: 00:04:39 | eta: 00:01:50 | gpu: 0.2/1.9 GB
2026-07-03 23:52:59 | INFO | benchmark.run | Purified full train | Images: 36864/50000 | 73.73% | 128.41 img/s | elapsed: 00:04:47 | eta: 00:01:42 | gpu: 0.2/1.9 GB
2026-07-03 23:53:07 | INFO | benchmark.run | Purified full train | Images: 37888/50000 | 75.78% | 128.47 img/s | elapsed: 00:04:54 | eta: 00:01:34 | gpu: 0.2/1.9 GB
2026-07-03 23:53:17 | INFO | benchmark.run | Purified full train | Images: 38912/50000 | 77.82% | 127.32 img/s | elapsed: 00:05:05 | eta: 00:01:27 | gpu: 0.2/1.9 GB
2026-07-03 23:53:25 | INFO | benchmark.run | Purified full train | Images: 39936/50000 | 79.87% | 127.50 img/s | elapsed: 00:05:13 | eta: 00:01:18 | gpu: 0.2/1.9 GB
2026-07-03 23:53:33 | INFO | benchmark.run | Purified full train | Images: 40960/50000 | 81.92% | 127.61 img/s | elapsed: 00:05:20 | eta: 00:01:10 | gpu: 0.2/1.9 GB
2026-07-03 23:53:40 | INFO | benchmark.run | Purified full train | Images: 41984/50000 | 83.97% | 127.78 img/s | elapsed: 00:05:28 | eta: 00:01:02 | gpu: 0.2/1.9 GB
2026-07-03 23:53:48 | INFO | benchmark.run | Purified full train | Images: 43008/50000 | 86.02% | 127.79 img/s | elapsed: 00:05:36 | eta: 00:00:54 | gpu: 0.2/1.9 GB
2026-07-03 23:53:56 | INFO | benchmark.run | Purified full train | Images: 44032/50000 | 88.06% | 127.82 img/s | elapsed: 00:05:44 | eta: 00:00:46 | gpu: 0.2/1.9 GB
2026-07-03 23:54:04 | INFO | benchmark.run | Purified full train | Images: 45056/50000 | 90.11% | 127.96 img/s | elapsed: 00:05:52 | eta: 00:00:38 | gpu: 0.2/1.9 GB
2026-07-03 23:54:11 | INFO | benchmark.run | Purified full train | Images: 46080/50000 | 92.16% | 128.09 img/s | elapsed: 00:05:59 | eta: 00:00:30 | gpu: 0.2/1.9 GB
2026-07-03 23:54:19 | INFO | benchmark.run | Purified full train | Images: 47104/50000 | 94.21% | 128.20 img/s | elapsed: 00:06:07 | eta: 00:00:22 | gpu: 0.2/1.9 GB
2026-07-03 23:54:27 | INFO | benchmark.run | Purified full train | Images: 48128/50000 | 96.26% | 128.30 img/s | elapsed: 00:06:15 | eta: 00:00:14 | gpu: 0.2/1.9 GB
2026-07-03 23:54:35 | INFO | benchmark.run | Purified full train | Images: 49152/50000 | 98.30% | 128.33 img/s | elapsed: 00:06:23 | eta: 00:00:06 | gpu: 0.2/1.9 GB
2026-07-03 23:54:41 | INFO | benchmark.run | Purified full train | Images: 50000/50000 | 100.00% | 128.47 img/s | elapsed: 00:06:29 | eta: 00:00:00 | gpu: 0.2/1.9 GB
2026-07-03 23:54:46 | INFO | benchmark.run | ================================================================================
2026-07-03 23:54:46 | INFO | benchmark.run | RETRAINING AND EVALUATING WB_c9...
2026-07-03 23:54:46 | INFO | benchmark.run | ================================================================================
Currently evaluating -------------------------------:
Friday, 03. July 2026 11:54PM
Namespace(net=['ResNet18'], dataset='CIFAR10', recipe='gradient-matching', threatmodel='single-class', poisonkey=None, modelkey=None, deterministic=False, eps=8.0, budget=0.01, targets=1, name='benchmark_WB_c9', table_path='/media02/ndthuc03/cm-purify-targeted-poisoning/benchmark/tables', poison_path='poisons/', data_path='/media02/ndthuc03/cm-purify-targeted-poisoning/dataset_generation/datasets', attackoptim='signAdam', attackiter=250, init='randn', tau=0.1, scheduling=True, target_criterion='cross-entropy', restarts=8, pbatch=512, pshuffle=False, paugment=True, data_aug='default', full_data=False, adversarial=0, ensemble=1, stagger=False, step=False, max_epoch=None, ablation=1.0, loss='similarity', centreg=0, normreg=0, repel=0, nadapt=2, clean_grad=False, vruns=1, vnet=None, retrain_from_init=False, pretrained=False, optimization='conservative', epochs=None, noaugment=False, gradient_noise=None, gradient_clip=None, lmdb_path=None, cache_dataset=False, benchmark='/media02/ndthuc03/cm-purify-targeted-poisoning/dataset_generation/configs/wb_benchmark_setups.pickle', benchmark_idx=29, dryrun=False, save=None, local_rank=None)
CPUs: 8, GPUs: 1 on gpu03.
GPU : NVIDIA A100-PCIE-40GB
ResNet18 model initialized with random key 131230065.
Files already downloaded and verified
Data mean is [0.4914672374725342, 0.4822617471218109, 0.4467701315879822], 
Data std  is [0.24703224003314972, 0.24348513782024384, 0.26158785820007324].
Files already downloaded and verified
Data is loaded with 4 workers.
Poisoning setup generated for threat model single-class and budget of 1.0% - 500 images:
--Target images drawn from class cat with ids [7509].
--Target images assigned intended class truck.
--Poison images drawn from class truck.
2026-07-03 23:54:48 | INFO | benchmark.run | WB poisoned base-only delta build | Images: 500/500 | 100.00% | 976.46 img/s | elapsed: 00:00:00 | eta: 00:00:00 | gpu: cpu
ResNet18 model initialized with random key 3209357604.
Model reinitialized to random seed.
Epoch: 0  | lr: 0.1000 | Training    loss is  1.9970, train acc:  28.81% | Validation   loss is  1.4917, valid acc:  44.56% | 
Epoch: 0  | lr: 0.1000 | Target adv. loss is  4.6595, fool  acc:   0.00% | Target orig. loss is  2.8163, orig. acc:   0.00% | 
Epoch: 1  | lr: 0.1000 | Training    loss is  1.4022, train acc:  48.62% | 
Epoch: 2  | lr: 0.1000 | Training    loss is  1.0693, train acc:  61.88% | 
Epoch: 3  | lr: 0.1000 | Training    loss is  0.8145, train acc:  71.48% | 
Epoch: 4  | lr: 0.1000 | Training    loss is  0.6777, train acc:  76.28% | 
Epoch: 5  | lr: 0.1000 | Training    loss is  0.6047, train acc:  79.04% | 
Epoch: 6  | lr: 0.1000 | Training    loss is  0.5488, train acc:  81.04% | 
Epoch: 7  | lr: 0.1000 | Training    loss is  0.5218, train acc:  82.01% | 
Epoch: 8  | lr: 0.1000 | Training    loss is  0.4928, train acc:  83.02% | 
Epoch: 9  | lr: 0.1000 | Training    loss is  0.4764, train acc:  83.51% | 
Epoch: 10 | lr: 0.1000 | Training    loss is  0.4602, train acc:  84.14% | Validation   loss is  0.7013, valid acc:  77.05% | 
Epoch: 10 | lr: 0.1000 | Target adv. loss is  3.5698, fool  acc:   0.00% | Target orig. loss is  5.2241, orig. acc:   0.00% | 
Epoch: 11 | lr: 0.1000 | Training    loss is  0.4464, train acc:  84.72% | 
Epoch: 12 | lr: 0.1000 | Training    loss is  0.4361, train acc:  84.95% | 
Epoch: 13 | lr: 0.0100 | Training    loss is  0.4246, train acc:  85.50% | 
Epoch: 14 | lr: 0.0100 | Training    loss is  0.2683, train acc:  90.95% | 
Epoch: 15 | lr: 0.0100 | Training    loss is  0.2139, train acc:  92.63% | 
Epoch: 16 | lr: 0.0100 | Training    loss is  0.1922, train acc:  93.44% | 
Epoch: 17 | lr: 0.0100 | Training    loss is  0.1769, train acc:  93.92% | 
Epoch: 18 | lr: 0.0100 | Training    loss is  0.1661, train acc:  94.29% | 
Epoch: 19 | lr: 0.0100 | Training    loss is  0.1539, train acc:  94.71% | 
Epoch: 20 | lr: 0.0100 | Training    loss is  0.1435, train acc:  95.06% | Validation   loss is  0.2838, valid acc:  90.64% | 
Epoch: 20 | lr: 0.0100 | Target adv. loss is  4.1956, fool  acc:   0.00% | Target orig. loss is  2.2813, orig. acc:   0.00% | 
Epoch: 21 | lr: 0.0100 | Training    loss is  0.1331, train acc:  95.62% | 
Epoch: 22 | lr: 0.0100 | Training    loss is  0.1250, train acc:  95.68% | 
Epoch: 23 | lr: 0.0010 | Training    loss is  0.1201, train acc:  95.85% | 
Epoch: 24 | lr: 0.0010 | Training    loss is  0.0909, train acc:  97.01% | 
Epoch: 25 | lr: 0.0010 | Training    loss is  0.0788, train acc:  97.48% | 
Epoch: 26 | lr: 0.0010 | Training    loss is  0.0754, train acc:  97.53% | 
Epoch: 27 | lr: 0.0010 | Training    loss is  0.0718, train acc:  97.75% | 
Epoch: 28 | lr: 0.0010 | Training    loss is  0.0682, train acc:  97.89% | 
Epoch: 29 | lr: 0.0010 | Training    loss is  0.0656, train acc:  97.90% | 
Epoch: 30 | lr: 0.0010 | Training    loss is  0.0649, train acc:  97.94% | Validation   loss is  0.2582, valid acc:  91.96% | 
Epoch: 30 | lr: 0.0010 | Target adv. loss is  5.6210, fool  acc:   0.00% | Target orig. loss is  3.6003, orig. acc:   0.00% | 
Epoch: 31 | lr: 0.0010 | Training    loss is  0.0622, train acc:  98.03% | 
Epoch: 32 | lr: 0.0010 | Training    loss is  0.0606, train acc:  98.10% | 
Epoch: 33 | lr: 0.0010 | Training    loss is  0.0601, train acc:  98.07% | 
Epoch: 34 | lr: 0.0001 | Training    loss is  0.0567, train acc:  98.24% | 
Epoch: 35 | lr: 0.0001 | Training    loss is  0.0527, train acc:  98.39% | 
Epoch: 36 | lr: 0.0001 | Training    loss is  0.0527, train acc:  98.42% | 
Epoch: 37 | lr: 0.0001 | Training    loss is  0.0519, train acc:  98.40% | 
Epoch: 38 | lr: 0.0001 | Training    loss is  0.0539, train acc:  98.27% | 
Epoch: 39 | lr: 0.0001 | Training    loss is  0.0516, train acc:  98.39% | Validation   loss is  0.2589, valid acc:  92.18% | 
Epoch: 39 | lr: 0.0001 | Target adv. loss is  5.2698, fool  acc:   0.00% | Target orig. loss is  3.7710, orig. acc:   0.00% | 
Currently evaluating -------------------------------:
Saturday, 04. July 2026 12:04AM
Namespace(net=['ResNet18'], dataset='CIFAR10', recipe='gradient-matching', threatmodel='single-class', poisonkey=None, modelkey=None, deterministic=False, eps=8.0, budget=0.01, targets=1, name='benchmark_WB_c9', table_path='/media02/ndthuc03/cm-purify-targeted-poisoning/benchmark/tables', poison_path='poisons/', data_path='/media02/ndthuc03/cm-purify-targeted-poisoning/dataset_generation/datasets', attackoptim='signAdam', attackiter=250, init='randn', tau=0.1, scheduling=True, target_criterion='cross-entropy', restarts=8, pbatch=512, pshuffle=False, paugment=True, data_aug='default', full_data=False, adversarial=0, ensemble=1, stagger=False, step=False, max_epoch=None, ablation=1.0, loss='similarity', centreg=0, normreg=0, repel=0, nadapt=2, clean_grad=False, vruns=1, vnet=None, retrain_from_init=False, pretrained=False, optimization='conservative', epochs=None, noaugment=False, gradient_noise=None, gradient_clip=None, lmdb_path=None, cache_dataset=False, benchmark='/media02/ndthuc03/cm-purify-targeted-poisoning/dataset_generation/configs/wb_benchmark_setups.pickle', benchmark_idx=29, dryrun=False, save=None, local_rank=None)
CPUs: 8, GPUs: 1 on gpu03.
GPU : NVIDIA A100-PCIE-40GB
ResNet18 model initialized with random key 2526941809.
Files already downloaded and verified
Data mean is [0.4914672374725342, 0.4822617471218109, 0.4467701315879822], 
Data std  is [0.24703224003314972, 0.24348513782024384, 0.26158785820007324].
Files already downloaded and verified
Data is loaded with 4 workers.
Poisoning setup generated for threat model single-class and budget of 1.0% - 500 images:
--Target images drawn from class cat with ids [7509].
--Target images assigned intended class truck.
--Poison images drawn from class truck.
2026-07-04 00:04:26 | INFO | benchmark.run | WB purified full-train delta build | Images: 10000/50000 | 20.00% | 762.50 img/s | elapsed: 00:00:13 | eta: 00:00:52 | gpu: cpu
2026-07-04 00:04:39 | INFO | benchmark.run | WB purified full-train delta build | Images: 20000/50000 | 40.00% | 765.33 img/s | elapsed: 00:00:26 | eta: 00:00:39 | gpu: cpu
2026-07-04 00:04:52 | INFO | benchmark.run | WB purified full-train delta build | Images: 30000/50000 | 60.00% | 768.24 img/s | elapsed: 00:00:39 | eta: 00:00:26 | gpu: cpu
2026-07-04 00:05:04 | INFO | benchmark.run | WB purified full-train delta build | Images: 40000/50000 | 80.00% | 772.12 img/s | elapsed: 00:00:51 | eta: 00:00:12 | gpu: cpu
2026-07-04 00:05:17 | INFO | benchmark.run | WB purified full-train delta build | Images: 50000/50000 | 100.00% | 775.96 img/s | elapsed: 00:01:04 | eta: 00:00:00 | gpu: cpu
ResNet18 model initialized with random key 3646990842.
Model reinitialized to random seed.
Epoch: 0  | lr: 0.1000 | Training    loss is  1.9626, train acc:  30.29% | Validation   loss is  1.5518, valid acc:  42.27% | 
Epoch: 0  | lr: 0.1000 | Target adv. loss is  3.6563, fool  acc:   0.00% | Target orig. loss is  3.9787, orig. acc:   0.00% | 
Epoch: 1  | lr: 0.1000 | Training    loss is  1.3220, train acc:  51.58% | 
Epoch: 2  | lr: 0.1000 | Training    loss is  0.9364, train acc:  66.96% | 
Epoch: 3  | lr: 0.1000 | Training    loss is  0.7263, train acc:  74.80% | 
Epoch: 4  | lr: 0.1000 | Training    loss is  0.6403, train acc:  78.22% | 
Epoch: 5  | lr: 0.1000 | Training    loss is  0.5935, train acc:  79.69% | 
Epoch: 6  | lr: 0.1000 | Training    loss is  0.5669, train acc:  80.82% | 
Epoch: 7  | lr: 0.1000 | Training    loss is  0.5473, train acc:  81.55% | 
Epoch: 8  | lr: 0.1000 | Training    loss is  0.5370, train acc:  81.90% | 
Epoch: 9  | lr: 0.1000 | Training    loss is  0.5238, train acc:  82.34% | 
Epoch: 10 | lr: 0.1000 | Training    loss is  0.5182, train acc:  82.53% | Validation   loss is  1.7921, valid acc:  46.58% | 
Epoch: 10 | lr: 0.1000 | Target adv. loss is  3.6939, fool  acc:   0.00% | Target orig. loss is  1.6133, orig. acc:   0.00% | 
Epoch: 11 | lr: 0.1000 | Training    loss is  0.5100, train acc:  82.78% | 
Epoch: 12 | lr: 0.1000 | Training    loss is  0.5035, train acc:  82.94% | 
Epoch: 13 | lr: 0.0100 | Training    loss is  0.5005, train acc:  83.10% | 
Epoch: 14 | lr: 0.0100 | Training    loss is  0.3821, train acc:  87.05% | 
Epoch: 15 | lr: 0.0100 | Training    loss is  0.3460, train acc:  88.40% | 
Epoch: 16 | lr: 0.0100 | Training    loss is  0.3297, train acc:  88.94% | 
Epoch: 17 | lr: 0.0100 | Training    loss is  0.3161, train acc:  89.39% | 
Epoch: 18 | lr: 0.0100 | Training    loss is  0.3048, train acc:  89.80% | 
Epoch: 19 | lr: 0.0100 | Training    loss is  0.2937, train acc:  90.08% | 
Epoch: 20 | lr: 0.0100 | Training    loss is  0.2861, train acc:  90.34% | Validation   loss is  1.2074, valid acc:  63.06% | 
Epoch: 20 | lr: 0.0100 | Target adv. loss is  2.7275, fool  acc:   0.00% | Target orig. loss is  1.0378, orig. acc: 100.00% | 
Epoch: 21 | lr: 0.0100 | Training    loss is  0.2761, train acc:  90.64% | 
Epoch: 22 | lr: 0.0100 | Training    loss is  0.2703, train acc:  90.77% | 
Epoch: 23 | lr: 0.0010 | Training    loss is  0.2604, train acc:  91.11% | 
Epoch: 24 | lr: 0.0010 | Training    loss is  0.2245, train acc:  92.48% | 
Epoch: 25 | lr: 0.0010 | Training    loss is  0.2120, train acc:  92.77% | 
Epoch: 26 | lr: 0.0010 | Training    loss is  0.2073, train acc:  93.04% | 
Epoch: 27 | lr: 0.0010 | Training    loss is  0.1999, train acc:  93.31% | 
Epoch: 28 | lr: 0.0010 | Training    loss is  0.1954, train acc:  93.49% | 
Epoch: 29 | lr: 0.0010 | Training    loss is  0.1918, train acc:  93.56% | 
Epoch: 30 | lr: 0.0010 | Training    loss is  0.1890, train acc:  93.71% | Validation   loss is  1.0669, valid acc:  67.31% | 
Epoch: 30 | lr: 0.0010 | Target adv. loss is  2.2148, fool  acc:   0.00% | Target orig. loss is  1.0881, orig. acc: 100.00% | 
Epoch: 31 | lr: 0.0010 | Training    loss is  0.1846, train acc:  93.92% | 
Epoch: 32 | lr: 0.0010 | Training    loss is  0.1796, train acc:  93.90% | 
Epoch: 33 | lr: 0.0010 | Training    loss is  0.1753, train acc:  94.17% | 
Epoch: 34 | lr: 0.0001 | Training    loss is  0.1727, train acc:  94.28% | 
Epoch: 35 | lr: 0.0001 | Training    loss is  0.1656, train acc:  94.43% | 
Epoch: 36 | lr: 0.0001 | Training    loss is  0.1639, train acc:  94.66% | 
Epoch: 37 | lr: 0.0001 | Training    loss is  0.1625, train acc:  94.67% | 
Epoch: 38 | lr: 0.0001 | Training    loss is  0.1625, train acc:  94.57% | 
Epoch: 39 | lr: 0.0001 | Training    loss is  0.1617, train acc:  94.64% | Validation   loss is  1.1359, valid acc:  66.77% | 
Epoch: 39 | lr: 0.0001 | Target adv. loss is  2.0792, fool  acc:   0.00% | Target orig. loss is  1.0316, orig. acc: 100.00% | 
2026-07-04 00:15:29 | INFO | benchmark.run | Updated benchmark CSV: /media02/ndthuc03/cm-purify-targeted-poisoning/benchmark/outputs/slurm_73353/benchmark_results.csv
2026-07-04 00:15:29 | INFO | benchmark.run | ================================================================================
2026-07-04 00:15:29 | INFO | benchmark.run | BENCHMARK COMPLETE
2026-07-04 00:15:29 | INFO | benchmark.run | ================================================================================
2026-07-04 00:15:29 | INFO | benchmark.run | Results CSV: /media02/ndthuc03/cm-purify-targeted-poisoning/benchmark/outputs/slurm_73353/benchmark_results.csv
2026-07-04 00:15:29 | INFO | benchmark.run | Results JSONL: /media02/ndthuc03/cm-purify-targeted-poisoning/benchmark/outputs/slurm_73353/benchmark_results.jsonl
==============================
DONE! Checkpoint: /media02/ndthuc03/cm-purify-targeted-poisoning/consistency_model/checkpoints/cm_purifier.pth
Benchmark outputs: /media02/ndthuc03/cm-purify-targeted-poisoning/benchmark/outputs
Finished at: 2026-07-04T00:15:35+00:00
==============================
