Job ID: 73988
Running on: gpu03
Working directory: /media02/ndthuc03/cm-purify-targeted-poisoning
Repository: /media02/ndthuc03/cm-purify-targeted-poisoning
Pair directory: /media02/ndthuc03/cm-purify-targeted-poisoning/dataset_generation/datasets/train
Test directory: /media02/ndthuc03/cm-purify-targeted-poisoning/dataset_generation/datasets/test
Checkpoint path: /media02/ndthuc03/cm-purify-targeted-poisoning/consistency_model/checkpoints/cm_purifier_lpips.pth
Benchmark output directory: /media02/ndthuc03/cm-purify-targeted-poisoning/benchmark/outputs/slurm_73988
LPIPS weight/network: 0.10/alex
LPIPS image size/warmup: 64/2000
Conda environment: purifying_poison
Root requirements: /media02/ndthuc03/cm-purify-targeted-poisoning/requirements.txt
Logs directory: /media02/ndthuc03/cm-purify-targeted-poisoning/runners/logs
Main log: /media02/ndthuc03/cm-purify-targeted-poisoning/runners/logs/train_then_benchmark_73988.log
Error log: /media02/ndthuc03/cm-purify-targeted-poisoning/runners/logs/train_then_benchmark_err_73988.log
Started at: 2026-07-19T12:46:26+00:00
SLURM job GPUs: 0
SLURM step GPUs: <unset>
CUDA_VISIBLE_DEVICES before setup: 0
Training settings:
  teacher model: google/ddpm-cifar10-32
  CM output mode: full_boundary
  batch size: 128
  max steps: 50000
  log steps: 100
  skip train: 0
Benchmark settings:
  run id: <auto>
  attack filter: all
  case filter: <none>
  max cases: <none>
  t star: 200
  t star sweep: 50 100 150 200
  batch size: 64
  seed: 2026
  log steps: 1024
Sun Jul 19 12:46:26 2026       
+-----------------------------------------------------------------------------------------+
| NVIDIA-SMI 580.82.07              Driver Version: 580.82.07      CUDA Version: 13.0     |
+-----------------------------------------+------------------------+----------------------+
| GPU  Name                 Persistence-M | Bus-Id          Disp.A | Volatile Uncorr. ECC |
| Fan  Temp   Perf          Pwr:Usage/Cap |           Memory-Usage | GPU-Util  Compute M. |
|                                         |                        |               MIG M. |
|=========================================+========================+======================|
|   0  NVIDIA A100-PCIE-40GB          On  |   00000000:13:00.0 Off |                    0 |
| N/A   27C    P0             33W /  250W |       0MiB /  40960MiB |      0%      Default |
|                                         |                        |             Disabled |
+-----------------------------------------+------------------------+----------------------+

+-----------------------------------------------------------------------------------------+
| Processes:                                                                              |
|  GPU   GI   CI              PID   Type   Process name                        GPU Memory |
|        ID   ID                                                               Usage      |
|=========================================================================================|
|  No running processes found                                                             |
+-----------------------------------------------------------------------------------------+
Requirement already satisfied: pip in /media02/ndthuc03/anaconda3/envs/purifying_poison/lib/python3.10/site-packages (26.1.2)
Requirement already satisfied: numpy<2 in /media02/ndthuc03/anaconda3/envs/purifying_poison/lib/python3.10/site-packages (from -r /tmp/tmp.K4hsBdFjaY (line 2)) (1.26.4)
Requirement already satisfied: huggingface_hub==0.24.7 in /media02/ndthuc03/anaconda3/envs/purifying_poison/lib/python3.10/site-packages (from -r /tmp/tmp.K4hsBdFjaY (line 3)) (0.24.7)
Requirement already satisfied: tqdm in /media02/ndthuc03/anaconda3/envs/purifying_poison/lib/python3.10/site-packages (from -r /tmp/tmp.K4hsBdFjaY (line 6)) (4.68.2)
Requirement already satisfied: Pillow in /media02/ndthuc03/anaconda3/envs/purifying_poison/lib/python3.10/site-packages (from -r /tmp/tmp.K4hsBdFjaY (line 11)) (12.2.0)
Requirement already satisfied: lpips==0.1.4 in /media02/ndthuc03/anaconda3/envs/purifying_poison/lib/python3.10/site-packages (from -r /tmp/tmp.K4hsBdFjaY (line 12)) (0.1.4)
Requirement already satisfied: diffusers==0.30.3 in /media02/ndthuc03/anaconda3/envs/purifying_poison/lib/python3.10/site-packages (from -r /tmp/tmp.K4hsBdFjaY (line 15)) (0.30.3)
Requirement already satisfied: transformers==4.44.2 in /media02/ndthuc03/anaconda3/envs/purifying_poison/lib/python3.10/site-packages (from -r /tmp/tmp.K4hsBdFjaY (line 16)) (4.44.2)
Requirement already satisfied: accelerate==0.33.0 in /media02/ndthuc03/anaconda3/envs/purifying_poison/lib/python3.10/site-packages (from -r /tmp/tmp.K4hsBdFjaY (line 17)) (0.33.0)
Requirement already satisfied: safetensors==0.4.5 in /media02/ndthuc03/anaconda3/envs/purifying_poison/lib/python3.10/site-packages (from -r /tmp/tmp.K4hsBdFjaY (line 18)) (0.4.5)
Requirement already satisfied: lmdb in /media02/ndthuc03/anaconda3/envs/purifying_poison/lib/python3.10/site-packages (from -r /tmp/tmp.K4hsBdFjaY (line 22)) (2.2.1)
Requirement already satisfied: efficientnet_pytorch in /media02/ndthuc03/anaconda3/envs/purifying_poison/lib/python3.10/site-packages (from -r /tmp/tmp.K4hsBdFjaY (line 24)) (0.7.1)
Requirement already satisfied: pandas in /media02/ndthuc03/anaconda3/envs/purifying_poison/lib/python3.10/site-packages (from -r /tmp/tmp.K4hsBdFjaY (line 25)) (2.3.3)
Requirement already satisfied: scipy in /media02/ndthuc03/anaconda3/envs/purifying_poison/lib/python3.10/site-packages (from -r /tmp/tmp.K4hsBdFjaY (line 26)) (1.15.3)
Requirement already satisfied: opencv-python in /media02/ndthuc03/anaconda3/envs/purifying_poison/lib/python3.10/site-packages (from -r /tmp/tmp.K4hsBdFjaY (line 27)) (4.11.0.86)
Requirement already satisfied: matplotlib in /media02/ndthuc03/anaconda3/envs/purifying_poison/lib/python3.10/site-packages (from -r /tmp/tmp.K4hsBdFjaY (line 28)) (3.10.9)
Requirement already satisfied: google-cloud-storage in /media02/ndthuc03/anaconda3/envs/purifying_poison/lib/python3.10/site-packages (from -r /tmp/tmp.K4hsBdFjaY (line 29)) (3.11.0)
Requirement already satisfied: google-cloud-automl in /media02/ndthuc03/anaconda3/envs/purifying_poison/lib/python3.10/site-packages (from -r /tmp/tmp.K4hsBdFjaY (line 30)) (2.20.0)
Requirement already satisfied: gdown in /media02/ndthuc03/anaconda3/envs/purifying_poison/lib/python3.10/site-packages (from -r /tmp/tmp.K4hsBdFjaY (line 31)) (6.1.0)
Requirement already satisfied: filelock in /media02/ndthuc03/anaconda3/envs/purifying_poison/lib/python3.10/site-packages (from huggingface_hub==0.24.7->-r /tmp/tmp.K4hsBdFjaY (line 3)) (3.29.0)
Requirement already satisfied: fsspec>=2023.5.0 in /media02/ndthuc03/anaconda3/envs/purifying_poison/lib/python3.10/site-packages (from huggingface_hub==0.24.7->-r /tmp/tmp.K4hsBdFjaY (line 3)) (2026.4.0)
Requirement already satisfied: packaging>=20.9 in /media02/ndthuc03/anaconda3/envs/purifying_poison/lib/python3.10/site-packages (from huggingface_hub==0.24.7->-r /tmp/tmp.K4hsBdFjaY (line 3)) (26.0)
Requirement already satisfied: pyyaml>=5.1 in /media02/ndthuc03/anaconda3/envs/purifying_poison/lib/python3.10/site-packages (from huggingface_hub==0.24.7->-r /tmp/tmp.K4hsBdFjaY (line 3)) (6.0.3)
Requirement already satisfied: requests in /media02/ndthuc03/anaconda3/envs/purifying_poison/lib/python3.10/site-packages (from huggingface_hub==0.24.7->-r /tmp/tmp.K4hsBdFjaY (line 3)) (2.34.2)
Requirement already satisfied: typing-extensions>=3.7.4.3 in /media02/ndthuc03/anaconda3/envs/purifying_poison/lib/python3.10/site-packages (from huggingface_hub==0.24.7->-r /tmp/tmp.K4hsBdFjaY (line 3)) (4.15.0)
Requirement already satisfied: torch>=0.4.0 in /media02/ndthuc03/anaconda3/envs/purifying_poison/lib/python3.10/site-packages (from lpips==0.1.4->-r /tmp/tmp.K4hsBdFjaY (line 12)) (2.2.2+cu118)
Requirement already satisfied: torchvision>=0.2.1 in /media02/ndthuc03/anaconda3/envs/purifying_poison/lib/python3.10/site-packages (from lpips==0.1.4->-r /tmp/tmp.K4hsBdFjaY (line 12)) (0.17.2+cu118)
Requirement already satisfied: importlib-metadata in /media02/ndthuc03/anaconda3/envs/purifying_poison/lib/python3.10/site-packages (from diffusers==0.30.3->-r /tmp/tmp.K4hsBdFjaY (line 15)) (9.0.0)
Requirement already satisfied: regex!=2019.12.17 in /media02/ndthuc03/anaconda3/envs/purifying_poison/lib/python3.10/site-packages (from diffusers==0.30.3->-r /tmp/tmp.K4hsBdFjaY (line 15)) (2026.5.9)
Requirement already satisfied: tokenizers<0.20,>=0.19 in /media02/ndthuc03/anaconda3/envs/purifying_poison/lib/python3.10/site-packages (from transformers==4.44.2->-r /tmp/tmp.K4hsBdFjaY (line 16)) (0.19.1)
Requirement already satisfied: psutil in /media02/ndthuc03/anaconda3/envs/purifying_poison/lib/python3.10/site-packages (from accelerate==0.33.0->-r /tmp/tmp.K4hsBdFjaY (line 17)) (7.2.2)
Requirement already satisfied: python-dateutil>=2.8.2 in /media02/ndthuc03/anaconda3/envs/purifying_poison/lib/python3.10/site-packages (from pandas->-r /tmp/tmp.K4hsBdFjaY (line 25)) (2.9.0.post0)
Requirement already satisfied: pytz>=2020.1 in /media02/ndthuc03/anaconda3/envs/purifying_poison/lib/python3.10/site-packages (from pandas->-r /tmp/tmp.K4hsBdFjaY (line 25)) (2026.2)
Requirement already satisfied: tzdata>=2022.7 in /media02/ndthuc03/anaconda3/envs/purifying_poison/lib/python3.10/site-packages (from pandas->-r /tmp/tmp.K4hsBdFjaY (line 25)) (2026.2)
Requirement already satisfied: contourpy>=1.0.1 in /media02/ndthuc03/anaconda3/envs/purifying_poison/lib/python3.10/site-packages (from matplotlib->-r /tmp/tmp.K4hsBdFjaY (line 28)) (1.3.2)
Requirement already satisfied: cycler>=0.10 in /media02/ndthuc03/anaconda3/envs/purifying_poison/lib/python3.10/site-packages (from matplotlib->-r /tmp/tmp.K4hsBdFjaY (line 28)) (0.12.1)
Requirement already satisfied: fonttools>=4.22.0 in /media02/ndthuc03/anaconda3/envs/purifying_poison/lib/python3.10/site-packages (from matplotlib->-r /tmp/tmp.K4hsBdFjaY (line 28)) (4.63.0)
Requirement already satisfied: kiwisolver>=1.3.1 in /media02/ndthuc03/anaconda3/envs/purifying_poison/lib/python3.10/site-packages (from matplotlib->-r /tmp/tmp.K4hsBdFjaY (line 28)) (1.5.0)
Requirement already satisfied: pyparsing>=3 in /media02/ndthuc03/anaconda3/envs/purifying_poison/lib/python3.10/site-packages (from matplotlib->-r /tmp/tmp.K4hsBdFjaY (line 28)) (3.3.2)
Requirement already satisfied: google-auth<3.0.0,>=2.26.1 in /media02/ndthuc03/anaconda3/envs/purifying_poison/lib/python3.10/site-packages (from google-cloud-storage->-r /tmp/tmp.K4hsBdFjaY (line 29)) (2.53.0)
Requirement already satisfied: google-api-core<3.0.0,>=2.27.0 in /media02/ndthuc03/anaconda3/envs/purifying_poison/lib/python3.10/site-packages (from google-cloud-storage->-r /tmp/tmp.K4hsBdFjaY (line 29)) (2.31.0)
Requirement already satisfied: google-cloud-core<3.0.0,>=2.4.2 in /media02/ndthuc03/anaconda3/envs/purifying_poison/lib/python3.10/site-packages (from google-cloud-storage->-r /tmp/tmp.K4hsBdFjaY (line 29)) (2.6.0)
Requirement already satisfied: google-resumable-media<3.0.0,>=2.7.2 in /media02/ndthuc03/anaconda3/envs/purifying_poison/lib/python3.10/site-packages (from google-cloud-storage->-r /tmp/tmp.K4hsBdFjaY (line 29)) (2.10.0)
Requirement already satisfied: google-crc32c<2.0.0,>=1.6.0 in /media02/ndthuc03/anaconda3/envs/purifying_poison/lib/python3.10/site-packages (from google-cloud-storage->-r /tmp/tmp.K4hsBdFjaY (line 29)) (1.8.0)
Requirement already satisfied: googleapis-common-protos<2.0.0,>=1.63.2 in /media02/ndthuc03/anaconda3/envs/purifying_poison/lib/python3.10/site-packages (from google-api-core<3.0.0,>=2.27.0->google-cloud-storage->-r /tmp/tmp.K4hsBdFjaY (line 29)) (1.75.0)
Requirement already satisfied: protobuf<8.0.0,>=5.29.6 in /media02/ndthuc03/anaconda3/envs/purifying_poison/lib/python3.10/site-packages (from google-api-core<3.0.0,>=2.27.0->google-cloud-storage->-r /tmp/tmp.K4hsBdFjaY (line 29)) (7.35.0)
Requirement already satisfied: proto-plus<2.0.0,>=1.24.0 in /media02/ndthuc03/anaconda3/envs/purifying_poison/lib/python3.10/site-packages (from google-api-core<3.0.0,>=2.27.0->google-cloud-storage->-r /tmp/tmp.K4hsBdFjaY (line 29)) (1.28.0)
Requirement already satisfied: pyasn1-modules>=0.2.1 in /media02/ndthuc03/anaconda3/envs/purifying_poison/lib/python3.10/site-packages (from google-auth<3.0.0,>=2.26.1->google-cloud-storage->-r /tmp/tmp.K4hsBdFjaY (line 29)) (0.4.2)
Requirement already satisfied: cryptography>=38.0.3 in /media02/ndthuc03/anaconda3/envs/purifying_poison/lib/python3.10/site-packages (from google-auth<3.0.0,>=2.26.1->google-cloud-storage->-r /tmp/tmp.K4hsBdFjaY (line 29)) (48.0.0)
Requirement already satisfied: charset_normalizer<4,>=2 in /media02/ndthuc03/anaconda3/envs/purifying_poison/lib/python3.10/site-packages (from requests->huggingface_hub==0.24.7->-r /tmp/tmp.K4hsBdFjaY (line 3)) (3.4.7)
Requirement already satisfied: idna<4,>=2.5 in /media02/ndthuc03/anaconda3/envs/purifying_poison/lib/python3.10/site-packages (from requests->huggingface_hub==0.24.7->-r /tmp/tmp.K4hsBdFjaY (line 3)) (3.18)
Requirement already satisfied: urllib3<3,>=1.26 in /media02/ndthuc03/anaconda3/envs/purifying_poison/lib/python3.10/site-packages (from requests->huggingface_hub==0.24.7->-r /tmp/tmp.K4hsBdFjaY (line 3)) (2.7.0)
Requirement already satisfied: certifi>=2023.5.7 in /media02/ndthuc03/anaconda3/envs/purifying_poison/lib/python3.10/site-packages (from requests->huggingface_hub==0.24.7->-r /tmp/tmp.K4hsBdFjaY (line 3)) (2026.5.20)
Requirement already satisfied: grpcio<2.0.0,>=1.59.0 in /media02/ndthuc03/anaconda3/envs/purifying_poison/lib/python3.10/site-packages (from google-cloud-automl->-r /tmp/tmp.K4hsBdFjaY (line 30)) (1.81.0)
Requirement already satisfied: grpcio-status<2.0.0,>=1.41.0 in /media02/ndthuc03/anaconda3/envs/purifying_poison/lib/python3.10/site-packages (from google-api-core[grpc]<3.0.0,>=2.17.1->google-cloud-automl->-r /tmp/tmp.K4hsBdFjaY (line 30)) (1.81.0)
Requirement already satisfied: beautifulsoup4 in /media02/ndthuc03/anaconda3/envs/purifying_poison/lib/python3.10/site-packages (from gdown->-r /tmp/tmp.K4hsBdFjaY (line 31)) (4.14.3)
Requirement already satisfied: cffi>=2.0.0 in /media02/ndthuc03/anaconda3/envs/purifying_poison/lib/python3.10/site-packages (from cryptography>=38.0.3->google-auth<3.0.0,>=2.26.1->google-cloud-storage->-r /tmp/tmp.K4hsBdFjaY (line 29)) (2.0.0)
Requirement already satisfied: pycparser in /media02/ndthuc03/anaconda3/envs/purifying_poison/lib/python3.10/site-packages (from cffi>=2.0.0->cryptography>=38.0.3->google-auth<3.0.0,>=2.26.1->google-cloud-storage->-r /tmp/tmp.K4hsBdFjaY (line 29)) (3.0)
Requirement already satisfied: pyasn1<0.7.0,>=0.6.1 in /media02/ndthuc03/anaconda3/envs/purifying_poison/lib/python3.10/site-packages (from pyasn1-modules>=0.2.1->google-auth<3.0.0,>=2.26.1->google-cloud-storage->-r /tmp/tmp.K4hsBdFjaY (line 29)) (0.6.3)
Requirement already satisfied: six>=1.5 in /media02/ndthuc03/anaconda3/envs/purifying_poison/lib/python3.10/site-packages (from python-dateutil>=2.8.2->pandas->-r /tmp/tmp.K4hsBdFjaY (line 25)) (1.17.0)
Requirement already satisfied: sympy in /media02/ndthuc03/anaconda3/envs/purifying_poison/lib/python3.10/site-packages (from torch>=0.4.0->lpips==0.1.4->-r /tmp/tmp.K4hsBdFjaY (line 12)) (1.14.0)
Requirement already satisfied: networkx in /media02/ndthuc03/anaconda3/envs/purifying_poison/lib/python3.10/site-packages (from torch>=0.4.0->lpips==0.1.4->-r /tmp/tmp.K4hsBdFjaY (line 12)) (3.4.2)
Requirement already satisfied: jinja2 in /media02/ndthuc03/anaconda3/envs/purifying_poison/lib/python3.10/site-packages (from torch>=0.4.0->lpips==0.1.4->-r /tmp/tmp.K4hsBdFjaY (line 12)) (3.1.6)
Requirement already satisfied: nvidia-cuda-nvrtc-cu11==11.8.89 in /media02/ndthuc03/anaconda3/envs/purifying_poison/lib/python3.10/site-packages (from torch>=0.4.0->lpips==0.1.4->-r /tmp/tmp.K4hsBdFjaY (line 12)) (11.8.89)
Requirement already satisfied: nvidia-cuda-runtime-cu11==11.8.89 in /media02/ndthuc03/anaconda3/envs/purifying_poison/lib/python3.10/site-packages (from torch>=0.4.0->lpips==0.1.4->-r /tmp/tmp.K4hsBdFjaY (line 12)) (11.8.89)
Requirement already satisfied: nvidia-cuda-cupti-cu11==11.8.87 in /media02/ndthuc03/anaconda3/envs/purifying_poison/lib/python3.10/site-packages (from torch>=0.4.0->lpips==0.1.4->-r /tmp/tmp.K4hsBdFjaY (line 12)) (11.8.87)
Requirement already satisfied: nvidia-cudnn-cu11==8.7.0.84 in /media02/ndthuc03/anaconda3/envs/purifying_poison/lib/python3.10/site-packages (from torch>=0.4.0->lpips==0.1.4->-r /tmp/tmp.K4hsBdFjaY (line 12)) (8.7.0.84)
Requirement already satisfied: nvidia-cublas-cu11==11.11.3.6 in /media02/ndthuc03/anaconda3/envs/purifying_poison/lib/python3.10/site-packages (from torch>=0.4.0->lpips==0.1.4->-r /tmp/tmp.K4hsBdFjaY (line 12)) (11.11.3.6)
Requirement already satisfied: nvidia-cufft-cu11==10.9.0.58 in /media02/ndthuc03/anaconda3/envs/purifying_poison/lib/python3.10/site-packages (from torch>=0.4.0->lpips==0.1.4->-r /tmp/tmp.K4hsBdFjaY (line 12)) (10.9.0.58)
Requirement already satisfied: nvidia-curand-cu11==10.3.0.86 in /media02/ndthuc03/anaconda3/envs/purifying_poison/lib/python3.10/site-packages (from torch>=0.4.0->lpips==0.1.4->-r /tmp/tmp.K4hsBdFjaY (line 12)) (10.3.0.86)
Requirement already satisfied: nvidia-cusolver-cu11==11.4.1.48 in /media02/ndthuc03/anaconda3/envs/purifying_poison/lib/python3.10/site-packages (from torch>=0.4.0->lpips==0.1.4->-r /tmp/tmp.K4hsBdFjaY (line 12)) (11.4.1.48)
Requirement already satisfied: nvidia-cusparse-cu11==11.7.5.86 in /media02/ndthuc03/anaconda3/envs/purifying_poison/lib/python3.10/site-packages (from torch>=0.4.0->lpips==0.1.4->-r /tmp/tmp.K4hsBdFjaY (line 12)) (11.7.5.86)
Requirement already satisfied: nvidia-nccl-cu11==2.19.3 in /media02/ndthuc03/anaconda3/envs/purifying_poison/lib/python3.10/site-packages (from torch>=0.4.0->lpips==0.1.4->-r /tmp/tmp.K4hsBdFjaY (line 12)) (2.19.3)
Requirement already satisfied: nvidia-nvtx-cu11==11.8.86 in /media02/ndthuc03/anaconda3/envs/purifying_poison/lib/python3.10/site-packages (from torch>=0.4.0->lpips==0.1.4->-r /tmp/tmp.K4hsBdFjaY (line 12)) (11.8.86)
Requirement already satisfied: triton==2.2.0 in /media02/ndthuc03/anaconda3/envs/purifying_poison/lib/python3.10/site-packages (from torch>=0.4.0->lpips==0.1.4->-r /tmp/tmp.K4hsBdFjaY (line 12)) (2.2.0)
Requirement already satisfied: soupsieve>=1.6.1 in /media02/ndthuc03/anaconda3/envs/purifying_poison/lib/python3.10/site-packages (from beautifulsoup4->gdown->-r /tmp/tmp.K4hsBdFjaY (line 31)) (2.8.4)
Requirement already satisfied: zipp>=3.20 in /media02/ndthuc03/anaconda3/envs/purifying_poison/lib/python3.10/site-packages (from importlib-metadata->diffusers==0.30.3->-r /tmp/tmp.K4hsBdFjaY (line 15)) (4.1.0)
Requirement already satisfied: MarkupSafe>=2.0 in /media02/ndthuc03/anaconda3/envs/purifying_poison/lib/python3.10/site-packages (from jinja2->torch>=0.4.0->lpips==0.1.4->-r /tmp/tmp.K4hsBdFjaY (line 12)) (3.0.3)
Requirement already satisfied: PySocks!=1.5.7,>=1.5.6 in /media02/ndthuc03/anaconda3/envs/purifying_poison/lib/python3.10/site-packages (from requests[socks]->gdown->-r /tmp/tmp.K4hsBdFjaY (line 31)) (1.7.1)
Requirement already satisfied: mpmath<1.4,>=1.1.0 in /media02/ndthuc03/anaconda3/envs/purifying_poison/lib/python3.10/site-packages (from sympy->torch>=0.4.0->lpips==0.1.4->-r /tmp/tmp.K4hsBdFjaY (line 12)) (1.3.0)
HF stack OK:
  diffusers: 0.30.3
  transformers: 4.44.2
  accelerate: 0.33.0
  huggingface_hub: 0.24.7
  safetensors: 0.4.5
  diffusers classes: DDPMScheduler, UNet2DModel
PyTorch: 2.2.2+cu118
CUDA_VISIBLE_DEVICES: 0
CUDA available: True
CUDA device: NVIDIA A100-PCIE-40GB
==============================
1. RUNNING ALGORITHM 2 TRAINING...
==============================
2026-07-19 12:56:39 | INFO | cm_purifier.train | ========================================================================
2026-07-19 12:56:39 | INFO | cm_purifier.train | STARTING CM PURIFIER TRAINING
2026-07-19 12:56:39 | INFO | cm_purifier.train | ========================================================================
2026-07-19 12:56:40 | INFO | cm_purifier.train | Seed: 2026
2026-07-19 12:56:40 | INFO | cm_purifier.train | Resolved device: cuda
2026-07-19 12:56:40 | INFO | cm_purifier.train | ========================================================================
2026-07-19 12:56:40 | INFO | cm_purifier.train | 1. VALIDATING DATASET...
2026-07-19 12:56:40 | INFO | cm_purifier.train | ========================================================================
2026-07-19 12:56:45 | INFO | cm_purifier.train | ========================================================================
2026-07-19 12:56:45 | INFO | cm_purifier.train | CM purifier training configuration
2026-07-19 12:56:45 | INFO | cm_purifier.train | ========================================================================
2026-07-19 12:56:45 | INFO | cm_purifier.train | Selected args:
{
  "backbone": "diffusers",
  "batch_size": 128,
  "cm_output_mode": "full_boundary",
  "device": "cuda",
  "ema_decay": 0.9999,
  "gamma_bp": 1.0,
  "gamma_clean": 0.0,
  "gamma_wb": 1.0,
  "lambda_cls": 0.0,
  "lambda_distill": 1.0,
  "lambda_id": 1.0,
  "lambda_lpips": 0.1,
  "lambda_rec": 1.0,
  "learning_rate": 0.0001,
  "lpips_image_size": 64,
  "lpips_net": "alex",
  "lpips_warmup_steps": 2000,
  "max_steps": 50000,
  "num_ddim_timesteps": 50,
  "num_train_timesteps": 1000,
  "out": "/media02/ndthuc03/cm-purify-targeted-poisoning/consistency_model/checkpoints/cm_purifier_lpips.pth",
  "pair_dir": "/media02/ndthuc03/cm-purify-targeted-poisoning/dataset_generation/datasets/train",
  "schedule_source": "diffusers",
  "teacher_model": "google/ddpm-cifar10-32",
  "timestep_fraction": 0.5
}
2026-07-19 12:56:45 | INFO | cm_purifier.train | Dataset summary:
{
  "attacks": {
    "bp": 10000,
    "clean": 10000,
    "wb": 10000
  },
  "labels": {
    "0": 3000,
    "1": 3000,
    "2": 3000,
    "3": 3000,
    "4": 3000,
    "5": 3000,
    "6": 3000,
    "7": 3000,
    "8": 3000,
    "9": 3000
  },
  "total": 30000
}
2026-07-19 12:56:45 | INFO | cm_purifier.train | ========================================================================
2026-07-19 12:56:45 | INFO | cm_purifier.train | 2. BUILDING MODEL AND DDPM SCHEDULE...
2026-07-19 12:56:45 | INFO | cm_purifier.train | ========================================================================
2026-07-19 12:57:42 | INFO | cm_purifier.train | ========================================================================
2026-07-19 12:57:42 | INFO | cm_purifier.train | Model and schedule
2026-07-19 12:57:42 | INFO | cm_purifier.train | ========================================================================
2026-07-19 12:57:42 | INFO | cm_purifier.train | Model class: CMBoundaryWrapper
2026-07-19 12:57:42 | INFO | cm_purifier.train | Trainable parameters: 35,746,307
2026-07-19 12:57:42 | INFO | cm_purifier.train | Total parameters: 35,746,307
2026-07-19 12:57:42 | INFO | cm_purifier.train | DDPM timesteps: 1000
2026-07-19 12:57:42 | INFO | cm_purifier.train | DDIM timesteps: 50
2026-07-19 12:57:42 | INFO | cm_purifier.train | First/last DDIM timestep: 19 / 999
2026-07-19 12:57:42 | INFO | cm_purifier.train | Training device: cuda
2026-07-19 12:57:42 | INFO | cm_purifier.train | CUDA device name: NVIDIA A100-PCIE-40GB
2026-07-19 12:57:42 | INFO | cm_purifier.train | CUDA memory allocated before training: 0.29 GB
2026-07-19 12:58:32 | INFO | cm_purifier.train | LPIPS enabled | network: alex | image size: 64 | target weight: 0.1000 | warmup steps: 2000
2026-07-19 12:58:32 | INFO | cm_purifier.train | ========================================================================
2026-07-19 12:58:32 | INFO | cm_purifier.train | 3. TRAINING CM PURIFIER...
2026-07-19 12:58:32 | INFO | cm_purifier.train | ========================================================================
2026-07-19 12:58:32 | INFO | cm_purifier.train | Start step: 0
2026-07-19 12:58:32 | INFO | cm_purifier.train | Batches per epoch-style pass: 234
2026-07-19 13:00:00 | INFO | cm_purifier.train | Step: 1/50000 | 0.00% | lr: 0.000100 | Training loss is 0.2452 | distill: 0.0004 | rec: 0.1215 | id: 0.1233 | lpips: 0.2372 | lpips weighted: 0.0000 | lpips weight: 0.0000 | cls: 0.0000 | elapsed: 00:01:28 | eta: 1230:48:47 | gpu: 0.8/9.3 GB
2026-07-19 13:02:30 | INFO | cm_purifier.train | Step: 100/50000 | 0.20% | lr: 0.000100 | Training loss is 0.2536 | distill: 0.0007 | rec: 0.1269 | id: 0.1249 | lpips: 0.2199 | lpips weighted: 0.0011 | lpips weight: 0.0050 | cls: 0.0000 | elapsed: 00:03:58 | eta: 33:05:36 | gpu: 0.8/9.3 GB
2026-07-19 13:05:03 | INFO | cm_purifier.train | Step: 200/50000 | 0.40% | lr: 0.000100 | Training loss is 0.2393 | distill: 0.0008 | rec: 0.1174 | id: 0.1191 | lpips: 0.2051 | lpips weighted: 0.0021 | lpips weight: 0.0100 | cls: 0.0000 | elapsed: 00:06:31 | eta: 27:04:29 | gpu: 0.8/9.3 GB
2026-07-19 13:06:23 | INFO | cm_purifier.train | Step: 300/50000 | 0.60% | lr: 0.000100 | Training loss is 0.2560 | distill: 0.0009 | rec: 0.1247 | id: 0.1273 | lpips: 0.2037 | lpips weighted: 0.0031 | lpips weight: 0.0150 | cls: 0.0000 | elapsed: 00:07:51 | eta: 21:41:10 | gpu: 0.8/9.3 GB
2026-07-19 13:06:44 | INFO | cm_purifier.train | Step: 400/50000 | 0.80% | lr: 0.000100 | Training loss is 0.2400 | distill: 0.0011 | rec: 0.1202 | id: 0.1147 | lpips: 0.2038 | lpips weighted: 0.0041 | lpips weight: 0.0200 | cls: 0.0000 | elapsed: 00:08:12 | eta: 16:57:51 | gpu: 0.8/9.3 GB
2026-07-19 13:07:07 | INFO | cm_purifier.train | Step: 500/50000 | 1.00% | lr: 0.000100 | Training loss is 0.2590 | distill: 0.0011 | rec: 0.1280 | id: 0.1251 | lpips: 0.1934 | lpips weighted: 0.0048 | lpips weight: 0.0250 | cls: 0.0000 | elapsed: 00:08:35 | eta: 14:09:58 | gpu: 0.8/9.3 GB
2026-07-19 13:07:27 | INFO | cm_purifier.train | Step: 600/50000 | 1.20% | lr: 0.000100 | Training loss is 0.2736 | distill: 0.0010 | rec: 0.1325 | id: 0.1336 | lpips: 0.2191 | lpips weighted: 0.0066 | lpips weight: 0.0300 | cls: 0.0000 | elapsed: 00:08:55 | eta: 12:15:03 | gpu: 0.8/9.3 GB
2026-07-19 13:07:48 | INFO | cm_purifier.train | Step: 700/50000 | 1.40% | lr: 0.000100 | Training loss is 0.2533 | distill: 0.0010 | rec: 0.1255 | id: 0.1203 | lpips: 0.1847 | lpips weighted: 0.0065 | lpips weight: 0.0350 | cls: 0.0000 | elapsed: 00:09:16 | eta: 10:53:03 | gpu: 0.8/9.3 GB
2026-07-19 13:08:11 | INFO | cm_purifier.train | Step: 800/50000 | 1.60% | lr: 0.000100 | Training loss is 0.2845 | distill: 0.0010 | rec: 0.1308 | id: 0.1449 | lpips: 0.1952 | lpips weighted: 0.0078 | lpips weight: 0.0400 | cls: 0.0000 | elapsed: 00:09:39 | eta: 09:54:06 | gpu: 0.8/9.3 GB
2026-07-19 13:08:32 | INFO | cm_purifier.train | Step: 900/50000 | 1.80% | lr: 0.000100 | Training loss is 0.2540 | distill: 0.0011 | rec: 0.1255 | id: 0.1193 | lpips: 0.1806 | lpips weighted: 0.0081 | lpips weight: 0.0450 | cls: 0.0000 | elapsed: 00:10:00 | eta: 09:05:51 | gpu: 0.8/9.3 GB
2026-07-19 13:08:54 | INFO | cm_purifier.train | Step: 1000/50000 | 2.00% | lr: 0.000100 | Training loss is 0.2711 | distill: 0.0012 | rec: 0.1313 | id: 0.1286 | lpips: 0.2010 | lpips weighted: 0.0101 | lpips weight: 0.0500 | cls: 0.0000 | elapsed: 00:10:22 | eta: 08:28:33 | gpu: 0.8/9.3 GB
2026-07-19 13:09:18 | INFO | cm_purifier.train | Step: 1100/50000 | 2.20% | lr: 0.000100 | Training loss is 0.2855 | distill: 0.0011 | rec: 0.1336 | id: 0.1400 | lpips: 0.1952 | lpips weighted: 0.0107 | lpips weight: 0.0550 | cls: 0.0000 | elapsed: 00:10:45 | eta: 07:58:33 | gpu: 0.8/9.3 GB
2026-07-19 13:09:41 | INFO | cm_purifier.train | Step: 1200/50000 | 2.40% | lr: 0.000100 | Training loss is 0.2453 | distill: 0.0010 | rec: 0.1196 | id: 0.1147 | lpips: 0.1686 | lpips weighted: 0.0101 | lpips weight: 0.0600 | cls: 0.0000 | elapsed: 00:11:09 | eta: 07:33:39 | gpu: 0.8/9.3 GB
2026-07-19 13:10:02 | INFO | cm_purifier.train | Step: 1300/50000 | 2.60% | lr: 0.000100 | Training loss is 0.2448 | distill: 0.0010 | rec: 0.1156 | id: 0.1173 | lpips: 0.1670 | lpips weighted: 0.0109 | lpips weight: 0.0650 | cls: 0.0000 | elapsed: 00:11:30 | eta: 07:10:59 | gpu: 0.8/9.3 GB
2026-07-19 13:10:23 | INFO | cm_purifier.train | Step: 1400/50000 | 2.80% | lr: 0.000100 | Training loss is 0.2547 | distill: 0.0013 | rec: 0.1297 | id: 0.1115 | lpips: 0.1728 | lpips weighted: 0.0121 | lpips weight: 0.0700 | cls: 0.0000 | elapsed: 00:11:51 | eta: 06:51:35 | gpu: 0.8/9.3 GB
2026-07-19 13:10:46 | INFO | cm_purifier.train | Step: 1500/50000 | 3.00% | lr: 0.000100 | Training loss is 0.2800 | distill: 0.0013 | rec: 0.1287 | id: 0.1371 | lpips: 0.1733 | lpips weighted: 0.0130 | lpips weight: 0.0750 | cls: 0.0000 | elapsed: 00:12:13 | eta: 06:35:31 | gpu: 0.8/9.3 GB
2026-07-19 13:11:07 | INFO | cm_purifier.train | Step: 1600/50000 | 3.20% | lr: 0.000100 | Training loss is 0.2841 | distill: 0.0012 | rec: 0.1232 | id: 0.1452 | lpips: 0.1820 | lpips weighted: 0.0146 | lpips weight: 0.0800 | cls: 0.0000 | elapsed: 00:12:35 | eta: 06:20:44 | gpu: 0.8/9.3 GB
2026-07-19 13:11:30 | INFO | cm_purifier.train | Step: 1700/50000 | 3.40% | lr: 0.000100 | Training loss is 0.2654 | distill: 0.0015 | rec: 0.1291 | id: 0.1203 | lpips: 0.1713 | lpips weighted: 0.0146 | lpips weight: 0.0850 | cls: 0.0000 | elapsed: 00:12:58 | eta: 06:08:27 | gpu: 0.8/9.3 GB
2026-07-19 13:11:51 | INFO | cm_purifier.train | Step: 1800/50000 | 3.60% | lr: 0.000100 | Training loss is 0.2706 | distill: 0.0011 | rec: 0.1259 | id: 0.1278 | lpips: 0.1746 | lpips weighted: 0.0157 | lpips weight: 0.0900 | cls: 0.0000 | elapsed: 00:13:19 | eta: 05:56:37 | gpu: 0.8/9.3 GB
2026-07-19 13:12:14 | INFO | cm_purifier.train | Step: 1900/50000 | 3.80% | lr: 0.000100 | Training loss is 0.2631 | distill: 0.0013 | rec: 0.1293 | id: 0.1158 | lpips: 0.1758 | lpips weighted: 0.0167 | lpips weight: 0.0950 | cls: 0.0000 | elapsed: 00:13:42 | eta: 05:46:55 | gpu: 0.8/9.3 GB
2026-07-19 13:12:37 | INFO | cm_purifier.train | Step: 2000/50000 | 4.00% | lr: 0.000100 | Training loss is 0.2490 | distill: 0.0011 | rec: 0.1171 | id: 0.1148 | lpips: 0.1598 | lpips weighted: 0.0160 | lpips weight: 0.1000 | cls: 0.0000 | elapsed: 00:14:04 | eta: 05:37:56 | gpu: 0.8/9.3 GB
2026-07-19 13:12:59 | INFO | cm_purifier.train | Step: 2100/50000 | 4.20% | lr: 0.000100 | Training loss is 0.2919 | distill: 0.0012 | rec: 0.1340 | id: 0.1384 | lpips: 0.1833 | lpips weighted: 0.0183 | lpips weight: 0.1000 | cls: 0.0000 | elapsed: 00:14:27 | eta: 05:29:46 | gpu: 0.8/9.3 GB
2026-07-19 13:13:22 | INFO | cm_purifier.train | Step: 2200/50000 | 4.40% | lr: 0.000100 | Training loss is 0.2606 | distill: 0.0012 | rec: 0.1271 | id: 0.1156 | lpips: 0.1663 | lpips weighted: 0.0166 | lpips weight: 0.1000 | cls: 0.0000 | elapsed: 00:14:50 | eta: 05:22:29 | gpu: 0.8/9.3 GB
2026-07-19 13:13:53 | INFO | cm_purifier.train | Step: 2300/50000 | 4.60% | lr: 0.000100 | Training loss is 0.2763 | distill: 0.0013 | rec: 0.1293 | id: 0.1274 | lpips: 0.1826 | lpips weighted: 0.0183 | lpips weight: 0.1000 | cls: 0.0000 | elapsed: 00:15:21 | eta: 05:18:26 | gpu: 0.8/9.3 GB
2026-07-19 13:14:26 | INFO | cm_purifier.train | Step: 2400/50000 | 4.80% | lr: 0.000100 | Training loss is 0.2590 | distill: 0.0013 | rec: 0.1210 | id: 0.1211 | lpips: 0.1560 | lpips weighted: 0.0156 | lpips weight: 0.1000 | cls: 0.0000 | elapsed: 00:15:54 | eta: 05:15:29 | gpu: 0.8/9.3 GB
2026-07-19 13:14:53 | INFO | cm_purifier.train | Step: 2500/50000 | 5.00% | lr: 0.000100 | Training loss is 0.2669 | distill: 0.0014 | rec: 0.1296 | id: 0.1179 | lpips: 0.1807 | lpips weighted: 0.0181 | lpips weight: 0.1000 | cls: 0.0000 | elapsed: 00:16:21 | eta: 05:10:51 | gpu: 0.8/9.3 GB
2026-07-19 13:15:16 | INFO | cm_purifier.train | Step: 2600/50000 | 5.20% | lr: 0.000100 | Training loss is 0.2625 | distill: 0.0013 | rec: 0.1239 | id: 0.1206 | lpips: 0.1668 | lpips weighted: 0.0167 | lpips weight: 0.1000 | cls: 0.0000 | elapsed: 00:16:44 | eta: 05:05:14 | gpu: 0.8/9.3 GB
2026-07-19 13:15:37 | INFO | cm_purifier.train | Step: 2700/50000 | 5.40% | lr: 0.000100 | Training loss is 0.2642 | distill: 0.0013 | rec: 0.1288 | id: 0.1164 | lpips: 0.1784 | lpips weighted: 0.0178 | lpips weight: 0.1000 | cls: 0.0000 | elapsed: 00:17:05 | eta: 04:59:28 | gpu: 0.8/9.3 GB
2026-07-19 13:15:58 | INFO | cm_purifier.train | Step: 2800/50000 | 5.60% | lr: 0.000100 | Training loss is 0.2578 | distill: 0.0013 | rec: 0.1259 | id: 0.1138 | lpips: 0.1678 | lpips weighted: 0.0168 | lpips weight: 0.1000 | cls: 0.0000 | elapsed: 00:17:26 | eta: 04:54:04 | gpu: 0.8/9.3 GB
2026-07-19 13:16:23 | INFO | cm_purifier.train | Step: 2900/50000 | 5.80% | lr: 0.000100 | Training loss is 0.2544 | distill: 0.0011 | rec: 0.1200 | id: 0.1165 | lpips: 0.1683 | lpips weighted: 0.0168 | lpips weight: 0.1000 | cls: 0.0000 | elapsed: 00:17:50 | eta: 04:49:52 | gpu: 0.8/9.3 GB
2026-07-19 13:16:44 | INFO | cm_purifier.train | Step: 3000/50000 | 6.00% | lr: 0.000100 | Training loss is 0.2576 | distill: 0.0012 | rec: 0.1213 | id: 0.1181 | lpips: 0.1707 | lpips weighted: 0.0171 | lpips weight: 0.1000 | cls: 0.0000 | elapsed: 00:18:11 | eta: 04:45:07 | gpu: 0.8/9.3 GB
2026-07-19 13:17:06 | INFO | cm_purifier.train | Step: 3100/50000 | 6.20% | lr: 0.000100 | Training loss is 0.2456 | distill: 0.0013 | rec: 0.1234 | id: 0.1054 | lpips: 0.1559 | lpips weighted: 0.0156 | lpips weight: 0.1000 | cls: 0.0000 | elapsed: 00:18:34 | eta: 04:41:05 | gpu: 0.8/9.3 GB
2026-07-19 13:17:27 | INFO | cm_purifier.train | Step: 3200/50000 | 6.40% | lr: 0.000100 | Training loss is 0.2574 | distill: 0.0011 | rec: 0.1253 | id: 0.1140 | lpips: 0.1705 | lpips weighted: 0.0170 | lpips weight: 0.1000 | cls: 0.0000 | elapsed: 00:18:55 | eta: 04:36:51 | gpu: 0.8/9.3 GB
2026-07-19 13:17:51 | INFO | cm_purifier.train | Step: 3300/50000 | 6.60% | lr: 0.000100 | Training loss is 0.2683 | distill: 0.0012 | rec: 0.1280 | id: 0.1223 | lpips: 0.1679 | lpips weighted: 0.0168 | lpips weight: 0.1000 | cls: 0.0000 | elapsed: 00:19:18 | eta: 04:33:19 | gpu: 0.8/9.3 GB
2026-07-19 13:18:12 | INFO | cm_purifier.train | Step: 3400/50000 | 6.80% | lr: 0.000100 | Training loss is 0.2599 | distill: 0.0012 | rec: 0.1217 | id: 0.1207 | lpips: 0.1639 | lpips weighted: 0.0164 | lpips weight: 0.1000 | cls: 0.0000 | elapsed: 00:19:39 | eta: 04:29:32 | gpu: 0.8/9.3 GB
2026-07-19 13:18:33 | INFO | cm_purifier.train | Step: 3500/50000 | 7.00% | lr: 0.000100 | Training loss is 0.2771 | distill: 0.0019 | rec: 0.1242 | id: 0.1342 | lpips: 0.1684 | lpips weighted: 0.0168 | lpips weight: 0.1000 | cls: 0.0000 | elapsed: 00:20:01 | eta: 04:25:58 | gpu: 0.8/9.3 GB
2026-07-19 13:18:57 | INFO | cm_purifier.train | Step: 3600/50000 | 7.20% | lr: 0.000100 | Training loss is 0.2683 | distill: 0.0012 | rec: 0.1194 | id: 0.1318 | lpips: 0.1592 | lpips weighted: 0.0159 | lpips weight: 0.1000 | cls: 0.0000 | elapsed: 00:20:24 | eta: 04:23:07 | gpu: 0.8/9.3 GB
2026-07-19 13:19:18 | INFO | cm_purifier.train | Step: 3700/50000 | 7.40% | lr: 0.000100 | Training loss is 0.2823 | distill: 0.0013 | rec: 0.1288 | id: 0.1359 | lpips: 0.1635 | lpips weighted: 0.0164 | lpips weight: 0.1000 | cls: 0.0000 | elapsed: 00:20:46 | eta: 04:19:52 | gpu: 0.8/9.3 GB
2026-07-19 13:19:41 | INFO | cm_purifier.train | Step: 3800/50000 | 7.60% | lr: 0.000100 | Training loss is 0.2582 | distill: 0.0012 | rec: 0.1206 | id: 0.1208 | lpips: 0.1552 | lpips weighted: 0.0155 | lpips weight: 0.1000 | cls: 0.0000 | elapsed: 00:21:09 | eta: 04:17:09 | gpu: 0.8/9.3 GB
2026-07-19 13:20:02 | INFO | cm_purifier.train | Step: 3900/50000 | 7.80% | lr: 0.000100 | Training loss is 0.2640 | distill: 0.0013 | rec: 0.1298 | id: 0.1153 | lpips: 0.1758 | lpips weighted: 0.0176 | lpips weight: 0.1000 | cls: 0.0000 | elapsed: 00:21:30 | eta: 04:14:10 | gpu: 0.8/9.3 GB
2026-07-19 13:20:25 | INFO | cm_purifier.train | Step: 4000/50000 | 8.00% | lr: 0.000100 | Training loss is 0.2517 | distill: 0.0011 | rec: 0.1202 | id: 0.1148 | lpips: 0.1559 | lpips weighted: 0.0156 | lpips weight: 0.1000 | cls: 0.0000 | elapsed: 00:21:52 | eta: 04:11:38 | gpu: 0.8/9.3 GB
2026-07-19 13:20:46 | INFO | cm_purifier.train | Step: 4100/50000 | 8.20% | lr: 0.000100 | Training loss is 0.2865 | distill: 0.0014 | rec: 0.1266 | id: 0.1411 | lpips: 0.1742 | lpips weighted: 0.0174 | lpips weight: 0.1000 | cls: 0.0000 | elapsed: 00:22:14 | eta: 04:08:54 | gpu: 0.8/9.3 GB
2026-07-19 13:21:07 | INFO | cm_purifier.train | Step: 4200/50000 | 8.40% | lr: 0.000100 | Training loss is 0.2654 | distill: 0.0011 | rec: 0.1223 | id: 0.1253 | lpips: 0.1665 | lpips weighted: 0.0166 | lpips weight: 0.1000 | cls: 0.0000 | elapsed: 00:22:35 | eta: 04:06:17 | gpu: 0.8/9.3 GB
2026-07-19 13:21:29 | INFO | cm_purifier.train | Step: 4300/50000 | 8.60% | lr: 0.000100 | Training loss is 0.2473 | distill: 0.0011 | rec: 0.1158 | id: 0.1154 | lpips: 0.1498 | lpips weighted: 0.0150 | lpips weight: 0.1000 | cls: 0.0000 | elapsed: 00:22:57 | eta: 04:03:57 | gpu: 0.8/9.3 GB
2026-07-19 13:21:50 | INFO | cm_purifier.train | Step: 4400/50000 | 8.80% | lr: 0.000100 | Training loss is 0.3002 | distill: 0.0014 | rec: 0.1355 | id: 0.1457 | lpips: 0.1755 | lpips weighted: 0.0175 | lpips weight: 0.1000 | cls: 0.0000 | elapsed: 00:23:18 | eta: 04:01:32 | gpu: 0.8/9.3 GB
2026-07-19 13:22:14 | INFO | cm_purifier.train | Step: 4500/50000 | 9.00% | lr: 0.000100 | Training loss is 0.2790 | distill: 0.0013 | rec: 0.1271 | id: 0.1335 | lpips: 0.1704 | lpips weighted: 0.0170 | lpips weight: 0.1000 | cls: 0.0000 | elapsed: 00:23:42 | eta: 03:59:42 | gpu: 0.8/9.3 GB
2026-07-19 13:22:35 | INFO | cm_purifier.train | Step: 4600/50000 | 9.20% | lr: 0.000100 | Training loss is 0.2589 | distill: 0.0013 | rec: 0.1267 | id: 0.1142 | lpips: 0.1676 | lpips weighted: 0.0168 | lpips weight: 0.1000 | cls: 0.0000 | elapsed: 00:24:03 | eta: 03:57:29 | gpu: 0.8/9.3 GB
2026-07-19 13:22:58 | INFO | cm_purifier.train | Step: 4700/50000 | 9.40% | lr: 0.000100 | Training loss is 0.2511 | distill: 0.0013 | rec: 0.1194 | id: 0.1151 | lpips: 0.1535 | lpips weighted: 0.0153 | lpips weight: 0.1000 | cls: 0.0000 | elapsed: 00:24:26 | eta: 03:55:31 | gpu: 0.8/9.3 GB
2026-07-19 13:23:19 | INFO | cm_purifier.train | Step: 4800/50000 | 9.60% | lr: 0.000100 | Training loss is 0.2652 | distill: 0.0012 | rec: 0.1292 | id: 0.1182 | lpips: 0.1664 | lpips weighted: 0.0166 | lpips weight: 0.1000 | cls: 0.0000 | elapsed: 00:24:47 | eta: 03:53:26 | gpu: 0.8/9.3 GB
2026-07-19 13:23:44 | INFO | cm_purifier.train | Step: 4900/50000 | 9.80% | lr: 0.000100 | Training loss is 0.2661 | distill: 0.0012 | rec: 0.1276 | id: 0.1197 | lpips: 0.1760 | lpips weighted: 0.0176 | lpips weight: 0.1000 | cls: 0.0000 | elapsed: 00:25:12 | eta: 03:51:59 | gpu: 0.8/9.3 GB
2026-07-19 13:24:10 | INFO | cm_purifier.train | Step: 5000/50000 | 10.00% | lr: 0.000100 | Training loss is 0.2375 | distill: 0.0011 | rec: 0.1147 | id: 0.1076 | lpips: 0.1412 | lpips weighted: 0.0141 | lpips weight: 0.1000 | cls: 0.0000 | elapsed: 00:25:38 | eta: 03:50:44 | gpu: 0.8/9.3 GB
2026-07-19 13:25:05 | INFO | cm_purifier.train | Saved checkpoint to /media02/ndthuc03/cm-purify-targeted-poisoning/consistency_model/checkpoints/cm_purifier_lpips.pth at step 5000
2026-07-19 13:25:25 | INFO | cm_purifier.train | Step: 5100/50000 | 10.20% | lr: 0.000100 | Training loss is 0.2502 | distill: 0.0012 | rec: 0.1259 | id: 0.1063 | lpips: 0.1679 | lpips weighted: 0.0168 | lpips weight: 0.1000 | cls: 0.0000 | elapsed: 00:26:53 | eta: 03:56:47 | gpu: 0.8/9.3 GB
2026-07-19 13:25:53 | INFO | cm_purifier.train | Step: 5200/50000 | 10.40% | lr: 0.000100 | Training loss is 0.3159 | distill: 0.0013 | rec: 0.1370 | id: 0.1599 | lpips: 0.1773 | lpips weighted: 0.0177 | lpips weight: 0.1000 | cls: 0.0000 | elapsed: 00:27:21 | eta: 03:55:43 | gpu: 0.8/9.3 GB
2026-07-19 13:26:14 | INFO | cm_purifier.train | Step: 5300/50000 | 10.60% | lr: 0.000100 | Training loss is 0.2713 | distill: 0.0013 | rec: 0.1292 | id: 0.1242 | lpips: 0.1668 | lpips weighted: 0.0167 | lpips weight: 0.1000 | cls: 0.0000 | elapsed: 00:27:42 | eta: 03:53:42 | gpu: 0.8/9.3 GB
2026-07-19 13:26:37 | INFO | cm_purifier.train | Step: 5400/50000 | 10.80% | lr: 0.000100 | Training loss is 0.2516 | distill: 0.0015 | rec: 0.1311 | id: 0.1029 | lpips: 0.1613 | lpips weighted: 0.0161 | lpips weight: 0.1000 | cls: 0.0000 | elapsed: 00:28:05 | eta: 03:51:56 | gpu: 0.8/9.3 GB
2026-07-19 13:26:57 | INFO | cm_purifier.train | Step: 5500/50000 | 11.00% | lr: 0.000100 | Training loss is 0.2438 | distill: 0.0012 | rec: 0.1184 | id: 0.1091 | lpips: 0.1505 | lpips weighted: 0.0150 | lpips weight: 0.1000 | cls: 0.0000 | elapsed: 00:28:25 | eta: 03:50:01 | gpu: 0.8/9.3 GB
2026-07-19 13:27:18 | INFO | cm_purifier.train | Step: 5600/50000 | 11.20% | lr: 0.000100 | Training loss is 0.2643 | distill: 0.0014 | rec: 0.1258 | id: 0.1207 | lpips: 0.1640 | lpips weighted: 0.0164 | lpips weight: 0.1000 | cls: 0.0000 | elapsed: 00:28:46 | eta: 03:48:10 | gpu: 0.8/9.3 GB
2026-07-19 13:27:42 | INFO | cm_purifier.train | Step: 5700/50000 | 11.40% | lr: 0.000100 | Training loss is 0.2738 | distill: 0.0012 | rec: 0.1295 | id: 0.1270 | lpips: 0.1611 | lpips weighted: 0.0161 | lpips weight: 0.1000 | cls: 0.0000 | elapsed: 00:29:10 | eta: 03:46:44 | gpu: 0.8/9.3 GB
2026-07-19 13:28:03 | INFO | cm_purifier.train | Step: 5800/50000 | 11.60% | lr: 0.000100 | Training loss is 0.2691 | distill: 0.0015 | rec: 0.1305 | id: 0.1204 | lpips: 0.1671 | lpips weighted: 0.0167 | lpips weight: 0.1000 | cls: 0.0000 | elapsed: 00:29:31 | eta: 03:44:59 | gpu: 0.8/9.3 GB
2026-07-19 13:28:26 | INFO | cm_purifier.train | Step: 5900/50000 | 11.80% | lr: 0.000100 | Training loss is 0.2612 | distill: 0.0011 | rec: 0.1249 | id: 0.1191 | lpips: 0.1605 | lpips weighted: 0.0161 | lpips weight: 0.1000 | cls: 0.0000 | elapsed: 00:29:54 | eta: 03:43:33 | gpu: 0.8/9.3 GB
2026-07-19 13:28:54 | INFO | cm_purifier.train | Step: 6000/50000 | 12.00% | lr: 0.000100 | Training loss is 0.2859 | distill: 0.0016 | rec: 0.1331 | id: 0.1341 | lpips: 0.1719 | lpips weighted: 0.0172 | lpips weight: 0.1000 | cls: 0.0000 | elapsed: 00:30:22 | eta: 03:42:46 | gpu: 0.8/9.3 GB
2026-07-19 13:29:26 | INFO | cm_purifier.train | Step: 6100/50000 | 12.20% | lr: 0.000100 | Training loss is 0.2719 | distill: 0.0013 | rec: 0.1317 | id: 0.1220 | lpips: 0.1697 | lpips weighted: 0.0170 | lpips weight: 0.1000 | cls: 0.0000 | elapsed: 00:30:54 | eta: 03:42:22 | gpu: 0.8/9.3 GB
2026-07-19 13:29:47 | INFO | cm_purifier.train | Step: 6200/50000 | 12.40% | lr: 0.000100 | Training loss is 0.2779 | distill: 0.0013 | rec: 0.1320 | id: 0.1266 | lpips: 0.1804 | lpips weighted: 0.0180 | lpips weight: 0.1000 | cls: 0.0000 | elapsed: 00:31:14 | eta: 03:40:45 | gpu: 0.8/9.3 GB
2026-07-19 13:30:12 | INFO | cm_purifier.train | Step: 6300/50000 | 12.60% | lr: 0.000100 | Training loss is 0.2565 | distill: 0.0012 | rec: 0.1253 | id: 0.1146 | lpips: 0.1546 | lpips weighted: 0.0155 | lpips weight: 0.1000 | cls: 0.0000 | elapsed: 00:31:39 | eta: 03:39:38 | gpu: 0.8/9.3 GB
2026-07-19 13:30:35 | INFO | cm_purifier.train | Step: 6400/50000 | 12.80% | lr: 0.000100 | Training loss is 0.2624 | distill: 0.0010 | rec: 0.1206 | id: 0.1250 | lpips: 0.1582 | lpips weighted: 0.0158 | lpips weight: 0.1000 | cls: 0.0000 | elapsed: 00:32:03 | eta: 03:38:22 | gpu: 0.8/9.3 GB
2026-07-19 13:30:56 | INFO | cm_purifier.train | Step: 6500/50000 | 13.00% | lr: 0.000100 | Training loss is 0.2676 | distill: 0.0012 | rec: 0.1219 | id: 0.1278 | lpips: 0.1672 | lpips weighted: 0.0167 | lpips weight: 0.1000 | cls: 0.0000 | elapsed: 00:32:24 | eta: 03:36:51 | gpu: 0.8/9.3 GB
2026-07-19 13:31:18 | INFO | cm_purifier.train | Step: 6600/50000 | 13.20% | lr: 0.000100 | Training loss is 0.2491 | distill: 0.0013 | rec: 0.1241 | id: 0.1075 | lpips: 0.1621 | lpips weighted: 0.0162 | lpips weight: 0.1000 | cls: 0.0000 | elapsed: 00:32:46 | eta: 03:35:32 | gpu: 0.8/9.3 GB
2026-07-19 13:31:40 | INFO | cm_purifier.train | Step: 6700/50000 | 13.40% | lr: 0.000100 | Training loss is 0.2515 | distill: 0.0011 | rec: 0.1248 | id: 0.1092 | lpips: 0.1633 | lpips weighted: 0.0163 | lpips weight: 0.1000 | cls: 0.0000 | elapsed: 00:33:08 | eta: 03:34:10 | gpu: 0.8/9.3 GB
2026-07-19 13:32:04 | INFO | cm_purifier.train | Step: 6800/50000 | 13.60% | lr: 0.000100 | Training loss is 0.2658 | distill: 0.0013 | rec: 0.1203 | id: 0.1294 | lpips: 0.1487 | lpips weighted: 0.0149 | lpips weight: 0.1000 | cls: 0.0000 | elapsed: 00:33:32 | eta: 03:33:04 | gpu: 0.8/9.3 GB
2026-07-19 13:32:26 | INFO | cm_purifier.train | Step: 6900/50000 | 13.80% | lr: 0.000100 | Training loss is 0.2561 | distill: 0.0010 | rec: 0.1253 | id: 0.1126 | lpips: 0.1716 | lpips weighted: 0.0172 | lpips weight: 0.1000 | cls: 0.0000 | elapsed: 00:33:54 | eta: 03:31:47 | gpu: 0.8/9.3 GB
2026-07-19 13:32:47 | INFO | cm_purifier.train | Step: 7000/50000 | 14.00% | lr: 0.000100 | Training loss is 0.2554 | distill: 0.0012 | rec: 0.1182 | id: 0.1208 | lpips: 0.1514 | lpips weighted: 0.0151 | lpips weight: 0.1000 | cls: 0.0000 | elapsed: 00:34:15 | eta: 03:30:27 | gpu: 0.8/9.3 GB
2026-07-19 13:33:11 | INFO | cm_purifier.train | Step: 7100/50000 | 14.20% | lr: 0.000100 | Training loss is 0.2503 | distill: 0.0011 | rec: 0.1200 | id: 0.1134 | lpips: 0.1572 | lpips weighted: 0.0157 | lpips weight: 0.1000 | cls: 0.0000 | elapsed: 00:34:39 | eta: 03:29:26 | gpu: 0.8/9.3 GB
2026-07-19 13:33:33 | INFO | cm_purifier.train | Step: 7200/50000 | 14.40% | lr: 0.000100 | Training loss is 0.2775 | distill: 0.0013 | rec: 0.1258 | id: 0.1338 | lpips: 0.1671 | lpips weighted: 0.0167 | lpips weight: 0.1000 | cls: 0.0000 | elapsed: 00:35:00 | eta: 03:28:09 | gpu: 0.8/9.3 GB
2026-07-19 13:33:55 | INFO | cm_purifier.train | Step: 7300/50000 | 14.60% | lr: 0.000100 | Training loss is 0.2844 | distill: 0.0013 | rec: 0.1356 | id: 0.1298 | lpips: 0.1767 | lpips weighted: 0.0177 | lpips weight: 0.1000 | cls: 0.0000 | elapsed: 00:35:23 | eta: 03:27:01 | gpu: 0.8/9.3 GB
2026-07-19 13:34:18 | INFO | cm_purifier.train | Step: 7400/50000 | 14.80% | lr: 0.000100 | Training loss is 0.2733 | distill: 0.0013 | rec: 0.1316 | id: 0.1239 | lpips: 0.1651 | lpips weighted: 0.0165 | lpips weight: 0.1000 | cls: 0.0000 | elapsed: 00:35:46 | eta: 03:25:55 | gpu: 0.8/9.3 GB
2026-07-19 13:34:42 | INFO | cm_purifier.train | Step: 7500/50000 | 15.00% | lr: 0.000100 | Training loss is 0.2396 | distill: 0.0012 | rec: 0.1153 | id: 0.1079 | lpips: 0.1524 | lpips weighted: 0.0152 | lpips weight: 0.1000 | cls: 0.0000 | elapsed: 00:36:09 | eta: 03:24:56 | gpu: 0.8/9.3 GB
2026-07-19 13:35:03 | INFO | cm_purifier.train | Step: 7600/50000 | 15.20% | lr: 0.000100 | Training loss is 0.2550 | distill: 0.0011 | rec: 0.1228 | id: 0.1149 | lpips: 0.1624 | lpips weighted: 0.0162 | lpips weight: 0.1000 | cls: 0.0000 | elapsed: 00:36:31 | eta: 03:23:44 | gpu: 0.8/9.3 GB
2026-07-19 13:35:24 | INFO | cm_purifier.train | Step: 7700/50000 | 15.40% | lr: 0.000100 | Training loss is 0.2723 | distill: 0.0014 | rec: 0.1325 | id: 0.1215 | lpips: 0.1702 | lpips weighted: 0.0170 | lpips weight: 0.1000 | cls: 0.0000 | elapsed: 00:36:52 | eta: 03:22:33 | gpu: 0.8/9.3 GB
2026-07-19 13:35:49 | INFO | cm_purifier.train | Step: 7800/50000 | 15.60% | lr: 0.000100 | Training loss is 0.2727 | distill: 0.0010 | rec: 0.1281 | id: 0.1262 | lpips: 0.1735 | lpips weighted: 0.0173 | lpips weight: 0.1000 | cls: 0.0000 | elapsed: 00:37:17 | eta: 03:21:46 | gpu: 0.8/9.3 GB
2026-07-19 13:36:16 | INFO | cm_purifier.train | Step: 7900/50000 | 15.80% | lr: 0.000100 | Training loss is 0.2814 | distill: 0.0013 | rec: 0.1302 | id: 0.1340 | lpips: 0.1588 | lpips weighted: 0.0159 | lpips weight: 0.1000 | cls: 0.0000 | elapsed: 00:37:43 | eta: 03:21:04 | gpu: 0.8/9.3 GB
2026-07-19 13:36:39 | INFO | cm_purifier.train | Step: 8000/50000 | 16.00% | lr: 0.000100 | Training loss is 0.2795 | distill: 0.0010 | rec: 0.1290 | id: 0.1323 | lpips: 0.1722 | lpips weighted: 0.0172 | lpips weight: 0.1000 | cls: 0.0000 | elapsed: 00:38:07 | eta: 03:20:08 | gpu: 0.8/9.3 GB
2026-07-19 13:37:05 | INFO | cm_purifier.train | Step: 8100/50000 | 16.20% | lr: 0.000100 | Training loss is 0.2581 | distill: 0.0012 | rec: 0.1227 | id: 0.1187 | lpips: 0.1552 | lpips weighted: 0.0155 | lpips weight: 0.1000 | cls: 0.0000 | elapsed: 00:38:33 | eta: 03:19:28 | gpu: 0.8/9.3 GB
2026-07-19 13:37:30 | INFO | cm_purifier.train | Step: 8200/50000 | 16.40% | lr: 0.000100 | Training loss is 0.2620 | distill: 0.0013 | rec: 0.1274 | id: 0.1170 | lpips: 0.1630 | lpips weighted: 0.0163 | lpips weight: 0.1000 | cls: 0.0000 | elapsed: 00:38:57 | eta: 03:18:37 | gpu: 0.8/9.3 GB
2026-07-19 13:37:52 | INFO | cm_purifier.train | Step: 8300/50000 | 16.60% | lr: 0.000100 | Training loss is 0.2456 | distill: 0.0012 | rec: 0.1182 | id: 0.1110 | lpips: 0.1509 | lpips weighted: 0.0151 | lpips weight: 0.1000 | cls: 0.0000 | elapsed: 00:39:20 | eta: 03:17:38 | gpu: 0.8/9.3 GB
2026-07-19 13:38:15 | INFO | cm_purifier.train | Step: 8400/50000 | 16.80% | lr: 0.000100 | Training loss is 0.2513 | distill: 0.0015 | rec: 0.1274 | id: 0.1066 | lpips: 0.1590 | lpips weighted: 0.0159 | lpips weight: 0.1000 | cls: 0.0000 | elapsed: 00:39:43 | eta: 03:16:43 | gpu: 0.8/9.3 GB
2026-07-19 13:38:38 | INFO | cm_purifier.train | Step: 8500/50000 | 17.00% | lr: 0.000100 | Training loss is 0.2642 | distill: 0.0013 | rec: 0.1215 | id: 0.1258 | lpips: 0.1560 | lpips weighted: 0.0156 | lpips weight: 0.1000 | cls: 0.0000 | elapsed: 00:40:06 | eta: 03:15:48 | gpu: 0.8/9.3 GB
2026-07-19 13:39:00 | INFO | cm_purifier.train | Step: 8600/50000 | 17.20% | lr: 0.000100 | Training loss is 0.2640 | distill: 0.0012 | rec: 0.1271 | id: 0.1183 | lpips: 0.1737 | lpips weighted: 0.0174 | lpips weight: 0.1000 | cls: 0.0000 | elapsed: 00:40:28 | eta: 03:14:49 | gpu: 0.8/9.3 GB
2026-07-19 13:39:23 | INFO | cm_purifier.train | Step: 8700/50000 | 17.40% | lr: 0.000100 | Training loss is 0.2630 | distill: 0.0011 | rec: 0.1261 | id: 0.1193 | lpips: 0.1654 | lpips weighted: 0.0165 | lpips weight: 0.1000 | cls: 0.0000 | elapsed: 00:40:51 | eta: 03:13:57 | gpu: 0.8/9.3 GB
2026-07-19 13:39:48 | INFO | cm_purifier.train | Step: 8800/50000 | 17.60% | lr: 0.000100 | Training loss is 0.2618 | distill: 0.0012 | rec: 0.1257 | id: 0.1193 | lpips: 0.1565 | lpips weighted: 0.0156 | lpips weight: 0.1000 | cls: 0.0000 | elapsed: 00:41:16 | eta: 03:13:12 | gpu: 0.8/9.3 GB
2026-07-19 13:40:11 | INFO | cm_purifier.train | Step: 8900/50000 | 17.80% | lr: 0.000100 | Training loss is 0.2795 | distill: 0.0012 | rec: 0.1264 | id: 0.1353 | lpips: 0.1662 | lpips weighted: 0.0166 | lpips weight: 0.1000 | cls: 0.0000 | elapsed: 00:41:39 | eta: 03:12:20 | gpu: 0.8/9.3 GB
2026-07-19 13:40:33 | INFO | cm_purifier.train | Step: 9000/50000 | 18.00% | lr: 0.000100 | Training loss is 0.2769 | distill: 0.0010 | rec: 0.1263 | id: 0.1328 | lpips: 0.1683 | lpips weighted: 0.0168 | lpips weight: 0.1000 | cls: 0.0000 | elapsed: 00:42:00 | eta: 03:11:23 | gpu: 0.8/9.3 GB
2026-07-19 13:40:54 | INFO | cm_purifier.train | Step: 9100/50000 | 18.20% | lr: 0.000100 | Training loss is 0.2367 | distill: 0.0010 | rec: 0.1117 | id: 0.1109 | lpips: 0.1309 | lpips weighted: 0.0131 | lpips weight: 0.1000 | cls: 0.0000 | elapsed: 00:42:21 | eta: 03:10:24 | gpu: 0.8/9.3 GB
2026-07-19 13:41:16 | INFO | cm_purifier.train | Step: 9200/50000 | 18.40% | lr: 0.000100 | Training loss is 0.2802 | distill: 0.0015 | rec: 0.1323 | id: 0.1291 | lpips: 0.1729 | lpips weighted: 0.0173 | lpips weight: 0.1000 | cls: 0.0000 | elapsed: 00:42:44 | eta: 03:09:31 | gpu: 0.8/9.3 GB
2026-07-19 13:41:37 | INFO | cm_purifier.train | Step: 9300/50000 | 18.60% | lr: 0.000100 | Training loss is 0.2703 | distill: 0.0013 | rec: 0.1330 | id: 0.1190 | lpips: 0.1702 | lpips weighted: 0.0170 | lpips weight: 0.1000 | cls: 0.0000 | elapsed: 00:43:05 | eta: 03:08:33 | gpu: 0.8/9.3 GB
2026-07-19 13:42:00 | INFO | cm_purifier.train | Step: 9400/50000 | 18.80% | lr: 0.000100 | Training loss is 0.2583 | distill: 0.0012 | rec: 0.1226 | id: 0.1196 | lpips: 0.1493 | lpips weighted: 0.0149 | lpips weight: 0.1000 | cls: 0.0000 | elapsed: 00:43:28 | eta: 03:07:45 | gpu: 0.8/9.3 GB
2026-07-19 13:42:21 | INFO | cm_purifier.train | Step: 9500/50000 | 19.00% | lr: 0.000100 | Training loss is 0.2549 | distill: 0.0012 | rec: 0.1244 | id: 0.1134 | lpips: 0.1581 | lpips weighted: 0.0158 | lpips weight: 0.1000 | cls: 0.0000 | elapsed: 00:43:49 | eta: 03:06:48 | gpu: 0.8/9.3 GB
2026-07-19 13:42:43 | INFO | cm_purifier.train | Step: 9600/50000 | 19.20% | lr: 0.000100 | Training loss is 0.2577 | distill: 0.0011 | rec: 0.1283 | id: 0.1107 | lpips: 0.1756 | lpips weighted: 0.0176 | lpips weight: 0.1000 | cls: 0.0000 | elapsed: 00:44:11 | eta: 03:05:58 | gpu: 0.8/9.3 GB
2026-07-19 13:43:04 | INFO | cm_purifier.train | Step: 9700/50000 | 19.40% | lr: 0.000100 | Training loss is 0.2686 | distill: 0.0012 | rec: 0.1240 | id: 0.1269 | lpips: 0.1651 | lpips weighted: 0.0165 | lpips weight: 0.1000 | cls: 0.0000 | elapsed: 00:44:32 | eta: 03:05:03 | gpu: 0.8/9.3 GB
2026-07-19 13:43:26 | INFO | cm_purifier.train | Step: 9800/50000 | 19.60% | lr: 0.000100 | Training loss is 0.2768 | distill: 0.0013 | rec: 0.1358 | id: 0.1221 | lpips: 0.1761 | lpips weighted: 0.0176 | lpips weight: 0.1000 | cls: 0.0000 | elapsed: 00:44:53 | eta: 03:04:10 | gpu: 0.8/9.3 GB
2026-07-19 13:43:48 | INFO | cm_purifier.train | Step: 9900/50000 | 19.80% | lr: 0.000100 | Training loss is 0.2430 | distill: 0.0010 | rec: 0.1128 | id: 0.1143 | lpips: 0.1489 | lpips weighted: 0.0149 | lpips weight: 0.1000 | cls: 0.0000 | elapsed: 00:45:16 | eta: 03:03:21 | gpu: 0.8/9.3 GB
2026-07-19 13:44:13 | INFO | cm_purifier.train | Step: 10000/50000 | 20.00% | lr: 0.000100 | Training loss is 0.2605 | distill: 0.0011 | rec: 0.1227 | id: 0.1209 | lpips: 0.1581 | lpips weighted: 0.0158 | lpips weight: 0.1000 | cls: 0.0000 | elapsed: 00:45:41 | eta: 03:02:46 | gpu: 0.8/9.3 GB
2026-07-19 13:45:35 | INFO | cm_purifier.train | Saved checkpoint to /media02/ndthuc03/cm-purify-targeted-poisoning/consistency_model/checkpoints/cm_purifier_lpips.pth at step 10000
2026-07-19 13:46:03 | INFO | cm_purifier.train | Step: 10100/50000 | 20.20% | lr: 0.000100 | Training loss is 0.2696 | distill: 0.0012 | rec: 0.1230 | id: 0.1297 | lpips: 0.1579 | lpips weighted: 0.0158 | lpips weight: 0.1000 | cls: 0.0000 | elapsed: 00:47:31 | eta: 03:07:44 | gpu: 0.8/9.3 GB
2026-07-19 13:46:25 | INFO | cm_purifier.train | Step: 10200/50000 | 20.40% | lr: 0.000100 | Training loss is 0.2732 | distill: 0.0012 | rec: 0.1309 | id: 0.1250 | lpips: 0.1615 | lpips weighted: 0.0161 | lpips weight: 0.1000 | cls: 0.0000 | elapsed: 00:47:53 | eta: 03:06:50 | gpu: 0.8/9.3 GB
2026-07-19 13:46:48 | INFO | cm_purifier.train | Step: 10300/50000 | 20.60% | lr: 0.000100 | Training loss is 0.2588 | distill: 0.0013 | rec: 0.1214 | id: 0.1216 | lpips: 0.1449 | lpips weighted: 0.0145 | lpips weight: 0.1000 | cls: 0.0000 | elapsed: 00:48:15 | eta: 03:06:01 | gpu: 0.8/9.3 GB
2026-07-19 13:47:08 | INFO | cm_purifier.train | Step: 10400/50000 | 20.80% | lr: 0.000100 | Training loss is 0.2502 | distill: 0.0010 | rec: 0.1191 | id: 0.1147 | lpips: 0.1541 | lpips weighted: 0.0154 | lpips weight: 0.1000 | cls: 0.0000 | elapsed: 00:48:36 | eta: 03:05:04 | gpu: 0.8/9.3 GB
2026-07-19 13:47:29 | INFO | cm_purifier.train | Step: 10500/50000 | 21.00% | lr: 0.000100 | Training loss is 0.2618 | distill: 0.0014 | rec: 0.1239 | id: 0.1204 | lpips: 0.1610 | lpips weighted: 0.0161 | lpips weight: 0.1000 | cls: 0.0000 | elapsed: 00:48:57 | eta: 03:04:10 | gpu: 0.8/9.3 GB
2026-07-19 13:47:55 | INFO | cm_purifier.train | Step: 10600/50000 | 21.20% | lr: 0.000100 | Training loss is 0.2612 | distill: 0.0011 | rec: 0.1204 | id: 0.1243 | lpips: 0.1542 | lpips weighted: 0.0154 | lpips weight: 0.1000 | cls: 0.0000 | elapsed: 00:49:23 | eta: 03:03:34 | gpu: 0.8/9.3 GB
2026-07-19 13:48:16 | INFO | cm_purifier.train | Step: 10700/50000 | 21.40% | lr: 0.000100 | Training loss is 0.2659 | distill: 0.0012 | rec: 0.1254 | id: 0.1227 | lpips: 0.1658 | lpips weighted: 0.0166 | lpips weight: 0.1000 | cls: 0.0000 | elapsed: 00:49:44 | eta: 03:02:42 | gpu: 0.8/9.3 GB
2026-07-19 13:48:43 | INFO | cm_purifier.train | Step: 10800/50000 | 21.60% | lr: 0.000100 | Training loss is 0.2775 | distill: 0.0014 | rec: 0.1304 | id: 0.1293 | lpips: 0.1643 | lpips weighted: 0.0164 | lpips weight: 0.1000 | cls: 0.0000 | elapsed: 00:50:10 | eta: 03:02:08 | gpu: 0.8/9.3 GB
2026-07-19 13:49:09 | INFO | cm_purifier.train | Step: 10900/50000 | 21.80% | lr: 0.000100 | Training loss is 0.2627 | distill: 0.0013 | rec: 0.1278 | id: 0.1167 | lpips: 0.1685 | lpips weighted: 0.0169 | lpips weight: 0.1000 | cls: 0.0000 | elapsed: 00:50:37 | eta: 03:01:35 | gpu: 0.8/9.3 GB
2026-07-19 13:49:32 | INFO | cm_purifier.train | Step: 11000/50000 | 22.00% | lr: 0.000100 | Training loss is 0.2707 | distill: 0.0013 | rec: 0.1299 | id: 0.1225 | lpips: 0.1705 | lpips weighted: 0.0170 | lpips weight: 0.1000 | cls: 0.0000 | elapsed: 00:51:00 | eta: 03:00:49 | gpu: 0.8/9.3 GB
2026-07-19 13:49:53 | INFO | cm_purifier.train | Step: 11100/50000 | 22.20% | lr: 0.000100 | Training loss is 0.3016 | distill: 0.0018 | rec: 0.1445 | id: 0.1370 | lpips: 0.1820 | lpips weighted: 0.0182 | lpips weight: 0.1000 | cls: 0.0000 | elapsed: 00:51:21 | eta: 02:59:57 | gpu: 0.8/9.3 GB
2026-07-19 13:50:14 | INFO | cm_purifier.train | Step: 11200/50000 | 22.40% | lr: 0.000100 | Training loss is 0.2497 | distill: 0.0010 | rec: 0.1165 | id: 0.1165 | lpips: 0.1576 | lpips weighted: 0.0158 | lpips weight: 0.1000 | cls: 0.0000 | elapsed: 00:51:42 | eta: 02:59:06 | gpu: 0.8/9.3 GB
2026-07-19 13:50:36 | INFO | cm_purifier.train | Step: 11300/50000 | 22.60% | lr: 0.000100 | Training loss is 0.2818 | distill: 0.0013 | rec: 0.1288 | id: 0.1348 | lpips: 0.1695 | lpips weighted: 0.0170 | lpips weight: 0.1000 | cls: 0.0000 | elapsed: 00:52:04 | eta: 02:58:21 | gpu: 0.8/9.3 GB
2026-07-19 13:50:58 | INFO | cm_purifier.train | Step: 11400/50000 | 22.80% | lr: 0.000100 | Training loss is 0.2805 | distill: 0.0014 | rec: 0.1359 | id: 0.1252 | lpips: 0.1794 | lpips weighted: 0.0179 | lpips weight: 0.1000 | cls: 0.0000 | elapsed: 00:52:26 | eta: 02:57:32 | gpu: 0.8/9.3 GB
2026-07-19 13:51:23 | INFO | cm_purifier.train | Step: 11500/50000 | 23.00% | lr: 0.000100 | Training loss is 0.2643 | distill: 0.0013 | rec: 0.1249 | id: 0.1224 | lpips: 0.1570 | lpips weighted: 0.0157 | lpips weight: 0.1000 | cls: 0.0000 | elapsed: 00:52:51 | eta: 02:56:57 | gpu: 0.8/9.3 GB
2026-07-19 13:51:44 | INFO | cm_purifier.train | Step: 11600/50000 | 23.20% | lr: 0.000100 | Training loss is 0.2621 | distill: 0.0011 | rec: 0.1222 | id: 0.1238 | lpips: 0.1505 | lpips weighted: 0.0151 | lpips weight: 0.1000 | cls: 0.0000 | elapsed: 00:53:12 | eta: 02:56:08 | gpu: 0.8/9.3 GB
2026-07-19 13:52:07 | INFO | cm_purifier.train | Step: 11700/50000 | 23.40% | lr: 0.000100 | Training loss is 0.2713 | distill: 0.0013 | rec: 0.1303 | id: 0.1224 | lpips: 0.1728 | lpips weighted: 0.0173 | lpips weight: 0.1000 | cls: 0.0000 | elapsed: 00:53:35 | eta: 02:55:24 | gpu: 0.8/9.3 GB
2026-07-19 13:52:32 | INFO | cm_purifier.train | Step: 11800/50000 | 23.60% | lr: 0.000100 | Training loss is 0.2595 | distill: 0.0010 | rec: 0.1171 | id: 0.1263 | lpips: 0.1510 | lpips weighted: 0.0151 | lpips weight: 0.1000 | cls: 0.0000 | elapsed: 00:54:00 | eta: 02:54:50 | gpu: 0.8/9.3 GB
2026-07-19 13:52:53 | INFO | cm_purifier.train | Step: 11900/50000 | 23.80% | lr: 0.000100 | Training loss is 0.2529 | distill: 0.0012 | rec: 0.1253 | id: 0.1102 | lpips: 0.1620 | lpips weighted: 0.0162 | lpips weight: 0.1000 | cls: 0.0000 | elapsed: 00:54:21 | eta: 02:54:02 | gpu: 0.8/9.3 GB
2026-07-19 13:53:16 | INFO | cm_purifier.train | Step: 12000/50000 | 24.00% | lr: 0.000100 | Training loss is 0.2761 | distill: 0.0011 | rec: 0.1290 | id: 0.1295 | lpips: 0.1648 | lpips weighted: 0.0165 | lpips weight: 0.1000 | cls: 0.0000 | elapsed: 00:54:44 | eta: 02:53:20 | gpu: 0.8/9.3 GB
2026-07-19 13:53:38 | INFO | cm_purifier.train | Step: 12100/50000 | 24.20% | lr: 0.000100 | Training loss is 0.2862 | distill: 0.0013 | rec: 0.1389 | id: 0.1286 | lpips: 0.1743 | lpips weighted: 0.0174 | lpips weight: 0.1000 | cls: 0.0000 | elapsed: 00:55:05 | eta: 02:52:34 | gpu: 0.8/9.3 GB
2026-07-19 13:54:04 | INFO | cm_purifier.train | Step: 12200/50000 | 24.40% | lr: 0.000100 | Training loss is 0.2552 | distill: 0.0011 | rec: 0.1190 | id: 0.1188 | lpips: 0.1634 | lpips weighted: 0.0163 | lpips weight: 0.1000 | cls: 0.0000 | elapsed: 00:55:32 | eta: 02:52:06 | gpu: 0.8/9.3 GB
2026-07-19 13:54:25 | INFO | cm_purifier.train | Step: 12300/50000 | 24.60% | lr: 0.000100 | Training loss is 0.2282 | distill: 0.0012 | rec: 0.1149 | id: 0.0979 | lpips: 0.1421 | lpips weighted: 0.0142 | lpips weight: 0.1000 | cls: 0.0000 | elapsed: 00:55:53 | eta: 02:51:19 | gpu: 0.8/9.3 GB
2026-07-19 13:54:51 | INFO | cm_purifier.train | Step: 12400/50000 | 24.80% | lr: 0.000100 | Training loss is 0.2557 | distill: 0.0010 | rec: 0.1279 | id: 0.1105 | lpips: 0.1628 | lpips weighted: 0.0163 | lpips weight: 0.1000 | cls: 0.0000 | elapsed: 00:56:19 | eta: 02:50:47 | gpu: 0.8/9.3 GB
2026-07-19 13:55:17 | INFO | cm_purifier.train | Step: 12500/50000 | 25.00% | lr: 0.000100 | Training loss is 0.2510 | distill: 0.0010 | rec: 0.1177 | id: 0.1168 | lpips: 0.1548 | lpips weighted: 0.0155 | lpips weight: 0.1000 | cls: 0.0000 | elapsed: 00:56:45 | eta: 02:50:16 | gpu: 0.8/9.3 GB
2026-07-19 13:55:38 | INFO | cm_purifier.train | Step: 12600/50000 | 25.20% | lr: 0.000100 | Training loss is 0.2773 | distill: 0.0012 | rec: 0.1299 | id: 0.1296 | lpips: 0.1661 | lpips weighted: 0.0166 | lpips weight: 0.1000 | cls: 0.0000 | elapsed: 00:57:06 | eta: 02:49:30 | gpu: 0.8/9.3 GB
2026-07-19 13:56:03 | INFO | cm_purifier.train | Step: 12700/50000 | 25.40% | lr: 0.000100 | Training loss is 0.2865 | distill: 0.0013 | rec: 0.1318 | id: 0.1355 | lpips: 0.1792 | lpips weighted: 0.0179 | lpips weight: 0.1000 | cls: 0.0000 | elapsed: 00:57:31 | eta: 02:48:57 | gpu: 0.8/9.3 GB
2026-07-19 13:56:27 | INFO | cm_purifier.train | Step: 12800/50000 | 25.60% | lr: 0.000100 | Training loss is 0.2418 | distill: 0.0011 | rec: 0.1168 | id: 0.1098 | lpips: 0.1407 | lpips weighted: 0.0141 | lpips weight: 0.1000 | cls: 0.0000 | elapsed: 00:57:55 | eta: 02:48:21 | gpu: 0.8/9.3 GB
2026-07-19 13:56:54 | INFO | cm_purifier.train | Step: 12900/50000 | 25.80% | lr: 0.000100 | Training loss is 0.2915 | distill: 0.0013 | rec: 0.1305 | id: 0.1424 | lpips: 0.1718 | lpips weighted: 0.0172 | lpips weight: 0.1000 | cls: 0.0000 | elapsed: 00:58:22 | eta: 02:47:51 | gpu: 0.8/9.3 GB
2026-07-19 13:57:15 | INFO | cm_purifier.train | Step: 13000/50000 | 26.00% | lr: 0.000100 | Training loss is 0.2912 | distill: 0.0012 | rec: 0.1341 | id: 0.1381 | lpips: 0.1774 | lpips weighted: 0.0177 | lpips weight: 0.1000 | cls: 0.0000 | elapsed: 00:58:43 | eta: 02:47:08 | gpu: 0.8/9.3 GB
2026-07-19 13:57:37 | INFO | cm_purifier.train | Step: 13100/50000 | 26.20% | lr: 0.000100 | Training loss is 0.2760 | distill: 0.0011 | rec: 0.1352 | id: 0.1224 | lpips: 0.1718 | lpips weighted: 0.0172 | lpips weight: 0.1000 | cls: 0.0000 | elapsed: 00:59:05 | eta: 02:46:26 | gpu: 0.8/9.3 GB
2026-07-19 13:57:59 | INFO | cm_purifier.train | Step: 13200/50000 | 26.40% | lr: 0.000100 | Training loss is 0.2547 | distill: 0.0011 | rec: 0.1226 | id: 0.1156 | lpips: 0.1544 | lpips weighted: 0.0154 | lpips weight: 0.1000 | cls: 0.0000 | elapsed: 00:59:27 | eta: 02:45:46 | gpu: 0.8/9.3 GB
2026-07-19 13:58:20 | INFO | cm_purifier.train | Step: 13300/50000 | 26.60% | lr: 0.000100 | Training loss is 0.2883 | distill: 0.0013 | rec: 0.1365 | id: 0.1328 | lpips: 0.1780 | lpips weighted: 0.0178 | lpips weight: 0.1000 | cls: 0.0000 | elapsed: 00:59:48 | eta: 02:45:02 | gpu: 0.8/9.3 GB
2026-07-19 13:58:43 | INFO | cm_purifier.train | Step: 13400/50000 | 26.80% | lr: 0.000100 | Training loss is 0.2530 | distill: 0.0014 | rec: 0.1218 | id: 0.1145 | lpips: 0.1535 | lpips weighted: 0.0153 | lpips weight: 0.1000 | cls: 0.0000 | elapsed: 01:00:11 | eta: 02:44:23 | gpu: 0.8/9.3 GB
2026-07-19 13:59:04 | INFO | cm_purifier.train | Step: 13500/50000 | 27.00% | lr: 0.000100 | Training loss is 0.2730 | distill: 0.0013 | rec: 0.1320 | id: 0.1236 | lpips: 0.1611 | lpips weighted: 0.0161 | lpips weight: 0.1000 | cls: 0.0000 | elapsed: 01:00:32 | eta: 02:43:40 | gpu: 0.8/9.3 GB
2026-07-19 13:59:29 | INFO | cm_purifier.train | Step: 13600/50000 | 27.20% | lr: 0.000100 | Training loss is 0.2480 | distill: 0.0012 | rec: 0.1185 | id: 0.1134 | lpips: 0.1484 | lpips weighted: 0.0148 | lpips weight: 0.1000 | cls: 0.0000 | elapsed: 01:00:57 | eta: 02:43:07 | gpu: 0.8/9.3 GB
2026-07-19 13:59:50 | INFO | cm_purifier.train | Step: 13700/50000 | 27.40% | lr: 0.000100 | Training loss is 0.2509 | distill: 0.0012 | rec: 0.1244 | id: 0.1092 | lpips: 0.1612 | lpips weighted: 0.0161 | lpips weight: 0.1000 | cls: 0.0000 | elapsed: 01:01:18 | eta: 02:42:25 | gpu: 0.8/9.3 GB
2026-07-19 14:00:11 | INFO | cm_purifier.train | Step: 13800/50000 | 27.60% | lr: 0.000100 | Training loss is 0.2805 | distill: 0.0014 | rec: 0.1347 | id: 0.1272 | lpips: 0.1721 | lpips weighted: 0.0172 | lpips weight: 0.1000 | cls: 0.0000 | elapsed: 01:01:39 | eta: 02:41:43 | gpu: 0.8/9.3 GB
2026-07-19 14:00:33 | INFO | cm_purifier.train | Step: 13900/50000 | 27.80% | lr: 0.000100 | Training loss is 0.2852 | distill: 0.0013 | rec: 0.1321 | id: 0.1356 | lpips: 0.1622 | lpips weighted: 0.0162 | lpips weight: 0.1000 | cls: 0.0000 | elapsed: 01:02:01 | eta: 02:41:04 | gpu: 0.8/9.3 GB
2026-07-19 14:00:54 | INFO | cm_purifier.train | Step: 14000/50000 | 28.00% | lr: 0.000100 | Training loss is 0.2504 | distill: 0.0013 | rec: 0.1271 | id: 0.1055 | lpips: 0.1656 | lpips weighted: 0.0166 | lpips weight: 0.1000 | cls: 0.0000 | elapsed: 01:02:22 | eta: 02:40:23 | gpu: 0.8/9.3 GB
2026-07-19 14:01:17 | INFO | cm_purifier.train | Step: 14100/50000 | 28.20% | lr: 0.000100 | Training loss is 0.2451 | distill: 0.0011 | rec: 0.1209 | id: 0.1079 | lpips: 0.1524 | lpips weighted: 0.0152 | lpips weight: 0.1000 | cls: 0.0000 | elapsed: 01:02:44 | eta: 02:39:45 | gpu: 0.8/9.3 GB
2026-07-19 14:01:45 | INFO | cm_purifier.train | Step: 14200/50000 | 28.40% | lr: 0.000100 | Training loss is 0.2623 | distill: 0.0013 | rec: 0.1210 | id: 0.1238 | lpips: 0.1623 | lpips weighted: 0.0162 | lpips weight: 0.1000 | cls: 0.0000 | elapsed: 01:03:13 | eta: 02:39:22 | gpu: 0.8/9.3 GB
2026-07-19 14:02:21 | INFO | cm_purifier.train | Step: 14300/50000 | 28.60% | lr: 0.000100 | Training loss is 0.2643 | distill: 0.0019 | rec: 0.1308 | id: 0.1149 | lpips: 0.1667 | lpips weighted: 0.0167 | lpips weight: 0.1000 | cls: 0.0000 | elapsed: 01:03:49 | eta: 02:39:19 | gpu: 0.8/9.3 GB
2026-07-19 14:02:42 | INFO | cm_purifier.train | Step: 14400/50000 | 28.80% | lr: 0.000100 | Training loss is 0.2244 | distill: 0.0011 | rec: 0.1131 | id: 0.0959 | lpips: 0.1430 | lpips weighted: 0.0143 | lpips weight: 0.1000 | cls: 0.0000 | elapsed: 01:04:10 | eta: 02:38:38 | gpu: 0.8/9.3 GB
2026-07-19 14:03:12 | INFO | cm_purifier.train | Step: 14500/50000 | 29.00% | lr: 0.000100 | Training loss is 0.2767 | distill: 0.0010 | rec: 0.1248 | id: 0.1346 | lpips: 0.1627 | lpips weighted: 0.0163 | lpips weight: 0.1000 | cls: 0.0000 | elapsed: 01:04:40 | eta: 02:38:20 | gpu: 0.8/9.3 GB
2026-07-19 14:03:36 | INFO | cm_purifier.train | Step: 14600/50000 | 29.20% | lr: 0.000100 | Training loss is 0.2735 | distill: 0.0013 | rec: 0.1337 | id: 0.1217 | lpips: 0.1675 | lpips weighted: 0.0168 | lpips weight: 0.1000 | cls: 0.0000 | elapsed: 01:05:03 | eta: 02:37:45 | gpu: 0.8/9.3 GB
2026-07-19 14:03:57 | INFO | cm_purifier.train | Step: 14700/50000 | 29.40% | lr: 0.000100 | Training loss is 0.2687 | distill: 0.0010 | rec: 0.1241 | id: 0.1271 | lpips: 0.1649 | lpips weighted: 0.0165 | lpips weight: 0.1000 | cls: 0.0000 | elapsed: 01:05:24 | eta: 02:37:05 | gpu: 0.8/9.3 GB
2026-07-19 14:04:18 | INFO | cm_purifier.train | Step: 14800/50000 | 29.60% | lr: 0.000100 | Training loss is 0.2555 | distill: 0.0011 | rec: 0.1196 | id: 0.1193 | lpips: 0.1554 | lpips weighted: 0.0155 | lpips weight: 0.1000 | cls: 0.0000 | elapsed: 01:05:46 | eta: 02:36:25 | gpu: 0.8/9.3 GB
2026-07-19 14:04:39 | INFO | cm_purifier.train | Step: 14900/50000 | 29.80% | lr: 0.000100 | Training loss is 0.2566 | distill: 0.0012 | rec: 0.1258 | id: 0.1140 | lpips: 0.1558 | lpips weighted: 0.0156 | lpips weight: 0.1000 | cls: 0.0000 | elapsed: 01:06:07 | eta: 02:35:45 | gpu: 0.8/9.3 GB
2026-07-19 14:05:00 | INFO | cm_purifier.train | Step: 15000/50000 | 30.00% | lr: 0.000100 | Training loss is 0.2613 | distill: 0.0011 | rec: 0.1243 | id: 0.1204 | lpips: 0.1561 | lpips weighted: 0.0156 | lpips weight: 0.1000 | cls: 0.0000 | elapsed: 01:06:28 | eta: 02:35:06 | gpu: 0.8/9.3 GB
2026-07-19 14:05:51 | INFO | cm_purifier.train | Saved checkpoint to /media02/ndthuc03/cm-purify-targeted-poisoning/consistency_model/checkpoints/cm_purifier_lpips.pth at step 15000
2026-07-19 14:06:23 | INFO | cm_purifier.train | Step: 15100/50000 | 30.20% | lr: 0.000100 | Training loss is 0.2434 | distill: 0.0010 | rec: 0.1121 | id: 0.1163 | lpips: 0.1405 | lpips weighted: 0.0140 | lpips weight: 0.1000 | cls: 0.0000 | elapsed: 01:07:51 | eta: 02:36:49 | gpu: 0.8/9.3 GB
2026-07-19 14:06:43 | INFO | cm_purifier.train | Step: 15200/50000 | 30.40% | lr: 0.000100 | Training loss is 0.2543 | distill: 0.0009 | rec: 0.1232 | id: 0.1141 | lpips: 0.1611 | lpips weighted: 0.0161 | lpips weight: 0.1000 | cls: 0.0000 | elapsed: 01:08:11 | eta: 02:36:07 | gpu: 0.8/9.3 GB
2026-07-19 14:07:04 | INFO | cm_purifier.train | Step: 15300/50000 | 30.60% | lr: 0.000100 | Training loss is 0.2748 | distill: 0.0011 | rec: 0.1333 | id: 0.1229 | lpips: 0.1743 | lpips weighted: 0.0174 | lpips weight: 0.1000 | cls: 0.0000 | elapsed: 01:08:32 | eta: 02:35:27 | gpu: 0.8/9.3 GB
2026-07-19 14:07:25 | INFO | cm_purifier.train | Step: 15400/50000 | 30.80% | lr: 0.000100 | Training loss is 0.2559 | distill: 0.0013 | rec: 0.1258 | id: 0.1120 | lpips: 0.1678 | lpips weighted: 0.0168 | lpips weight: 0.1000 | cls: 0.0000 | elapsed: 01:08:53 | eta: 02:34:46 | gpu: 0.8/9.3 GB
2026-07-19 14:07:46 | INFO | cm_purifier.train | Step: 15500/50000 | 31.00% | lr: 0.000100 | Training loss is 0.2772 | distill: 0.0012 | rec: 0.1196 | id: 0.1405 | lpips: 0.1585 | lpips weighted: 0.0159 | lpips weight: 0.1000 | cls: 0.0000 | elapsed: 01:09:14 | eta: 02:34:07 | gpu: 0.8/9.3 GB
2026-07-19 14:08:07 | INFO | cm_purifier.train | Step: 15600/50000 | 31.20% | lr: 0.000100 | Training loss is 0.2621 | distill: 0.0013 | rec: 0.1232 | id: 0.1217 | lpips: 0.1598 | lpips weighted: 0.0160 | lpips weight: 0.1000 | cls: 0.0000 | elapsed: 01:09:35 | eta: 02:33:27 | gpu: 0.8/9.3 GB
2026-07-19 14:08:28 | INFO | cm_purifier.train | Step: 15700/50000 | 31.40% | lr: 0.000100 | Training loss is 0.2425 | distill: 0.0011 | rec: 0.1200 | id: 0.1057 | lpips: 0.1558 | lpips weighted: 0.0156 | lpips weight: 0.1000 | cls: 0.0000 | elapsed: 01:09:56 | eta: 02:32:48 | gpu: 0.8/9.3 GB
2026-07-19 14:08:49 | INFO | cm_purifier.train | Step: 15800/50000 | 31.60% | lr: 0.000100 | Training loss is 0.2633 | distill: 0.0011 | rec: 0.1288 | id: 0.1162 | lpips: 0.1723 | lpips weighted: 0.0172 | lpips weight: 0.1000 | cls: 0.0000 | elapsed: 01:10:17 | eta: 02:32:09 | gpu: 0.8/9.3 GB
2026-07-19 14:09:10 | INFO | cm_purifier.train | Step: 15900/50000 | 31.80% | lr: 0.000100 | Training loss is 0.2681 | distill: 0.0014 | rec: 0.1302 | id: 0.1204 | lpips: 0.1604 | lpips weighted: 0.0160 | lpips weight: 0.1000 | cls: 0.0000 | elapsed: 01:10:38 | eta: 02:31:30 | gpu: 0.8/9.3 GB
2026-07-19 14:09:32 | INFO | cm_purifier.train | Step: 16000/50000 | 32.00% | lr: 0.000100 | Training loss is 0.2663 | distill: 0.0011 | rec: 0.1218 | id: 0.1283 | lpips: 0.1508 | lpips weighted: 0.0151 | lpips weight: 0.1000 | cls: 0.0000 | elapsed: 01:10:59 | eta: 02:30:52 | gpu: 0.8/9.3 GB
2026-07-19 14:09:53 | INFO | cm_purifier.train | Step: 16100/50000 | 32.20% | lr: 0.000100 | Training loss is 0.2382 | distill: 0.0010 | rec: 0.1148 | id: 0.1082 | lpips: 0.1425 | lpips weighted: 0.0142 | lpips weight: 0.1000 | cls: 0.0000 | elapsed: 01:11:20 | eta: 02:30:13 | gpu: 0.8/9.3 GB
2026-07-19 14:10:14 | INFO | cm_purifier.train | Step: 16200/50000 | 32.40% | lr: 0.000100 | Training loss is 0.2610 | distill: 0.0012 | rec: 0.1244 | id: 0.1200 | lpips: 0.1543 | lpips weighted: 0.0154 | lpips weight: 0.1000 | cls: 0.0000 | elapsed: 01:11:42 | eta: 02:29:36 | gpu: 0.8/9.3 GB
2026-07-19 14:10:35 | INFO | cm_purifier.train | Step: 16300/50000 | 32.60% | lr: 0.000100 | Training loss is 0.2572 | distill: 0.0012 | rec: 0.1198 | id: 0.1225 | lpips: 0.1373 | lpips weighted: 0.0137 | lpips weight: 0.1000 | cls: 0.0000 | elapsed: 01:12:03 | eta: 02:28:58 | gpu: 0.8/9.3 GB
2026-07-19 14:10:57 | INFO | cm_purifier.train | Step: 16400/50000 | 32.80% | lr: 0.000100 | Training loss is 0.2483 | distill: 0.0012 | rec: 0.1226 | id: 0.1081 | lpips: 0.1644 | lpips weighted: 0.0164 | lpips weight: 0.1000 | cls: 0.0000 | elapsed: 01:12:24 | eta: 02:28:21 | gpu: 0.8/9.3 GB
2026-07-19 14:11:18 | INFO | cm_purifier.train | Step: 16500/50000 | 33.00% | lr: 0.000100 | Training loss is 0.2705 | distill: 0.0011 | rec: 0.1244 | id: 0.1292 | lpips: 0.1577 | lpips weighted: 0.0158 | lpips weight: 0.1000 | cls: 0.0000 | elapsed: 01:12:46 | eta: 02:27:44 | gpu: 0.8/9.3 GB
2026-07-19 14:11:39 | INFO | cm_purifier.train | Step: 16600/50000 | 33.20% | lr: 0.000100 | Training loss is 0.2569 | distill: 0.0015 | rec: 0.1211 | id: 0.1205 | lpips: 0.1382 | lpips weighted: 0.0138 | lpips weight: 0.1000 | cls: 0.0000 | elapsed: 01:13:07 | eta: 02:27:07 | gpu: 0.8/9.3 GB
2026-07-19 14:12:01 | INFO | cm_purifier.train | Step: 16700/50000 | 33.40% | lr: 0.000100 | Training loss is 0.2488 | distill: 0.0011 | rec: 0.1175 | id: 0.1161 | lpips: 0.1411 | lpips weighted: 0.0141 | lpips weight: 0.1000 | cls: 0.0000 | elapsed: 01:13:29 | eta: 02:26:31 | gpu: 0.8/9.3 GB
2026-07-19 14:12:22 | INFO | cm_purifier.train | Step: 16800/50000 | 33.60% | lr: 0.000100 | Training loss is 0.2574 | distill: 0.0014 | rec: 0.1240 | id: 0.1161 | lpips: 0.1599 | lpips weighted: 0.0160 | lpips weight: 0.1000 | cls: 0.0000 | elapsed: 01:13:50 | eta: 02:25:55 | gpu: 0.8/9.3 GB
2026-07-19 14:12:44 | INFO | cm_purifier.train | Step: 16900/50000 | 33.80% | lr: 0.000100 | Training loss is 0.2737 | distill: 0.0011 | rec: 0.1240 | id: 0.1326 | lpips: 0.1586 | lpips weighted: 0.0159 | lpips weight: 0.1000 | cls: 0.0000 | elapsed: 01:14:11 | eta: 02:25:19 | gpu: 0.8/9.3 GB
2026-07-19 14:13:05 | INFO | cm_purifier.train | Step: 17000/50000 | 34.00% | lr: 0.000100 | Training loss is 0.2534 | distill: 0.0010 | rec: 0.1151 | id: 0.1222 | lpips: 0.1497 | lpips weighted: 0.0150 | lpips weight: 0.1000 | cls: 0.0000 | elapsed: 01:14:33 | eta: 02:24:43 | gpu: 0.8/9.3 GB
2026-07-19 14:13:26 | INFO | cm_purifier.train | Step: 17100/50000 | 34.20% | lr: 0.000100 | Training loss is 0.2659 | distill: 0.0014 | rec: 0.1221 | id: 0.1277 | lpips: 0.1466 | lpips weighted: 0.0147 | lpips weight: 0.1000 | cls: 0.0000 | elapsed: 01:14:54 | eta: 02:24:07 | gpu: 0.8/9.3 GB
2026-07-19 14:13:48 | INFO | cm_purifier.train | Step: 17200/50000 | 34.40% | lr: 0.000100 | Training loss is 0.2778 | distill: 0.0018 | rec: 0.1323 | id: 0.1260 | lpips: 0.1775 | lpips weighted: 0.0178 | lpips weight: 0.1000 | cls: 0.0000 | elapsed: 01:15:15 | eta: 02:23:31 | gpu: 0.8/9.3 GB
2026-07-19 14:14:09 | INFO | cm_purifier.train | Step: 17300/50000 | 34.60% | lr: 0.000100 | Training loss is 0.2610 | distill: 0.0011 | rec: 0.1260 | id: 0.1174 | lpips: 0.1642 | lpips weighted: 0.0164 | lpips weight: 0.1000 | cls: 0.0000 | elapsed: 01:15:37 | eta: 02:22:56 | gpu: 0.8/9.3 GB
2026-07-19 14:14:31 | INFO | cm_purifier.train | Step: 17400/50000 | 34.80% | lr: 0.000100 | Training loss is 0.2698 | distill: 0.0011 | rec: 0.1284 | id: 0.1232 | lpips: 0.1708 | lpips weighted: 0.0171 | lpips weight: 0.1000 | cls: 0.0000 | elapsed: 01:15:59 | eta: 02:22:21 | gpu: 0.8/9.3 GB
2026-07-19 14:14:52 | INFO | cm_purifier.train | Step: 17500/50000 | 35.00% | lr: 0.000100 | Training loss is 0.2551 | distill: 0.0011 | rec: 0.1177 | id: 0.1216 | lpips: 0.1471 | lpips weighted: 0.0147 | lpips weight: 0.1000 | cls: 0.0000 | elapsed: 01:16:20 | eta: 02:21:46 | gpu: 0.8/9.3 GB
2026-07-19 14:15:14 | INFO | cm_purifier.train | Step: 17600/50000 | 35.20% | lr: 0.000100 | Training loss is 0.2753 | distill: 0.0015 | rec: 0.1321 | id: 0.1254 | lpips: 0.1635 | lpips weighted: 0.0164 | lpips weight: 0.1000 | cls: 0.0000 | elapsed: 01:16:42 | eta: 02:21:11 | gpu: 0.8/9.3 GB
2026-07-19 14:15:35 | INFO | cm_purifier.train | Step: 17700/50000 | 35.40% | lr: 0.000100 | Training loss is 0.2761 | distill: 0.0013 | rec: 0.1340 | id: 0.1230 | lpips: 0.1771 | lpips weighted: 0.0177 | lpips weight: 0.1000 | cls: 0.0000 | elapsed: 01:17:03 | eta: 02:20:36 | gpu: 0.8/9.3 GB
2026-07-19 14:15:57 | INFO | cm_purifier.train | Step: 17800/50000 | 35.60% | lr: 0.000100 | Training loss is 0.2651 | distill: 0.0018 | rec: 0.1241 | id: 0.1232 | lpips: 0.1592 | lpips weighted: 0.0159 | lpips weight: 0.1000 | cls: 0.0000 | elapsed: 01:17:25 | eta: 02:20:02 | gpu: 0.8/9.3 GB
2026-07-19 14:16:18 | INFO | cm_purifier.train | Step: 17900/50000 | 35.80% | lr: 0.000100 | Training loss is 0.2573 | distill: 0.0014 | rec: 0.1278 | id: 0.1128 | lpips: 0.1529 | lpips weighted: 0.0153 | lpips weight: 0.1000 | cls: 0.0000 | elapsed: 01:17:46 | eta: 02:19:28 | gpu: 0.8/9.3 GB
2026-07-19 14:16:39 | INFO | cm_purifier.train | Step: 18000/50000 | 36.00% | lr: 0.000100 | Training loss is 0.2706 | distill: 0.0013 | rec: 0.1308 | id: 0.1233 | lpips: 0.1513 | lpips weighted: 0.0151 | lpips weight: 0.1000 | cls: 0.0000 | elapsed: 01:18:07 | eta: 02:18:53 | gpu: 0.8/9.3 GB
2026-07-19 14:17:01 | INFO | cm_purifier.train | Step: 18100/50000 | 36.20% | lr: 0.000100 | Training loss is 0.2645 | distill: 0.0010 | rec: 0.1213 | id: 0.1253 | lpips: 0.1690 | lpips weighted: 0.0169 | lpips weight: 0.1000 | cls: 0.0000 | elapsed: 01:18:29 | eta: 02:18:20 | gpu: 0.8/9.3 GB
2026-07-19 14:17:23 | INFO | cm_purifier.train | Step: 18200/50000 | 36.40% | lr: 0.000100 | Training loss is 0.2567 | distill: 0.0010 | rec: 0.1213 | id: 0.1197 | lpips: 0.1467 | lpips weighted: 0.0147 | lpips weight: 0.1000 | cls: 0.0000 | elapsed: 01:18:50 | eta: 02:17:45 | gpu: 0.8/9.3 GB
2026-07-19 14:17:44 | INFO | cm_purifier.train | Step: 18300/50000 | 36.60% | lr: 0.000100 | Training loss is 0.2743 | distill: 0.0013 | rec: 0.1292 | id: 0.1271 | lpips: 0.1658 | lpips weighted: 0.0166 | lpips weight: 0.1000 | cls: 0.0000 | elapsed: 01:19:12 | eta: 02:17:12 | gpu: 0.8/9.3 GB
2026-07-19 14:18:06 | INFO | cm_purifier.train | Step: 18400/50000 | 36.80% | lr: 0.000100 | Training loss is 0.2605 | distill: 0.0011 | rec: 0.1238 | id: 0.1198 | lpips: 0.1585 | lpips weighted: 0.0158 | lpips weight: 0.1000 | cls: 0.0000 | elapsed: 01:19:33 | eta: 02:16:38 | gpu: 0.8/9.3 GB
2026-07-19 14:18:27 | INFO | cm_purifier.train | Step: 18500/50000 | 37.00% | lr: 0.000100 | Training loss is 0.2915 | distill: 0.0014 | rec: 0.1329 | id: 0.1394 | lpips: 0.1770 | lpips weighted: 0.0177 | lpips weight: 0.1000 | cls: 0.0000 | elapsed: 01:19:55 | eta: 02:16:05 | gpu: 0.8/9.3 GB
2026-07-19 14:18:49 | INFO | cm_purifier.train | Step: 18600/50000 | 37.20% | lr: 0.000100 | Training loss is 0.2580 | distill: 0.0012 | rec: 0.1273 | id: 0.1133 | lpips: 0.1623 | lpips weighted: 0.0162 | lpips weight: 0.1000 | cls: 0.0000 | elapsed: 01:20:16 | eta: 02:15:31 | gpu: 0.8/9.3 GB
2026-07-19 14:19:10 | INFO | cm_purifier.train | Step: 18700/50000 | 37.40% | lr: 0.000100 | Training loss is 0.2707 | distill: 0.0013 | rec: 0.1334 | id: 0.1191 | lpips: 0.1684 | lpips weighted: 0.0168 | lpips weight: 0.1000 | cls: 0.0000 | elapsed: 01:20:38 | eta: 02:14:58 | gpu: 0.8/9.3 GB
2026-07-19 14:19:32 | INFO | cm_purifier.train | Step: 18800/50000 | 37.60% | lr: 0.000100 | Training loss is 0.2639 | distill: 0.0012 | rec: 0.1287 | id: 0.1172 | lpips: 0.1695 | lpips weighted: 0.0169 | lpips weight: 0.1000 | cls: 0.0000 | elapsed: 01:21:00 | eta: 02:14:25 | gpu: 0.8/9.3 GB
2026-07-19 14:19:53 | INFO | cm_purifier.train | Step: 18900/50000 | 37.80% | lr: 0.000100 | Training loss is 0.2881 | distill: 0.0011 | rec: 0.1282 | id: 0.1419 | lpips: 0.1686 | lpips weighted: 0.0169 | lpips weight: 0.1000 | cls: 0.0000 | elapsed: 01:21:21 | eta: 02:13:52 | gpu: 0.8/9.3 GB
2026-07-19 14:20:15 | INFO | cm_purifier.train | Step: 19000/50000 | 38.00% | lr: 0.000100 | Training loss is 0.2335 | distill: 0.0011 | rec: 0.1121 | id: 0.1068 | lpips: 0.1353 | lpips weighted: 0.0135 | lpips weight: 0.1000 | cls: 0.0000 | elapsed: 01:21:42 | eta: 02:13:19 | gpu: 0.8/9.3 GB
2026-07-19 14:20:36 | INFO | cm_purifier.train | Step: 19100/50000 | 38.20% | lr: 0.000100 | Training loss is 0.2720 | distill: 0.0012 | rec: 0.1316 | id: 0.1227 | lpips: 0.1651 | lpips weighted: 0.0165 | lpips weight: 0.1000 | cls: 0.0000 | elapsed: 01:22:04 | eta: 02:12:46 | gpu: 0.8/9.3 GB
2026-07-19 14:20:57 | INFO | cm_purifier.train | Step: 19200/50000 | 38.40% | lr: 0.000100 | Training loss is 0.2506 | distill: 0.0012 | rec: 0.1193 | id: 0.1146 | lpips: 0.1552 | lpips weighted: 0.0155 | lpips weight: 0.1000 | cls: 0.0000 | elapsed: 01:22:25 | eta: 02:12:13 | gpu: 0.8/9.3 GB
2026-07-19 14:21:19 | INFO | cm_purifier.train | Step: 19300/50000 | 38.60% | lr: 0.000100 | Training loss is 0.2645 | distill: 0.0013 | rec: 0.1225 | id: 0.1254 | lpips: 0.1539 | lpips weighted: 0.0154 | lpips weight: 0.1000 | cls: 0.0000 | elapsed: 01:22:46 | eta: 02:11:40 | gpu: 0.8/9.3 GB
2026-07-19 14:21:40 | INFO | cm_purifier.train | Step: 19400/50000 | 38.80% | lr: 0.000100 | Training loss is 0.2534 | distill: 0.0012 | rec: 0.1251 | id: 0.1116 | lpips: 0.1549 | lpips weighted: 0.0155 | lpips weight: 0.1000 | cls: 0.0000 | elapsed: 01:23:08 | eta: 02:11:07 | gpu: 0.8/9.3 GB
2026-07-19 14:22:01 | INFO | cm_purifier.train | Step: 19500/50000 | 39.00% | lr: 0.000100 | Training loss is 0.2770 | distill: 0.0010 | rec: 0.1191 | id: 0.1423 | lpips: 0.1464 | lpips weighted: 0.0146 | lpips weight: 0.1000 | cls: 0.0000 | elapsed: 01:23:29 | eta: 02:10:35 | gpu: 0.8/9.3 GB
2026-07-19 14:22:23 | INFO | cm_purifier.train | Step: 19600/50000 | 39.20% | lr: 0.000100 | Training loss is 0.2715 | distill: 0.0013 | rec: 0.1263 | id: 0.1275 | lpips: 0.1635 | lpips weighted: 0.0164 | lpips weight: 0.1000 | cls: 0.0000 | elapsed: 01:23:51 | eta: 02:10:03 | gpu: 0.8/9.3 GB
2026-07-19 14:22:45 | INFO | cm_purifier.train | Step: 19700/50000 | 39.40% | lr: 0.000100 | Training loss is 0.2631 | distill: 0.0013 | rec: 0.1186 | id: 0.1284 | lpips: 0.1483 | lpips weighted: 0.0148 | lpips weight: 0.1000 | cls: 0.0000 | elapsed: 01:24:12 | eta: 02:09:31 | gpu: 0.8/9.3 GB
2026-07-19 14:23:06 | INFO | cm_purifier.train | Step: 19800/50000 | 39.60% | lr: 0.000100 | Training loss is 0.2623 | distill: 0.0014 | rec: 0.1239 | id: 0.1222 | lpips: 0.1483 | lpips weighted: 0.0148 | lpips weight: 0.1000 | cls: 0.0000 | elapsed: 01:24:34 | eta: 02:08:59 | gpu: 0.8/9.3 GB
2026-07-19 14:23:27 | INFO | cm_purifier.train | Step: 19900/50000 | 39.80% | lr: 0.000100 | Training loss is 0.2803 | distill: 0.0013 | rec: 0.1324 | id: 0.1282 | lpips: 0.1831 | lpips weighted: 0.0183 | lpips weight: 0.1000 | cls: 0.0000 | elapsed: 01:24:55 | eta: 02:08:27 | gpu: 0.8/9.3 GB
2026-07-19 14:23:49 | INFO | cm_purifier.train | Step: 20000/50000 | 40.00% | lr: 0.000100 | Training loss is 0.2607 | distill: 0.0011 | rec: 0.1264 | id: 0.1173 | lpips: 0.1581 | lpips weighted: 0.0158 | lpips weight: 0.1000 | cls: 0.0000 | elapsed: 01:25:16 | eta: 02:07:55 | gpu: 0.8/9.3 GB
2026-07-19 14:25:28 | INFO | cm_purifier.train | Saved checkpoint to /media02/ndthuc03/cm-purify-targeted-poisoning/consistency_model/checkpoints/cm_purifier_lpips.pth at step 20000
2026-07-19 14:25:48 | INFO | cm_purifier.train | Step: 20100/50000 | 40.20% | lr: 0.000100 | Training loss is 0.2695 | distill: 0.0012 | rec: 0.1275 | id: 0.1239 | lpips: 0.1682 | lpips weighted: 0.0168 | lpips weight: 0.1000 | cls: 0.0000 | elapsed: 01:27:16 | eta: 02:09:49 | gpu: 0.8/9.3 GB
2026-07-19 14:26:09 | INFO | cm_purifier.train | Step: 20200/50000 | 40.40% | lr: 0.000100 | Training loss is 0.2434 | distill: 0.0012 | rec: 0.1178 | id: 0.1101 | lpips: 0.1419 | lpips weighted: 0.0142 | lpips weight: 0.1000 | cls: 0.0000 | elapsed: 01:27:37 | eta: 02:09:16 | gpu: 0.8/9.3 GB
2026-07-19 14:26:30 | INFO | cm_purifier.train | Step: 20300/50000 | 40.60% | lr: 0.000100 | Training loss is 0.2665 | distill: 0.0013 | rec: 0.1298 | id: 0.1193 | lpips: 0.1617 | lpips weighted: 0.0162 | lpips weight: 0.1000 | cls: 0.0000 | elapsed: 01:27:58 | eta: 02:08:42 | gpu: 0.8/9.3 GB
2026-07-19 14:26:51 | INFO | cm_purifier.train | Step: 20400/50000 | 40.80% | lr: 0.000100 | Training loss is 0.2456 | distill: 0.0014 | rec: 0.1184 | id: 0.1102 | lpips: 0.1563 | lpips weighted: 0.0156 | lpips weight: 0.1000 | cls: 0.0000 | elapsed: 01:28:19 | eta: 02:08:09 | gpu: 0.8/9.3 GB
2026-07-19 14:27:12 | INFO | cm_purifier.train | Step: 20500/50000 | 41.00% | lr: 0.000100 | Training loss is 0.2466 | distill: 0.0013 | rec: 0.1215 | id: 0.1085 | lpips: 0.1542 | lpips weighted: 0.0154 | lpips weight: 0.1000 | cls: 0.0000 | elapsed: 01:28:40 | eta: 02:07:35 | gpu: 0.8/9.3 GB
2026-07-19 14:27:33 | INFO | cm_purifier.train | Step: 20600/50000 | 41.20% | lr: 0.000100 | Training loss is 0.2861 | distill: 0.0011 | rec: 0.1323 | id: 0.1364 | lpips: 0.1629 | lpips weighted: 0.0163 | lpips weight: 0.1000 | cls: 0.0000 | elapsed: 01:29:01 | eta: 02:07:03 | gpu: 0.8/9.3 GB
2026-07-19 14:27:54 | INFO | cm_purifier.train | Step: 20700/50000 | 41.40% | lr: 0.000100 | Training loss is 0.2585 | distill: 0.0011 | rec: 0.1210 | id: 0.1213 | lpips: 0.1503 | lpips weighted: 0.0150 | lpips weight: 0.1000 | cls: 0.0000 | elapsed: 01:29:22 | eta: 02:06:30 | gpu: 0.8/9.3 GB
2026-07-19 14:28:15 | INFO | cm_purifier.train | Step: 20800/50000 | 41.60% | lr: 0.000100 | Training loss is 0.2776 | distill: 0.0014 | rec: 0.1299 | id: 0.1304 | lpips: 0.1586 | lpips weighted: 0.0159 | lpips weight: 0.1000 | cls: 0.0000 | elapsed: 01:29:43 | eta: 02:05:57 | gpu: 0.8/9.3 GB
2026-07-19 14:28:36 | INFO | cm_purifier.train | Step: 20900/50000 | 41.80% | lr: 0.000100 | Training loss is 0.2784 | distill: 0.0016 | rec: 0.1353 | id: 0.1237 | lpips: 0.1785 | lpips weighted: 0.0179 | lpips weight: 0.1000 | cls: 0.0000 | elapsed: 01:30:04 | eta: 02:05:24 | gpu: 0.8/9.3 GB
2026-07-19 14:28:57 | INFO | cm_purifier.train | Step: 21000/50000 | 42.00% | lr: 0.000100 | Training loss is 0.2609 | distill: 0.0012 | rec: 0.1278 | id: 0.1163 | lpips: 0.1563 | lpips weighted: 0.0156 | lpips weight: 0.1000 | cls: 0.0000 | elapsed: 01:30:25 | eta: 02:04:52 | gpu: 0.8/9.3 GB
2026-07-19 14:29:19 | INFO | cm_purifier.train | Step: 21100/50000 | 42.20% | lr: 0.000100 | Training loss is 0.2543 | distill: 0.0016 | rec: 0.1274 | id: 0.1099 | lpips: 0.1552 | lpips weighted: 0.0155 | lpips weight: 0.1000 | cls: 0.0000 | elapsed: 01:30:47 | eta: 02:04:20 | gpu: 0.8/9.3 GB
2026-07-19 14:29:40 | INFO | cm_purifier.train | Step: 21200/50000 | 42.40% | lr: 0.000100 | Training loss is 0.2692 | distill: 0.0011 | rec: 0.1268 | id: 0.1256 | lpips: 0.1571 | lpips weighted: 0.0157 | lpips weight: 0.1000 | cls: 0.0000 | elapsed: 01:31:08 | eta: 02:03:48 | gpu: 0.8/9.3 GB
2026-07-19 14:30:01 | INFO | cm_purifier.train | Step: 21300/50000 | 42.60% | lr: 0.000100 | Training loss is 0.2525 | distill: 0.0011 | rec: 0.1197 | id: 0.1159 | lpips: 0.1586 | lpips weighted: 0.0159 | lpips weight: 0.1000 | cls: 0.0000 | elapsed: 01:31:29 | eta: 02:03:16 | gpu: 0.8/9.3 GB
2026-07-19 14:30:22 | INFO | cm_purifier.train | Step: 21400/50000 | 42.80% | lr: 0.000100 | Training loss is 0.2641 | distill: 0.0012 | rec: 0.1255 | id: 0.1218 | lpips: 0.1560 | lpips weighted: 0.0156 | lpips weight: 0.1000 | cls: 0.0000 | elapsed: 01:31:50 | eta: 02:02:44 | gpu: 0.8/9.3 GB
2026-07-19 14:30:43 | INFO | cm_purifier.train | Step: 21500/50000 | 43.00% | lr: 0.000100 | Training loss is 0.2589 | distill: 0.0011 | rec: 0.1189 | id: 0.1239 | lpips: 0.1499 | lpips weighted: 0.0150 | lpips weight: 0.1000 | cls: 0.0000 | elapsed: 01:32:11 | eta: 02:02:12 | gpu: 0.8/9.3 GB
2026-07-19 14:31:05 | INFO | cm_purifier.train | Step: 21600/50000 | 43.20% | lr: 0.000100 | Training loss is 0.2763 | distill: 0.0015 | rec: 0.1308 | id: 0.1274 | lpips: 0.1664 | lpips weighted: 0.0166 | lpips weight: 0.1000 | cls: 0.0000 | elapsed: 01:32:33 | eta: 02:01:41 | gpu: 0.8/9.3 GB
2026-07-19 14:31:26 | INFO | cm_purifier.train | Step: 21700/50000 | 43.40% | lr: 0.000100 | Training loss is 0.2478 | distill: 0.0011 | rec: 0.1213 | id: 0.1100 | lpips: 0.1534 | lpips weighted: 0.0153 | lpips weight: 0.1000 | cls: 0.0000 | elapsed: 01:32:54 | eta: 02:01:09 | gpu: 0.8/9.3 GB
2026-07-19 14:31:48 | INFO | cm_purifier.train | Step: 21800/50000 | 43.60% | lr: 0.000100 | Training loss is 0.2711 | distill: 0.0013 | rec: 0.1300 | id: 0.1222 | lpips: 0.1760 | lpips weighted: 0.0176 | lpips weight: 0.1000 | cls: 0.0000 | elapsed: 01:33:16 | eta: 02:00:39 | gpu: 0.8/9.3 GB
2026-07-19 14:32:09 | INFO | cm_purifier.train | Step: 21900/50000 | 43.80% | lr: 0.000100 | Training loss is 0.2525 | distill: 0.0011 | rec: 0.1229 | id: 0.1122 | lpips: 0.1624 | lpips weighted: 0.0162 | lpips weight: 0.1000 | cls: 0.0000 | elapsed: 01:33:37 | eta: 02:00:07 | gpu: 0.8/9.3 GB
2026-07-19 14:32:31 | INFO | cm_purifier.train | Step: 22000/50000 | 44.00% | lr: 0.000100 | Training loss is 0.2686 | distill: 0.0010 | rec: 0.1217 | id: 0.1311 | lpips: 0.1487 | lpips weighted: 0.0149 | lpips weight: 0.1000 | cls: 0.0000 | elapsed: 01:33:59 | eta: 01:59:37 | gpu: 0.8/9.3 GB
2026-07-19 14:32:52 | INFO | cm_purifier.train | Step: 22100/50000 | 44.20% | lr: 0.000100 | Training loss is 0.2512 | distill: 0.0010 | rec: 0.1224 | id: 0.1122 | lpips: 0.1548 | lpips weighted: 0.0155 | lpips weight: 0.1000 | cls: 0.0000 | elapsed: 01:34:20 | eta: 01:59:05 | gpu: 0.8/9.3 GB
2026-07-19 14:33:13 | INFO | cm_purifier.train | Step: 22200/50000 | 44.40% | lr: 0.000100 | Training loss is 0.2662 | distill: 0.0015 | rec: 0.1320 | id: 0.1165 | lpips: 0.1620 | lpips weighted: 0.0162 | lpips weight: 0.1000 | cls: 0.0000 | elapsed: 01:34:41 | eta: 01:58:34 | gpu: 0.8/9.3 GB
2026-07-19 14:33:35 | INFO | cm_purifier.train | Step: 22300/50000 | 44.60% | lr: 0.000100 | Training loss is 0.2556 | distill: 0.0014 | rec: 0.1269 | id: 0.1116 | lpips: 0.1571 | lpips weighted: 0.0157 | lpips weight: 0.1000 | cls: 0.0000 | elapsed: 01:35:03 | eta: 01:58:04 | gpu: 0.8/9.3 GB
2026-07-19 14:33:56 | INFO | cm_purifier.train | Step: 22400/50000 | 44.80% | lr: 0.000100 | Training loss is 0.2761 | distill: 0.0012 | rec: 0.1240 | id: 0.1349 | lpips: 0.1609 | lpips weighted: 0.0161 | lpips weight: 0.1000 | cls: 0.0000 | elapsed: 01:35:24 | eta: 01:57:33 | gpu: 0.8/9.3 GB
2026-07-19 14:34:18 | INFO | cm_purifier.train | Step: 22500/50000 | 45.00% | lr: 0.000100 | Training loss is 0.2672 | distill: 0.0014 | rec: 0.1287 | id: 0.1205 | lpips: 0.1651 | lpips weighted: 0.0165 | lpips weight: 0.1000 | cls: 0.0000 | elapsed: 01:35:46 | eta: 01:57:03 | gpu: 0.8/9.3 GB
2026-07-19 14:34:39 | INFO | cm_purifier.train | Step: 22600/50000 | 45.20% | lr: 0.000100 | Training loss is 0.2887 | distill: 0.0016 | rec: 0.1392 | id: 0.1289 | lpips: 0.1897 | lpips weighted: 0.0190 | lpips weight: 0.1000 | cls: 0.0000 | elapsed: 01:36:07 | eta: 01:56:32 | gpu: 0.8/9.3 GB
2026-07-19 14:35:01 | INFO | cm_purifier.train | Step: 22700/50000 | 45.40% | lr: 0.000100 | Training loss is 0.2272 | distill: 0.0011 | rec: 0.1112 | id: 0.1020 | lpips: 0.1290 | lpips weighted: 0.0129 | lpips weight: 0.1000 | cls: 0.0000 | elapsed: 01:36:29 | eta: 01:56:02 | gpu: 0.8/9.3 GB
2026-07-19 14:35:22 | INFO | cm_purifier.train | Step: 22800/50000 | 45.60% | lr: 0.000100 | Training loss is 0.2531 | distill: 0.0011 | rec: 0.1262 | id: 0.1089 | lpips: 0.1687 | lpips weighted: 0.0169 | lpips weight: 0.1000 | cls: 0.0000 | elapsed: 01:36:50 | eta: 01:55:31 | gpu: 0.8/9.3 GB
2026-07-19 14:35:44 | INFO | cm_purifier.train | Step: 22900/50000 | 45.80% | lr: 0.000100 | Training loss is 0.2671 | distill: 0.0015 | rec: 0.1302 | id: 0.1190 | lpips: 0.1644 | lpips weighted: 0.0164 | lpips weight: 0.1000 | cls: 0.0000 | elapsed: 01:37:11 | eta: 01:55:01 | gpu: 0.8/9.3 GB
2026-07-19 14:36:05 | INFO | cm_purifier.train | Step: 23000/50000 | 46.00% | lr: 0.000100 | Training loss is 0.2481 | distill: 0.0010 | rec: 0.1145 | id: 0.1181 | lpips: 0.1437 | lpips weighted: 0.0144 | lpips weight: 0.1000 | cls: 0.0000 | elapsed: 01:37:33 | eta: 01:54:31 | gpu: 0.8/9.3 GB
2026-07-19 14:36:27 | INFO | cm_purifier.train | Step: 23100/50000 | 46.20% | lr: 0.000100 | Training loss is 0.2478 | distill: 0.0013 | rec: 0.1209 | id: 0.1098 | lpips: 0.1579 | lpips weighted: 0.0158 | lpips weight: 0.1000 | cls: 0.0000 | elapsed: 01:37:54 | eta: 01:54:01 | gpu: 0.8/9.3 GB
2026-07-19 14:36:48 | INFO | cm_purifier.train | Step: 23200/50000 | 46.40% | lr: 0.000100 | Training loss is 0.2486 | distill: 0.0012 | rec: 0.1197 | id: 0.1131 | lpips: 0.1459 | lpips weighted: 0.0146 | lpips weight: 0.1000 | cls: 0.0000 | elapsed: 01:38:16 | eta: 01:53:31 | gpu: 0.8/9.3 GB
2026-07-19 14:37:10 | INFO | cm_purifier.train | Step: 23300/50000 | 46.60% | lr: 0.000100 | Training loss is 0.2481 | distill: 0.0014 | rec: 0.1248 | id: 0.1069 | lpips: 0.1498 | lpips weighted: 0.0150 | lpips weight: 0.1000 | cls: 0.0000 | elapsed: 01:38:38 | eta: 01:53:01 | gpu: 0.8/9.3 GB
2026-07-19 14:37:31 | INFO | cm_purifier.train | Step: 23400/50000 | 46.80% | lr: 0.000100 | Training loss is 0.2400 | distill: 0.0010 | rec: 0.1173 | id: 0.1071 | lpips: 0.1454 | lpips weighted: 0.0145 | lpips weight: 0.1000 | cls: 0.0000 | elapsed: 01:38:59 | eta: 01:52:31 | gpu: 0.8/9.3 GB
2026-07-19 14:37:53 | INFO | cm_purifier.train | Step: 23500/50000 | 47.00% | lr: 0.000100 | Training loss is 0.2677 | distill: 0.0015 | rec: 0.1265 | id: 0.1230 | lpips: 0.1675 | lpips weighted: 0.0168 | lpips weight: 0.1000 | cls: 0.0000 | elapsed: 01:39:21 | eta: 01:52:02 | gpu: 0.8/9.3 GB
2026-07-19 14:38:14 | INFO | cm_purifier.train | Step: 23600/50000 | 47.20% | lr: 0.000100 | Training loss is 0.2595 | distill: 0.0011 | rec: 0.1238 | id: 0.1188 | lpips: 0.1577 | lpips weighted: 0.0158 | lpips weight: 0.1000 | cls: 0.0000 | elapsed: 01:39:42 | eta: 01:51:32 | gpu: 0.8/9.3 GB
2026-07-19 14:38:36 | INFO | cm_purifier.train | Step: 23700/50000 | 47.40% | lr: 0.000100 | Training loss is 0.2539 | distill: 0.0011 | rec: 0.1236 | id: 0.1134 | lpips: 0.1578 | lpips weighted: 0.0158 | lpips weight: 0.1000 | cls: 0.0000 | elapsed: 01:40:04 | eta: 01:51:02 | gpu: 0.8/9.3 GB
2026-07-19 14:38:57 | INFO | cm_purifier.train | Step: 23800/50000 | 47.60% | lr: 0.000100 | Training loss is 0.2544 | distill: 0.0011 | rec: 0.1209 | id: 0.1178 | lpips: 0.1461 | lpips weighted: 0.0146 | lpips weight: 0.1000 | cls: 0.0000 | elapsed: 01:40:25 | eta: 01:50:33 | gpu: 0.8/9.3 GB
2026-07-19 14:39:19 | INFO | cm_purifier.train | Step: 23900/50000 | 47.80% | lr: 0.000100 | Training loss is 0.2598 | distill: 0.0013 | rec: 0.1222 | id: 0.1201 | lpips: 0.1617 | lpips weighted: 0.0162 | lpips weight: 0.1000 | cls: 0.0000 | elapsed: 01:40:47 | eta: 01:50:03 | gpu: 0.8/9.3 GB
2026-07-19 14:39:40 | INFO | cm_purifier.train | Step: 24000/50000 | 48.00% | lr: 0.000100 | Training loss is 0.2586 | distill: 0.0015 | rec: 0.1197 | id: 0.1221 | lpips: 0.1539 | lpips weighted: 0.0154 | lpips weight: 0.1000 | cls: 0.0000 | elapsed: 01:41:08 | eta: 01:49:34 | gpu: 0.8/9.3 GB
2026-07-19 14:40:02 | INFO | cm_purifier.train | Step: 24100/50000 | 48.20% | lr: 0.000100 | Training loss is 0.2617 | distill: 0.0013 | rec: 0.1278 | id: 0.1161 | lpips: 0.1651 | lpips weighted: 0.0165 | lpips weight: 0.1000 | cls: 0.0000 | elapsed: 01:41:29 | eta: 01:49:04 | gpu: 0.8/9.3 GB
2026-07-19 14:40:23 | INFO | cm_purifier.train | Step: 24200/50000 | 48.40% | lr: 0.000100 | Training loss is 0.2781 | distill: 0.0014 | rec: 0.1349 | id: 0.1245 | lpips: 0.1723 | lpips weighted: 0.0172 | lpips weight: 0.1000 | cls: 0.0000 | elapsed: 01:41:51 | eta: 01:48:35 | gpu: 0.8/9.3 GB
2026-07-19 14:40:45 | INFO | cm_purifier.train | Step: 24300/50000 | 48.60% | lr: 0.000100 | Training loss is 0.2811 | distill: 0.0015 | rec: 0.1341 | id: 0.1282 | lpips: 0.1728 | lpips weighted: 0.0173 | lpips weight: 0.1000 | cls: 0.0000 | elapsed: 01:42:12 | eta: 01:48:06 | gpu: 0.8/9.3 GB
2026-07-19 14:41:06 | INFO | cm_purifier.train | Step: 24400/50000 | 48.80% | lr: 0.000100 | Training loss is 0.2671 | distill: 0.0012 | rec: 0.1284 | id: 0.1221 | lpips: 0.1548 | lpips weighted: 0.0155 | lpips weight: 0.1000 | cls: 0.0000 | elapsed: 01:42:34 | eta: 01:47:37 | gpu: 0.8/9.3 GB
2026-07-19 14:41:27 | INFO | cm_purifier.train | Step: 24500/50000 | 49.00% | lr: 0.000100 | Training loss is 0.2723 | distill: 0.0015 | rec: 0.1333 | id: 0.1215 | lpips: 0.1611 | lpips weighted: 0.0161 | lpips weight: 0.1000 | cls: 0.0000 | elapsed: 01:42:55 | eta: 01:47:07 | gpu: 0.8/9.3 GB
2026-07-19 14:41:49 | INFO | cm_purifier.train | Step: 24600/50000 | 49.20% | lr: 0.000100 | Training loss is 0.2485 | distill: 0.0011 | rec: 0.1172 | id: 0.1156 | lpips: 0.1452 | lpips weighted: 0.0145 | lpips weight: 0.1000 | cls: 0.0000 | elapsed: 01:43:17 | eta: 01:46:38 | gpu: 0.8/9.3 GB
2026-07-19 14:42:10 | INFO | cm_purifier.train | Step: 24700/50000 | 49.40% | lr: 0.000100 | Training loss is 0.2715 | distill: 0.0016 | rec: 0.1301 | id: 0.1229 | lpips: 0.1696 | lpips weighted: 0.0170 | lpips weight: 0.1000 | cls: 0.0000 | elapsed: 01:43:38 | eta: 01:46:09 | gpu: 0.8/9.3 GB
2026-07-19 14:42:32 | INFO | cm_purifier.train | Step: 24800/50000 | 49.60% | lr: 0.000100 | Training loss is 0.2663 | distill: 0.0012 | rec: 0.1221 | id: 0.1277 | lpips: 0.1529 | lpips weighted: 0.0153 | lpips weight: 0.1000 | cls: 0.0000 | elapsed: 01:43:59 | eta: 01:45:40 | gpu: 0.8/9.3 GB
2026-07-19 14:42:53 | INFO | cm_purifier.train | Step: 24900/50000 | 49.80% | lr: 0.000100 | Training loss is 0.2520 | distill: 0.0012 | rec: 0.1195 | id: 0.1166 | lpips: 0.1461 | lpips weighted: 0.0146 | lpips weight: 0.1000 | cls: 0.0000 | elapsed: 01:44:21 | eta: 01:45:11 | gpu: 0.8/9.3 GB
2026-07-19 14:44:01 | INFO | cm_purifier.train | Step: 25000/50000 | 50.00% | lr: 0.000100 | Training loss is 0.2517 | distill: 0.0012 | rec: 0.1185 | id: 0.1172 | lpips: 0.1476 | lpips weighted: 0.0148 | lpips weight: 0.1000 | cls: 0.0000 | elapsed: 01:45:28 | eta: 01:45:28 | gpu: 0.8/9.3 GB
2026-07-19 14:44:51 | INFO | cm_purifier.train | Saved checkpoint to /media02/ndthuc03/cm-purify-targeted-poisoning/consistency_model/checkpoints/cm_purifier_lpips.pth at step 25000
2026-07-19 14:45:12 | INFO | cm_purifier.train | Step: 25100/50000 | 50.20% | lr: 0.000100 | Training loss is 0.2674 | distill: 0.0013 | rec: 0.1242 | id: 0.1268 | lpips: 0.1516 | lpips weighted: 0.0152 | lpips weight: 0.1000 | cls: 0.0000 | elapsed: 01:46:40 | eta: 01:45:49 | gpu: 0.8/9.3 GB
2026-07-19 14:45:32 | INFO | cm_purifier.train | Step: 25200/50000 | 50.40% | lr: 0.000100 | Training loss is 0.2122 | distill: 0.0012 | rec: 0.1122 | id: 0.0851 | lpips: 0.1365 | lpips weighted: 0.0137 | lpips weight: 0.1000 | cls: 0.0000 | elapsed: 01:47:00 | eta: 01:45:18 | gpu: 0.8/9.3 GB
2026-07-19 14:45:53 | INFO | cm_purifier.train | Step: 25300/50000 | 50.60% | lr: 0.000100 | Training loss is 0.2388 | distill: 0.0011 | rec: 0.1223 | id: 0.0998 | lpips: 0.1553 | lpips weighted: 0.0155 | lpips weight: 0.1000 | cls: 0.0000 | elapsed: 01:47:21 | eta: 01:44:48 | gpu: 0.8/9.3 GB
2026-07-19 14:46:14 | INFO | cm_purifier.train | Step: 25400/50000 | 50.80% | lr: 0.000100 | Training loss is 0.2364 | distill: 0.0012 | rec: 0.1110 | id: 0.1109 | lpips: 0.1331 | lpips weighted: 0.0133 | lpips weight: 0.1000 | cls: 0.0000 | elapsed: 01:47:42 | eta: 01:44:18 | gpu: 0.8/9.3 GB
2026-07-19 14:46:35 | INFO | cm_purifier.train | Step: 25500/50000 | 51.00% | lr: 0.000100 | Training loss is 0.2518 | distill: 0.0013 | rec: 0.1220 | id: 0.1134 | lpips: 0.1520 | lpips weighted: 0.0152 | lpips weight: 0.1000 | cls: 0.0000 | elapsed: 01:48:03 | eta: 01:43:48 | gpu: 0.8/9.3 GB
2026-07-19 14:46:56 | INFO | cm_purifier.train | Step: 25600/50000 | 51.20% | lr: 0.000100 | Training loss is 0.2718 | distill: 0.0018 | rec: 0.1290 | id: 0.1243 | lpips: 0.1665 | lpips weighted: 0.0166 | lpips weight: 0.1000 | cls: 0.0000 | elapsed: 01:48:24 | eta: 01:43:19 | gpu: 0.8/9.3 GB
2026-07-19 14:47:17 | INFO | cm_purifier.train | Step: 25700/50000 | 51.40% | lr: 0.000100 | Training loss is 0.2832 | distill: 0.0017 | rec: 0.1370 | id: 0.1276 | lpips: 0.1699 | lpips weighted: 0.0170 | lpips weight: 0.1000 | cls: 0.0000 | elapsed: 01:48:45 | eta: 01:42:49 | gpu: 0.8/9.3 GB
2026-07-19 14:47:38 | INFO | cm_purifier.train | Step: 25800/50000 | 51.60% | lr: 0.000100 | Training loss is 0.2488 | distill: 0.0015 | rec: 0.1203 | id: 0.1131 | lpips: 0.1391 | lpips weighted: 0.0139 | lpips weight: 0.1000 | cls: 0.0000 | elapsed: 01:49:06 | eta: 01:42:20 | gpu: 0.8/9.3 GB
2026-07-19 14:47:59 | INFO | cm_purifier.train | Step: 25900/50000 | 51.80% | lr: 0.000100 | Training loss is 0.2673 | distill: 0.0013 | rec: 0.1279 | id: 0.1217 | lpips: 0.1640 | lpips weighted: 0.0164 | lpips weight: 0.1000 | cls: 0.0000 | elapsed: 01:49:27 | eta: 01:41:51 | gpu: 0.8/9.3 GB
2026-07-19 14:48:21 | INFO | cm_purifier.train | Step: 26000/50000 | 52.00% | lr: 0.000100 | Training loss is 0.2905 | distill: 0.0015 | rec: 0.1371 | id: 0.1349 | lpips: 0.1696 | lpips weighted: 0.0170 | lpips weight: 0.1000 | cls: 0.0000 | elapsed: 01:49:48 | eta: 01:41:22 | gpu: 0.8/9.3 GB
2026-07-19 14:48:42 | INFO | cm_purifier.train | Step: 26100/50000 | 52.20% | lr: 0.000100 | Training loss is 0.2955 | distill: 0.0016 | rec: 0.1349 | id: 0.1425 | lpips: 0.1651 | lpips weighted: 0.0165 | lpips weight: 0.1000 | cls: 0.0000 | elapsed: 01:50:09 | eta: 01:40:52 | gpu: 0.8/9.3 GB
2026-07-19 14:49:03 | INFO | cm_purifier.train | Step: 26200/50000 | 52.40% | lr: 0.000100 | Training loss is 0.2607 | distill: 0.0011 | rec: 0.1248 | id: 0.1190 | lpips: 0.1570 | lpips weighted: 0.0157 | lpips weight: 0.1000 | cls: 0.0000 | elapsed: 01:50:30 | eta: 01:40:23 | gpu: 0.8/9.3 GB
2026-07-19 14:49:24 | INFO | cm_purifier.train | Step: 26300/50000 | 52.60% | lr: 0.000100 | Training loss is 0.2769 | distill: 0.0016 | rec: 0.1265 | id: 0.1331 | lpips: 0.1572 | lpips weighted: 0.0157 | lpips weight: 0.1000 | cls: 0.0000 | elapsed: 01:50:52 | eta: 01:39:54 | gpu: 0.8/9.3 GB
2026-07-19 14:49:45 | INFO | cm_purifier.train | Step: 26400/50000 | 52.80% | lr: 0.000100 | Training loss is 0.2511 | distill: 0.0012 | rec: 0.1201 | id: 0.1152 | lpips: 0.1471 | lpips weighted: 0.0147 | lpips weight: 0.1000 | cls: 0.0000 | elapsed: 01:51:13 | eta: 01:39:25 | gpu: 0.8/9.3 GB
2026-07-19 14:50:07 | INFO | cm_purifier.train | Step: 26500/50000 | 53.00% | lr: 0.000100 | Training loss is 0.2632 | distill: 0.0011 | rec: 0.1236 | id: 0.1229 | lpips: 0.1554 | lpips weighted: 0.0155 | lpips weight: 0.1000 | cls: 0.0000 | elapsed: 01:51:35 | eta: 01:38:57 | gpu: 0.8/9.3 GB
2026-07-19 14:50:28 | INFO | cm_purifier.train | Step: 26600/50000 | 53.20% | lr: 0.000100 | Training loss is 0.2608 | distill: 0.0014 | rec: 0.1235 | id: 0.1207 | lpips: 0.1522 | lpips weighted: 0.0152 | lpips weight: 0.1000 | cls: 0.0000 | elapsed: 01:51:56 | eta: 01:38:28 | gpu: 0.8/9.3 GB
2026-07-19 14:50:50 | INFO | cm_purifier.train | Step: 26700/50000 | 53.40% | lr: 0.000100 | Training loss is 0.2764 | distill: 0.0015 | rec: 0.1362 | id: 0.1219 | lpips: 0.1683 | lpips weighted: 0.0168 | lpips weight: 0.1000 | cls: 0.0000 | elapsed: 01:52:17 | eta: 01:37:59 | gpu: 0.8/9.3 GB
2026-07-19 14:51:11 | INFO | cm_purifier.train | Step: 26800/50000 | 53.60% | lr: 0.000100 | Training loss is 0.2624 | distill: 0.0012 | rec: 0.1247 | id: 0.1206 | lpips: 0.1587 | lpips weighted: 0.0159 | lpips weight: 0.1000 | cls: 0.0000 | elapsed: 01:52:38 | eta: 01:37:31 | gpu: 0.8/9.3 GB
2026-07-19 14:51:32 | INFO | cm_purifier.train | Step: 26900/50000 | 53.80% | lr: 0.000100 | Training loss is 0.2552 | distill: 0.0013 | rec: 0.1208 | id: 0.1178 | lpips: 0.1522 | lpips weighted: 0.0152 | lpips weight: 0.1000 | cls: 0.0000 | elapsed: 01:53:00 | eta: 01:37:02 | gpu: 0.8/9.3 GB
2026-07-19 14:51:53 | INFO | cm_purifier.train | Step: 27000/50000 | 54.00% | lr: 0.000100 | Training loss is 0.2699 | distill: 0.0013 | rec: 0.1233 | id: 0.1299 | lpips: 0.1554 | lpips weighted: 0.0155 | lpips weight: 0.1000 | cls: 0.0000 | elapsed: 01:53:21 | eta: 01:36:34 | gpu: 0.8/9.3 GB
2026-07-19 14:52:15 | INFO | cm_purifier.train | Step: 27100/50000 | 54.20% | lr: 0.000100 | Training loss is 0.2925 | distill: 0.0012 | rec: 0.1339 | id: 0.1397 | lpips: 0.1776 | lpips weighted: 0.0178 | lpips weight: 0.1000 | cls: 0.0000 | elapsed: 01:53:43 | eta: 01:36:05 | gpu: 0.8/9.3 GB
2026-07-19 14:52:36 | INFO | cm_purifier.train | Step: 27200/50000 | 54.40% | lr: 0.000100 | Training loss is 0.2549 | distill: 0.0014 | rec: 0.1224 | id: 0.1162 | lpips: 0.1492 | lpips weighted: 0.0149 | lpips weight: 0.1000 | cls: 0.0000 | elapsed: 01:54:04 | eta: 01:35:37 | gpu: 0.8/9.3 GB
2026-07-19 14:52:58 | INFO | cm_purifier.train | Step: 27300/50000 | 54.60% | lr: 0.000100 | Training loss is 0.2887 | distill: 0.0018 | rec: 0.1374 | id: 0.1324 | lpips: 0.1712 | lpips weighted: 0.0171 | lpips weight: 0.1000 | cls: 0.0000 | elapsed: 01:54:25 | eta: 01:35:08 | gpu: 0.8/9.3 GB
2026-07-19 14:53:19 | INFO | cm_purifier.train | Step: 27400/50000 | 54.80% | lr: 0.000100 | Training loss is 0.2499 | distill: 0.0012 | rec: 0.1210 | id: 0.1119 | lpips: 0.1576 | lpips weighted: 0.0158 | lpips weight: 0.1000 | cls: 0.0000 | elapsed: 01:54:47 | eta: 01:34:40 | gpu: 0.8/9.3 GB
2026-07-19 14:53:40 | INFO | cm_purifier.train | Step: 27500/50000 | 55.00% | lr: 0.000100 | Training loss is 0.2568 | distill: 0.0013 | rec: 0.1195 | id: 0.1210 | lpips: 0.1500 | lpips weighted: 0.0150 | lpips weight: 0.1000 | cls: 0.0000 | elapsed: 01:55:08 | eta: 01:34:12 | gpu: 0.8/9.3 GB
2026-07-19 14:54:01 | INFO | cm_purifier.train | Step: 27600/50000 | 55.20% | lr: 0.000100 | Training loss is 0.2574 | distill: 0.0015 | rec: 0.1266 | id: 0.1139 | lpips: 0.1535 | lpips weighted: 0.0154 | lpips weight: 0.1000 | cls: 0.0000 | elapsed: 01:55:29 | eta: 01:33:44 | gpu: 0.8/9.3 GB
2026-07-19 14:54:23 | INFO | cm_purifier.train | Step: 27700/50000 | 55.40% | lr: 0.000100 | Training loss is 0.2715 | distill: 0.0012 | rec: 0.1272 | id: 0.1275 | lpips: 0.1556 | lpips weighted: 0.0156 | lpips weight: 0.1000 | cls: 0.0000 | elapsed: 01:55:51 | eta: 01:33:16 | gpu: 0.8/9.3 GB
2026-07-19 14:54:45 | INFO | cm_purifier.train | Step: 27800/50000 | 55.60% | lr: 0.000100 | Training loss is 0.2555 | distill: 0.0012 | rec: 0.1212 | id: 0.1175 | lpips: 0.1557 | lpips weighted: 0.0156 | lpips weight: 0.1000 | cls: 0.0000 | elapsed: 01:56:12 | eta: 01:32:48 | gpu: 0.8/9.3 GB
2026-07-19 14:55:06 | INFO | cm_purifier.train | Step: 27900/50000 | 55.80% | lr: 0.000100 | Training loss is 0.2503 | distill: 0.0010 | rec: 0.1207 | id: 0.1129 | lpips: 0.1569 | lpips weighted: 0.0157 | lpips weight: 0.1000 | cls: 0.0000 | elapsed: 01:56:34 | eta: 01:32:20 | gpu: 0.8/9.3 GB
2026-07-19 14:55:28 | INFO | cm_purifier.train | Step: 28000/50000 | 56.00% | lr: 0.000100 | Training loss is 0.2663 | distill: 0.0012 | rec: 0.1197 | id: 0.1303 | lpips: 0.1503 | lpips weighted: 0.0150 | lpips weight: 0.1000 | cls: 0.0000 | elapsed: 01:56:55 | eta: 01:31:52 | gpu: 0.8/9.3 GB
2026-07-19 14:55:49 | INFO | cm_purifier.train | Step: 28100/50000 | 56.20% | lr: 0.000100 | Training loss is 0.2307 | distill: 0.0009 | rec: 0.1152 | id: 0.1003 | lpips: 0.1424 | lpips weighted: 0.0142 | lpips weight: 0.1000 | cls: 0.0000 | elapsed: 01:57:17 | eta: 01:31:24 | gpu: 0.8/9.3 GB
2026-07-19 14:56:10 | INFO | cm_purifier.train | Step: 28200/50000 | 56.40% | lr: 0.000100 | Training loss is 0.2699 | distill: 0.0015 | rec: 0.1262 | id: 0.1268 | lpips: 0.1541 | lpips weighted: 0.0154 | lpips weight: 0.1000 | cls: 0.0000 | elapsed: 01:57:38 | eta: 01:30:56 | gpu: 0.8/9.3 GB
2026-07-19 14:56:32 | INFO | cm_purifier.train | Step: 28300/50000 | 56.60% | lr: 0.000100 | Training loss is 0.2721 | distill: 0.0015 | rec: 0.1302 | id: 0.1239 | lpips: 0.1644 | lpips weighted: 0.0164 | lpips weight: 0.1000 | cls: 0.0000 | elapsed: 01:58:00 | eta: 01:30:28 | gpu: 0.8/9.3 GB
2026-07-19 14:56:54 | INFO | cm_purifier.train | Step: 28400/50000 | 56.80% | lr: 0.000100 | Training loss is 0.2513 | distill: 0.0012 | rec: 0.1222 | id: 0.1125 | lpips: 0.1535 | lpips weighted: 0.0153 | lpips weight: 0.1000 | cls: 0.0000 | elapsed: 01:58:21 | eta: 01:30:01 | gpu: 0.8/9.3 GB
2026-07-19 14:57:15 | INFO | cm_purifier.train | Step: 28500/50000 | 57.00% | lr: 0.000100 | Training loss is 0.2491 | distill: 0.0013 | rec: 0.1259 | id: 0.1059 | lpips: 0.1602 | lpips weighted: 0.0160 | lpips weight: 0.1000 | cls: 0.0000 | elapsed: 01:58:43 | eta: 01:29:33 | gpu: 0.8/9.3 GB
2026-07-19 14:57:37 | INFO | cm_purifier.train | Step: 28600/50000 | 57.20% | lr: 0.000100 | Training loss is 0.2574 | distill: 0.0013 | rec: 0.1170 | id: 0.1249 | lpips: 0.1431 | lpips weighted: 0.0143 | lpips weight: 0.1000 | cls: 0.0000 | elapsed: 01:59:05 | eta: 01:29:06 | gpu: 0.8/9.3 GB
2026-07-19 14:57:58 | INFO | cm_purifier.train | Step: 28700/50000 | 57.40% | lr: 0.000100 | Training loss is 0.2927 | distill: 0.0012 | rec: 0.1305 | id: 0.1446 | lpips: 0.1642 | lpips weighted: 0.0164 | lpips weight: 0.1000 | cls: 0.0000 | elapsed: 01:59:26 | eta: 01:28:38 | gpu: 0.8/9.3 GB
2026-07-19 14:58:20 | INFO | cm_purifier.train | Step: 28800/50000 | 57.60% | lr: 0.000100 | Training loss is 0.2589 | distill: 0.0011 | rec: 0.1217 | id: 0.1203 | lpips: 0.1582 | lpips weighted: 0.0158 | lpips weight: 0.1000 | cls: 0.0000 | elapsed: 01:59:47 | eta: 01:28:11 | gpu: 0.8/9.3 GB
2026-07-19 14:58:41 | INFO | cm_purifier.train | Step: 28900/50000 | 57.80% | lr: 0.000100 | Training loss is 0.2588 | distill: 0.0013 | rec: 0.1216 | id: 0.1208 | lpips: 0.1507 | lpips weighted: 0.0151 | lpips weight: 0.1000 | cls: 0.0000 | elapsed: 02:00:09 | eta: 01:27:43 | gpu: 0.8/9.3 GB
2026-07-19 14:59:02 | INFO | cm_purifier.train | Step: 29000/50000 | 58.00% | lr: 0.000100 | Training loss is 0.2693 | distill: 0.0013 | rec: 0.1254 | id: 0.1282 | lpips: 0.1443 | lpips weighted: 0.0144 | lpips weight: 0.1000 | cls: 0.0000 | elapsed: 02:00:30 | eta: 01:27:15 | gpu: 0.8/9.3 GB
2026-07-19 14:59:24 | INFO | cm_purifier.train | Step: 29100/50000 | 58.20% | lr: 0.000100 | Training loss is 0.2669 | distill: 0.0013 | rec: 0.1233 | id: 0.1258 | lpips: 0.1644 | lpips weighted: 0.0164 | lpips weight: 0.1000 | cls: 0.0000 | elapsed: 02:00:52 | eta: 01:26:48 | gpu: 0.8/9.3 GB
2026-07-19 14:59:45 | INFO | cm_purifier.train | Step: 29200/50000 | 58.40% | lr: 0.000100 | Training loss is 0.2351 | distill: 0.0013 | rec: 0.1169 | id: 0.1023 | lpips: 0.1470 | lpips weighted: 0.0147 | lpips weight: 0.1000 | cls: 0.0000 | elapsed: 02:01:13 | eta: 01:26:21 | gpu: 0.8/9.3 GB
2026-07-19 15:00:07 | INFO | cm_purifier.train | Step: 29300/50000 | 58.60% | lr: 0.000100 | Training loss is 0.2584 | distill: 0.0012 | rec: 0.1203 | id: 0.1210 | lpips: 0.1594 | lpips weighted: 0.0159 | lpips weight: 0.1000 | cls: 0.0000 | elapsed: 02:01:35 | eta: 01:25:54 | gpu: 0.8/9.3 GB
2026-07-19 15:00:29 | INFO | cm_purifier.train | Step: 29400/50000 | 58.80% | lr: 0.000100 | Training loss is 0.2526 | distill: 0.0014 | rec: 0.1203 | id: 0.1163 | lpips: 0.1458 | lpips weighted: 0.0146 | lpips weight: 0.1000 | cls: 0.0000 | elapsed: 02:01:57 | eta: 01:25:26 | gpu: 0.8/9.3 GB
2026-07-19 15:00:50 | INFO | cm_purifier.train | Step: 29500/50000 | 59.00% | lr: 0.000100 | Training loss is 0.2871 | distill: 0.0017 | rec: 0.1300 | id: 0.1393 | lpips: 0.1609 | lpips weighted: 0.0161 | lpips weight: 0.1000 | cls: 0.0000 | elapsed: 02:02:18 | eta: 01:24:59 | gpu: 0.8/9.3 GB
2026-07-19 15:01:12 | INFO | cm_purifier.train | Step: 29600/50000 | 59.20% | lr: 0.000100 | Training loss is 0.2618 | distill: 0.0012 | rec: 0.1155 | id: 0.1309 | lpips: 0.1430 | lpips weighted: 0.0143 | lpips weight: 0.1000 | cls: 0.0000 | elapsed: 02:02:39 | eta: 01:24:32 | gpu: 0.8/9.3 GB
2026-07-19 15:01:33 | INFO | cm_purifier.train | Step: 29700/50000 | 59.40% | lr: 0.000100 | Training loss is 0.2422 | distill: 0.0011 | rec: 0.1144 | id: 0.1124 | lpips: 0.1429 | lpips weighted: 0.0143 | lpips weight: 0.1000 | cls: 0.0000 | elapsed: 02:03:01 | eta: 01:24:05 | gpu: 0.8/9.3 GB
2026-07-19 15:01:55 | INFO | cm_purifier.train | Step: 29800/50000 | 59.60% | lr: 0.000100 | Training loss is 0.2507 | distill: 0.0013 | rec: 0.1251 | id: 0.1085 | lpips: 0.1571 | lpips weighted: 0.0157 | lpips weight: 0.1000 | cls: 0.0000 | elapsed: 02:03:22 | eta: 01:23:38 | gpu: 0.8/9.3 GB
2026-07-19 15:02:16 | INFO | cm_purifier.train | Step: 29900/50000 | 59.80% | lr: 0.000100 | Training loss is 0.2250 | distill: 0.0012 | rec: 0.1123 | id: 0.0984 | lpips: 0.1305 | lpips weighted: 0.0130 | lpips weight: 0.1000 | cls: 0.0000 | elapsed: 02:03:44 | eta: 01:23:10 | gpu: 0.8/9.3 GB
2026-07-19 15:03:25 | INFO | cm_purifier.train | Step: 30000/50000 | 60.00% | lr: 0.000100 | Training loss is 0.2597 | distill: 0.0013 | rec: 0.1289 | id: 0.1132 | lpips: 0.1622 | lpips weighted: 0.0162 | lpips weight: 0.1000 | cls: 0.0000 | elapsed: 02:04:53 | eta: 01:23:15 | gpu: 0.8/9.3 GB
2026-07-19 15:04:15 | INFO | cm_purifier.train | Saved checkpoint to /media02/ndthuc03/cm-purify-targeted-poisoning/consistency_model/checkpoints/cm_purifier_lpips.pth at step 30000
2026-07-19 15:04:36 | INFO | cm_purifier.train | Step: 30100/50000 | 60.20% | lr: 0.000100 | Training loss is 0.2470 | distill: 0.0014 | rec: 0.1175 | id: 0.1139 | lpips: 0.1410 | lpips weighted: 0.0141 | lpips weight: 0.1000 | cls: 0.0000 | elapsed: 02:06:04 | eta: 01:23:21 | gpu: 0.8/9.3 GB
2026-07-19 15:04:57 | INFO | cm_purifier.train | Step: 30200/50000 | 60.40% | lr: 0.000100 | Training loss is 0.2622 | distill: 0.0015 | rec: 0.1287 | id: 0.1169 | lpips: 0.1507 | lpips weighted: 0.0151 | lpips weight: 0.1000 | cls: 0.0000 | elapsed: 02:06:25 | eta: 01:22:53 | gpu: 0.8/9.3 GB
2026-07-19 15:05:18 | INFO | cm_purifier.train | Step: 30300/50000 | 60.60% | lr: 0.000100 | Training loss is 0.2784 | distill: 0.0011 | rec: 0.1300 | id: 0.1307 | lpips: 0.1651 | lpips weighted: 0.0165 | lpips weight: 0.1000 | cls: 0.0000 | elapsed: 02:06:46 | eta: 01:22:25 | gpu: 0.8/9.3 GB
2026-07-19 15:05:38 | INFO | cm_purifier.train | Step: 30400/50000 | 60.80% | lr: 0.000100 | Training loss is 0.2394 | distill: 0.0011 | rec: 0.1130 | id: 0.1116 | lpips: 0.1377 | lpips weighted: 0.0138 | lpips weight: 0.1000 | cls: 0.0000 | elapsed: 02:07:06 | eta: 01:21:57 | gpu: 0.8/9.3 GB
2026-07-19 15:06:00 | INFO | cm_purifier.train | Step: 30500/50000 | 61.00% | lr: 0.000100 | Training loss is 0.2499 | distill: 0.0012 | rec: 0.1179 | id: 0.1163 | lpips: 0.1457 | lpips weighted: 0.0146 | lpips weight: 0.1000 | cls: 0.0000 | elapsed: 02:07:27 | eta: 01:21:29 | gpu: 0.8/9.3 GB
2026-07-19 15:06:20 | INFO | cm_purifier.train | Step: 30600/50000 | 61.20% | lr: 0.000100 | Training loss is 0.2661 | distill: 0.0015 | rec: 0.1274 | id: 0.1222 | lpips: 0.1502 | lpips weighted: 0.0150 | lpips weight: 0.1000 | cls: 0.0000 | elapsed: 02:07:48 | eta: 01:21:01 | gpu: 0.8/9.3 GB
2026-07-19 15:06:42 | INFO | cm_purifier.train | Step: 30700/50000 | 61.40% | lr: 0.000100 | Training loss is 0.2675 | distill: 0.0014 | rec: 0.1321 | id: 0.1178 | lpips: 0.1624 | lpips weighted: 0.0162 | lpips weight: 0.1000 | cls: 0.0000 | elapsed: 02:08:09 | eta: 01:20:34 | gpu: 0.8/9.3 GB
2026-07-19 15:07:03 | INFO | cm_purifier.train | Step: 30800/50000 | 61.60% | lr: 0.000100 | Training loss is 0.2587 | distill: 0.0012 | rec: 0.1238 | id: 0.1185 | lpips: 0.1520 | lpips weighted: 0.0152 | lpips weight: 0.1000 | cls: 0.0000 | elapsed: 02:08:31 | eta: 01:20:06 | gpu: 0.8/9.3 GB
2026-07-19 15:07:24 | INFO | cm_purifier.train | Step: 30900/50000 | 61.80% | lr: 0.000100 | Training loss is 0.2566 | distill: 0.0013 | rec: 0.1199 | id: 0.1205 | lpips: 0.1497 | lpips weighted: 0.0150 | lpips weight: 0.1000 | cls: 0.0000 | elapsed: 02:08:52 | eta: 01:19:39 | gpu: 0.8/9.3 GB
2026-07-19 15:07:45 | INFO | cm_purifier.train | Step: 31000/50000 | 62.00% | lr: 0.000100 | Training loss is 0.2696 | distill: 0.0011 | rec: 0.1255 | id: 0.1279 | lpips: 0.1504 | lpips weighted: 0.0150 | lpips weight: 0.1000 | cls: 0.0000 | elapsed: 02:09:13 | eta: 01:19:12 | gpu: 0.8/9.3 GB
2026-07-19 15:08:06 | INFO | cm_purifier.train | Step: 31100/50000 | 62.20% | lr: 0.000100 | Training loss is 0.2707 | distill: 0.0012 | rec: 0.1245 | id: 0.1289 | lpips: 0.1596 | lpips weighted: 0.0160 | lpips weight: 0.1000 | cls: 0.0000 | elapsed: 02:09:34 | eta: 01:18:44 | gpu: 0.8/9.3 GB
2026-07-19 15:08:28 | INFO | cm_purifier.train | Step: 31200/50000 | 62.40% | lr: 0.000100 | Training loss is 0.2608 | distill: 0.0012 | rec: 0.1251 | id: 0.1187 | lpips: 0.1578 | lpips weighted: 0.0158 | lpips weight: 0.1000 | cls: 0.0000 | elapsed: 02:09:56 | eta: 01:18:17 | gpu: 0.8/9.3 GB
2026-07-19 15:08:49 | INFO | cm_purifier.train | Step: 31300/50000 | 62.60% | lr: 0.000100 | Training loss is 0.2489 | distill: 0.0013 | rec: 0.1214 | id: 0.1119 | lpips: 0.1415 | lpips weighted: 0.0142 | lpips weight: 0.1000 | cls: 0.0000 | elapsed: 02:10:17 | eta: 01:17:50 | gpu: 0.8/9.3 GB
2026-07-19 15:09:10 | INFO | cm_purifier.train | Step: 31400/50000 | 62.80% | lr: 0.000100 | Training loss is 0.2455 | distill: 0.0013 | rec: 0.1233 | id: 0.1055 | lpips: 0.1535 | lpips weighted: 0.0153 | lpips weight: 0.1000 | cls: 0.0000 | elapsed: 02:10:38 | eta: 01:17:23 | gpu: 0.8/9.3 GB
2026-07-19 15:09:31 | INFO | cm_purifier.train | Step: 31500/50000 | 63.00% | lr: 0.000100 | Training loss is 0.2719 | distill: 0.0016 | rec: 0.1235 | id: 0.1327 | lpips: 0.1412 | lpips weighted: 0.0141 | lpips weight: 0.1000 | cls: 0.0000 | elapsed: 02:10:59 | eta: 01:16:56 | gpu: 0.8/9.3 GB
2026-07-19 15:09:53 | INFO | cm_purifier.train | Step: 31600/50000 | 63.20% | lr: 0.000100 | Training loss is 0.2802 | distill: 0.0016 | rec: 0.1340 | id: 0.1280 | lpips: 0.1658 | lpips weighted: 0.0166 | lpips weight: 0.1000 | cls: 0.0000 | elapsed: 02:11:21 | eta: 01:16:29 | gpu: 0.8/9.3 GB
2026-07-19 15:10:14 | INFO | cm_purifier.train | Step: 31700/50000 | 63.40% | lr: 0.000100 | Training loss is 0.2384 | distill: 0.0013 | rec: 0.1203 | id: 0.1027 | lpips: 0.1419 | lpips weighted: 0.0142 | lpips weight: 0.1000 | cls: 0.0000 | elapsed: 02:11:42 | eta: 01:16:02 | gpu: 0.8/9.3 GB
2026-07-19 15:10:36 | INFO | cm_purifier.train | Step: 31800/50000 | 63.60% | lr: 0.000100 | Training loss is 0.2424 | distill: 0.0010 | rec: 0.1123 | id: 0.1149 | lpips: 0.1414 | lpips weighted: 0.0141 | lpips weight: 0.1000 | cls: 0.0000 | elapsed: 02:12:03 | eta: 01:15:35 | gpu: 0.8/9.3 GB
2026-07-19 15:10:57 | INFO | cm_purifier.train | Step: 31900/50000 | 63.80% | lr: 0.000100 | Training loss is 0.2572 | distill: 0.0011 | rec: 0.1253 | id: 0.1145 | lpips: 0.1635 | lpips weighted: 0.0164 | lpips weight: 0.1000 | cls: 0.0000 | elapsed: 02:12:25 | eta: 01:15:08 | gpu: 0.8/9.3 GB
2026-07-19 15:11:18 | INFO | cm_purifier.train | Step: 32000/50000 | 64.00% | lr: 0.000100 | Training loss is 0.2336 | distill: 0.0012 | rec: 0.1128 | id: 0.1054 | lpips: 0.1413 | lpips weighted: 0.0141 | lpips weight: 0.1000 | cls: 0.0000 | elapsed: 02:12:46 | eta: 01:14:41 | gpu: 0.8/9.3 GB
2026-07-19 15:11:40 | INFO | cm_purifier.train | Step: 32100/50000 | 64.20% | lr: 0.000100 | Training loss is 0.2435 | distill: 0.0011 | rec: 0.1174 | id: 0.1105 | lpips: 0.1448 | lpips weighted: 0.0145 | lpips weight: 0.1000 | cls: 0.0000 | elapsed: 02:13:08 | eta: 01:14:14 | gpu: 0.8/9.3 GB
2026-07-19 15:12:01 | INFO | cm_purifier.train | Step: 32200/50000 | 64.40% | lr: 0.000100 | Training loss is 0.2889 | distill: 0.0018 | rec: 0.1307 | id: 0.1405 | lpips: 0.1586 | lpips weighted: 0.0159 | lpips weight: 0.1000 | cls: 0.0000 | elapsed: 02:13:29 | eta: 01:13:47 | gpu: 0.8/9.3 GB
2026-07-19 15:12:23 | INFO | cm_purifier.train | Step: 32300/50000 | 64.60% | lr: 0.000100 | Training loss is 0.2772 | distill: 0.0014 | rec: 0.1332 | id: 0.1263 | lpips: 0.1634 | lpips weighted: 0.0163 | lpips weight: 0.1000 | cls: 0.0000 | elapsed: 02:13:51 | eta: 01:13:21 | gpu: 0.8/9.3 GB
2026-07-19 15:12:45 | INFO | cm_purifier.train | Step: 32400/50000 | 64.80% | lr: 0.000100 | Training loss is 0.2641 | distill: 0.0014 | rec: 0.1248 | id: 0.1228 | lpips: 0.1507 | lpips weighted: 0.0151 | lpips weight: 0.1000 | cls: 0.0000 | elapsed: 02:14:12 | eta: 01:12:54 | gpu: 0.8/9.3 GB
2026-07-19 15:13:06 | INFO | cm_purifier.train | Step: 32500/50000 | 65.00% | lr: 0.000100 | Training loss is 0.2480 | distill: 0.0013 | rec: 0.1238 | id: 0.1080 | lpips: 0.1492 | lpips weighted: 0.0149 | lpips weight: 0.1000 | cls: 0.0000 | elapsed: 02:14:34 | eta: 01:12:27 | gpu: 0.8/9.3 GB
2026-07-19 15:13:27 | INFO | cm_purifier.train | Step: 32600/50000 | 65.20% | lr: 0.000100 | Training loss is 0.2528 | distill: 0.0015 | rec: 0.1236 | id: 0.1131 | lpips: 0.1454 | lpips weighted: 0.0145 | lpips weight: 0.1000 | cls: 0.0000 | elapsed: 02:14:55 | eta: 01:12:01 | gpu: 0.8/9.3 GB
2026-07-19 15:13:49 | INFO | cm_purifier.train | Step: 32700/50000 | 65.40% | lr: 0.000100 | Training loss is 0.2513 | distill: 0.0014 | rec: 0.1241 | id: 0.1103 | lpips: 0.1559 | lpips weighted: 0.0156 | lpips weight: 0.1000 | cls: 0.0000 | elapsed: 02:15:17 | eta: 01:11:34 | gpu: 0.8/9.3 GB
2026-07-19 15:14:10 | INFO | cm_purifier.train | Step: 32800/50000 | 65.60% | lr: 0.000100 | Training loss is 0.2476 | distill: 0.0011 | rec: 0.1196 | id: 0.1125 | lpips: 0.1440 | lpips weighted: 0.0144 | lpips weight: 0.1000 | cls: 0.0000 | elapsed: 02:15:38 | eta: 01:11:07 | gpu: 0.8/9.3 GB
2026-07-19 15:14:32 | INFO | cm_purifier.train | Step: 32900/50000 | 65.80% | lr: 0.000100 | Training loss is 0.2431 | distill: 0.0013 | rec: 0.1167 | id: 0.1100 | lpips: 0.1498 | lpips weighted: 0.0150 | lpips weight: 0.1000 | cls: 0.0000 | elapsed: 02:16:00 | eta: 01:10:41 | gpu: 0.8/9.3 GB
2026-07-19 15:14:54 | INFO | cm_purifier.train | Step: 33000/50000 | 66.00% | lr: 0.000100 | Training loss is 0.2591 | distill: 0.0014 | rec: 0.1279 | id: 0.1139 | lpips: 0.1591 | lpips weighted: 0.0159 | lpips weight: 0.1000 | cls: 0.0000 | elapsed: 02:16:21 | eta: 01:10:14 | gpu: 0.8/9.3 GB
2026-07-19 15:15:15 | INFO | cm_purifier.train | Step: 33100/50000 | 66.20% | lr: 0.000100 | Training loss is 0.2406 | distill: 0.0011 | rec: 0.1160 | id: 0.1085 | lpips: 0.1503 | lpips weighted: 0.0150 | lpips weight: 0.1000 | cls: 0.0000 | elapsed: 02:16:43 | eta: 01:09:48 | gpu: 0.8/9.3 GB
2026-07-19 15:15:36 | INFO | cm_purifier.train | Step: 33200/50000 | 66.40% | lr: 0.000100 | Training loss is 0.2701 | distill: 0.0013 | rec: 0.1292 | id: 0.1241 | lpips: 0.1558 | lpips weighted: 0.0156 | lpips weight: 0.1000 | cls: 0.0000 | elapsed: 02:17:04 | eta: 01:09:21 | gpu: 0.8/9.3 GB
2026-07-19 15:15:58 | INFO | cm_purifier.train | Step: 33300/50000 | 66.60% | lr: 0.000100 | Training loss is 0.2905 | distill: 0.0015 | rec: 0.1366 | id: 0.1346 | lpips: 0.1779 | lpips weighted: 0.0178 | lpips weight: 0.1000 | cls: 0.0000 | elapsed: 02:17:26 | eta: 01:08:55 | gpu: 0.8/9.3 GB
2026-07-19 15:16:19 | INFO | cm_purifier.train | Step: 33400/50000 | 66.80% | lr: 0.000100 | Training loss is 0.2735 | distill: 0.0014 | rec: 0.1237 | id: 0.1333 | lpips: 0.1517 | lpips weighted: 0.0152 | lpips weight: 0.1000 | cls: 0.0000 | elapsed: 02:17:47 | eta: 01:08:29 | gpu: 0.8/9.3 GB
2026-07-19 15:16:41 | INFO | cm_purifier.train | Step: 33500/50000 | 67.00% | lr: 0.000100 | Training loss is 0.2612 | distill: 0.0015 | rec: 0.1240 | id: 0.1208 | lpips: 0.1487 | lpips weighted: 0.0149 | lpips weight: 0.1000 | cls: 0.0000 | elapsed: 02:18:09 | eta: 01:08:02 | gpu: 0.8/9.3 GB
2026-07-19 15:17:02 | INFO | cm_purifier.train | Step: 33600/50000 | 67.20% | lr: 0.000100 | Training loss is 0.2652 | distill: 0.0014 | rec: 0.1307 | id: 0.1162 | lpips: 0.1695 | lpips weighted: 0.0169 | lpips weight: 0.1000 | cls: 0.0000 | elapsed: 02:18:30 | eta: 01:07:36 | gpu: 0.8/9.3 GB
2026-07-19 15:17:24 | INFO | cm_purifier.train | Step: 33700/50000 | 67.40% | lr: 0.000100 | Training loss is 0.2679 | distill: 0.0014 | rec: 0.1226 | id: 0.1285 | lpips: 0.1537 | lpips weighted: 0.0154 | lpips weight: 0.1000 | cls: 0.0000 | elapsed: 02:18:51 | eta: 01:07:10 | gpu: 0.8/9.3 GB
2026-07-19 15:17:45 | INFO | cm_purifier.train | Step: 33800/50000 | 67.60% | lr: 0.000100 | Training loss is 0.2842 | distill: 0.0013 | rec: 0.1327 | id: 0.1330 | lpips: 0.1716 | lpips weighted: 0.0172 | lpips weight: 0.1000 | cls: 0.0000 | elapsed: 02:19:13 | eta: 01:06:43 | gpu: 0.8/9.3 GB
2026-07-19 15:18:06 | INFO | cm_purifier.train | Step: 33900/50000 | 67.80% | lr: 0.000100 | Training loss is 0.2430 | distill: 0.0012 | rec: 0.1156 | id: 0.1112 | lpips: 0.1491 | lpips weighted: 0.0149 | lpips weight: 0.1000 | cls: 0.0000 | elapsed: 02:19:34 | eta: 01:06:17 | gpu: 0.8/9.3 GB
2026-07-19 15:18:28 | INFO | cm_purifier.train | Step: 34000/50000 | 68.00% | lr: 0.000100 | Training loss is 0.2534 | distill: 0.0010 | rec: 0.1212 | id: 0.1159 | lpips: 0.1525 | lpips weighted: 0.0152 | lpips weight: 0.1000 | cls: 0.0000 | elapsed: 02:19:56 | eta: 01:05:51 | gpu: 0.8/9.3 GB
2026-07-19 15:18:49 | INFO | cm_purifier.train | Step: 34100/50000 | 68.20% | lr: 0.000100 | Training loss is 0.2380 | distill: 0.0013 | rec: 0.1178 | id: 0.1051 | lpips: 0.1379 | lpips weighted: 0.0138 | lpips weight: 0.1000 | cls: 0.0000 | elapsed: 02:20:17 | eta: 01:05:24 | gpu: 0.8/9.3 GB
2026-07-19 15:19:11 | INFO | cm_purifier.train | Step: 34200/50000 | 68.40% | lr: 0.000100 | Training loss is 0.2553 | distill: 0.0014 | rec: 0.1171 | id: 0.1229 | lpips: 0.1390 | lpips weighted: 0.0139 | lpips weight: 0.1000 | cls: 0.0000 | elapsed: 02:20:39 | eta: 01:04:58 | gpu: 0.8/9.3 GB
2026-07-19 15:19:32 | INFO | cm_purifier.train | Step: 34300/50000 | 68.60% | lr: 0.000100 | Training loss is 0.2578 | distill: 0.0013 | rec: 0.1175 | id: 0.1246 | lpips: 0.1446 | lpips weighted: 0.0145 | lpips weight: 0.1000 | cls: 0.0000 | elapsed: 02:21:00 | eta: 01:04:32 | gpu: 0.8/9.3 GB
2026-07-19 15:19:54 | INFO | cm_purifier.train | Step: 34400/50000 | 68.80% | lr: 0.000100 | Training loss is 0.2443 | distill: 0.0016 | rec: 0.1159 | id: 0.1134 | lpips: 0.1328 | lpips weighted: 0.0133 | lpips weight: 0.1000 | cls: 0.0000 | elapsed: 02:21:22 | eta: 01:04:06 | gpu: 0.8/9.3 GB
2026-07-19 15:20:15 | INFO | cm_purifier.train | Step: 34500/50000 | 69.00% | lr: 0.000100 | Training loss is 0.2606 | distill: 0.0012 | rec: 0.1227 | id: 0.1219 | lpips: 0.1480 | lpips weighted: 0.0148 | lpips weight: 0.1000 | cls: 0.0000 | elapsed: 02:21:43 | eta: 01:03:40 | gpu: 0.8/9.3 GB
2026-07-19 15:20:37 | INFO | cm_purifier.train | Step: 34600/50000 | 69.20% | lr: 0.000100 | Training loss is 0.2467 | distill: 0.0012 | rec: 0.1185 | id: 0.1123 | lpips: 0.1465 | lpips weighted: 0.0147 | lpips weight: 0.1000 | cls: 0.0000 | elapsed: 02:22:04 | eta: 01:03:14 | gpu: 0.8/9.3 GB
2026-07-19 15:20:58 | INFO | cm_purifier.train | Step: 34700/50000 | 69.40% | lr: 0.000100 | Training loss is 0.2595 | distill: 0.0013 | rec: 0.1311 | id: 0.1102 | lpips: 0.1684 | lpips weighted: 0.0168 | lpips weight: 0.1000 | cls: 0.0000 | elapsed: 02:22:26 | eta: 01:02:48 | gpu: 0.8/9.3 GB
2026-07-19 15:21:19 | INFO | cm_purifier.train | Step: 34800/50000 | 69.60% | lr: 0.000100 | Training loss is 0.2455 | distill: 0.0012 | rec: 0.1215 | id: 0.1078 | lpips: 0.1494 | lpips weighted: 0.0149 | lpips weight: 0.1000 | cls: 0.0000 | elapsed: 02:22:47 | eta: 01:02:22 | gpu: 0.8/9.3 GB
2026-07-19 15:21:41 | INFO | cm_purifier.train | Step: 34900/50000 | 69.80% | lr: 0.000100 | Training loss is 0.2826 | distill: 0.0018 | rec: 0.1336 | id: 0.1303 | lpips: 0.1689 | lpips weighted: 0.0169 | lpips weight: 0.1000 | cls: 0.0000 | elapsed: 02:23:09 | eta: 01:01:56 | gpu: 0.8/9.3 GB
2026-07-19 15:22:48 | INFO | cm_purifier.train | Step: 35000/50000 | 70.00% | lr: 0.000100 | Training loss is 0.2536 | distill: 0.0010 | rec: 0.1196 | id: 0.1178 | lpips: 0.1516 | lpips weighted: 0.0152 | lpips weight: 0.1000 | cls: 0.0000 | elapsed: 02:24:16 | eta: 01:01:49 | gpu: 0.8/9.3 GB
2026-07-19 15:23:38 | INFO | cm_purifier.train | Saved checkpoint to /media02/ndthuc03/cm-purify-targeted-poisoning/consistency_model/checkpoints/cm_purifier_lpips.pth at step 35000
2026-07-19 15:23:59 | INFO | cm_purifier.train | Step: 35100/50000 | 70.20% | lr: 0.000100 | Training loss is 0.2593 | distill: 0.0014 | rec: 0.1267 | id: 0.1150 | lpips: 0.1616 | lpips weighted: 0.0162 | lpips weight: 0.1000 | cls: 0.0000 | elapsed: 02:25:27 | eta: 01:01:44 | gpu: 0.8/9.3 GB
2026-07-19 15:24:20 | INFO | cm_purifier.train | Step: 35200/50000 | 70.40% | lr: 0.000100 | Training loss is 0.2632 | distill: 0.0018 | rec: 0.1263 | id: 0.1195 | lpips: 0.1567 | lpips weighted: 0.0157 | lpips weight: 0.1000 | cls: 0.0000 | elapsed: 02:25:48 | eta: 01:01:18 | gpu: 0.8/9.3 GB
2026-07-19 15:24:41 | INFO | cm_purifier.train | Step: 35300/50000 | 70.60% | lr: 0.000100 | Training loss is 0.2512 | distill: 0.0013 | rec: 0.1217 | id: 0.1130 | lpips: 0.1517 | lpips weighted: 0.0152 | lpips weight: 0.1000 | cls: 0.0000 | elapsed: 02:26:09 | eta: 01:00:51 | gpu: 0.8/9.3 GB
2026-07-19 15:25:02 | INFO | cm_purifier.train | Step: 35400/50000 | 70.80% | lr: 0.000100 | Training loss is 0.2473 | distill: 0.0016 | rec: 0.1194 | id: 0.1117 | lpips: 0.1448 | lpips weighted: 0.0145 | lpips weight: 0.1000 | cls: 0.0000 | elapsed: 02:26:30 | eta: 01:00:25 | gpu: 0.8/9.3 GB
2026-07-19 15:25:22 | INFO | cm_purifier.train | Step: 35500/50000 | 71.00% | lr: 0.000100 | Training loss is 0.2669 | distill: 0.0017 | rec: 0.1300 | id: 0.1196 | lpips: 0.1551 | lpips weighted: 0.0155 | lpips weight: 0.1000 | cls: 0.0000 | elapsed: 02:26:50 | eta: 00:59:58 | gpu: 0.8/9.3 GB
2026-07-19 15:25:44 | INFO | cm_purifier.train | Step: 35600/50000 | 71.20% | lr: 0.000100 | Training loss is 0.2492 | distill: 0.0012 | rec: 0.1184 | id: 0.1159 | lpips: 0.1370 | lpips weighted: 0.0137 | lpips weight: 0.1000 | cls: 0.0000 | elapsed: 02:27:11 | eta: 00:59:32 | gpu: 0.8/9.3 GB
2026-07-19 15:26:04 | INFO | cm_purifier.train | Step: 35700/50000 | 71.40% | lr: 0.000100 | Training loss is 0.2510 | distill: 0.0015 | rec: 0.1236 | id: 0.1112 | lpips: 0.1481 | lpips weighted: 0.0148 | lpips weight: 0.1000 | cls: 0.0000 | elapsed: 02:27:32 | eta: 00:59:06 | gpu: 0.8/9.3 GB
2026-07-19 15:26:25 | INFO | cm_purifier.train | Step: 35800/50000 | 71.60% | lr: 0.000100 | Training loss is 0.2764 | distill: 0.0012 | rec: 0.1294 | id: 0.1302 | lpips: 0.1566 | lpips weighted: 0.0157 | lpips weight: 0.1000 | cls: 0.0000 | elapsed: 02:27:53 | eta: 00:58:39 | gpu: 0.8/9.3 GB
2026-07-19 15:26:46 | INFO | cm_purifier.train | Step: 35900/50000 | 71.80% | lr: 0.000100 | Training loss is 0.2774 | distill: 0.0014 | rec: 0.1300 | id: 0.1294 | lpips: 0.1669 | lpips weighted: 0.0167 | lpips weight: 0.1000 | cls: 0.0000 | elapsed: 02:28:14 | eta: 00:58:13 | gpu: 0.8/9.3 GB
2026-07-19 15:27:07 | INFO | cm_purifier.train | Step: 36000/50000 | 72.00% | lr: 0.000100 | Training loss is 0.2344 | distill: 0.0012 | rec: 0.1140 | id: 0.1055 | lpips: 0.1366 | lpips weighted: 0.0137 | lpips weight: 0.1000 | cls: 0.0000 | elapsed: 02:28:35 | eta: 00:57:47 | gpu: 0.8/9.3 GB
2026-07-19 15:27:29 | INFO | cm_purifier.train | Step: 36100/50000 | 72.20% | lr: 0.000100 | Training loss is 0.2412 | distill: 0.0013 | rec: 0.1143 | id: 0.1102 | lpips: 0.1552 | lpips weighted: 0.0155 | lpips weight: 0.1000 | cls: 0.0000 | elapsed: 02:28:57 | eta: 00:57:21 | gpu: 0.8/9.3 GB
2026-07-19 15:27:50 | INFO | cm_purifier.train | Step: 36200/50000 | 72.40% | lr: 0.000100 | Training loss is 0.2624 | distill: 0.0014 | rec: 0.1291 | id: 0.1162 | lpips: 0.1566 | lpips weighted: 0.0157 | lpips weight: 0.1000 | cls: 0.0000 | elapsed: 02:29:18 | eta: 00:56:55 | gpu: 0.8/9.3 GB
2026-07-19 15:28:12 | INFO | cm_purifier.train | Step: 36300/50000 | 72.60% | lr: 0.000100 | Training loss is 0.2593 | distill: 0.0011 | rec: 0.1175 | id: 0.1264 | lpips: 0.1430 | lpips weighted: 0.0143 | lpips weight: 0.1000 | cls: 0.0000 | elapsed: 02:29:39 | eta: 00:56:29 | gpu: 0.8/9.3 GB
2026-07-19 15:28:33 | INFO | cm_purifier.train | Step: 36400/50000 | 72.80% | lr: 0.000100 | Training loss is 0.2591 | distill: 0.0014 | rec: 0.1229 | id: 0.1195 | lpips: 0.1530 | lpips weighted: 0.0153 | lpips weight: 0.1000 | cls: 0.0000 | elapsed: 02:30:00 | eta: 00:56:02 | gpu: 0.8/9.3 GB
2026-07-19 15:28:54 | INFO | cm_purifier.train | Step: 36500/50000 | 73.00% | lr: 0.000100 | Training loss is 0.2666 | distill: 0.0017 | rec: 0.1211 | id: 0.1280 | lpips: 0.1576 | lpips weighted: 0.0158 | lpips weight: 0.1000 | cls: 0.0000 | elapsed: 02:30:22 | eta: 00:55:36 | gpu: 0.8/9.3 GB
2026-07-19 15:29:15 | INFO | cm_purifier.train | Step: 36600/50000 | 73.20% | lr: 0.000100 | Training loss is 0.2528 | distill: 0.0014 | rec: 0.1241 | id: 0.1129 | lpips: 0.1450 | lpips weighted: 0.0145 | lpips weight: 0.1000 | cls: 0.0000 | elapsed: 02:30:43 | eta: 00:55:11 | gpu: 0.8/9.3 GB
2026-07-19 15:29:37 | INFO | cm_purifier.train | Step: 36700/50000 | 73.40% | lr: 0.000100 | Training loss is 0.2577 | distill: 0.0018 | rec: 0.1227 | id: 0.1181 | lpips: 0.1518 | lpips weighted: 0.0152 | lpips weight: 0.1000 | cls: 0.0000 | elapsed: 02:31:04 | eta: 00:54:45 | gpu: 0.8/9.3 GB
2026-07-19 15:29:58 | INFO | cm_purifier.train | Step: 36800/50000 | 73.60% | lr: 0.000100 | Training loss is 0.2841 | distill: 0.0013 | rec: 0.1295 | id: 0.1367 | lpips: 0.1656 | lpips weighted: 0.0166 | lpips weight: 0.1000 | cls: 0.0000 | elapsed: 02:31:26 | eta: 00:54:19 | gpu: 0.8/9.3 GB
2026-07-19 15:30:19 | INFO | cm_purifier.train | Step: 36900/50000 | 73.80% | lr: 0.000100 | Training loss is 0.2521 | distill: 0.0012 | rec: 0.1182 | id: 0.1175 | lpips: 0.1519 | lpips weighted: 0.0152 | lpips weight: 0.1000 | cls: 0.0000 | elapsed: 02:31:47 | eta: 00:53:53 | gpu: 0.8/9.3 GB
2026-07-19 15:30:41 | INFO | cm_purifier.train | Step: 37000/50000 | 74.00% | lr: 0.000100 | Training loss is 0.2523 | distill: 0.0013 | rec: 0.1176 | id: 0.1195 | lpips: 0.1387 | lpips weighted: 0.0139 | lpips weight: 0.1000 | cls: 0.0000 | elapsed: 02:32:09 | eta: 00:53:27 | gpu: 0.8/9.3 GB
2026-07-19 15:31:02 | INFO | cm_purifier.train | Step: 37100/50000 | 74.20% | lr: 0.000100 | Training loss is 0.2564 | distill: 0.0019 | rec: 0.1241 | id: 0.1159 | lpips: 0.1452 | lpips weighted: 0.0145 | lpips weight: 0.1000 | cls: 0.0000 | elapsed: 02:32:30 | eta: 00:53:01 | gpu: 0.8/9.3 GB
2026-07-19 15:31:24 | INFO | cm_purifier.train | Step: 37200/50000 | 74.40% | lr: 0.000100 | Training loss is 0.2773 | distill: 0.0012 | rec: 0.1256 | id: 0.1339 | lpips: 0.1662 | lpips weighted: 0.0166 | lpips weight: 0.1000 | cls: 0.0000 | elapsed: 02:32:51 | eta: 00:52:35 | gpu: 0.8/9.3 GB
2026-07-19 15:31:45 | INFO | cm_purifier.train | Step: 37300/50000 | 74.60% | lr: 0.000100 | Training loss is 0.2458 | distill: 0.0014 | rec: 0.1230 | id: 0.1060 | lpips: 0.1547 | lpips weighted: 0.0155 | lpips weight: 0.1000 | cls: 0.0000 | elapsed: 02:33:13 | eta: 00:52:10 | gpu: 0.8/9.3 GB
2026-07-19 15:32:06 | INFO | cm_purifier.train | Step: 37400/50000 | 74.80% | lr: 0.000100 | Training loss is 0.2420 | distill: 0.0011 | rec: 0.1142 | id: 0.1132 | lpips: 0.1342 | lpips weighted: 0.0134 | lpips weight: 0.1000 | cls: 0.0000 | elapsed: 02:33:34 | eta: 00:51:44 | gpu: 0.8/9.3 GB
2026-07-19 15:32:28 | INFO | cm_purifier.train | Step: 37500/50000 | 75.00% | lr: 0.000100 | Training loss is 0.2675 | distill: 0.0012 | rec: 0.1220 | id: 0.1281 | lpips: 0.1611 | lpips weighted: 0.0161 | lpips weight: 0.1000 | cls: 0.0000 | elapsed: 02:33:56 | eta: 00:51:18 | gpu: 0.8/9.3 GB
2026-07-19 15:32:50 | INFO | cm_purifier.train | Step: 37600/50000 | 75.20% | lr: 0.000100 | Training loss is 0.2619 | distill: 0.0019 | rec: 0.1284 | id: 0.1155 | lpips: 0.1607 | lpips weighted: 0.0161 | lpips weight: 0.1000 | cls: 0.0000 | elapsed: 02:34:17 | eta: 00:50:53 | gpu: 0.8/9.3 GB
2026-07-19 15:33:11 | INFO | cm_purifier.train | Step: 37700/50000 | 75.40% | lr: 0.000100 | Training loss is 0.2565 | distill: 0.0012 | rec: 0.1226 | id: 0.1174 | lpips: 0.1536 | lpips weighted: 0.0154 | lpips weight: 0.1000 | cls: 0.0000 | elapsed: 02:34:39 | eta: 00:50:27 | gpu: 0.8/9.3 GB
2026-07-19 15:33:33 | INFO | cm_purifier.train | Step: 37800/50000 | 75.60% | lr: 0.000100 | Training loss is 0.2598 | distill: 0.0012 | rec: 0.1237 | id: 0.1196 | lpips: 0.1532 | lpips weighted: 0.0153 | lpips weight: 0.1000 | cls: 0.0000 | elapsed: 02:35:00 | eta: 00:50:01 | gpu: 0.8/9.3 GB
2026-07-19 15:33:54 | INFO | cm_purifier.train | Step: 37900/50000 | 75.80% | lr: 0.000100 | Training loss is 0.2514 | distill: 0.0011 | rec: 0.1233 | id: 0.1117 | lpips: 0.1532 | lpips weighted: 0.0153 | lpips weight: 0.1000 | cls: 0.0000 | elapsed: 02:35:22 | eta: 00:49:36 | gpu: 0.8/9.3 GB
2026-07-19 15:34:15 | INFO | cm_purifier.train | Step: 38000/50000 | 76.00% | lr: 0.000100 | Training loss is 0.2611 | distill: 0.0012 | rec: 0.1261 | id: 0.1187 | lpips: 0.1507 | lpips weighted: 0.0151 | lpips weight: 0.1000 | cls: 0.0000 | elapsed: 02:35:43 | eta: 00:49:10 | gpu: 0.8/9.3 GB
2026-07-19 15:34:37 | INFO | cm_purifier.train | Step: 38100/50000 | 76.20% | lr: 0.000100 | Training loss is 0.2567 | distill: 0.0016 | rec: 0.1222 | id: 0.1180 | lpips: 0.1485 | lpips weighted: 0.0148 | lpips weight: 0.1000 | cls: 0.0000 | elapsed: 02:36:04 | eta: 00:48:44 | gpu: 0.8/9.3 GB
2026-07-19 15:34:58 | INFO | cm_purifier.train | Step: 38200/50000 | 76.40% | lr: 0.000100 | Training loss is 0.2770 | distill: 0.0015 | rec: 0.1291 | id: 0.1301 | lpips: 0.1621 | lpips weighted: 0.0162 | lpips weight: 0.1000 | cls: 0.0000 | elapsed: 02:36:26 | eta: 00:48:19 | gpu: 0.8/9.3 GB
2026-07-19 15:35:19 | INFO | cm_purifier.train | Step: 38300/50000 | 76.60% | lr: 0.000100 | Training loss is 0.2555 | distill: 0.0013 | rec: 0.1213 | id: 0.1178 | lpips: 0.1496 | lpips weighted: 0.0150 | lpips weight: 0.1000 | cls: 0.0000 | elapsed: 02:36:47 | eta: 00:47:53 | gpu: 0.8/9.3 GB
2026-07-19 15:35:41 | INFO | cm_purifier.train | Step: 38400/50000 | 76.80% | lr: 0.000100 | Training loss is 0.2757 | distill: 0.0012 | rec: 0.1288 | id: 0.1295 | lpips: 0.1622 | lpips weighted: 0.0162 | lpips weight: 0.1000 | cls: 0.0000 | elapsed: 02:37:09 | eta: 00:47:28 | gpu: 0.8/9.3 GB
2026-07-19 15:36:02 | INFO | cm_purifier.train | Step: 38500/50000 | 77.00% | lr: 0.000100 | Training loss is 0.2433 | distill: 0.0015 | rec: 0.1229 | id: 0.1039 | lpips: 0.1502 | lpips weighted: 0.0150 | lpips weight: 0.1000 | cls: 0.0000 | elapsed: 02:37:30 | eta: 00:47:02 | gpu: 0.8/9.3 GB
2026-07-19 15:36:23 | INFO | cm_purifier.train | Step: 38600/50000 | 77.20% | lr: 0.000100 | Training loss is 0.2585 | distill: 0.0013 | rec: 0.1289 | id: 0.1121 | lpips: 0.1624 | lpips weighted: 0.0162 | lpips weight: 0.1000 | cls: 0.0000 | elapsed: 02:37:51 | eta: 00:46:37 | gpu: 0.8/9.3 GB
2026-07-19 15:36:45 | INFO | cm_purifier.train | Step: 38700/50000 | 77.40% | lr: 0.000100 | Training loss is 0.2659 | distill: 0.0014 | rec: 0.1307 | id: 0.1179 | lpips: 0.1589 | lpips weighted: 0.0159 | lpips weight: 0.1000 | cls: 0.0000 | elapsed: 02:38:13 | eta: 00:46:11 | gpu: 0.8/9.3 GB
2026-07-19 15:37:06 | INFO | cm_purifier.train | Step: 38800/50000 | 77.60% | lr: 0.000100 | Training loss is 0.2746 | distill: 0.0017 | rec: 0.1296 | id: 0.1272 | lpips: 0.1611 | lpips weighted: 0.0161 | lpips weight: 0.1000 | cls: 0.0000 | elapsed: 02:38:34 | eta: 00:45:46 | gpu: 0.8/9.3 GB
2026-07-19 15:37:28 | INFO | cm_purifier.train | Step: 38900/50000 | 77.80% | lr: 0.000100 | Training loss is 0.2595 | distill: 0.0013 | rec: 0.1185 | id: 0.1252 | lpips: 0.1451 | lpips weighted: 0.0145 | lpips weight: 0.1000 | cls: 0.0000 | elapsed: 02:38:56 | eta: 00:45:21 | gpu: 0.8/9.3 GB
2026-07-19 15:37:49 | INFO | cm_purifier.train | Step: 39000/50000 | 78.00% | lr: 0.000100 | Training loss is 0.2678 | distill: 0.0018 | rec: 0.1263 | id: 0.1242 | lpips: 0.1564 | lpips weighted: 0.0156 | lpips weight: 0.1000 | cls: 0.0000 | elapsed: 02:39:17 | eta: 00:44:55 | gpu: 0.8/9.3 GB
2026-07-19 15:38:11 | INFO | cm_purifier.train | Step: 39100/50000 | 78.20% | lr: 0.000100 | Training loss is 0.2590 | distill: 0.0015 | rec: 0.1240 | id: 0.1182 | lpips: 0.1531 | lpips weighted: 0.0153 | lpips weight: 0.1000 | cls: 0.0000 | elapsed: 02:39:39 | eta: 00:44:30 | gpu: 0.8/9.3 GB
2026-07-19 15:38:32 | INFO | cm_purifier.train | Step: 39200/50000 | 78.40% | lr: 0.000100 | Training loss is 0.2553 | distill: 0.0015 | rec: 0.1234 | id: 0.1158 | lpips: 0.1469 | lpips weighted: 0.0147 | lpips weight: 0.1000 | cls: 0.0000 | elapsed: 02:40:00 | eta: 00:44:05 | gpu: 0.8/9.3 GB
2026-07-19 15:38:53 | INFO | cm_purifier.train | Step: 39300/50000 | 78.60% | lr: 0.000100 | Training loss is 0.2579 | distill: 0.0014 | rec: 0.1250 | id: 0.1155 | lpips: 0.1610 | lpips weighted: 0.0161 | lpips weight: 0.1000 | cls: 0.0000 | elapsed: 02:40:21 | eta: 00:43:39 | gpu: 0.8/9.3 GB
2026-07-19 15:39:15 | INFO | cm_purifier.train | Step: 39400/50000 | 78.80% | lr: 0.000100 | Training loss is 0.2675 | distill: 0.0013 | rec: 0.1241 | id: 0.1265 | lpips: 0.1558 | lpips weighted: 0.0156 | lpips weight: 0.1000 | cls: 0.0000 | elapsed: 02:40:43 | eta: 00:43:14 | gpu: 0.8/9.3 GB
2026-07-19 15:39:36 | INFO | cm_purifier.train | Step: 39500/50000 | 79.00% | lr: 0.000100 | Training loss is 0.2512 | distill: 0.0011 | rec: 0.1184 | id: 0.1162 | lpips: 0.1552 | lpips weighted: 0.0155 | lpips weight: 0.1000 | cls: 0.0000 | elapsed: 02:41:04 | eta: 00:42:49 | gpu: 0.8/9.3 GB
2026-07-19 15:39:58 | INFO | cm_purifier.train | Step: 39600/50000 | 79.20% | lr: 0.000100 | Training loss is 0.2714 | distill: 0.0014 | rec: 0.1276 | id: 0.1269 | lpips: 0.1551 | lpips weighted: 0.0155 | lpips weight: 0.1000 | cls: 0.0000 | elapsed: 02:41:26 | eta: 00:42:23 | gpu: 0.8/9.3 GB
2026-07-19 15:40:19 | INFO | cm_purifier.train | Step: 39700/50000 | 79.40% | lr: 0.000100 | Training loss is 0.2335 | distill: 0.0013 | rec: 0.1096 | id: 0.1090 | lpips: 0.1359 | lpips weighted: 0.0136 | lpips weight: 0.1000 | cls: 0.0000 | elapsed: 02:41:47 | eta: 00:41:58 | gpu: 0.8/9.3 GB
2026-07-19 15:40:41 | INFO | cm_purifier.train | Step: 39800/50000 | 79.60% | lr: 0.000100 | Training loss is 0.2699 | distill: 0.0015 | rec: 0.1294 | id: 0.1222 | lpips: 0.1676 | lpips weighted: 0.0168 | lpips weight: 0.1000 | cls: 0.0000 | elapsed: 02:42:09 | eta: 00:41:33 | gpu: 0.8/9.3 GB
2026-07-19 15:41:55 | INFO | cm_purifier.train | Step: 39900/50000 | 79.80% | lr: 0.000100 | Training loss is 0.2675 | distill: 0.0014 | rec: 0.1299 | id: 0.1209 | lpips: 0.1529 | lpips weighted: 0.0153 | lpips weight: 0.1000 | cls: 0.0000 | elapsed: 02:43:22 | eta: 00:41:21 | gpu: 0.8/9.3 GB
2026-07-19 15:42:15 | INFO | cm_purifier.train | Step: 40000/50000 | 80.00% | lr: 0.000100 | Training loss is 0.2356 | distill: 0.0014 | rec: 0.1184 | id: 0.1013 | lpips: 0.1450 | lpips weighted: 0.0145 | lpips weight: 0.1000 | cls: 0.0000 | elapsed: 02:43:43 | eta: 00:40:55 | gpu: 0.8/9.3 GB
2026-07-19 15:43:06 | INFO | cm_purifier.train | Saved checkpoint to /media02/ndthuc03/cm-purify-targeted-poisoning/consistency_model/checkpoints/cm_purifier_lpips.pth at step 40000
2026-07-19 15:43:27 | INFO | cm_purifier.train | Step: 40100/50000 | 80.20% | lr: 0.000100 | Training loss is 0.2404 | distill: 0.0013 | rec: 0.1152 | id: 0.1100 | lpips: 0.1392 | lpips weighted: 0.0139 | lpips weight: 0.1000 | cls: 0.0000 | elapsed: 02:44:55 | eta: 00:40:42 | gpu: 0.8/9.3 GB
2026-07-19 15:43:47 | INFO | cm_purifier.train | Step: 40200/50000 | 80.40% | lr: 0.000100 | Training loss is 0.2482 | distill: 0.0015 | rec: 0.1254 | id: 0.1053 | lpips: 0.1599 | lpips weighted: 0.0160 | lpips weight: 0.1000 | cls: 0.0000 | elapsed: 02:45:15 | eta: 00:40:17 | gpu: 0.8/9.3 GB
2026-07-19 15:44:08 | INFO | cm_purifier.train | Step: 40300/50000 | 80.60% | lr: 0.000100 | Training loss is 0.2393 | distill: 0.0012 | rec: 0.1220 | id: 0.1017 | lpips: 0.1438 | lpips weighted: 0.0144 | lpips weight: 0.1000 | cls: 0.0000 | elapsed: 02:45:36 | eta: 00:39:51 | gpu: 0.8/9.3 GB
2026-07-19 15:44:29 | INFO | cm_purifier.train | Step: 40400/50000 | 80.80% | lr: 0.000100 | Training loss is 0.2329 | distill: 0.0016 | rec: 0.1161 | id: 0.1014 | lpips: 0.1376 | lpips weighted: 0.0138 | lpips weight: 0.1000 | cls: 0.0000 | elapsed: 02:45:57 | eta: 00:39:26 | gpu: 0.8/9.3 GB
2026-07-19 15:44:50 | INFO | cm_purifier.train | Step: 40500/50000 | 81.00% | lr: 0.000100 | Training loss is 0.2750 | distill: 0.0016 | rec: 0.1310 | id: 0.1261 | lpips: 0.1635 | lpips weighted: 0.0164 | lpips weight: 0.1000 | cls: 0.0000 | elapsed: 02:46:18 | eta: 00:39:00 | gpu: 0.8/9.3 GB
2026-07-19 15:45:11 | INFO | cm_purifier.train | Step: 40600/50000 | 81.20% | lr: 0.000100 | Training loss is 0.2491 | distill: 0.0015 | rec: 0.1266 | id: 0.1053 | lpips: 0.1571 | lpips weighted: 0.0157 | lpips weight: 0.1000 | cls: 0.0000 | elapsed: 02:46:39 | eta: 00:38:35 | gpu: 0.8/9.3 GB
2026-07-19 15:45:32 | INFO | cm_purifier.train | Step: 40700/50000 | 81.40% | lr: 0.000100 | Training loss is 0.2439 | distill: 0.0014 | rec: 0.1160 | id: 0.1131 | lpips: 0.1340 | lpips weighted: 0.0134 | lpips weight: 0.1000 | cls: 0.0000 | elapsed: 02:47:00 | eta: 00:38:09 | gpu: 0.8/9.3 GB
2026-07-19 15:45:53 | INFO | cm_purifier.train | Step: 40800/50000 | 81.60% | lr: 0.000100 | Training loss is 0.2654 | distill: 0.0015 | rec: 0.1272 | id: 0.1205 | lpips: 0.1611 | lpips weighted: 0.0161 | lpips weight: 0.1000 | cls: 0.0000 | elapsed: 02:47:21 | eta: 00:37:44 | gpu: 0.8/9.3 GB
2026-07-19 15:46:14 | INFO | cm_purifier.train | Step: 40900/50000 | 81.80% | lr: 0.000100 | Training loss is 0.2359 | distill: 0.0013 | rec: 0.1200 | id: 0.0995 | lpips: 0.1517 | lpips weighted: 0.0152 | lpips weight: 0.1000 | cls: 0.0000 | elapsed: 02:47:42 | eta: 00:37:18 | gpu: 0.8/9.3 GB
2026-07-19 15:46:36 | INFO | cm_purifier.train | Step: 41000/50000 | 82.00% | lr: 0.000100 | Training loss is 0.2692 | distill: 0.0015 | rec: 0.1305 | id: 0.1199 | lpips: 0.1737 | lpips weighted: 0.0174 | lpips weight: 0.1000 | cls: 0.0000 | elapsed: 02:48:03 | eta: 00:36:53 | gpu: 0.8/9.3 GB
2026-07-19 15:46:57 | INFO | cm_purifier.train | Step: 41100/50000 | 82.20% | lr: 0.000100 | Training loss is 0.2304 | distill: 0.0010 | rec: 0.1160 | id: 0.0986 | lpips: 0.1477 | lpips weighted: 0.0148 | lpips weight: 0.1000 | cls: 0.0000 | elapsed: 02:48:24 | eta: 00:36:28 | gpu: 0.8/9.3 GB
2026-07-19 15:47:18 | INFO | cm_purifier.train | Step: 41200/50000 | 82.40% | lr: 0.000100 | Training loss is 0.2394 | distill: 0.0014 | rec: 0.1100 | id: 0.1145 | lpips: 0.1351 | lpips weighted: 0.0135 | lpips weight: 0.1000 | cls: 0.0000 | elapsed: 02:48:46 | eta: 00:36:02 | gpu: 0.8/9.3 GB
2026-07-19 15:47:39 | INFO | cm_purifier.train | Step: 41300/50000 | 82.60% | lr: 0.000100 | Training loss is 0.2391 | distill: 0.0013 | rec: 0.1195 | id: 0.1042 | lpips: 0.1420 | lpips weighted: 0.0142 | lpips weight: 0.1000 | cls: 0.0000 | elapsed: 02:49:07 | eta: 00:35:37 | gpu: 0.8/9.3 GB
2026-07-19 15:48:00 | INFO | cm_purifier.train | Step: 41400/50000 | 82.80% | lr: 0.000100 | Training loss is 0.2476 | distill: 0.0012 | rec: 0.1210 | id: 0.1098 | lpips: 0.1552 | lpips weighted: 0.0155 | lpips weight: 0.1000 | cls: 0.0000 | elapsed: 02:49:28 | eta: 00:35:12 | gpu: 0.8/9.3 GB
2026-07-19 15:48:22 | INFO | cm_purifier.train | Step: 41500/50000 | 83.00% | lr: 0.000100 | Training loss is 0.2636 | distill: 0.0014 | rec: 0.1335 | id: 0.1120 | lpips: 0.1670 | lpips weighted: 0.0167 | lpips weight: 0.1000 | cls: 0.0000 | elapsed: 02:49:50 | eta: 00:34:47 | gpu: 0.8/9.3 GB
2026-07-19 15:48:43 | INFO | cm_purifier.train | Step: 41600/50000 | 83.20% | lr: 0.000100 | Training loss is 0.2711 | distill: 0.0013 | rec: 0.1222 | id: 0.1319 | lpips: 0.1567 | lpips weighted: 0.0157 | lpips weight: 0.1000 | cls: 0.0000 | elapsed: 02:50:11 | eta: 00:34:21 | gpu: 0.8/9.3 GB
2026-07-19 15:49:05 | INFO | cm_purifier.train | Step: 41700/50000 | 83.40% | lr: 0.000100 | Training loss is 0.2550 | distill: 0.0012 | rec: 0.1165 | id: 0.1223 | lpips: 0.1503 | lpips weighted: 0.0150 | lpips weight: 0.1000 | cls: 0.0000 | elapsed: 02:50:32 | eta: 00:33:56 | gpu: 0.8/9.3 GB
2026-07-19 15:49:26 | INFO | cm_purifier.train | Step: 41800/50000 | 83.60% | lr: 0.000100 | Training loss is 0.2310 | distill: 0.0013 | rec: 0.1148 | id: 0.1006 | lpips: 0.1424 | lpips weighted: 0.0142 | lpips weight: 0.1000 | cls: 0.0000 | elapsed: 02:50:53 | eta: 00:33:31 | gpu: 0.8/9.3 GB
2026-07-19 15:49:47 | INFO | cm_purifier.train | Step: 41900/50000 | 83.80% | lr: 0.000100 | Training loss is 0.2663 | distill: 0.0015 | rec: 0.1283 | id: 0.1214 | lpips: 0.1521 | lpips weighted: 0.0152 | lpips weight: 0.1000 | cls: 0.0000 | elapsed: 02:51:15 | eta: 00:33:06 | gpu: 0.8/9.3 GB
2026-07-19 15:50:08 | INFO | cm_purifier.train | Step: 42000/50000 | 84.00% | lr: 0.000100 | Training loss is 0.2683 | distill: 0.0015 | rec: 0.1290 | id: 0.1220 | lpips: 0.1567 | lpips weighted: 0.0157 | lpips weight: 0.1000 | cls: 0.0000 | elapsed: 02:51:36 | eta: 00:32:41 | gpu: 0.8/9.3 GB
2026-07-19 15:50:30 | INFO | cm_purifier.train | Step: 42100/50000 | 84.20% | lr: 0.000100 | Training loss is 0.2408 | distill: 0.0011 | rec: 0.1199 | id: 0.1053 | lpips: 0.1453 | lpips weighted: 0.0145 | lpips weight: 0.1000 | cls: 0.0000 | elapsed: 02:51:58 | eta: 00:32:16 | gpu: 0.8/9.3 GB
2026-07-19 15:50:52 | INFO | cm_purifier.train | Step: 42200/50000 | 84.40% | lr: 0.000100 | Training loss is 0.2558 | distill: 0.0013 | rec: 0.1248 | id: 0.1149 | lpips: 0.1481 | lpips weighted: 0.0148 | lpips weight: 0.1000 | cls: 0.0000 | elapsed: 02:52:19 | eta: 00:31:51 | gpu: 0.8/9.3 GB
2026-07-19 15:51:13 | INFO | cm_purifier.train | Step: 42300/50000 | 84.60% | lr: 0.000100 | Training loss is 0.2598 | distill: 0.0015 | rec: 0.1230 | id: 0.1201 | lpips: 0.1530 | lpips weighted: 0.0153 | lpips weight: 0.1000 | cls: 0.0000 | elapsed: 02:52:41 | eta: 00:31:26 | gpu: 0.8/9.3 GB
2026-07-19 15:51:35 | INFO | cm_purifier.train | Step: 42400/50000 | 84.80% | lr: 0.000100 | Training loss is 0.2448 | distill: 0.0015 | rec: 0.1217 | id: 0.1069 | lpips: 0.1479 | lpips weighted: 0.0148 | lpips weight: 0.1000 | cls: 0.0000 | elapsed: 02:53:03 | eta: 00:31:01 | gpu: 0.8/9.3 GB
2026-07-19 15:52:05 | INFO | cm_purifier.train | Step: 42500/50000 | 85.00% | lr: 0.000100 | Training loss is 0.2594 | distill: 0.0012 | rec: 0.1249 | id: 0.1177 | lpips: 0.1565 | lpips weighted: 0.0156 | lpips weight: 0.1000 | cls: 0.0000 | elapsed: 02:53:32 | eta: 00:30:37 | gpu: 0.8/9.3 GB
2026-07-19 15:52:26 | INFO | cm_purifier.train | Step: 42600/50000 | 85.20% | lr: 0.000100 | Training loss is 0.2668 | distill: 0.0016 | rec: 0.1260 | id: 0.1239 | lpips: 0.1530 | lpips weighted: 0.0153 | lpips weight: 0.1000 | cls: 0.0000 | elapsed: 02:53:54 | eta: 00:30:12 | gpu: 0.8/9.3 GB
2026-07-19 15:52:47 | INFO | cm_purifier.train | Step: 42700/50000 | 85.40% | lr: 0.000100 | Training loss is 0.2652 | distill: 0.0015 | rec: 0.1290 | id: 0.1194 | lpips: 0.1531 | lpips weighted: 0.0153 | lpips weight: 0.1000 | cls: 0.0000 | elapsed: 02:54:15 | eta: 00:29:47 | gpu: 0.8/9.3 GB
2026-07-19 15:53:08 | INFO | cm_purifier.train | Step: 42800/50000 | 85.60% | lr: 0.000100 | Training loss is 0.2687 | distill: 0.0015 | rec: 0.1292 | id: 0.1209 | lpips: 0.1712 | lpips weighted: 0.0171 | lpips weight: 0.1000 | cls: 0.0000 | elapsed: 02:54:36 | eta: 00:29:22 | gpu: 0.8/9.3 GB
2026-07-19 15:53:30 | INFO | cm_purifier.train | Step: 42900/50000 | 85.80% | lr: 0.000100 | Training loss is 0.2370 | distill: 0.0014 | rec: 0.1186 | id: 0.1026 | lpips: 0.1434 | lpips weighted: 0.0143 | lpips weight: 0.1000 | cls: 0.0000 | elapsed: 02:54:58 | eta: 00:28:57 | gpu: 0.8/9.3 GB
2026-07-19 15:53:51 | INFO | cm_purifier.train | Step: 43000/50000 | 86.00% | lr: 0.000100 | Training loss is 0.2353 | distill: 0.0011 | rec: 0.1176 | id: 0.1025 | lpips: 0.1402 | lpips weighted: 0.0140 | lpips weight: 0.1000 | cls: 0.0000 | elapsed: 02:55:19 | eta: 00:28:32 | gpu: 0.8/9.3 GB
2026-07-19 15:54:13 | INFO | cm_purifier.train | Step: 43100/50000 | 86.20% | lr: 0.000100 | Training loss is 0.2522 | distill: 0.0014 | rec: 0.1265 | id: 0.1082 | lpips: 0.1607 | lpips weighted: 0.0161 | lpips weight: 0.1000 | cls: 0.0000 | elapsed: 02:55:40 | eta: 00:28:07 | gpu: 0.8/9.3 GB
2026-07-19 15:54:34 | INFO | cm_purifier.train | Step: 43200/50000 | 86.40% | lr: 0.000100 | Training loss is 0.2574 | distill: 0.0016 | rec: 0.1277 | id: 0.1128 | lpips: 0.1536 | lpips weighted: 0.0154 | lpips weight: 0.1000 | cls: 0.0000 | elapsed: 02:56:02 | eta: 00:27:42 | gpu: 0.8/9.3 GB
2026-07-19 15:54:55 | INFO | cm_purifier.train | Step: 43300/50000 | 86.60% | lr: 0.000100 | Training loss is 0.2575 | distill: 0.0017 | rec: 0.1247 | id: 0.1158 | lpips: 0.1529 | lpips weighted: 0.0153 | lpips weight: 0.1000 | cls: 0.0000 | elapsed: 02:56:23 | eta: 00:27:17 | gpu: 0.8/9.3 GB
2026-07-19 15:55:17 | INFO | cm_purifier.train | Step: 43400/50000 | 86.80% | lr: 0.000100 | Training loss is 0.2722 | distill: 0.0014 | rec: 0.1281 | id: 0.1267 | lpips: 0.1602 | lpips weighted: 0.0160 | lpips weight: 0.1000 | cls: 0.0000 | elapsed: 02:56:44 | eta: 00:26:52 | gpu: 0.8/9.3 GB
2026-07-19 15:55:38 | INFO | cm_purifier.train | Step: 43500/50000 | 87.00% | lr: 0.000100 | Training loss is 0.2655 | distill: 0.0017 | rec: 0.1294 | id: 0.1185 | lpips: 0.1582 | lpips weighted: 0.0158 | lpips weight: 0.1000 | cls: 0.0000 | elapsed: 02:57:06 | eta: 00:26:27 | gpu: 0.8/9.3 GB
2026-07-19 15:56:00 | INFO | cm_purifier.train | Step: 43600/50000 | 87.20% | lr: 0.000100 | Training loss is 0.2636 | distill: 0.0015 | rec: 0.1230 | id: 0.1244 | lpips: 0.1482 | lpips weighted: 0.0148 | lpips weight: 0.1000 | cls: 0.0000 | elapsed: 02:57:27 | eta: 00:26:03 | gpu: 0.8/9.3 GB
2026-07-19 15:56:21 | INFO | cm_purifier.train | Step: 43700/50000 | 87.40% | lr: 0.000100 | Training loss is 0.2548 | distill: 0.0014 | rec: 0.1236 | id: 0.1150 | lpips: 0.1471 | lpips weighted: 0.0147 | lpips weight: 0.1000 | cls: 0.0000 | elapsed: 02:57:49 | eta: 00:25:38 | gpu: 0.8/9.3 GB
2026-07-19 15:56:43 | INFO | cm_purifier.train | Step: 43800/50000 | 87.60% | lr: 0.000100 | Training loss is 0.2591 | distill: 0.0015 | rec: 0.1219 | id: 0.1207 | lpips: 0.1511 | lpips weighted: 0.0151 | lpips weight: 0.1000 | cls: 0.0000 | elapsed: 02:58:10 | eta: 00:25:13 | gpu: 0.8/9.3 GB
2026-07-19 15:57:04 | INFO | cm_purifier.train | Step: 43900/50000 | 87.80% | lr: 0.000100 | Training loss is 0.2438 | distill: 0.0012 | rec: 0.1171 | id: 0.1113 | lpips: 0.1422 | lpips weighted: 0.0142 | lpips weight: 0.1000 | cls: 0.0000 | elapsed: 02:58:32 | eta: 00:24:48 | gpu: 0.8/9.3 GB
2026-07-19 15:57:25 | INFO | cm_purifier.train | Step: 44000/50000 | 88.00% | lr: 0.000100 | Training loss is 0.2586 | distill: 0.0018 | rec: 0.1269 | id: 0.1140 | lpips: 0.1594 | lpips weighted: 0.0159 | lpips weight: 0.1000 | cls: 0.0000 | elapsed: 02:58:53 | eta: 00:24:23 | gpu: 0.8/9.3 GB
2026-07-19 15:57:47 | INFO | cm_purifier.train | Step: 44100/50000 | 88.20% | lr: 0.000100 | Training loss is 0.2660 | distill: 0.0014 | rec: 0.1264 | id: 0.1227 | lpips: 0.1555 | lpips weighted: 0.0156 | lpips weight: 0.1000 | cls: 0.0000 | elapsed: 02:59:14 | eta: 00:23:58 | gpu: 0.8/9.3 GB
2026-07-19 15:58:08 | INFO | cm_purifier.train | Step: 44200/50000 | 88.40% | lr: 0.000100 | Training loss is 0.2324 | distill: 0.0017 | rec: 0.1210 | id: 0.0942 | lpips: 0.1556 | lpips weighted: 0.0156 | lpips weight: 0.1000 | cls: 0.0000 | elapsed: 02:59:36 | eta: 00:23:34 | gpu: 0.8/9.3 GB
2026-07-19 15:58:29 | INFO | cm_purifier.train | Step: 44300/50000 | 88.60% | lr: 0.000100 | Training loss is 0.2638 | distill: 0.0018 | rec: 0.1243 | id: 0.1226 | lpips: 0.1508 | lpips weighted: 0.0151 | lpips weight: 0.1000 | cls: 0.0000 | elapsed: 02:59:57 | eta: 00:23:09 | gpu: 0.8/9.3 GB
2026-07-19 15:58:51 | INFO | cm_purifier.train | Step: 44400/50000 | 88.80% | lr: 0.000100 | Training loss is 0.2930 | distill: 0.0018 | rec: 0.1317 | id: 0.1425 | lpips: 0.1697 | lpips weighted: 0.0170 | lpips weight: 0.1000 | cls: 0.0000 | elapsed: 03:00:19 | eta: 00:22:44 | gpu: 0.8/9.3 GB
2026-07-19 15:59:13 | INFO | cm_purifier.train | Step: 44500/50000 | 89.00% | lr: 0.000100 | Training loss is 0.2710 | distill: 0.0017 | rec: 0.1323 | id: 0.1203 | lpips: 0.1662 | lpips weighted: 0.0166 | lpips weight: 0.1000 | cls: 0.0000 | elapsed: 03:00:40 | eta: 00:22:19 | gpu: 0.8/9.3 GB
2026-07-19 15:59:34 | INFO | cm_purifier.train | Step: 44600/50000 | 89.20% | lr: 0.000100 | Training loss is 0.2681 | distill: 0.0014 | rec: 0.1283 | id: 0.1229 | lpips: 0.1552 | lpips weighted: 0.0155 | lpips weight: 0.1000 | cls: 0.0000 | elapsed: 03:01:02 | eta: 00:21:55 | gpu: 0.8/9.3 GB
2026-07-19 15:59:56 | INFO | cm_purifier.train | Step: 44700/50000 | 89.40% | lr: 0.000100 | Training loss is 0.2705 | distill: 0.0014 | rec: 0.1354 | id: 0.1176 | lpips: 0.1607 | lpips weighted: 0.0161 | lpips weight: 0.1000 | cls: 0.0000 | elapsed: 03:01:23 | eta: 00:21:30 | gpu: 0.8/9.3 GB
2026-07-19 16:00:17 | INFO | cm_purifier.train | Step: 44800/50000 | 89.60% | lr: 0.000100 | Training loss is 0.2914 | distill: 0.0015 | rec: 0.1337 | id: 0.1394 | lpips: 0.1682 | lpips weighted: 0.0168 | lpips weight: 0.1000 | cls: 0.0000 | elapsed: 03:01:45 | eta: 00:21:05 | gpu: 0.8/9.3 GB
2026-07-19 16:01:24 | INFO | cm_purifier.train | Step: 44900/50000 | 89.80% | lr: 0.000100 | Training loss is 0.2509 | distill: 0.0012 | rec: 0.1169 | id: 0.1184 | lpips: 0.1430 | lpips weighted: 0.0143 | lpips weight: 0.1000 | cls: 0.0000 | elapsed: 03:02:52 | eta: 00:20:46 | gpu: 0.8/9.3 GB
2026-07-19 16:01:45 | INFO | cm_purifier.train | Step: 45000/50000 | 90.00% | lr: 0.000100 | Training loss is 0.2571 | distill: 0.0011 | rec: 0.1201 | id: 0.1207 | lpips: 0.1507 | lpips weighted: 0.0151 | lpips weight: 0.1000 | cls: 0.0000 | elapsed: 03:03:13 | eta: 00:20:21 | gpu: 0.8/9.3 GB
2026-07-19 16:02:36 | INFO | cm_purifier.train | Saved checkpoint to /media02/ndthuc03/cm-purify-targeted-poisoning/consistency_model/checkpoints/cm_purifier_lpips.pth at step 45000
2026-07-19 16:02:56 | INFO | cm_purifier.train | Step: 45100/50000 | 90.20% | lr: 0.000100 | Training loss is 0.2693 | distill: 0.0016 | rec: 0.1322 | id: 0.1190 | lpips: 0.1654 | lpips weighted: 0.0165 | lpips weight: 0.1000 | cls: 0.0000 | elapsed: 03:04:24 | eta: 00:20:02 | gpu: 0.8/9.3 GB
2026-07-19 16:03:17 | INFO | cm_purifier.train | Step: 45200/50000 | 90.40% | lr: 0.000100 | Training loss is 0.2466 | distill: 0.0013 | rec: 0.1169 | id: 0.1148 | lpips: 0.1360 | lpips weighted: 0.0136 | lpips weight: 0.1000 | cls: 0.0000 | elapsed: 03:04:45 | eta: 00:19:37 | gpu: 0.8/9.3 GB
2026-07-19 16:03:38 | INFO | cm_purifier.train | Step: 45300/50000 | 90.60% | lr: 0.000100 | Training loss is 0.2801 | distill: 0.0016 | rec: 0.1301 | id: 0.1324 | lpips: 0.1604 | lpips weighted: 0.0160 | lpips weight: 0.1000 | cls: 0.0000 | elapsed: 03:05:06 | eta: 00:19:12 | gpu: 0.8/9.3 GB
2026-07-19 16:03:59 | INFO | cm_purifier.train | Step: 45400/50000 | 90.80% | lr: 0.000100 | Training loss is 0.2611 | distill: 0.0013 | rec: 0.1262 | id: 0.1172 | lpips: 0.1645 | lpips weighted: 0.0164 | lpips weight: 0.1000 | cls: 0.0000 | elapsed: 03:05:27 | eta: 00:18:47 | gpu: 0.8/9.3 GB
2026-07-19 16:04:20 | INFO | cm_purifier.train | Step: 45500/50000 | 91.00% | lr: 0.000100 | Training loss is 0.2752 | distill: 0.0015 | rec: 0.1316 | id: 0.1258 | lpips: 0.1626 | lpips weighted: 0.0163 | lpips weight: 0.1000 | cls: 0.0000 | elapsed: 03:05:48 | eta: 00:18:22 | gpu: 0.8/9.3 GB
2026-07-19 16:04:44 | INFO | cm_purifier.train | Step: 45600/50000 | 91.20% | lr: 0.000100 | Training loss is 0.2575 | distill: 0.0016 | rec: 0.1255 | id: 0.1154 | lpips: 0.1508 | lpips weighted: 0.0151 | lpips weight: 0.1000 | cls: 0.0000 | elapsed: 03:06:12 | eta: 00:17:58 | gpu: 0.8/9.3 GB
2026-07-19 16:05:26 | INFO | cm_purifier.train | Step: 45700/50000 | 91.40% | lr: 0.000100 | Training loss is 0.2525 | distill: 0.0014 | rec: 0.1238 | id: 0.1123 | lpips: 0.1491 | lpips weighted: 0.0149 | lpips weight: 0.1000 | cls: 0.0000 | elapsed: 03:06:54 | eta: 00:17:35 | gpu: 0.8/9.3 GB
2026-07-19 16:06:08 | INFO | cm_purifier.train | Step: 45800/50000 | 91.60% | lr: 0.000100 | Training loss is 0.2508 | distill: 0.0014 | rec: 0.1237 | id: 0.1110 | lpips: 0.1475 | lpips weighted: 0.0147 | lpips weight: 0.1000 | cls: 0.0000 | elapsed: 03:07:36 | eta: 00:17:12 | gpu: 0.8/9.3 GB
2026-07-19 16:06:41 | INFO | cm_purifier.train | Step: 45900/50000 | 91.80% | lr: 0.000100 | Training loss is 0.2566 | distill: 0.0014 | rec: 0.1233 | id: 0.1168 | lpips: 0.1503 | lpips weighted: 0.0150 | lpips weight: 0.1000 | cls: 0.0000 | elapsed: 03:08:09 | eta: 00:16:48 | gpu: 0.8/9.3 GB
2026-07-19 16:07:07 | INFO | cm_purifier.train | Step: 46000/50000 | 92.00% | lr: 0.000100 | Training loss is 0.2530 | distill: 0.0014 | rec: 0.1236 | id: 0.1124 | lpips: 0.1558 | lpips weighted: 0.0156 | lpips weight: 0.1000 | cls: 0.0000 | elapsed: 03:08:35 | eta: 00:16:23 | gpu: 0.8/9.3 GB
2026-07-19 16:07:42 | INFO | cm_purifier.train | Step: 46100/50000 | 92.20% | lr: 0.000100 | Training loss is 0.2779 | distill: 0.0015 | rec: 0.1271 | id: 0.1338 | lpips: 0.1555 | lpips weighted: 0.0155 | lpips weight: 0.1000 | cls: 0.0000 | elapsed: 03:09:10 | eta: 00:16:00 | gpu: 0.8/9.3 GB
2026-07-19 16:08:16 | INFO | cm_purifier.train | Step: 46200/50000 | 92.40% | lr: 0.000100 | Training loss is 0.2596 | distill: 0.0015 | rec: 0.1285 | id: 0.1146 | lpips: 0.1490 | lpips weighted: 0.0149 | lpips weight: 0.1000 | cls: 0.0000 | elapsed: 03:09:44 | eta: 00:15:36 | gpu: 0.8/9.3 GB
2026-07-19 16:08:55 | INFO | cm_purifier.train | Step: 46300/50000 | 92.60% | lr: 0.000100 | Training loss is 0.2451 | distill: 0.0014 | rec: 0.1205 | id: 0.1087 | lpips: 0.1453 | lpips weighted: 0.0145 | lpips weight: 0.1000 | cls: 0.0000 | elapsed: 03:10:23 | eta: 00:15:12 | gpu: 0.8/9.3 GB
2026-07-19 16:09:40 | INFO | cm_purifier.train | Step: 46400/50000 | 92.80% | lr: 0.000100 | Training loss is 0.2622 | distill: 0.0018 | rec: 0.1238 | id: 0.1214 | lpips: 0.1527 | lpips weighted: 0.0153 | lpips weight: 0.1000 | cls: 0.0000 | elapsed: 03:11:07 | eta: 00:14:49 | gpu: 0.8/9.3 GB
2026-07-19 16:10:28 | INFO | cm_purifier.train | Step: 46500/50000 | 93.00% | lr: 0.000100 | Training loss is 0.2658 | distill: 0.0014 | rec: 0.1279 | id: 0.1193 | lpips: 0.1712 | lpips weighted: 0.0171 | lpips weight: 0.1000 | cls: 0.0000 | elapsed: 03:11:56 | eta: 00:14:26 | gpu: 0.8/9.3 GB
2026-07-19 16:11:00 | INFO | cm_purifier.train | Step: 46600/50000 | 93.20% | lr: 0.000100 | Training loss is 0.2549 | distill: 0.0018 | rec: 0.1251 | id: 0.1123 | lpips: 0.1577 | lpips weighted: 0.0158 | lpips weight: 0.1000 | cls: 0.0000 | elapsed: 03:12:28 | eta: 00:14:02 | gpu: 0.8/9.3 GB
2026-07-19 16:11:26 | INFO | cm_purifier.train | Step: 46700/50000 | 93.40% | lr: 0.000100 | Training loss is 0.2453 | distill: 0.0015 | rec: 0.1187 | id: 0.1102 | lpips: 0.1495 | lpips weighted: 0.0149 | lpips weight: 0.1000 | cls: 0.0000 | elapsed: 03:12:54 | eta: 00:13:37 | gpu: 0.8/9.3 GB
2026-07-19 16:11:47 | INFO | cm_purifier.train | Step: 46800/50000 | 93.60% | lr: 0.000100 | Training loss is 0.2491 | distill: 0.0014 | rec: 0.1154 | id: 0.1190 | lpips: 0.1320 | lpips weighted: 0.0132 | lpips weight: 0.1000 | cls: 0.0000 | elapsed: 03:13:15 | eta: 00:13:12 | gpu: 0.8/9.3 GB
2026-07-19 16:12:09 | INFO | cm_purifier.train | Step: 46900/50000 | 93.80% | lr: 0.000100 | Training loss is 0.2707 | distill: 0.0016 | rec: 0.1249 | id: 0.1278 | lpips: 0.1637 | lpips weighted: 0.0164 | lpips weight: 0.1000 | cls: 0.0000 | elapsed: 03:13:37 | eta: 00:12:47 | gpu: 0.8/9.3 GB
2026-07-19 16:12:30 | INFO | cm_purifier.train | Step: 47000/50000 | 94.00% | lr: 0.000100 | Training loss is 0.2508 | distill: 0.0014 | rec: 0.1287 | id: 0.1050 | lpips: 0.1576 | lpips weighted: 0.0158 | lpips weight: 0.1000 | cls: 0.0000 | elapsed: 03:13:57 | eta: 00:12:22 | gpu: 0.8/9.3 GB
2026-07-19 16:12:52 | INFO | cm_purifier.train | Step: 47100/50000 | 94.20% | lr: 0.000100 | Training loss is 0.2363 | distill: 0.0014 | rec: 0.1211 | id: 0.0992 | lpips: 0.1467 | lpips weighted: 0.0147 | lpips weight: 0.1000 | cls: 0.0000 | elapsed: 03:14:20 | eta: 00:11:57 | gpu: 0.8/9.3 GB
2026-07-19 16:13:13 | INFO | cm_purifier.train | Step: 47200/50000 | 94.40% | lr: 0.000100 | Training loss is 0.2718 | distill: 0.0017 | rec: 0.1335 | id: 0.1202 | lpips: 0.1636 | lpips weighted: 0.0164 | lpips weight: 0.1000 | cls: 0.0000 | elapsed: 03:14:40 | eta: 00:11:32 | gpu: 0.8/9.3 GB
2026-07-19 16:13:35 | INFO | cm_purifier.train | Step: 47300/50000 | 94.60% | lr: 0.000100 | Training loss is 0.2642 | distill: 0.0014 | rec: 0.1201 | id: 0.1277 | lpips: 0.1502 | lpips weighted: 0.0150 | lpips weight: 0.1000 | cls: 0.0000 | elapsed: 03:15:02 | eta: 00:11:08 | gpu: 0.8/9.3 GB
2026-07-19 16:13:56 | INFO | cm_purifier.train | Step: 47400/50000 | 94.80% | lr: 0.000100 | Training loss is 0.2630 | distill: 0.0015 | rec: 0.1247 | id: 0.1220 | lpips: 0.1482 | lpips weighted: 0.0148 | lpips weight: 0.1000 | cls: 0.0000 | elapsed: 03:15:24 | eta: 00:10:43 | gpu: 0.8/9.3 GB
2026-07-19 16:14:17 | INFO | cm_purifier.train | Step: 47500/50000 | 95.00% | lr: 0.000100 | Training loss is 0.2535 | distill: 0.0014 | rec: 0.1221 | id: 0.1146 | lpips: 0.1543 | lpips weighted: 0.0154 | lpips weight: 0.1000 | cls: 0.0000 | elapsed: 03:15:45 | eta: 00:10:18 | gpu: 0.8/9.3 GB
2026-07-19 16:14:39 | INFO | cm_purifier.train | Step: 47600/50000 | 95.20% | lr: 0.000100 | Training loss is 0.2785 | distill: 0.0016 | rec: 0.1369 | id: 0.1227 | lpips: 0.1730 | lpips weighted: 0.0173 | lpips weight: 0.1000 | cls: 0.0000 | elapsed: 03:16:07 | eta: 00:09:53 | gpu: 0.8/9.3 GB
2026-07-19 16:15:00 | INFO | cm_purifier.train | Step: 47700/50000 | 95.40% | lr: 0.000100 | Training loss is 0.2527 | distill: 0.0014 | rec: 0.1206 | id: 0.1149 | lpips: 0.1569 | lpips weighted: 0.0157 | lpips weight: 0.1000 | cls: 0.0000 | elapsed: 03:16:28 | eta: 00:09:28 | gpu: 0.8/9.3 GB
2026-07-19 16:15:23 | INFO | cm_purifier.train | Step: 47800/50000 | 95.60% | lr: 0.000100 | Training loss is 0.2445 | distill: 0.0015 | rec: 0.1172 | id: 0.1120 | lpips: 0.1376 | lpips weighted: 0.0138 | lpips weight: 0.1000 | cls: 0.0000 | elapsed: 03:16:51 | eta: 00:09:03 | gpu: 0.8/9.3 GB
2026-07-19 16:15:44 | INFO | cm_purifier.train | Step: 47900/50000 | 95.80% | lr: 0.000100 | Training loss is 0.2303 | distill: 0.0013 | rec: 0.1080 | id: 0.1081 | lpips: 0.1293 | lpips weighted: 0.0129 | lpips weight: 0.1000 | cls: 0.0000 | elapsed: 03:17:12 | eta: 00:08:38 | gpu: 0.8/9.3 GB
2026-07-19 16:16:06 | INFO | cm_purifier.train | Step: 48000/50000 | 96.00% | lr: 0.000100 | Training loss is 0.2469 | distill: 0.0012 | rec: 0.1194 | id: 0.1104 | lpips: 0.1584 | lpips weighted: 0.0158 | lpips weight: 0.1000 | cls: 0.0000 | elapsed: 03:17:34 | eta: 00:08:13 | gpu: 0.8/9.3 GB
2026-07-19 16:16:27 | INFO | cm_purifier.train | Step: 48100/50000 | 96.20% | lr: 0.000100 | Training loss is 0.2636 | distill: 0.0015 | rec: 0.1327 | id: 0.1134 | lpips: 0.1593 | lpips weighted: 0.0159 | lpips weight: 0.1000 | cls: 0.0000 | elapsed: 03:17:55 | eta: 00:07:49 | gpu: 0.8/9.3 GB
2026-07-19 16:16:49 | INFO | cm_purifier.train | Step: 48200/50000 | 96.40% | lr: 0.000100 | Training loss is 0.2778 | distill: 0.0017 | rec: 0.1268 | id: 0.1336 | lpips: 0.1570 | lpips weighted: 0.0157 | lpips weight: 0.1000 | cls: 0.0000 | elapsed: 03:18:16 | eta: 00:07:24 | gpu: 0.8/9.3 GB
2026-07-19 16:17:11 | INFO | cm_purifier.train | Step: 48300/50000 | 96.60% | lr: 0.000100 | Training loss is 0.2481 | distill: 0.0017 | rec: 0.1235 | id: 0.1077 | lpips: 0.1513 | lpips weighted: 0.0151 | lpips weight: 0.1000 | cls: 0.0000 | elapsed: 03:18:39 | eta: 00:06:59 | gpu: 0.8/9.3 GB
2026-07-19 16:17:32 | INFO | cm_purifier.train | Step: 48400/50000 | 96.80% | lr: 0.000100 | Training loss is 0.2616 | distill: 0.0013 | rec: 0.1231 | id: 0.1216 | lpips: 0.1571 | lpips weighted: 0.0157 | lpips weight: 0.1000 | cls: 0.0000 | elapsed: 03:19:00 | eta: 00:06:34 | gpu: 0.8/9.3 GB
2026-07-19 16:17:54 | INFO | cm_purifier.train | Step: 48500/50000 | 97.00% | lr: 0.000100 | Training loss is 0.2578 | distill: 0.0019 | rec: 0.1209 | id: 0.1202 | lpips: 0.1475 | lpips weighted: 0.0147 | lpips weight: 0.1000 | cls: 0.0000 | elapsed: 03:19:21 | eta: 00:06:09 | gpu: 0.8/9.3 GB
2026-07-19 16:18:15 | INFO | cm_purifier.train | Step: 48600/50000 | 97.20% | lr: 0.000100 | Training loss is 0.2405 | distill: 0.0014 | rec: 0.1176 | id: 0.1074 | lpips: 0.1413 | lpips weighted: 0.0141 | lpips weight: 0.1000 | cls: 0.0000 | elapsed: 03:19:43 | eta: 00:05:45 | gpu: 0.8/9.3 GB
2026-07-19 16:18:36 | INFO | cm_purifier.train | Step: 48700/50000 | 97.40% | lr: 0.000100 | Training loss is 0.2710 | distill: 0.0017 | rec: 0.1313 | id: 0.1217 | lpips: 0.1625 | lpips weighted: 0.0162 | lpips weight: 0.1000 | cls: 0.0000 | elapsed: 03:20:04 | eta: 00:05:20 | gpu: 0.8/9.3 GB
2026-07-19 16:18:57 | INFO | cm_purifier.train | Step: 48800/50000 | 97.60% | lr: 0.000100 | Training loss is 0.2619 | distill: 0.0019 | rec: 0.1309 | id: 0.1138 | lpips: 0.1529 | lpips weighted: 0.0153 | lpips weight: 0.1000 | cls: 0.0000 | elapsed: 03:20:25 | eta: 00:04:55 | gpu: 0.8/9.3 GB
2026-07-19 16:19:19 | INFO | cm_purifier.train | Step: 48900/50000 | 97.80% | lr: 0.000100 | Training loss is 0.2530 | distill: 0.0015 | rec: 0.1220 | id: 0.1147 | lpips: 0.1485 | lpips weighted: 0.0148 | lpips weight: 0.1000 | cls: 0.0000 | elapsed: 03:20:47 | eta: 00:04:30 | gpu: 0.8/9.3 GB
2026-07-19 16:19:41 | INFO | cm_purifier.train | Step: 49000/50000 | 98.00% | lr: 0.000100 | Training loss is 0.2563 | distill: 0.0015 | rec: 0.1219 | id: 0.1185 | lpips: 0.1428 | lpips weighted: 0.0143 | lpips weight: 0.1000 | cls: 0.0000 | elapsed: 03:21:08 | eta: 00:04:06 | gpu: 0.8/9.3 GB
2026-07-19 16:20:02 | INFO | cm_purifier.train | Step: 49100/50000 | 98.20% | lr: 0.000100 | Training loss is 0.2597 | distill: 0.0017 | rec: 0.1262 | id: 0.1173 | lpips: 0.1454 | lpips weighted: 0.0145 | lpips weight: 0.1000 | cls: 0.0000 | elapsed: 03:21:30 | eta: 00:03:41 | gpu: 0.8/9.3 GB
2026-07-19 16:20:23 | INFO | cm_purifier.train | Step: 49200/50000 | 98.40% | lr: 0.000100 | Training loss is 0.2732 | distill: 0.0016 | rec: 0.1314 | id: 0.1249 | lpips: 0.1527 | lpips weighted: 0.0153 | lpips weight: 0.1000 | cls: 0.0000 | elapsed: 03:21:51 | eta: 00:03:16 | gpu: 0.8/9.3 GB
2026-07-19 16:20:45 | INFO | cm_purifier.train | Step: 49300/50000 | 98.60% | lr: 0.000100 | Training loss is 0.2599 | distill: 0.0014 | rec: 0.1251 | id: 0.1182 | lpips: 0.1519 | lpips weighted: 0.0152 | lpips weight: 0.1000 | cls: 0.0000 | elapsed: 03:22:13 | eta: 00:02:52 | gpu: 0.8/9.3 GB
2026-07-19 16:21:06 | INFO | cm_purifier.train | Step: 49400/50000 | 98.80% | lr: 0.000100 | Training loss is 0.2534 | distill: 0.0021 | rec: 0.1288 | id: 0.1065 | lpips: 0.1604 | lpips weighted: 0.0160 | lpips weight: 0.1000 | cls: 0.0000 | elapsed: 03:22:34 | eta: 00:02:27 | gpu: 0.8/9.3 GB
2026-07-19 16:21:28 | INFO | cm_purifier.train | Step: 49500/50000 | 99.00% | lr: 0.000100 | Training loss is 0.2595 | distill: 0.0013 | rec: 0.1278 | id: 0.1134 | lpips: 0.1701 | lpips weighted: 0.0170 | lpips weight: 0.1000 | cls: 0.0000 | elapsed: 03:22:56 | eta: 00:02:02 | gpu: 0.8/9.3 GB
2026-07-19 16:21:49 | INFO | cm_purifier.train | Step: 49600/50000 | 99.20% | lr: 0.000100 | Training loss is 0.2908 | distill: 0.0018 | rec: 0.1312 | id: 0.1426 | lpips: 0.1527 | lpips weighted: 0.0153 | lpips weight: 0.1000 | cls: 0.0000 | elapsed: 03:23:17 | eta: 00:01:38 | gpu: 0.8/9.3 GB
2026-07-19 16:22:11 | INFO | cm_purifier.train | Step: 49700/50000 | 99.40% | lr: 0.000100 | Training loss is 0.2518 | distill: 0.0014 | rec: 0.1184 | id: 0.1171 | lpips: 0.1484 | lpips weighted: 0.0148 | lpips weight: 0.1000 | cls: 0.0000 | elapsed: 03:23:39 | eta: 00:01:13 | gpu: 0.8/9.3 GB
2026-07-19 16:22:32 | INFO | cm_purifier.train | Step: 49800/50000 | 99.60% | lr: 0.000100 | Training loss is 0.2407 | distill: 0.0012 | rec: 0.1149 | id: 0.1108 | lpips: 0.1377 | lpips weighted: 0.0138 | lpips weight: 0.1000 | cls: 0.0000 | elapsed: 03:24:00 | eta: 00:00:49 | gpu: 0.8/9.3 GB
2026-07-19 16:24:27 | INFO | cm_purifier.train | Step: 49900/50000 | 99.80% | lr: 0.000100 | Training loss is 0.2527 | distill: 0.0013 | rec: 0.1271 | id: 0.1079 | lpips: 0.1641 | lpips weighted: 0.0164 | lpips weight: 0.1000 | cls: 0.0000 | elapsed: 03:25:55 | eta: 00:00:24 | gpu: 0.8/9.3 GB
2026-07-19 16:25:20 | INFO | cm_purifier.train | Step: 50000/50000 | 100.00% | lr: 0.000100 | Training loss is 0.2417 | distill: 0.0014 | rec: 0.1204 | id: 0.1048 | lpips: 0.1505 | lpips weighted: 0.0150 | lpips weight: 0.1000 | cls: 0.0000 | elapsed: 03:26:48 | eta: 00:00:00 | gpu: 0.8/9.3 GB
2026-07-19 16:26:11 | INFO | cm_purifier.train | Saved checkpoint to /media02/ndthuc03/cm-purify-targeted-poisoning/consistency_model/checkpoints/cm_purifier_lpips.pth at step 50000
2026-07-19 16:26:11 | INFO | cm_purifier.train | ========================================================================
2026-07-19 16:26:11 | INFO | cm_purifier.train | 4. SAVING FINAL CHECKPOINT...
2026-07-19 16:26:11 | INFO | cm_purifier.train | ========================================================================
2026-07-19 16:27:02 | INFO | cm_purifier.train | ========================================================================
2026-07-19 16:27:02 | INFO | cm_purifier.train | Training complete
2026-07-19 16:27:02 | INFO | cm_purifier.train | ========================================================================
2026-07-19 16:27:02 | INFO | cm_purifier.train | Finished training at step 50000
2026-07-19 16:27:02 | INFO | cm_purifier.train | Final checkpoint saved to /media02/ndthuc03/cm-purify-targeted-poisoning/consistency_model/checkpoints/cm_purifier_lpips.pth
==============================
2.1. RUNNING BENCHMARK AT T_STAR=50 IN SAME JOB...
Output run ID: t_star_050
==============================
2026-07-19 16:27:08 | INFO | benchmark.run | ================================================================================
2026-07-19 16:27:08 | INFO | benchmark.run | 1. DISCOVERING BENCHMARK CASES...
2026-07-19 16:27:08 | INFO | benchmark.run | ================================================================================
2026-07-19 16:27:08 | INFO | benchmark.run | Repository: /media02/ndthuc03/cm-purify-targeted-poisoning
2026-07-19 16:27:08 | INFO | benchmark.run | Run root: /media02/ndthuc03/cm-purify-targeted-poisoning/benchmark/outputs/slurm_73988/t_star_050
2026-07-19 16:27:08 | INFO | benchmark.run | Case summary: {'total': 30, 'WB': 10, 'BP': 20, 'names': ['BP_c0_g0', 'BP_c0_g1', 'BP_c1_g0', 'BP_c1_g1', 'BP_c2_g0', 'BP_c2_g1', 'BP_c3_g0', 'BP_c3_g1', 'BP_c4_g0', 'BP_c4_g1', 'BP_c5_g0', 'BP_c5_g1', 'BP_c6_g0', 'BP_c6_g1', 'BP_c7_g0', 'BP_c7_g1', 'BP_c8_g0', 'BP_c8_g1', 'BP_c9_g0', 'BP_c9_g1', 'WB_c0', 'WB_c1', 'WB_c2', 'WB_c3', 'WB_c4', 'WB_c5', 'WB_c6', 'WB_c7', 'WB_c8', 'WB_c9']}
2026-07-19 16:27:08 | INFO | benchmark.run | ================================================================================
2026-07-19 16:27:08 | INFO | benchmark.run | 2. LOADING CM PURIFIER...
2026-07-19 16:27:08 | INFO | benchmark.run | ================================================================================
2026-07-19 16:28:07 | INFO | benchmark.run | Loaded purifier on cuda | t_star=50 | alpha=0.984861 | sigma=0.173346 | snr=32.279344 | noise seed=2026
2026-07-19 16:28:07 | INFO | benchmark.run | ================================================================================
2026-07-19 16:28:07 | INFO | benchmark.run | CASE 1/30: BP_c0_g0 (BP)
2026-07-19 16:28:07 | INFO | benchmark.run | ================================================================================
2026-07-19 16:29:55 | INFO | benchmark.run | Materialized BP poisoned train | Images: 10000/50000 | 20.00% | 131.27 img/s | elapsed: 00:01:16 | eta: 00:05:04 | gpu: cpu
2026-07-19 16:31:03 | INFO | benchmark.run | Materialized BP poisoned train | Images: 20000/50000 | 40.00% | 138.57 img/s | elapsed: 00:02:24 | eta: 00:03:36 | gpu: cpu
2026-07-19 16:32:09 | INFO | benchmark.run | Materialized BP poisoned train | Images: 30000/50000 | 60.00% | 142.75 img/s | elapsed: 00:03:30 | eta: 00:02:20 | gpu: cpu
2026-07-19 16:33:15 | INFO | benchmark.run | Materialized BP poisoned train | Images: 40000/50000 | 80.00% | 144.68 img/s | elapsed: 00:04:36 | eta: 00:01:09 | gpu: cpu
2026-07-19 16:34:30 | INFO | benchmark.run | Materialized BP poisoned train | Images: 50000/50000 | 100.00% | 142.47 img/s | elapsed: 00:05:50 | eta: 00:00:00 | gpu: cpu
2026-07-19 16:34:42 | INFO | benchmark.run | Purified full train | Images: 1024/50000 | 2.05% | 108.70 img/s | elapsed: 00:00:09 | eta: 00:07:30 | gpu: 0.2/1.6 GB
2026-07-19 16:34:51 | INFO | benchmark.run | Purified full train | Images: 2048/50000 | 4.10% | 110.16 img/s | elapsed: 00:00:18 | eta: 00:07:15 | gpu: 0.2/1.6 GB
2026-07-19 16:35:01 | INFO | benchmark.run | Purified full train | Images: 3072/50000 | 6.14% | 110.32 img/s | elapsed: 00:00:27 | eta: 00:07:05 | gpu: 0.2/1.6 GB
2026-07-19 16:35:10 | INFO | benchmark.run | Purified full train | Images: 4096/50000 | 8.19% | 111.10 img/s | elapsed: 00:00:36 | eta: 00:06:53 | gpu: 0.2/1.6 GB
2026-07-19 16:35:19 | INFO | benchmark.run | Purified full train | Images: 5120/50000 | 10.24% | 111.30 img/s | elapsed: 00:00:46 | eta: 00:06:43 | gpu: 0.2/1.6 GB
2026-07-19 16:35:28 | INFO | benchmark.run | Purified full train | Images: 6144/50000 | 12.29% | 112.05 img/s | elapsed: 00:00:54 | eta: 00:06:31 | gpu: 0.2/1.6 GB
2026-07-19 16:35:36 | INFO | benchmark.run | Purified full train | Images: 7168/50000 | 14.34% | 112.67 img/s | elapsed: 00:01:03 | eta: 00:06:20 | gpu: 0.2/1.6 GB
2026-07-19 16:35:45 | INFO | benchmark.run | Purified full train | Images: 8192/50000 | 16.38% | 113.00 img/s | elapsed: 00:01:12 | eta: 00:06:09 | gpu: 0.2/1.6 GB
2026-07-19 16:35:54 | INFO | benchmark.run | Purified full train | Images: 9216/50000 | 18.43% | 113.39 img/s | elapsed: 00:01:21 | eta: 00:05:59 | gpu: 0.2/1.6 GB
2026-07-19 16:36:03 | INFO | benchmark.run | Purified full train | Images: 10240/50000 | 20.48% | 113.47 img/s | elapsed: 00:01:30 | eta: 00:05:50 | gpu: 0.2/1.6 GB
2026-07-19 16:36:12 | INFO | benchmark.run | Purified full train | Images: 11264/50000 | 22.53% | 113.84 img/s | elapsed: 00:01:38 | eta: 00:05:40 | gpu: 0.2/1.6 GB
2026-07-19 16:36:21 | INFO | benchmark.run | Purified full train | Images: 12288/50000 | 24.58% | 113.88 img/s | elapsed: 00:01:47 | eta: 00:05:31 | gpu: 0.2/1.6 GB
2026-07-19 16:36:30 | INFO | benchmark.run | Purified full train | Images: 13312/50000 | 26.62% | 113.69 img/s | elapsed: 00:01:57 | eta: 00:05:22 | gpu: 0.2/1.6 GB
2026-07-19 16:36:39 | INFO | benchmark.run | Purified full train | Images: 14336/50000 | 28.67% | 113.55 img/s | elapsed: 00:02:06 | eta: 00:05:14 | gpu: 0.2/1.6 GB
2026-07-19 16:36:48 | INFO | benchmark.run | Purified full train | Images: 15360/50000 | 30.72% | 113.46 img/s | elapsed: 00:02:15 | eta: 00:05:05 | gpu: 0.2/1.6 GB
2026-07-19 16:36:57 | INFO | benchmark.run | Purified full train | Images: 16384/50000 | 32.77% | 113.72 img/s | elapsed: 00:02:24 | eta: 00:04:55 | gpu: 0.2/1.6 GB
2026-07-19 16:37:07 | INFO | benchmark.run | Purified full train | Images: 17408/50000 | 34.82% | 113.09 img/s | elapsed: 00:02:33 | eta: 00:04:48 | gpu: 0.2/1.6 GB
2026-07-19 16:37:16 | INFO | benchmark.run | Purified full train | Images: 18432/50000 | 36.86% | 112.98 img/s | elapsed: 00:02:43 | eta: 00:04:39 | gpu: 0.2/1.6 GB
2026-07-19 16:37:25 | INFO | benchmark.run | Purified full train | Images: 19456/50000 | 38.91% | 112.75 img/s | elapsed: 00:02:52 | eta: 00:04:30 | gpu: 0.2/1.6 GB
2026-07-19 16:37:35 | INFO | benchmark.run | Purified full train | Images: 20480/50000 | 40.96% | 112.17 img/s | elapsed: 00:03:02 | eta: 00:04:23 | gpu: 0.2/1.6 GB
2026-07-19 16:37:45 | INFO | benchmark.run | Purified full train | Images: 21504/50000 | 43.01% | 111.67 img/s | elapsed: 00:03:12 | eta: 00:04:15 | gpu: 0.2/1.6 GB
2026-07-19 16:37:55 | INFO | benchmark.run | Purified full train | Images: 22528/50000 | 45.06% | 111.19 img/s | elapsed: 00:03:22 | eta: 00:04:07 | gpu: 0.2/1.6 GB
2026-07-19 16:38:05 | INFO | benchmark.run | Purified full train | Images: 23552/50000 | 47.10% | 110.85 img/s | elapsed: 00:03:32 | eta: 00:03:58 | gpu: 0.2/1.6 GB
2026-07-19 16:38:14 | INFO | benchmark.run | Purified full train | Images: 24576/50000 | 49.15% | 111.01 img/s | elapsed: 00:03:41 | eta: 00:03:49 | gpu: 0.2/1.6 GB
2026-07-19 16:38:24 | INFO | benchmark.run | Purified full train | Images: 25600/50000 | 51.20% | 110.86 img/s | elapsed: 00:03:50 | eta: 00:03:40 | gpu: 0.2/1.6 GB
2026-07-19 16:38:33 | INFO | benchmark.run | Purified full train | Images: 26624/50000 | 53.25% | 111.00 img/s | elapsed: 00:03:59 | eta: 00:03:30 | gpu: 0.2/1.6 GB
2026-07-19 16:38:42 | INFO | benchmark.run | Purified full train | Images: 27648/50000 | 55.30% | 111.01 img/s | elapsed: 00:04:09 | eta: 00:03:21 | gpu: 0.2/1.6 GB
2026-07-19 16:38:51 | INFO | benchmark.run | Purified full train | Images: 28672/50000 | 57.34% | 111.08 img/s | elapsed: 00:04:18 | eta: 00:03:12 | gpu: 0.2/1.6 GB
2026-07-19 16:39:00 | INFO | benchmark.run | Purified full train | Images: 29696/50000 | 59.39% | 111.17 img/s | elapsed: 00:04:27 | eta: 00:03:02 | gpu: 0.2/1.6 GB
2026-07-19 16:39:09 | INFO | benchmark.run | Purified full train | Images: 30720/50000 | 61.44% | 111.25 img/s | elapsed: 00:04:36 | eta: 00:02:53 | gpu: 0.2/1.6 GB
2026-07-19 16:39:18 | INFO | benchmark.run | Purified full train | Images: 31744/50000 | 63.49% | 111.34 img/s | elapsed: 00:04:45 | eta: 00:02:43 | gpu: 0.2/1.6 GB
2026-07-19 16:39:33 | INFO | benchmark.run | Purified full train | Images: 32768/50000 | 65.54% | 109.32 img/s | elapsed: 00:04:59 | eta: 00:02:37 | gpu: 0.2/1.6 GB
2026-07-19 16:39:41 | INFO | benchmark.run | Purified full train | Images: 33792/50000 | 67.58% | 109.50 img/s | elapsed: 00:05:08 | eta: 00:02:28 | gpu: 0.2/1.6 GB
2026-07-19 16:39:50 | INFO | benchmark.run | Purified full train | Images: 34816/50000 | 69.63% | 109.66 img/s | elapsed: 00:05:17 | eta: 00:02:18 | gpu: 0.2/1.6 GB
2026-07-19 16:39:59 | INFO | benchmark.run | Purified full train | Images: 35840/50000 | 71.68% | 109.77 img/s | elapsed: 00:05:26 | eta: 00:02:08 | gpu: 0.2/1.6 GB
2026-07-19 16:40:08 | INFO | benchmark.run | Purified full train | Images: 36864/50000 | 73.73% | 109.90 img/s | elapsed: 00:05:35 | eta: 00:01:59 | gpu: 0.2/1.6 GB
2026-07-19 16:40:17 | INFO | benchmark.run | Purified full train | Images: 37888/50000 | 75.78% | 109.94 img/s | elapsed: 00:05:44 | eta: 00:01:50 | gpu: 0.2/1.6 GB
2026-07-19 16:40:26 | INFO | benchmark.run | Purified full train | Images: 38912/50000 | 77.82% | 110.07 img/s | elapsed: 00:05:53 | eta: 00:01:40 | gpu: 0.2/1.6 GB
2026-07-19 16:40:35 | INFO | benchmark.run | Purified full train | Images: 39936/50000 | 79.87% | 110.18 img/s | elapsed: 00:06:02 | eta: 00:01:31 | gpu: 0.2/1.6 GB
2026-07-19 16:40:44 | INFO | benchmark.run | Purified full train | Images: 40960/50000 | 81.92% | 110.30 img/s | elapsed: 00:06:11 | eta: 00:01:21 | gpu: 0.2/1.6 GB
2026-07-19 16:40:53 | INFO | benchmark.run | Purified full train | Images: 41984/50000 | 83.97% | 110.44 img/s | elapsed: 00:06:20 | eta: 00:01:12 | gpu: 0.2/1.6 GB
2026-07-19 16:41:02 | INFO | benchmark.run | Purified full train | Images: 43008/50000 | 86.02% | 110.51 img/s | elapsed: 00:06:29 | eta: 00:01:03 | gpu: 0.2/1.6 GB
2026-07-19 16:41:11 | INFO | benchmark.run | Purified full train | Images: 44032/50000 | 88.06% | 110.64 img/s | elapsed: 00:06:37 | eta: 00:00:53 | gpu: 0.2/1.6 GB
2026-07-19 16:41:20 | INFO | benchmark.run | Purified full train | Images: 45056/50000 | 90.11% | 110.72 img/s | elapsed: 00:06:46 | eta: 00:00:44 | gpu: 0.2/1.6 GB
2026-07-19 16:41:28 | INFO | benchmark.run | Purified full train | Images: 46080/50000 | 92.16% | 110.85 img/s | elapsed: 00:06:55 | eta: 00:00:35 | gpu: 0.2/1.6 GB
2026-07-19 16:41:37 | INFO | benchmark.run | Purified full train | Images: 47104/50000 | 94.21% | 110.90 img/s | elapsed: 00:07:04 | eta: 00:00:26 | gpu: 0.2/1.6 GB
2026-07-19 16:41:46 | INFO | benchmark.run | Purified full train | Images: 48128/50000 | 96.26% | 110.98 img/s | elapsed: 00:07:13 | eta: 00:00:16 | gpu: 0.2/1.6 GB
2026-07-19 16:41:55 | INFO | benchmark.run | Purified full train | Images: 49152/50000 | 98.30% | 111.09 img/s | elapsed: 00:07:22 | eta: 00:00:07 | gpu: 0.2/1.6 GB
2026-07-19 16:42:04 | INFO | benchmark.run | Purified full train | Images: 50000/50000 | 100.00% | 110.83 img/s | elapsed: 00:07:31 | eta: 00:00:00 | gpu: 0.2/1.6 GB
2026-07-19 16:42:04 | INFO | benchmark.run | ================================================================================
2026-07-19 16:42:04 | INFO | benchmark.run | RETRAINING AND EVALUATING BP_c0_g0...
2026-07-19 16:42:04 | INFO | benchmark.run | ================================================================================
2026-07-19 16:42:28 | INFO | benchmark.run | Loading BP victim ResNet18 from ckpt-%s-4800.t7
==> Resuming from checkpoint for ResNet18..
Using Adam for retraining
2026-07-19 16:42:36, Epoch 0, Iteration 7, loss 0.439 (0.241), acc 92.308 (96.000)
2026-07-19 16:42:36, Epoch 50, Iteration 7, loss 0.000 (0.002), acc 100.000 (100.000)
Target Label: 4, Poison label: 0, Prediction:0, Target's Score:[0.9921633005142212, 2.285680800184764e-08, 3.621699917744081e-08, 4.428923853828168e-17, 0.007836691103875637, 1.8475811158769062e-10, 3.364895423646897e-29, 1.3606637175838962e-18, 1.814456381367749e-14, 1.2987465190382806e-17], Poisons' Predictions:[0, 0, 0, 0, 0, 0, 0, 0, 0, 0]
Now evaluating against camera taken images
2026-07-19 16:42:37 Epoch 59, Val iteration 0, acc 92.400 (92.400)
2026-07-19 16:42:38 Epoch 59, Val iteration 19, acc 94.200 (93.200)
* Prec: 93.20000228881835
2026-07-19 16:42:41 | INFO | benchmark.run | Loading BP victim ResNet18 from ckpt-%s-4800.t7
==> Resuming from checkpoint for ResNet18..
Using Adam for retraining
2026-07-19 16:42:42, Epoch 0, Iteration 7, loss 0.558 (0.506), acc 94.231 (91.800)
2026-07-19 16:42:43, Epoch 50, Iteration 7, loss 0.000 (0.002), acc 100.000 (100.000)
Target Label: 4, Poison label: 0, Prediction:4, Target's Score:[0.02417318895459175, 4.3182227170597755e-19, 9.627260100231183e-10, 4.262191373861569e-17, 0.9758267998695374, 4.789265179937554e-22, 1.4568013367117998e-18, 6.966821929015745e-23, 5.650833763822865e-26, 6.992635931702375e-19], Poisons' Predictions:[0, 0, 0, 0, 0, 0, 0, 0, 0, 0]
Now evaluating against camera taken images
2026-07-19 16:42:43 Epoch 59, Val iteration 0, acc 93.800 (93.800)
2026-07-19 16:42:45 Epoch 59, Val iteration 19, acc 94.200 (93.700)
* Prec: 93.7000015258789
2026-07-19 16:42:45 | INFO | benchmark.run | Updated benchmark CSV: /media02/ndthuc03/cm-purify-targeted-poisoning/benchmark/outputs/slurm_73988/t_star_050/benchmark_results.csv
2026-07-19 16:42:45 | INFO | benchmark.run | ================================================================================
2026-07-19 16:42:45 | INFO | benchmark.run | CASE 2/30: BP_c0_g1 (BP)
2026-07-19 16:42:45 | INFO | benchmark.run | ================================================================================
2026-07-19 16:43:52 | INFO | benchmark.run | Materialized BP poisoned train | Images: 10000/50000 | 20.00% | 153.29 img/s | elapsed: 00:01:05 | eta: 00:04:20 | gpu: cpu
2026-07-19 16:45:00 | INFO | benchmark.run | Materialized BP poisoned train | Images: 20000/50000 | 40.00% | 150.51 img/s | elapsed: 00:02:12 | eta: 00:03:19 | gpu: cpu
2026-07-19 16:46:07 | INFO | benchmark.run | Materialized BP poisoned train | Images: 30000/50000 | 60.00% | 149.88 img/s | elapsed: 00:03:20 | eta: 00:02:13 | gpu: cpu
2026-07-19 16:47:14 | INFO | benchmark.run | Materialized BP poisoned train | Images: 40000/50000 | 80.00% | 149.91 img/s | elapsed: 00:04:26 | eta: 00:01:06 | gpu: cpu
2026-07-19 16:48:21 | INFO | benchmark.run | Materialized BP poisoned train | Images: 50000/50000 | 100.00% | 149.87 img/s | elapsed: 00:05:33 | eta: 00:00:00 | gpu: cpu
2026-07-19 16:48:33 | INFO | benchmark.run | Purified full train | Images: 1024/50000 | 2.05% | 111.81 img/s | elapsed: 00:00:09 | eta: 00:07:18 | gpu: 0.2/2.2 GB
2026-07-19 16:48:42 | INFO | benchmark.run | Purified full train | Images: 2048/50000 | 4.10% | 112.25 img/s | elapsed: 00:00:18 | eta: 00:07:07 | gpu: 0.2/2.2 GB
2026-07-19 16:48:51 | INFO | benchmark.run | Purified full train | Images: 3072/50000 | 6.14% | 112.41 img/s | elapsed: 00:00:27 | eta: 00:06:57 | gpu: 0.2/2.2 GB
2026-07-19 16:49:00 | INFO | benchmark.run | Purified full train | Images: 4096/50000 | 8.19% | 112.42 img/s | elapsed: 00:00:36 | eta: 00:06:48 | gpu: 0.2/2.2 GB
2026-07-19 16:49:09 | INFO | benchmark.run | Purified full train | Images: 5120/50000 | 10.24% | 112.48 img/s | elapsed: 00:00:45 | eta: 00:06:39 | gpu: 0.2/2.2 GB
2026-07-19 16:49:18 | INFO | benchmark.run | Purified full train | Images: 6144/50000 | 12.29% | 112.63 img/s | elapsed: 00:00:54 | eta: 00:06:29 | gpu: 0.2/2.2 GB
2026-07-19 16:49:27 | INFO | benchmark.run | Purified full train | Images: 7168/50000 | 14.34% | 113.06 img/s | elapsed: 00:01:03 | eta: 00:06:18 | gpu: 0.2/2.2 GB
2026-07-19 16:49:36 | INFO | benchmark.run | Purified full train | Images: 8192/50000 | 16.38% | 113.00 img/s | elapsed: 00:01:12 | eta: 00:06:09 | gpu: 0.2/2.2 GB
2026-07-19 16:49:45 | INFO | benchmark.run | Purified full train | Images: 9216/50000 | 18.43% | 113.19 img/s | elapsed: 00:01:21 | eta: 00:06:00 | gpu: 0.2/2.2 GB
2026-07-19 16:49:54 | INFO | benchmark.run | Purified full train | Images: 10240/50000 | 20.48% | 113.41 img/s | elapsed: 00:01:30 | eta: 00:05:50 | gpu: 0.2/2.2 GB
2026-07-19 16:50:03 | INFO | benchmark.run | Purified full train | Images: 11264/50000 | 22.53% | 113.56 img/s | elapsed: 00:01:39 | eta: 00:05:41 | gpu: 0.2/2.2 GB
2026-07-19 16:50:12 | INFO | benchmark.run | Purified full train | Images: 12288/50000 | 24.58% | 113.85 img/s | elapsed: 00:01:47 | eta: 00:05:31 | gpu: 0.2/2.2 GB
2026-07-19 16:50:21 | INFO | benchmark.run | Purified full train | Images: 13312/50000 | 26.62% | 113.92 img/s | elapsed: 00:01:56 | eta: 00:05:22 | gpu: 0.2/2.2 GB
2026-07-19 16:50:30 | INFO | benchmark.run | Purified full train | Images: 14336/50000 | 28.67% | 114.05 img/s | elapsed: 00:02:05 | eta: 00:05:12 | gpu: 0.2/2.2 GB
2026-07-19 16:50:38 | INFO | benchmark.run | Purified full train | Images: 15360/50000 | 30.72% | 114.27 img/s | elapsed: 00:02:14 | eta: 00:05:03 | gpu: 0.2/2.2 GB
2026-07-19 16:50:47 | INFO | benchmark.run | Purified full train | Images: 16384/50000 | 32.77% | 114.28 img/s | elapsed: 00:02:23 | eta: 00:04:54 | gpu: 0.2/2.2 GB
2026-07-19 16:50:56 | INFO | benchmark.run | Purified full train | Images: 17408/50000 | 34.82% | 114.32 img/s | elapsed: 00:02:32 | eta: 00:04:45 | gpu: 0.2/2.2 GB
2026-07-19 16:51:05 | INFO | benchmark.run | Purified full train | Images: 18432/50000 | 36.86% | 114.36 img/s | elapsed: 00:02:41 | eta: 00:04:36 | gpu: 0.2/2.2 GB
2026-07-19 16:51:14 | INFO | benchmark.run | Purified full train | Images: 19456/50000 | 38.91% | 114.24 img/s | elapsed: 00:02:50 | eta: 00:04:27 | gpu: 0.2/2.2 GB
2026-07-19 16:51:23 | INFO | benchmark.run | Purified full train | Images: 20480/50000 | 40.96% | 114.24 img/s | elapsed: 00:02:59 | eta: 00:04:18 | gpu: 0.2/2.2 GB
2026-07-19 16:51:32 | INFO | benchmark.run | Purified full train | Images: 21504/50000 | 43.01% | 114.19 img/s | elapsed: 00:03:08 | eta: 00:04:09 | gpu: 0.2/2.2 GB
2026-07-19 16:51:41 | INFO | benchmark.run | Purified full train | Images: 22528/50000 | 45.06% | 114.23 img/s | elapsed: 00:03:17 | eta: 00:04:00 | gpu: 0.2/2.2 GB
2026-07-19 16:51:50 | INFO | benchmark.run | Purified full train | Images: 23552/50000 | 47.10% | 114.32 img/s | elapsed: 00:03:26 | eta: 00:03:51 | gpu: 0.2/2.2 GB
2026-07-19 16:51:59 | INFO | benchmark.run | Purified full train | Images: 24576/50000 | 49.15% | 114.36 img/s | elapsed: 00:03:34 | eta: 00:03:42 | gpu: 0.2/2.2 GB
2026-07-19 16:52:08 | INFO | benchmark.run | Purified full train | Images: 25600/50000 | 51.20% | 114.43 img/s | elapsed: 00:03:43 | eta: 00:03:33 | gpu: 0.2/2.2 GB
2026-07-19 16:52:16 | INFO | benchmark.run | Purified full train | Images: 26624/50000 | 53.25% | 114.52 img/s | elapsed: 00:03:52 | eta: 00:03:24 | gpu: 0.2/2.2 GB
2026-07-19 16:52:26 | INFO | benchmark.run | Purified full train | Images: 27648/50000 | 55.30% | 114.43 img/s | elapsed: 00:04:01 | eta: 00:03:15 | gpu: 0.2/2.2 GB
2026-07-19 16:52:35 | INFO | benchmark.run | Purified full train | Images: 28672/50000 | 57.34% | 114.18 img/s | elapsed: 00:04:11 | eta: 00:03:06 | gpu: 0.2/2.2 GB
2026-07-19 16:52:45 | INFO | benchmark.run | Purified full train | Images: 29696/50000 | 59.39% | 113.72 img/s | elapsed: 00:04:21 | eta: 00:02:58 | gpu: 0.2/2.2 GB
2026-07-19 16:52:55 | INFO | benchmark.run | Purified full train | Images: 30720/50000 | 61.44% | 113.47 img/s | elapsed: 00:04:30 | eta: 00:02:49 | gpu: 0.2/2.2 GB
2026-07-19 16:53:04 | INFO | benchmark.run | Purified full train | Images: 31744/50000 | 63.49% | 113.29 img/s | elapsed: 00:04:40 | eta: 00:02:41 | gpu: 0.2/2.2 GB
2026-07-19 16:53:13 | INFO | benchmark.run | Purified full train | Images: 32768/50000 | 65.54% | 113.30 img/s | elapsed: 00:04:49 | eta: 00:02:32 | gpu: 0.2/2.2 GB
2026-07-19 16:53:22 | INFO | benchmark.run | Purified full train | Images: 33792/50000 | 67.58% | 113.28 img/s | elapsed: 00:04:58 | eta: 00:02:23 | gpu: 0.2/2.2 GB
2026-07-19 16:53:31 | INFO | benchmark.run | Purified full train | Images: 34816/50000 | 69.63% | 113.23 img/s | elapsed: 00:05:07 | eta: 00:02:14 | gpu: 0.2/2.2 GB
2026-07-19 16:53:40 | INFO | benchmark.run | Purified full train | Images: 35840/50000 | 71.68% | 113.24 img/s | elapsed: 00:05:16 | eta: 00:02:05 | gpu: 0.2/2.2 GB
2026-07-19 16:53:49 | INFO | benchmark.run | Purified full train | Images: 36864/50000 | 73.73% | 113.24 img/s | elapsed: 00:05:25 | eta: 00:01:56 | gpu: 0.2/2.2 GB
2026-07-19 16:53:59 | INFO | benchmark.run | Purified full train | Images: 37888/50000 | 75.78% | 113.21 img/s | elapsed: 00:05:34 | eta: 00:01:46 | gpu: 0.2/2.2 GB
2026-07-19 16:54:08 | INFO | benchmark.run | Purified full train | Images: 38912/50000 | 77.82% | 113.07 img/s | elapsed: 00:05:44 | eta: 00:01:38 | gpu: 0.2/2.2 GB
2026-07-19 16:54:17 | INFO | benchmark.run | Purified full train | Images: 39936/50000 | 79.87% | 112.96 img/s | elapsed: 00:05:53 | eta: 00:01:29 | gpu: 0.2/2.2 GB
2026-07-19 16:54:27 | INFO | benchmark.run | Purified full train | Images: 40960/50000 | 81.92% | 112.83 img/s | elapsed: 00:06:03 | eta: 00:01:20 | gpu: 0.2/2.2 GB
2026-07-19 16:54:36 | INFO | benchmark.run | Purified full train | Images: 41984/50000 | 83.97% | 112.75 img/s | elapsed: 00:06:12 | eta: 00:01:11 | gpu: 0.2/2.2 GB
2026-07-19 16:54:45 | INFO | benchmark.run | Purified full train | Images: 43008/50000 | 86.02% | 112.72 img/s | elapsed: 00:06:21 | eta: 00:01:02 | gpu: 0.2/2.2 GB
2026-07-19 16:54:55 | INFO | benchmark.run | Purified full train | Images: 44032/50000 | 88.06% | 112.70 img/s | elapsed: 00:06:30 | eta: 00:00:52 | gpu: 0.2/2.2 GB
2026-07-19 16:55:04 | INFO | benchmark.run | Purified full train | Images: 45056/50000 | 90.11% | 112.68 img/s | elapsed: 00:06:39 | eta: 00:00:43 | gpu: 0.2/2.2 GB
2026-07-19 16:55:13 | INFO | benchmark.run | Purified full train | Images: 46080/50000 | 92.16% | 112.75 img/s | elapsed: 00:06:48 | eta: 00:00:34 | gpu: 0.2/2.2 GB
2026-07-19 16:55:22 | INFO | benchmark.run | Purified full train | Images: 47104/50000 | 94.21% | 112.71 img/s | elapsed: 00:06:57 | eta: 00:00:25 | gpu: 0.2/2.2 GB
2026-07-19 16:55:31 | INFO | benchmark.run | Purified full train | Images: 48128/50000 | 96.26% | 112.68 img/s | elapsed: 00:07:07 | eta: 00:00:16 | gpu: 0.2/2.2 GB
2026-07-19 16:55:40 | INFO | benchmark.run | Purified full train | Images: 49152/50000 | 98.30% | 112.77 img/s | elapsed: 00:07:15 | eta: 00:00:07 | gpu: 0.2/2.2 GB
2026-07-19 16:55:47 | INFO | benchmark.run | Purified full train | Images: 50000/50000 | 100.00% | 112.83 img/s | elapsed: 00:07:23 | eta: 00:00:00 | gpu: 0.2/2.2 GB
2026-07-19 16:55:47 | INFO | benchmark.run | ================================================================================
2026-07-19 16:55:47 | INFO | benchmark.run | RETRAINING AND EVALUATING BP_c0_g1...
2026-07-19 16:55:47 | INFO | benchmark.run | ================================================================================
2026-07-19 16:55:48 | INFO | benchmark.run | Loading BP victim ResNet18 from ckpt-%s-4800.t7
==> Resuming from checkpoint for ResNet18..
Using Adam for retraining
2026-07-19 16:55:49, Epoch 0, Iteration 7, loss 0.071 (0.319), acc 98.077 (93.400)
2026-07-19 16:55:49, Epoch 50, Iteration 7, loss 0.000 (0.000), acc 100.000 (100.000)
Target Label: 7, Poison label: 0, Prediction:0, Target's Score:[1.0, 1.4133201553523378e-11, 3.7949401650652637e-13, 1.2471139676506482e-09, 4.5450687484460683e-13, 6.177642067716515e-18, 7.326669937413044e-09, 3.3389035536401934e-08, 9.373168474019478e-13, 8.765993437858874e-14], Poisons' Predictions:[0, 0, 0, 0, 0, 0, 0, 0, 0, 0]
Now evaluating against camera taken images
2026-07-19 16:55:50 Epoch 59, Val iteration 0, acc 94.400 (94.400)
2026-07-19 16:55:52 Epoch 59, Val iteration 19, acc 95.200 (94.360)
* Prec: 94.36000175476075
2026-07-19 16:55:54 | INFO | benchmark.run | Loading BP victim ResNet18 from ckpt-%s-4800.t7
==> Resuming from checkpoint for ResNet18..
Using Adam for retraining
2026-07-19 16:55:55, Epoch 0, Iteration 7, loss 0.201 (0.306), acc 96.154 (91.600)
2026-07-19 16:55:55, Epoch 50, Iteration 7, loss 0.004 (0.003), acc 100.000 (100.000)
Target Label: 7, Poison label: 0, Prediction:7, Target's Score:[2.0058747907114594e-07, 4.239306727383575e-15, 2.9687088238536635e-28, 9.434967997851151e-13, 3.46497310010907e-12, 8.452264410152566e-06, 1.4797573166802636e-09, 0.9999912977218628, 1.4059668035333372e-20, 1.2284259641947258e-14], Poisons' Predictions:[0, 0, 0, 0, 0, 0, 0, 0, 0, 0]
Now evaluating against camera taken images
2026-07-19 16:55:56 Epoch 59, Val iteration 0, acc 93.800 (93.800)
2026-07-19 16:55:58 Epoch 59, Val iteration 19, acc 95.000 (93.390)
* Prec: 93.39000129699707
2026-07-19 16:55:58 | INFO | benchmark.run | Updated benchmark CSV: /media02/ndthuc03/cm-purify-targeted-poisoning/benchmark/outputs/slurm_73988/t_star_050/benchmark_results.csv
2026-07-19 16:55:58 | INFO | benchmark.run | ================================================================================
2026-07-19 16:55:58 | INFO | benchmark.run | CASE 3/30: BP_c1_g0 (BP)
2026-07-19 16:55:58 | INFO | benchmark.run | ================================================================================
2026-07-19 16:57:03 | INFO | benchmark.run | Materialized BP poisoned train | Images: 10000/50000 | 20.00% | 156.23 img/s | elapsed: 00:01:04 | eta: 00:04:16 | gpu: cpu
2026-07-19 16:58:08 | INFO | benchmark.run | Materialized BP poisoned train | Images: 20000/50000 | 40.00% | 154.77 img/s | elapsed: 00:02:09 | eta: 00:03:13 | gpu: cpu
2026-07-19 16:59:13 | INFO | benchmark.run | Materialized BP poisoned train | Images: 30000/50000 | 60.00% | 154.49 img/s | elapsed: 00:03:14 | eta: 00:02:09 | gpu: cpu
2026-07-19 17:00:17 | INFO | benchmark.run | Materialized BP poisoned train | Images: 40000/50000 | 80.00% | 155.00 img/s | elapsed: 00:04:18 | eta: 00:01:04 | gpu: cpu
2026-07-19 17:01:23 | INFO | benchmark.run | Materialized BP poisoned train | Images: 50000/50000 | 100.00% | 154.40 img/s | elapsed: 00:05:23 | eta: 00:00:00 | gpu: cpu
2026-07-19 17:01:35 | INFO | benchmark.run | Purified full train | Images: 1024/50000 | 2.05% | 111.93 img/s | elapsed: 00:00:09 | eta: 00:07:17 | gpu: 0.2/2.2 GB
2026-07-19 17:01:44 | INFO | benchmark.run | Purified full train | Images: 2048/50000 | 4.10% | 114.61 img/s | elapsed: 00:00:17 | eta: 00:06:58 | gpu: 0.2/2.2 GB
2026-07-19 17:01:53 | INFO | benchmark.run | Purified full train | Images: 3072/50000 | 6.14% | 114.19 img/s | elapsed: 00:00:26 | eta: 00:06:50 | gpu: 0.2/2.2 GB
2026-07-19 17:02:02 | INFO | benchmark.run | Purified full train | Images: 4096/50000 | 8.19% | 114.08 img/s | elapsed: 00:00:35 | eta: 00:06:42 | gpu: 0.2/2.2 GB
2026-07-19 17:02:11 | INFO | benchmark.run | Purified full train | Images: 5120/50000 | 10.24% | 113.78 img/s | elapsed: 00:00:44 | eta: 00:06:34 | gpu: 0.2/2.2 GB
2026-07-19 17:02:20 | INFO | benchmark.run | Purified full train | Images: 6144/50000 | 12.29% | 113.23 img/s | elapsed: 00:00:54 | eta: 00:06:27 | gpu: 0.2/2.2 GB
2026-07-19 17:02:29 | INFO | benchmark.run | Purified full train | Images: 7168/50000 | 14.34% | 112.80 img/s | elapsed: 00:01:03 | eta: 00:06:19 | gpu: 0.2/2.2 GB
2026-07-19 17:02:39 | INFO | benchmark.run | Purified full train | Images: 8192/50000 | 16.38% | 112.70 img/s | elapsed: 00:01:12 | eta: 00:06:10 | gpu: 0.2/2.2 GB
2026-07-19 17:02:48 | INFO | benchmark.run | Purified full train | Images: 9216/50000 | 18.43% | 112.42 img/s | elapsed: 00:01:21 | eta: 00:06:02 | gpu: 0.2/2.2 GB
2026-07-19 17:02:57 | INFO | benchmark.run | Purified full train | Images: 10240/50000 | 20.48% | 112.60 img/s | elapsed: 00:01:30 | eta: 00:05:53 | gpu: 0.2/2.2 GB
2026-07-19 17:03:06 | INFO | benchmark.run | Purified full train | Images: 11264/50000 | 22.53% | 112.80 img/s | elapsed: 00:01:39 | eta: 00:05:43 | gpu: 0.2/2.2 GB
2026-07-19 17:03:15 | INFO | benchmark.run | Purified full train | Images: 12288/50000 | 24.58% | 113.02 img/s | elapsed: 00:01:48 | eta: 00:05:33 | gpu: 0.2/2.2 GB
2026-07-19 17:03:23 | INFO | benchmark.run | Purified full train | Images: 13312/50000 | 26.62% | 113.25 img/s | elapsed: 00:01:57 | eta: 00:05:23 | gpu: 0.2/2.2 GB
2026-07-19 17:03:32 | INFO | benchmark.run | Purified full train | Images: 14336/50000 | 28.67% | 113.35 img/s | elapsed: 00:02:06 | eta: 00:05:14 | gpu: 0.2/2.2 GB
2026-07-19 17:03:41 | INFO | benchmark.run | Purified full train | Images: 15360/50000 | 30.72% | 113.52 img/s | elapsed: 00:02:15 | eta: 00:05:05 | gpu: 0.2/2.2 GB
2026-07-19 17:03:50 | INFO | benchmark.run | Purified full train | Images: 16384/50000 | 32.77% | 113.54 img/s | elapsed: 00:02:24 | eta: 00:04:56 | gpu: 0.2/2.2 GB
2026-07-19 17:03:59 | INFO | benchmark.run | Purified full train | Images: 17408/50000 | 34.82% | 113.38 img/s | elapsed: 00:02:33 | eta: 00:04:47 | gpu: 0.2/2.2 GB
2026-07-19 17:04:08 | INFO | benchmark.run | Purified full train | Images: 18432/50000 | 36.86% | 113.41 img/s | elapsed: 00:02:42 | eta: 00:04:38 | gpu: 0.2/2.2 GB
2026-07-19 17:04:17 | INFO | benchmark.run | Purified full train | Images: 19456/50000 | 38.91% | 113.59 img/s | elapsed: 00:02:51 | eta: 00:04:28 | gpu: 0.2/2.2 GB
2026-07-19 17:04:26 | INFO | benchmark.run | Purified full train | Images: 20480/50000 | 40.96% | 113.42 img/s | elapsed: 00:03:00 | eta: 00:04:20 | gpu: 0.2/2.2 GB
2026-07-19 17:04:36 | INFO | benchmark.run | Purified full train | Images: 21504/50000 | 43.01% | 113.31 img/s | elapsed: 00:03:09 | eta: 00:04:11 | gpu: 0.2/2.2 GB
2026-07-19 17:04:44 | INFO | benchmark.run | Purified full train | Images: 22528/50000 | 45.06% | 113.48 img/s | elapsed: 00:03:18 | eta: 00:04:02 | gpu: 0.2/2.2 GB
2026-07-19 17:04:53 | INFO | benchmark.run | Purified full train | Images: 23552/50000 | 47.10% | 113.56 img/s | elapsed: 00:03:27 | eta: 00:03:52 | gpu: 0.2/2.2 GB
2026-07-19 17:05:02 | INFO | benchmark.run | Purified full train | Images: 24576/50000 | 49.15% | 113.72 img/s | elapsed: 00:03:36 | eta: 00:03:43 | gpu: 0.2/2.2 GB
2026-07-19 17:05:11 | INFO | benchmark.run | Purified full train | Images: 25600/50000 | 51.20% | 113.86 img/s | elapsed: 00:03:44 | eta: 00:03:34 | gpu: 0.2/2.2 GB
2026-07-19 17:05:20 | INFO | benchmark.run | Purified full train | Images: 26624/50000 | 53.25% | 113.89 img/s | elapsed: 00:03:53 | eta: 00:03:25 | gpu: 0.2/2.2 GB
2026-07-19 17:05:28 | INFO | benchmark.run | Purified full train | Images: 27648/50000 | 55.30% | 113.96 img/s | elapsed: 00:04:02 | eta: 00:03:16 | gpu: 0.2/2.2 GB
2026-07-19 17:05:38 | INFO | benchmark.run | Purified full train | Images: 28672/50000 | 57.34% | 113.94 img/s | elapsed: 00:04:11 | eta: 00:03:07 | gpu: 0.2/2.2 GB
2026-07-19 17:05:46 | INFO | benchmark.run | Purified full train | Images: 29696/50000 | 59.39% | 114.08 img/s | elapsed: 00:04:20 | eta: 00:02:57 | gpu: 0.2/2.2 GB
2026-07-19 17:05:55 | INFO | benchmark.run | Purified full train | Images: 30720/50000 | 61.44% | 114.11 img/s | elapsed: 00:04:29 | eta: 00:02:48 | gpu: 0.2/2.2 GB
2026-07-19 17:06:04 | INFO | benchmark.run | Purified full train | Images: 31744/50000 | 63.49% | 114.20 img/s | elapsed: 00:04:37 | eta: 00:02:39 | gpu: 0.2/2.2 GB
2026-07-19 17:06:13 | INFO | benchmark.run | Purified full train | Images: 32768/50000 | 65.54% | 114.27 img/s | elapsed: 00:04:46 | eta: 00:02:30 | gpu: 0.2/2.2 GB
2026-07-19 17:06:22 | INFO | benchmark.run | Purified full train | Images: 33792/50000 | 67.58% | 114.30 img/s | elapsed: 00:04:55 | eta: 00:02:21 | gpu: 0.2/2.2 GB
2026-07-19 17:06:30 | INFO | benchmark.run | Purified full train | Images: 34816/50000 | 69.63% | 114.34 img/s | elapsed: 00:05:04 | eta: 00:02:12 | gpu: 0.2/2.2 GB
2026-07-19 17:06:39 | INFO | benchmark.run | Purified full train | Images: 35840/50000 | 71.68% | 114.38 img/s | elapsed: 00:05:13 | eta: 00:02:03 | gpu: 0.2/2.2 GB
2026-07-19 17:06:48 | INFO | benchmark.run | Purified full train | Images: 36864/50000 | 73.73% | 114.38 img/s | elapsed: 00:05:22 | eta: 00:01:54 | gpu: 0.2/2.2 GB
2026-07-19 17:06:57 | INFO | benchmark.run | Purified full train | Images: 37888/50000 | 75.78% | 114.45 img/s | elapsed: 00:05:31 | eta: 00:01:45 | gpu: 0.2/2.2 GB
2026-07-19 17:07:06 | INFO | benchmark.run | Purified full train | Images: 38912/50000 | 77.82% | 114.56 img/s | elapsed: 00:05:39 | eta: 00:01:36 | gpu: 0.2/2.2 GB
2026-07-19 17:07:14 | INFO | benchmark.run | Purified full train | Images: 39936/50000 | 79.87% | 114.67 img/s | elapsed: 00:05:48 | eta: 00:01:27 | gpu: 0.2/2.2 GB
2026-07-19 17:07:23 | INFO | benchmark.run | Purified full train | Images: 40960/50000 | 81.92% | 114.78 img/s | elapsed: 00:05:56 | eta: 00:01:18 | gpu: 0.2/2.2 GB
2026-07-19 17:07:31 | INFO | benchmark.run | Purified full train | Images: 41984/50000 | 83.97% | 114.84 img/s | elapsed: 00:06:05 | eta: 00:01:09 | gpu: 0.2/2.2 GB
2026-07-19 17:07:40 | INFO | benchmark.run | Purified full train | Images: 43008/50000 | 86.02% | 114.82 img/s | elapsed: 00:06:14 | eta: 00:01:00 | gpu: 0.2/2.2 GB
2026-07-19 17:07:49 | INFO | benchmark.run | Purified full train | Images: 44032/50000 | 88.06% | 114.81 img/s | elapsed: 00:06:23 | eta: 00:00:51 | gpu: 0.2/2.2 GB
2026-07-19 17:07:58 | INFO | benchmark.run | Purified full train | Images: 45056/50000 | 90.11% | 114.81 img/s | elapsed: 00:06:32 | eta: 00:00:43 | gpu: 0.2/2.2 GB
2026-07-19 17:08:07 | INFO | benchmark.run | Purified full train | Images: 46080/50000 | 92.16% | 114.86 img/s | elapsed: 00:06:41 | eta: 00:00:34 | gpu: 0.2/2.2 GB
2026-07-19 17:08:16 | INFO | benchmark.run | Purified full train | Images: 47104/50000 | 94.21% | 114.89 img/s | elapsed: 00:06:50 | eta: 00:00:25 | gpu: 0.2/2.2 GB
2026-07-19 17:08:25 | INFO | benchmark.run | Purified full train | Images: 48128/50000 | 96.26% | 114.94 img/s | elapsed: 00:06:58 | eta: 00:00:16 | gpu: 0.2/2.2 GB
2026-07-19 17:08:40 | INFO | benchmark.run | Purified full train | Images: 49152/50000 | 98.30% | 113.21 img/s | elapsed: 00:07:14 | eta: 00:00:07 | gpu: 0.2/2.2 GB
2026-07-19 17:08:53 | INFO | benchmark.run | Purified full train | Images: 50000/50000 | 100.00% | 111.79 img/s | elapsed: 00:07:27 | eta: 00:00:00 | gpu: 0.2/2.2 GB
2026-07-19 17:08:53 | INFO | benchmark.run | ================================================================================
2026-07-19 17:08:53 | INFO | benchmark.run | RETRAINING AND EVALUATING BP_c1_g0...
2026-07-19 17:08:53 | INFO | benchmark.run | ================================================================================
2026-07-19 17:08:54 | INFO | benchmark.run | Loading BP victim ResNet18 from ckpt-%s-4800.t7
==> Resuming from checkpoint for ResNet18..
Using Adam for retraining
2026-07-19 17:08:55, Epoch 0, Iteration 7, loss 0.013 (0.299), acc 100.000 (94.600)
2026-07-19 17:08:56, Epoch 50, Iteration 7, loss 0.000 (0.000), acc 100.000 (100.000)
Target Label: 3, Poison label: 1, Prediction:1, Target's Score:[9.165443751984795e-17, 0.9999376535415649, 1.2906589147855096e-14, 6.24000676907599e-05, 5.338606076307761e-13, 8.560027283807029e-18, 8.476982069310739e-15, 7.444708877273358e-20, 5.1583647575625946e-08, 1.2216378176708837e-18], Poisons' Predictions:[1, 1, 1, 1, 1, 1, 1, 1, 1, 1]
Now evaluating against camera taken images
2026-07-19 17:08:56 Epoch 59, Val iteration 0, acc 94.000 (94.000)
2026-07-19 17:08:58 Epoch 59, Val iteration 19, acc 94.400 (94.120)
* Prec: 94.12000122070313
2026-07-19 17:09:00 | INFO | benchmark.run | Loading BP victim ResNet18 from ckpt-%s-4800.t7
==> Resuming from checkpoint for ResNet18..
Using Adam for retraining
2026-07-19 17:09:01, Epoch 0, Iteration 7, loss 0.035 (0.537), acc 96.154 (87.800)
2026-07-19 17:09:02, Epoch 50, Iteration 7, loss 0.004 (0.004), acc 100.000 (99.800)
Target Label: 3, Poison label: 1, Prediction:3, Target's Score:[6.821775928839797e-15, 2.2806616470916197e-05, 2.316414873902419e-19, 0.999976634979248, 3.015783534010552e-07, 1.5583314905143197e-07, 1.2273662915669972e-17, 1.7585088585292397e-07, 1.8916604284392955e-29, 1.3819208067973533e-15], Poisons' Predictions:[1, 1, 1, 1, 1, 1, 1, 1, 1, 1]
Now evaluating against camera taken images
2026-07-19 17:09:02 Epoch 59, Val iteration 0, acc 94.200 (94.200)
2026-07-19 17:09:04 Epoch 59, Val iteration 19, acc 94.600 (93.520)
* Prec: 93.52000122070312
2026-07-19 17:09:04 | INFO | benchmark.run | Updated benchmark CSV: /media02/ndthuc03/cm-purify-targeted-poisoning/benchmark/outputs/slurm_73988/t_star_050/benchmark_results.csv
2026-07-19 17:09:04 | INFO | benchmark.run | ================================================================================
2026-07-19 17:09:04 | INFO | benchmark.run | CASE 4/30: BP_c1_g1 (BP)
2026-07-19 17:09:04 | INFO | benchmark.run | ================================================================================
2026-07-19 17:10:14 | INFO | benchmark.run | Materialized BP poisoned train | Images: 10000/50000 | 20.00% | 145.98 img/s | elapsed: 00:01:08 | eta: 00:04:34 | gpu: cpu
2026-07-19 17:11:19 | INFO | benchmark.run | Materialized BP poisoned train | Images: 20000/50000 | 40.00% | 149.48 img/s | elapsed: 00:02:13 | eta: 00:03:20 | gpu: cpu
2026-07-19 17:12:24 | INFO | benchmark.run | Materialized BP poisoned train | Images: 30000/50000 | 60.00% | 151.14 img/s | elapsed: 00:03:18 | eta: 00:02:12 | gpu: cpu
2026-07-19 17:13:28 | INFO | benchmark.run | Materialized BP poisoned train | Images: 40000/50000 | 80.00% | 152.43 img/s | elapsed: 00:04:22 | eta: 00:01:05 | gpu: cpu
2026-07-19 17:14:32 | INFO | benchmark.run | Materialized BP poisoned train | Images: 50000/50000 | 100.00% | 153.04 img/s | elapsed: 00:05:26 | eta: 00:00:00 | gpu: cpu
2026-07-19 17:14:44 | INFO | benchmark.run | Purified full train | Images: 1024/50000 | 2.05% | 115.79 img/s | elapsed: 00:00:08 | eta: 00:07:02 | gpu: 0.2/2.2 GB
2026-07-19 17:14:53 | INFO | benchmark.run | Purified full train | Images: 2048/50000 | 4.10% | 117.21 img/s | elapsed: 00:00:17 | eta: 00:06:49 | gpu: 0.2/2.2 GB
2026-07-19 17:15:01 | INFO | benchmark.run | Purified full train | Images: 3072/50000 | 6.14% | 117.45 img/s | elapsed: 00:00:26 | eta: 00:06:39 | gpu: 0.2/2.2 GB
2026-07-19 17:15:10 | INFO | benchmark.run | Purified full train | Images: 4096/50000 | 8.19% | 117.73 img/s | elapsed: 00:00:34 | eta: 00:06:29 | gpu: 0.2/2.2 GB
2026-07-19 17:15:19 | INFO | benchmark.run | Purified full train | Images: 5120/50000 | 10.24% | 117.27 img/s | elapsed: 00:00:43 | eta: 00:06:22 | gpu: 0.2/2.2 GB
2026-07-19 17:15:28 | INFO | benchmark.run | Purified full train | Images: 6144/50000 | 12.29% | 117.27 img/s | elapsed: 00:00:52 | eta: 00:06:13 | gpu: 0.2/2.2 GB
2026-07-19 17:15:37 | INFO | benchmark.run | Purified full train | Images: 7168/50000 | 14.34% | 116.77 img/s | elapsed: 00:01:01 | eta: 00:06:06 | gpu: 0.2/2.2 GB
2026-07-19 17:15:46 | INFO | benchmark.run | Purified full train | Images: 8192/50000 | 16.38% | 116.54 img/s | elapsed: 00:01:10 | eta: 00:05:58 | gpu: 0.2/2.2 GB
2026-07-19 17:15:54 | INFO | benchmark.run | Purified full train | Images: 9216/50000 | 18.43% | 116.81 img/s | elapsed: 00:01:18 | eta: 00:05:49 | gpu: 0.2/2.2 GB
2026-07-19 17:16:03 | INFO | benchmark.run | Purified full train | Images: 10240/50000 | 20.48% | 116.83 img/s | elapsed: 00:01:27 | eta: 00:05:40 | gpu: 0.2/2.2 GB
2026-07-19 17:16:12 | INFO | benchmark.run | Purified full train | Images: 11264/50000 | 22.53% | 116.76 img/s | elapsed: 00:01:36 | eta: 00:05:31 | gpu: 0.2/2.2 GB
2026-07-19 17:16:21 | INFO | benchmark.run | Purified full train | Images: 12288/50000 | 24.58% | 116.64 img/s | elapsed: 00:01:45 | eta: 00:05:23 | gpu: 0.2/2.2 GB
2026-07-19 17:16:29 | INFO | benchmark.run | Purified full train | Images: 13312/50000 | 26.62% | 116.66 img/s | elapsed: 00:01:54 | eta: 00:05:14 | gpu: 0.2/2.2 GB
2026-07-19 17:16:38 | INFO | benchmark.run | Purified full train | Images: 14336/50000 | 28.67% | 116.52 img/s | elapsed: 00:02:03 | eta: 00:05:06 | gpu: 0.2/2.2 GB
2026-07-19 17:16:47 | INFO | benchmark.run | Purified full train | Images: 15360/50000 | 30.72% | 116.57 img/s | elapsed: 00:02:11 | eta: 00:04:57 | gpu: 0.2/2.2 GB
2026-07-19 17:16:56 | INFO | benchmark.run | Purified full train | Images: 16384/50000 | 32.77% | 116.65 img/s | elapsed: 00:02:20 | eta: 00:04:48 | gpu: 0.2/2.2 GB
2026-07-19 17:17:04 | INFO | benchmark.run | Purified full train | Images: 17408/50000 | 34.82% | 116.69 img/s | elapsed: 00:02:29 | eta: 00:04:39 | gpu: 0.2/2.2 GB
2026-07-19 17:17:13 | INFO | benchmark.run | Purified full train | Images: 18432/50000 | 36.86% | 116.50 img/s | elapsed: 00:02:38 | eta: 00:04:30 | gpu: 0.2/2.2 GB
2026-07-19 17:17:23 | INFO | benchmark.run | Purified full train | Images: 19456/50000 | 38.91% | 115.96 img/s | elapsed: 00:02:47 | eta: 00:04:23 | gpu: 0.2/2.2 GB
2026-07-19 17:17:32 | INFO | benchmark.run | Purified full train | Images: 20480/50000 | 40.96% | 115.89 img/s | elapsed: 00:02:56 | eta: 00:04:14 | gpu: 0.2/2.2 GB
2026-07-19 17:17:41 | INFO | benchmark.run | Purified full train | Images: 21504/50000 | 43.01% | 115.95 img/s | elapsed: 00:03:05 | eta: 00:04:05 | gpu: 0.2/2.2 GB
2026-07-19 17:17:49 | INFO | benchmark.run | Purified full train | Images: 22528/50000 | 45.06% | 115.98 img/s | elapsed: 00:03:14 | eta: 00:03:56 | gpu: 0.2/2.2 GB
2026-07-19 17:17:58 | INFO | benchmark.run | Purified full train | Images: 23552/50000 | 47.10% | 116.09 img/s | elapsed: 00:03:22 | eta: 00:03:47 | gpu: 0.2/2.2 GB
2026-07-19 17:18:07 | INFO | benchmark.run | Purified full train | Images: 24576/50000 | 49.15% | 116.08 img/s | elapsed: 00:03:31 | eta: 00:03:39 | gpu: 0.2/2.2 GB
2026-07-19 17:18:16 | INFO | benchmark.run | Purified full train | Images: 25600/50000 | 51.20% | 115.92 img/s | elapsed: 00:03:40 | eta: 00:03:30 | gpu: 0.2/2.2 GB
2026-07-19 17:18:25 | INFO | benchmark.run | Purified full train | Images: 26624/50000 | 53.25% | 115.85 img/s | elapsed: 00:03:49 | eta: 00:03:21 | gpu: 0.2/2.2 GB
2026-07-19 17:18:34 | INFO | benchmark.run | Purified full train | Images: 27648/50000 | 55.30% | 115.70 img/s | elapsed: 00:03:58 | eta: 00:03:13 | gpu: 0.2/2.2 GB
2026-07-19 17:18:43 | INFO | benchmark.run | Purified full train | Images: 28672/50000 | 57.34% | 115.66 img/s | elapsed: 00:04:07 | eta: 00:03:04 | gpu: 0.2/2.2 GB
2026-07-19 17:18:52 | INFO | benchmark.run | Purified full train | Images: 29696/50000 | 59.39% | 115.52 img/s | elapsed: 00:04:17 | eta: 00:02:55 | gpu: 0.2/2.2 GB
2026-07-19 17:19:01 | INFO | benchmark.run | Purified full train | Images: 30720/50000 | 61.44% | 115.43 img/s | elapsed: 00:04:26 | eta: 00:02:47 | gpu: 0.2/2.2 GB
2026-07-19 17:19:10 | INFO | benchmark.run | Purified full train | Images: 31744/50000 | 63.49% | 115.41 img/s | elapsed: 00:04:35 | eta: 00:02:38 | gpu: 0.2/2.2 GB
2026-07-19 17:19:19 | INFO | benchmark.run | Purified full train | Images: 32768/50000 | 65.54% | 115.34 img/s | elapsed: 00:04:44 | eta: 00:02:29 | gpu: 0.2/2.2 GB
2026-07-19 17:19:28 | INFO | benchmark.run | Purified full train | Images: 33792/50000 | 67.58% | 115.30 img/s | elapsed: 00:04:53 | eta: 00:02:20 | gpu: 0.2/2.2 GB
2026-07-19 17:19:37 | INFO | benchmark.run | Purified full train | Images: 34816/50000 | 69.63% | 115.23 img/s | elapsed: 00:05:02 | eta: 00:02:11 | gpu: 0.2/2.2 GB
2026-07-19 17:19:46 | INFO | benchmark.run | Purified full train | Images: 35840/50000 | 71.68% | 115.19 img/s | elapsed: 00:05:11 | eta: 00:02:02 | gpu: 0.2/2.2 GB
2026-07-19 17:19:55 | INFO | benchmark.run | Purified full train | Images: 36864/50000 | 73.73% | 115.14 img/s | elapsed: 00:05:20 | eta: 00:01:54 | gpu: 0.2/2.2 GB
2026-07-19 17:20:04 | INFO | benchmark.run | Purified full train | Images: 37888/50000 | 75.78% | 115.17 img/s | elapsed: 00:05:28 | eta: 00:01:45 | gpu: 0.2/2.2 GB
2026-07-19 17:20:13 | INFO | benchmark.run | Purified full train | Images: 38912/50000 | 77.82% | 115.16 img/s | elapsed: 00:05:37 | eta: 00:01:36 | gpu: 0.2/2.2 GB
2026-07-19 17:20:22 | INFO | benchmark.run | Purified full train | Images: 39936/50000 | 79.87% | 115.10 img/s | elapsed: 00:05:46 | eta: 00:01:27 | gpu: 0.2/2.2 GB
2026-07-19 17:20:31 | INFO | benchmark.run | Purified full train | Images: 40960/50000 | 81.92% | 115.05 img/s | elapsed: 00:05:56 | eta: 00:01:18 | gpu: 0.2/2.2 GB
2026-07-19 17:20:40 | INFO | benchmark.run | Purified full train | Images: 41984/50000 | 83.97% | 114.99 img/s | elapsed: 00:06:05 | eta: 00:01:09 | gpu: 0.2/2.2 GB
2026-07-19 17:20:49 | INFO | benchmark.run | Purified full train | Images: 43008/50000 | 86.02% | 114.94 img/s | elapsed: 00:06:14 | eta: 00:01:00 | gpu: 0.2/2.2 GB
2026-07-19 17:20:58 | INFO | benchmark.run | Purified full train | Images: 44032/50000 | 88.06% | 114.98 img/s | elapsed: 00:06:22 | eta: 00:00:51 | gpu: 0.2/2.2 GB
2026-07-19 17:21:07 | INFO | benchmark.run | Purified full train | Images: 45056/50000 | 90.11% | 114.99 img/s | elapsed: 00:06:31 | eta: 00:00:42 | gpu: 0.2/2.2 GB
2026-07-19 17:21:16 | INFO | benchmark.run | Purified full train | Images: 46080/50000 | 92.16% | 114.99 img/s | elapsed: 00:06:40 | eta: 00:00:34 | gpu: 0.2/2.2 GB
2026-07-19 17:21:25 | INFO | benchmark.run | Purified full train | Images: 47104/50000 | 94.21% | 115.02 img/s | elapsed: 00:06:49 | eta: 00:00:25 | gpu: 0.2/2.2 GB
2026-07-19 17:21:34 | INFO | benchmark.run | Purified full train | Images: 48128/50000 | 96.26% | 115.00 img/s | elapsed: 00:06:58 | eta: 00:00:16 | gpu: 0.2/2.2 GB
2026-07-19 17:21:43 | INFO | benchmark.run | Purified full train | Images: 49152/50000 | 98.30% | 115.02 img/s | elapsed: 00:07:07 | eta: 00:00:07 | gpu: 0.2/2.2 GB
2026-07-19 17:21:51 | INFO | benchmark.run | Purified full train | Images: 50000/50000 | 100.00% | 114.70 img/s | elapsed: 00:07:15 | eta: 00:00:00 | gpu: 0.2/2.2 GB
2026-07-19 17:21:51 | INFO | benchmark.run | ================================================================================
2026-07-19 17:21:51 | INFO | benchmark.run | RETRAINING AND EVALUATING BP_c1_g1...
2026-07-19 17:21:51 | INFO | benchmark.run | ================================================================================
2026-07-19 17:21:52 | INFO | benchmark.run | Loading BP victim ResNet18 from ckpt-%s-4800.t7
==> Resuming from checkpoint for ResNet18..
Using Adam for retraining
2026-07-19 17:21:53, Epoch 0, Iteration 7, loss 0.331 (0.156), acc 90.385 (96.200)
2026-07-19 17:21:53, Epoch 50, Iteration 7, loss 0.000 (0.000), acc 100.000 (100.000)
Target Label: 2, Poison label: 1, Prediction:1, Target's Score:[3.746707371438118e-12, 0.9994458556175232, 0.0005540828569792211, 7.217640114048907e-13, 2.0659336630523373e-20, 8.061833867145651e-09, 1.7689278402079237e-20, 1.0064063367069037e-20, 2.0002379970433863e-16, 8.545592506342322e-29], Poisons' Predictions:[1, 1, 1, 1, 1, 1, 1, 1, 1, 1]
Now evaluating against camera taken images
2026-07-19 17:21:54 Epoch 59, Val iteration 0, acc 93.200 (93.200)
2026-07-19 17:21:56 Epoch 59, Val iteration 19, acc 93.400 (93.730)
* Prec: 93.73000144958496
2026-07-19 17:21:58 | INFO | benchmark.run | Loading BP victim ResNet18 from ckpt-%s-4800.t7
==> Resuming from checkpoint for ResNet18..
Using Adam for retraining
2026-07-19 17:21:59, Epoch 0, Iteration 7, loss 0.400 (0.322), acc 94.231 (92.000)
2026-07-19 17:21:59, Epoch 50, Iteration 7, loss 0.000 (0.001), acc 100.000 (100.000)
Target Label: 2, Poison label: 1, Prediction:2, Target's Score:[2.7819337594800026e-25, 5.712895839512993e-21, 1.0, 3.676884658991702e-17, 8.96734818142585e-19, 3.148993435800329e-12, 7.335386638385177e-15, 6.710930624608523e-27, 1.5420862496716765e-22, 4.299976261596778e-32], Poisons' Predictions:[1, 1, 1, 1, 1, 1, 1, 1, 1, 1]
Now evaluating against camera taken images
2026-07-19 17:21:59 Epoch 59, Val iteration 0, acc 93.400 (93.400)
2026-07-19 17:22:01 Epoch 59, Val iteration 19, acc 94.400 (93.690)
* Prec: 93.69000053405762
2026-07-19 17:22:01 | INFO | benchmark.run | Updated benchmark CSV: /media02/ndthuc03/cm-purify-targeted-poisoning/benchmark/outputs/slurm_73988/t_star_050/benchmark_results.csv
2026-07-19 17:22:01 | INFO | benchmark.run | ================================================================================
2026-07-19 17:22:01 | INFO | benchmark.run | CASE 5/30: BP_c2_g0 (BP)
2026-07-19 17:22:01 | INFO | benchmark.run | ================================================================================
2026-07-19 17:23:07 | INFO | benchmark.run | Materialized BP poisoned train | Images: 10000/50000 | 20.00% | 155.59 img/s | elapsed: 00:01:04 | eta: 00:04:17 | gpu: cpu
2026-07-19 17:24:11 | INFO | benchmark.run | Materialized BP poisoned train | Images: 20000/50000 | 40.00% | 156.42 img/s | elapsed: 00:02:07 | eta: 00:03:11 | gpu: cpu
2026-07-19 17:25:15 | INFO | benchmark.run | Materialized BP poisoned train | Images: 30000/50000 | 60.00% | 156.19 img/s | elapsed: 00:03:12 | eta: 00:02:08 | gpu: cpu
2026-07-19 17:26:20 | INFO | benchmark.run | Materialized BP poisoned train | Images: 40000/50000 | 80.00% | 155.64 img/s | elapsed: 00:04:17 | eta: 00:01:04 | gpu: cpu
2026-07-19 17:27:29 | INFO | benchmark.run | Materialized BP poisoned train | Images: 50000/50000 | 100.00% | 153.42 img/s | elapsed: 00:05:25 | eta: 00:00:00 | gpu: cpu
2026-07-19 17:27:41 | INFO | benchmark.run | Purified full train | Images: 1024/50000 | 2.05% | 105.24 img/s | elapsed: 00:00:09 | eta: 00:07:45 | gpu: 0.2/2.2 GB
2026-07-19 17:27:51 | INFO | benchmark.run | Purified full train | Images: 2048/50000 | 4.10% | 103.41 img/s | elapsed: 00:00:19 | eta: 00:07:43 | gpu: 0.2/2.2 GB
2026-07-19 17:28:01 | INFO | benchmark.run | Purified full train | Images: 3072/50000 | 6.14% | 102.80 img/s | elapsed: 00:00:29 | eta: 00:07:36 | gpu: 0.2/2.2 GB
2026-07-19 17:28:11 | INFO | benchmark.run | Purified full train | Images: 4096/50000 | 8.19% | 102.84 img/s | elapsed: 00:00:39 | eta: 00:07:26 | gpu: 0.2/2.2 GB
2026-07-19 17:28:21 | INFO | benchmark.run | Purified full train | Images: 5120/50000 | 10.24% | 102.60 img/s | elapsed: 00:00:49 | eta: 00:07:17 | gpu: 0.2/2.2 GB
2026-07-19 17:28:33 | INFO | benchmark.run | Purified full train | Images: 6144/50000 | 12.29% | 98.96 img/s | elapsed: 00:01:02 | eta: 00:07:23 | gpu: 0.2/2.2 GB
2026-07-19 17:28:43 | INFO | benchmark.run | Purified full train | Images: 7168/50000 | 14.34% | 100.01 img/s | elapsed: 00:01:11 | eta: 00:07:08 | gpu: 0.2/2.2 GB
2026-07-19 17:28:53 | INFO | benchmark.run | Purified full train | Images: 8192/50000 | 16.38% | 100.44 img/s | elapsed: 00:01:21 | eta: 00:06:56 | gpu: 0.2/2.2 GB
2026-07-19 17:29:03 | INFO | benchmark.run | Purified full train | Images: 9216/50000 | 18.43% | 100.55 img/s | elapsed: 00:01:31 | eta: 00:06:45 | gpu: 0.2/2.2 GB
2026-07-19 17:29:13 | INFO | benchmark.run | Purified full train | Images: 10240/50000 | 20.48% | 100.52 img/s | elapsed: 00:01:41 | eta: 00:06:35 | gpu: 0.2/2.2 GB
2026-07-19 17:29:23 | INFO | benchmark.run | Purified full train | Images: 11264/50000 | 22.53% | 101.12 img/s | elapsed: 00:01:51 | eta: 00:06:23 | gpu: 0.2/2.2 GB
2026-07-19 17:29:32 | INFO | benchmark.run | Purified full train | Images: 12288/50000 | 24.58% | 101.73 img/s | elapsed: 00:02:00 | eta: 00:06:10 | gpu: 0.2/2.2 GB
2026-07-19 17:29:42 | INFO | benchmark.run | Purified full train | Images: 13312/50000 | 26.62% | 102.16 img/s | elapsed: 00:02:10 | eta: 00:05:59 | gpu: 0.2/2.2 GB
2026-07-19 17:29:51 | INFO | benchmark.run | Purified full train | Images: 14336/50000 | 28.67% | 102.31 img/s | elapsed: 00:02:20 | eta: 00:05:48 | gpu: 0.2/2.2 GB
2026-07-19 17:30:01 | INFO | benchmark.run | Purified full train | Images: 15360/50000 | 30.72% | 102.37 img/s | elapsed: 00:02:30 | eta: 00:05:38 | gpu: 0.2/2.2 GB
2026-07-19 17:30:10 | INFO | benchmark.run | Purified full train | Images: 16384/50000 | 32.77% | 103.01 img/s | elapsed: 00:02:39 | eta: 00:05:26 | gpu: 0.2/2.2 GB
2026-07-19 17:30:19 | INFO | benchmark.run | Purified full train | Images: 17408/50000 | 34.82% | 103.57 img/s | elapsed: 00:02:48 | eta: 00:05:14 | gpu: 0.2/2.2 GB
2026-07-19 17:30:28 | INFO | benchmark.run | Purified full train | Images: 18432/50000 | 36.86% | 104.21 img/s | elapsed: 00:02:56 | eta: 00:05:02 | gpu: 0.2/2.2 GB
2026-07-19 17:30:37 | INFO | benchmark.run | Purified full train | Images: 19456/50000 | 38.91% | 104.71 img/s | elapsed: 00:03:05 | eta: 00:04:51 | gpu: 0.2/2.2 GB
2026-07-19 17:30:46 | INFO | benchmark.run | Purified full train | Images: 20480/50000 | 40.96% | 105.08 img/s | elapsed: 00:03:14 | eta: 00:04:40 | gpu: 0.2/2.2 GB
2026-07-19 17:30:55 | INFO | benchmark.run | Purified full train | Images: 21504/50000 | 43.01% | 105.50 img/s | elapsed: 00:03:23 | eta: 00:04:30 | gpu: 0.2/2.2 GB
2026-07-19 17:31:04 | INFO | benchmark.run | Purified full train | Images: 22528/50000 | 45.06% | 105.83 img/s | elapsed: 00:03:32 | eta: 00:04:19 | gpu: 0.2/2.2 GB
2026-07-19 17:31:13 | INFO | benchmark.run | Purified full train | Images: 23552/50000 | 47.10% | 106.23 img/s | elapsed: 00:03:41 | eta: 00:04:08 | gpu: 0.2/2.2 GB
2026-07-19 17:31:22 | INFO | benchmark.run | Purified full train | Images: 24576/50000 | 49.15% | 106.72 img/s | elapsed: 00:03:50 | eta: 00:03:58 | gpu: 0.2/2.2 GB
2026-07-19 17:31:30 | INFO | benchmark.run | Purified full train | Images: 25600/50000 | 51.20% | 107.02 img/s | elapsed: 00:03:59 | eta: 00:03:47 | gpu: 0.2/2.2 GB
2026-07-19 17:31:39 | INFO | benchmark.run | Purified full train | Images: 26624/50000 | 53.25% | 107.35 img/s | elapsed: 00:04:08 | eta: 00:03:37 | gpu: 0.2/2.2 GB
2026-07-19 17:31:48 | INFO | benchmark.run | Purified full train | Images: 27648/50000 | 55.30% | 107.66 img/s | elapsed: 00:04:16 | eta: 00:03:27 | gpu: 0.2/2.2 GB
2026-07-19 17:31:57 | INFO | benchmark.run | Purified full train | Images: 28672/50000 | 57.34% | 107.92 img/s | elapsed: 00:04:25 | eta: 00:03:17 | gpu: 0.2/2.2 GB
2026-07-19 17:32:06 | INFO | benchmark.run | Purified full train | Images: 29696/50000 | 59.39% | 108.09 img/s | elapsed: 00:04:34 | eta: 00:03:07 | gpu: 0.2/2.2 GB
2026-07-19 17:32:15 | INFO | benchmark.run | Purified full train | Images: 30720/50000 | 61.44% | 108.33 img/s | elapsed: 00:04:43 | eta: 00:02:57 | gpu: 0.2/2.2 GB
2026-07-19 17:32:24 | INFO | benchmark.run | Purified full train | Images: 31744/50000 | 63.49% | 108.53 img/s | elapsed: 00:04:52 | eta: 00:02:48 | gpu: 0.2/2.2 GB
2026-07-19 17:32:32 | INFO | benchmark.run | Purified full train | Images: 32768/50000 | 65.54% | 108.84 img/s | elapsed: 00:05:01 | eta: 00:02:38 | gpu: 0.2/2.2 GB
2026-07-19 17:32:41 | INFO | benchmark.run | Purified full train | Images: 33792/50000 | 67.58% | 109.00 img/s | elapsed: 00:05:10 | eta: 00:02:28 | gpu: 0.2/2.2 GB
2026-07-19 17:32:50 | INFO | benchmark.run | Purified full train | Images: 34816/50000 | 69.63% | 109.20 img/s | elapsed: 00:05:18 | eta: 00:02:19 | gpu: 0.2/2.2 GB
2026-07-19 17:32:59 | INFO | benchmark.run | Purified full train | Images: 35840/50000 | 71.68% | 109.45 img/s | elapsed: 00:05:27 | eta: 00:02:09 | gpu: 0.2/2.2 GB
2026-07-19 17:33:07 | INFO | benchmark.run | Purified full train | Images: 36864/50000 | 73.73% | 109.65 img/s | elapsed: 00:05:36 | eta: 00:01:59 | gpu: 0.2/2.2 GB
2026-07-19 17:33:16 | INFO | benchmark.run | Purified full train | Images: 37888/50000 | 75.78% | 109.81 img/s | elapsed: 00:05:45 | eta: 00:01:50 | gpu: 0.2/2.2 GB
2026-07-19 17:33:25 | INFO | benchmark.run | Purified full train | Images: 38912/50000 | 77.82% | 109.96 img/s | elapsed: 00:05:53 | eta: 00:01:40 | gpu: 0.2/2.2 GB
2026-07-19 17:33:34 | INFO | benchmark.run | Purified full train | Images: 39936/50000 | 79.87% | 110.09 img/s | elapsed: 00:06:02 | eta: 00:01:31 | gpu: 0.2/2.2 GB
2026-07-19 17:33:43 | INFO | benchmark.run | Purified full train | Images: 40960/50000 | 81.92% | 110.25 img/s | elapsed: 00:06:11 | eta: 00:01:21 | gpu: 0.2/2.2 GB
2026-07-19 17:33:52 | INFO | benchmark.run | Purified full train | Images: 41984/50000 | 83.97% | 110.36 img/s | elapsed: 00:06:20 | eta: 00:01:12 | gpu: 0.2/2.2 GB
2026-07-19 17:34:01 | INFO | benchmark.run | Purified full train | Images: 43008/50000 | 86.02% | 110.48 img/s | elapsed: 00:06:29 | eta: 00:01:03 | gpu: 0.2/2.2 GB
2026-07-19 17:34:10 | INFO | benchmark.run | Purified full train | Images: 44032/50000 | 88.06% | 110.53 img/s | elapsed: 00:06:38 | eta: 00:00:53 | gpu: 0.2/2.2 GB
2026-07-19 17:34:18 | INFO | benchmark.run | Purified full train | Images: 45056/50000 | 90.11% | 110.69 img/s | elapsed: 00:06:47 | eta: 00:00:44 | gpu: 0.2/2.2 GB
2026-07-19 17:34:27 | INFO | benchmark.run | Purified full train | Images: 46080/50000 | 92.16% | 110.78 img/s | elapsed: 00:06:55 | eta: 00:00:35 | gpu: 0.2/2.2 GB
2026-07-19 17:34:36 | INFO | benchmark.run | Purified full train | Images: 47104/50000 | 94.21% | 110.91 img/s | elapsed: 00:07:04 | eta: 00:00:26 | gpu: 0.2/2.2 GB
2026-07-19 17:34:45 | INFO | benchmark.run | Purified full train | Images: 48128/50000 | 96.26% | 110.98 img/s | elapsed: 00:07:13 | eta: 00:00:16 | gpu: 0.2/2.2 GB
2026-07-19 17:34:54 | INFO | benchmark.run | Purified full train | Images: 49152/50000 | 98.30% | 110.98 img/s | elapsed: 00:07:22 | eta: 00:00:07 | gpu: 0.2/2.2 GB
2026-07-19 17:35:01 | INFO | benchmark.run | Purified full train | Images: 50000/50000 | 100.00% | 111.09 img/s | elapsed: 00:07:30 | eta: 00:00:00 | gpu: 0.2/2.2 GB
2026-07-19 17:35:02 | INFO | benchmark.run | ================================================================================
2026-07-19 17:35:02 | INFO | benchmark.run | RETRAINING AND EVALUATING BP_c2_g0...
2026-07-19 17:35:02 | INFO | benchmark.run | ================================================================================
2026-07-19 17:35:03 | INFO | benchmark.run | Loading BP victim ResNet18 from ckpt-%s-4800.t7
==> Resuming from checkpoint for ResNet18..
Using Adam for retraining
2026-07-19 17:35:03, Epoch 0, Iteration 7, loss 0.205 (0.306), acc 98.077 (94.400)
2026-07-19 17:35:04, Epoch 50, Iteration 7, loss 0.002 (0.003), acc 100.000 (100.000)
Target Label: 5, Poison label: 2, Prediction:2, Target's Score:[9.191830151780746e-17, 1.3187209469214551e-14, 0.97621750831604, 1.0758727994562967e-23, 8.227845611876146e-18, 0.02378241717815399, 1.946955652254445e-10, 1.5615854747827203e-17, 1.0239160864664032e-12, 4.397571640168962e-09], Poisons' Predictions:[2, 2, 2, 2, 2, 2, 2, 2, 2, 2]
Now evaluating against camera taken images
2026-07-19 17:35:04 Epoch 59, Val iteration 0, acc 93.600 (93.600)
2026-07-19 17:35:06 Epoch 59, Val iteration 19, acc 94.800 (93.980)
* Prec: 93.98000221252441
2026-07-19 17:35:08 | INFO | benchmark.run | Loading BP victim ResNet18 from ckpt-%s-4800.t7
==> Resuming from checkpoint for ResNet18..
Using Adam for retraining
2026-07-19 17:35:09, Epoch 0, Iteration 7, loss 0.531 (0.734), acc 96.154 (85.400)
2026-07-19 17:35:09, Epoch 50, Iteration 7, loss 0.016 (0.012), acc 100.000 (99.800)
Target Label: 5, Poison label: 2, Prediction:5, Target's Score:[7.616393703076948e-18, 6.365423460682682e-14, 0.03314310684800148, 0.018560998141765594, 1.4111797680511706e-22, 0.9482924342155457, 2.7518651677382877e-06, 6.965213970033801e-07, 1.7173679601051316e-19, 4.26065405179088e-09], Poisons' Predictions:[2, 2, 2, 2, 2, 2, 2, 2, 2, 2]
Now evaluating against camera taken images
2026-07-19 17:35:09 Epoch 59, Val iteration 0, acc 94.400 (94.400)
2026-07-19 17:35:11 Epoch 59, Val iteration 19, acc 93.400 (93.140)
* Prec: 93.14000205993652
2026-07-19 17:35:11 | INFO | benchmark.run | Updated benchmark CSV: /media02/ndthuc03/cm-purify-targeted-poisoning/benchmark/outputs/slurm_73988/t_star_050/benchmark_results.csv
2026-07-19 17:35:11 | INFO | benchmark.run | ================================================================================
2026-07-19 17:35:11 | INFO | benchmark.run | CASE 6/30: BP_c2_g1 (BP)
2026-07-19 17:35:11 | INFO | benchmark.run | ================================================================================
2026-07-19 17:36:21 | INFO | benchmark.run | Materialized BP poisoned train | Images: 10000/50000 | 20.00% | 147.57 img/s | elapsed: 00:01:07 | eta: 00:04:31 | gpu: cpu
2026-07-19 17:37:31 | INFO | benchmark.run | Materialized BP poisoned train | Images: 20000/50000 | 40.00% | 144.57 img/s | elapsed: 00:02:18 | eta: 00:03:27 | gpu: cpu
2026-07-19 17:38:37 | INFO | benchmark.run | Materialized BP poisoned train | Images: 30000/50000 | 60.00% | 147.24 img/s | elapsed: 00:03:23 | eta: 00:02:15 | gpu: cpu
2026-07-19 17:39:48 | INFO | benchmark.run | Materialized BP poisoned train | Images: 40000/50000 | 80.00% | 145.45 img/s | elapsed: 00:04:35 | eta: 00:01:08 | gpu: cpu
2026-07-19 17:40:52 | INFO | benchmark.run | Materialized BP poisoned train | Images: 50000/50000 | 100.00% | 147.44 img/s | elapsed: 00:05:39 | eta: 00:00:00 | gpu: cpu
2026-07-19 17:41:03 | INFO | benchmark.run | Purified full train | Images: 1024/50000 | 2.05% | 117.80 img/s | elapsed: 00:00:08 | eta: 00:06:55 | gpu: 0.2/2.2 GB
2026-07-19 17:41:12 | INFO | benchmark.run | Purified full train | Images: 2048/50000 | 4.10% | 117.24 img/s | elapsed: 00:00:17 | eta: 00:06:49 | gpu: 0.2/2.2 GB
2026-07-19 17:41:21 | INFO | benchmark.run | Purified full train | Images: 3072/50000 | 6.14% | 117.00 img/s | elapsed: 00:00:26 | eta: 00:06:41 | gpu: 0.2/2.2 GB
2026-07-19 17:41:30 | INFO | benchmark.run | Purified full train | Images: 4096/50000 | 8.19% | 116.90 img/s | elapsed: 00:00:35 | eta: 00:06:32 | gpu: 0.2/2.2 GB
2026-07-19 17:41:38 | INFO | benchmark.run | Purified full train | Images: 5120/50000 | 10.24% | 116.42 img/s | elapsed: 00:00:43 | eta: 00:06:25 | gpu: 0.2/2.2 GB
2026-07-19 17:41:47 | INFO | benchmark.run | Purified full train | Images: 6144/50000 | 12.29% | 115.90 img/s | elapsed: 00:00:53 | eta: 00:06:18 | gpu: 0.2/2.2 GB
2026-07-19 17:41:56 | INFO | benchmark.run | Purified full train | Images: 7168/50000 | 14.34% | 116.07 img/s | elapsed: 00:01:01 | eta: 00:06:09 | gpu: 0.2/2.2 GB
2026-07-19 17:42:05 | INFO | benchmark.run | Purified full train | Images: 8192/50000 | 16.38% | 116.31 img/s | elapsed: 00:01:10 | eta: 00:05:59 | gpu: 0.2/2.2 GB
2026-07-19 17:42:14 | INFO | benchmark.run | Purified full train | Images: 9216/50000 | 18.43% | 116.43 img/s | elapsed: 00:01:19 | eta: 00:05:50 | gpu: 0.2/2.2 GB
2026-07-19 17:42:22 | INFO | benchmark.run | Purified full train | Images: 10240/50000 | 20.48% | 116.39 img/s | elapsed: 00:01:27 | eta: 00:05:41 | gpu: 0.2/2.2 GB
2026-07-19 17:42:31 | INFO | benchmark.run | Purified full train | Images: 11264/50000 | 22.53% | 116.53 img/s | elapsed: 00:01:36 | eta: 00:05:32 | gpu: 0.2/2.2 GB
2026-07-19 17:42:40 | INFO | benchmark.run | Purified full train | Images: 12288/50000 | 24.58% | 116.36 img/s | elapsed: 00:01:45 | eta: 00:05:24 | gpu: 0.2/2.2 GB
2026-07-19 17:42:49 | INFO | benchmark.run | Purified full train | Images: 13312/50000 | 26.62% | 116.18 img/s | elapsed: 00:01:54 | eta: 00:05:15 | gpu: 0.2/2.2 GB
2026-07-19 17:42:58 | INFO | benchmark.run | Purified full train | Images: 14336/50000 | 28.67% | 116.10 img/s | elapsed: 00:02:03 | eta: 00:05:07 | gpu: 0.2/2.2 GB
2026-07-19 17:43:07 | INFO | benchmark.run | Purified full train | Images: 15360/50000 | 30.72% | 116.05 img/s | elapsed: 00:02:12 | eta: 00:04:58 | gpu: 0.2/2.2 GB
2026-07-19 17:43:15 | INFO | benchmark.run | Purified full train | Images: 16384/50000 | 32.77% | 116.25 img/s | elapsed: 00:02:20 | eta: 00:04:49 | gpu: 0.2/2.2 GB
2026-07-19 17:43:24 | INFO | benchmark.run | Purified full train | Images: 17408/50000 | 34.82% | 116.32 img/s | elapsed: 00:02:29 | eta: 00:04:40 | gpu: 0.2/2.2 GB
2026-07-19 17:43:33 | INFO | benchmark.run | Purified full train | Images: 18432/50000 | 36.86% | 116.24 img/s | elapsed: 00:02:38 | eta: 00:04:31 | gpu: 0.2/2.2 GB
2026-07-19 17:43:42 | INFO | benchmark.run | Purified full train | Images: 19456/50000 | 38.91% | 116.12 img/s | elapsed: 00:02:47 | eta: 00:04:23 | gpu: 0.2/2.2 GB
2026-07-19 17:43:51 | INFO | benchmark.run | Purified full train | Images: 20480/50000 | 40.96% | 115.98 img/s | elapsed: 00:02:56 | eta: 00:04:14 | gpu: 0.2/2.2 GB
2026-07-19 17:44:00 | INFO | benchmark.run | Purified full train | Images: 21504/50000 | 43.01% | 115.91 img/s | elapsed: 00:03:05 | eta: 00:04:05 | gpu: 0.2/2.2 GB
2026-07-19 17:44:09 | INFO | benchmark.run | Purified full train | Images: 22528/50000 | 45.06% | 115.95 img/s | elapsed: 00:03:14 | eta: 00:03:56 | gpu: 0.2/2.2 GB
2026-07-19 17:44:18 | INFO | benchmark.run | Purified full train | Images: 23552/50000 | 47.10% | 115.74 img/s | elapsed: 00:03:23 | eta: 00:03:48 | gpu: 0.2/2.2 GB
2026-07-19 17:44:27 | INFO | benchmark.run | Purified full train | Images: 24576/50000 | 49.15% | 115.50 img/s | elapsed: 00:03:32 | eta: 00:03:40 | gpu: 0.2/2.2 GB
2026-07-19 17:44:36 | INFO | benchmark.run | Purified full train | Images: 25600/50000 | 51.20% | 115.44 img/s | elapsed: 00:03:41 | eta: 00:03:31 | gpu: 0.2/2.2 GB
2026-07-19 17:44:45 | INFO | benchmark.run | Purified full train | Images: 26624/50000 | 53.25% | 115.50 img/s | elapsed: 00:03:50 | eta: 00:03:22 | gpu: 0.2/2.2 GB
2026-07-19 17:44:54 | INFO | benchmark.run | Purified full train | Images: 27648/50000 | 55.30% | 115.50 img/s | elapsed: 00:03:59 | eta: 00:03:13 | gpu: 0.2/2.2 GB
2026-07-19 17:45:03 | INFO | benchmark.run | Purified full train | Images: 28672/50000 | 57.34% | 115.42 img/s | elapsed: 00:04:08 | eta: 00:03:04 | gpu: 0.2/2.2 GB
2026-07-19 17:45:12 | INFO | benchmark.run | Purified full train | Images: 29696/50000 | 59.39% | 115.35 img/s | elapsed: 00:04:17 | eta: 00:02:56 | gpu: 0.2/2.2 GB
2026-07-19 17:45:21 | INFO | benchmark.run | Purified full train | Images: 30720/50000 | 61.44% | 115.20 img/s | elapsed: 00:04:26 | eta: 00:02:47 | gpu: 0.2/2.2 GB
2026-07-19 17:45:30 | INFO | benchmark.run | Purified full train | Images: 31744/50000 | 63.49% | 115.09 img/s | elapsed: 00:04:35 | eta: 00:02:38 | gpu: 0.2/2.2 GB
2026-07-19 17:45:39 | INFO | benchmark.run | Purified full train | Images: 32768/50000 | 65.54% | 115.05 img/s | elapsed: 00:04:44 | eta: 00:02:29 | gpu: 0.2/2.2 GB
2026-07-19 17:45:48 | INFO | benchmark.run | Purified full train | Images: 33792/50000 | 67.58% | 115.01 img/s | elapsed: 00:04:53 | eta: 00:02:20 | gpu: 0.2/2.2 GB
2026-07-19 17:45:58 | INFO | benchmark.run | Purified full train | Images: 34816/50000 | 69.63% | 114.87 img/s | elapsed: 00:05:03 | eta: 00:02:12 | gpu: 0.2/2.2 GB
2026-07-19 17:46:06 | INFO | benchmark.run | Purified full train | Images: 35840/50000 | 71.68% | 114.88 img/s | elapsed: 00:05:11 | eta: 00:02:03 | gpu: 0.2/2.2 GB
2026-07-19 17:46:16 | INFO | benchmark.run | Purified full train | Images: 36864/50000 | 73.73% | 114.82 img/s | elapsed: 00:05:21 | eta: 00:01:54 | gpu: 0.2/2.2 GB
2026-07-19 17:46:24 | INFO | benchmark.run | Purified full train | Images: 37888/50000 | 75.78% | 114.83 img/s | elapsed: 00:05:29 | eta: 00:01:45 | gpu: 0.2/2.2 GB
2026-07-19 17:46:34 | INFO | benchmark.run | Purified full train | Images: 38912/50000 | 77.82% | 114.73 img/s | elapsed: 00:05:39 | eta: 00:01:36 | gpu: 0.2/2.2 GB
2026-07-19 17:46:43 | INFO | benchmark.run | Purified full train | Images: 39936/50000 | 79.87% | 114.66 img/s | elapsed: 00:05:48 | eta: 00:01:27 | gpu: 0.2/2.2 GB
2026-07-19 17:46:52 | INFO | benchmark.run | Purified full train | Images: 40960/50000 | 81.92% | 114.67 img/s | elapsed: 00:05:57 | eta: 00:01:18 | gpu: 0.2/2.2 GB
2026-07-19 17:47:01 | INFO | benchmark.run | Purified full train | Images: 41984/50000 | 83.97% | 114.62 img/s | elapsed: 00:06:06 | eta: 00:01:09 | gpu: 0.2/2.2 GB
2026-07-19 17:47:10 | INFO | benchmark.run | Purified full train | Images: 43008/50000 | 86.02% | 114.61 img/s | elapsed: 00:06:15 | eta: 00:01:01 | gpu: 0.2/2.2 GB
2026-07-19 17:47:19 | INFO | benchmark.run | Purified full train | Images: 44032/50000 | 88.06% | 114.56 img/s | elapsed: 00:06:24 | eta: 00:00:52 | gpu: 0.2/2.2 GB
2026-07-19 17:47:28 | INFO | benchmark.run | Purified full train | Images: 45056/50000 | 90.11% | 114.63 img/s | elapsed: 00:06:33 | eta: 00:00:43 | gpu: 0.2/2.2 GB
2026-07-19 17:47:36 | INFO | benchmark.run | Purified full train | Images: 46080/50000 | 92.16% | 114.67 img/s | elapsed: 00:06:41 | eta: 00:00:34 | gpu: 0.2/2.2 GB
2026-07-19 17:47:45 | INFO | benchmark.run | Purified full train | Images: 47104/50000 | 94.21% | 114.71 img/s | elapsed: 00:06:50 | eta: 00:00:25 | gpu: 0.2/2.2 GB
2026-07-19 17:47:54 | INFO | benchmark.run | Purified full train | Images: 48128/50000 | 96.26% | 114.77 img/s | elapsed: 00:06:59 | eta: 00:00:16 | gpu: 0.2/2.2 GB
2026-07-19 17:48:03 | INFO | benchmark.run | Purified full train | Images: 49152/50000 | 98.30% | 114.70 img/s | elapsed: 00:07:08 | eta: 00:00:07 | gpu: 0.2/2.2 GB
2026-07-19 17:48:10 | INFO | benchmark.run | Purified full train | Images: 50000/50000 | 100.00% | 114.68 img/s | elapsed: 00:07:16 | eta: 00:00:00 | gpu: 0.2/2.2 GB
2026-07-19 17:48:11 | INFO | benchmark.run | ================================================================================
2026-07-19 17:48:11 | INFO | benchmark.run | RETRAINING AND EVALUATING BP_c2_g1...
2026-07-19 17:48:11 | INFO | benchmark.run | ================================================================================
2026-07-19 17:48:12 | INFO | benchmark.run | Loading BP victim ResNet18 from ckpt-%s-4800.t7
==> Resuming from checkpoint for ResNet18..
Using Adam for retraining
2026-07-19 17:48:13, Epoch 0, Iteration 7, loss 0.051 (0.371), acc 98.077 (93.200)
2026-07-19 17:48:13, Epoch 50, Iteration 7, loss 0.001 (0.001), acc 100.000 (100.000)
Target Label: 9, Poison label: 2, Prediction:2, Target's Score:[3.732551796634153e-16, 8.186797051910888e-13, 0.9842897057533264, 5.2356059381853965e-16, 3.2873094324901036e-18, 1.6426479452916545e-14, 7.417764476945815e-18, 3.5252325811508615e-19, 3.9003400661118126e-13, 0.01571030728518963], Poisons' Predictions:[2, 2, 2, 2, 2, 2, 2, 2, 2, 2]
Now evaluating against camera taken images
2026-07-19 17:48:13 Epoch 59, Val iteration 0, acc 93.400 (93.400)
2026-07-19 17:48:15 Epoch 59, Val iteration 19, acc 94.000 (93.980)
* Prec: 93.98000144958496
2026-07-19 17:48:17 | INFO | benchmark.run | Loading BP victim ResNet18 from ckpt-%s-4800.t7
==> Resuming from checkpoint for ResNet18..
Using Adam for retraining
2026-07-19 17:48:18, Epoch 0, Iteration 7, loss 0.598 (0.609), acc 94.231 (90.000)
2026-07-19 17:48:18, Epoch 50, Iteration 7, loss 0.000 (0.001), acc 100.000 (100.000)
Target Label: 9, Poison label: 2, Prediction:9, Target's Score:[4.1189528084946545e-24, 8.955088545839008e-16, 1.5372012057923712e-05, 2.379875636837614e-11, 5.268529810026175e-21, 4.4148316570768046e-23, 7.898098788716948e-33, 4.090986111682759e-24, 6.753613084036032e-27, 0.999984622001648], Poisons' Predictions:[2, 2, 2, 2, 2, 2, 2, 2, 2, 2]
Now evaluating against camera taken images
2026-07-19 17:48:18 Epoch 59, Val iteration 0, acc 92.200 (92.200)
2026-07-19 17:48:20 Epoch 59, Val iteration 19, acc 94.000 (93.120)
* Prec: 93.12000160217285
2026-07-19 17:48:20 | INFO | benchmark.run | Updated benchmark CSV: /media02/ndthuc03/cm-purify-targeted-poisoning/benchmark/outputs/slurm_73988/t_star_050/benchmark_results.csv
2026-07-19 17:48:20 | INFO | benchmark.run | ================================================================================
2026-07-19 17:48:20 | INFO | benchmark.run | CASE 7/30: BP_c3_g0 (BP)
2026-07-19 17:48:20 | INFO | benchmark.run | ================================================================================
2026-07-19 17:49:28 | INFO | benchmark.run | Materialized BP poisoned train | Images: 10000/50000 | 20.00% | 152.44 img/s | elapsed: 00:01:05 | eta: 00:04:22 | gpu: cpu
2026-07-19 17:50:33 | INFO | benchmark.run | Materialized BP poisoned train | Images: 20000/50000 | 40.00% | 152.69 img/s | elapsed: 00:02:10 | eta: 00:03:16 | gpu: cpu
2026-07-19 17:51:40 | INFO | benchmark.run | Materialized BP poisoned train | Images: 30000/50000 | 60.00% | 152.02 img/s | elapsed: 00:03:17 | eta: 00:02:11 | gpu: cpu
2026-07-19 17:52:48 | INFO | benchmark.run | Materialized BP poisoned train | Images: 40000/50000 | 80.00% | 150.44 img/s | elapsed: 00:04:25 | eta: 00:01:06 | gpu: cpu
2026-07-19 17:53:52 | INFO | benchmark.run | Materialized BP poisoned train | Images: 50000/50000 | 100.00% | 151.85 img/s | elapsed: 00:05:29 | eta: 00:00:00 | gpu: cpu
2026-07-19 17:54:03 | INFO | benchmark.run | Purified full train | Images: 1024/50000 | 2.05% | 116.27 img/s | elapsed: 00:00:08 | eta: 00:07:01 | gpu: 0.2/2.2 GB
2026-07-19 17:54:12 | INFO | benchmark.run | Purified full train | Images: 2048/50000 | 4.10% | 113.39 img/s | elapsed: 00:00:18 | eta: 00:07:02 | gpu: 0.2/2.2 GB
2026-07-19 17:54:21 | INFO | benchmark.run | Purified full train | Images: 3072/50000 | 6.14% | 111.84 img/s | elapsed: 00:00:27 | eta: 00:06:59 | gpu: 0.2/2.2 GB
2026-07-19 17:54:30 | INFO | benchmark.run | Purified full train | Images: 4096/50000 | 8.19% | 112.76 img/s | elapsed: 00:00:36 | eta: 00:06:47 | gpu: 0.2/2.2 GB
2026-07-19 17:54:39 | INFO | benchmark.run | Purified full train | Images: 5120/50000 | 10.24% | 112.65 img/s | elapsed: 00:00:45 | eta: 00:06:38 | gpu: 0.2/2.2 GB
2026-07-19 17:54:48 | INFO | benchmark.run | Purified full train | Images: 6144/50000 | 12.29% | 112.48 img/s | elapsed: 00:00:54 | eta: 00:06:29 | gpu: 0.2/2.2 GB
2026-07-19 17:54:57 | INFO | benchmark.run | Purified full train | Images: 7168/50000 | 14.34% | 112.92 img/s | elapsed: 00:01:03 | eta: 00:06:19 | gpu: 0.2/2.2 GB
2026-07-19 17:55:06 | INFO | benchmark.run | Purified full train | Images: 8192/50000 | 16.38% | 113.02 img/s | elapsed: 00:01:12 | eta: 00:06:09 | gpu: 0.2/2.2 GB
2026-07-19 17:55:16 | INFO | benchmark.run | Purified full train | Images: 9216/50000 | 18.43% | 112.05 img/s | elapsed: 00:01:22 | eta: 00:06:03 | gpu: 0.2/2.2 GB
2026-07-19 17:55:25 | INFO | benchmark.run | Purified full train | Images: 10240/50000 | 20.48% | 111.81 img/s | elapsed: 00:01:31 | eta: 00:05:55 | gpu: 0.2/2.2 GB
2026-07-19 17:55:34 | INFO | benchmark.run | Purified full train | Images: 11264/50000 | 22.53% | 112.09 img/s | elapsed: 00:01:40 | eta: 00:05:45 | gpu: 0.2/2.2 GB
2026-07-19 17:55:43 | INFO | benchmark.run | Purified full train | Images: 12288/50000 | 24.58% | 112.21 img/s | elapsed: 00:01:49 | eta: 00:05:36 | gpu: 0.2/2.2 GB
2026-07-19 17:55:53 | INFO | benchmark.run | Purified full train | Images: 13312/50000 | 26.62% | 111.95 img/s | elapsed: 00:01:58 | eta: 00:05:27 | gpu: 0.2/2.2 GB
2026-07-19 17:56:02 | INFO | benchmark.run | Purified full train | Images: 14336/50000 | 28.67% | 112.16 img/s | elapsed: 00:02:07 | eta: 00:05:17 | gpu: 0.2/2.2 GB
2026-07-19 17:56:10 | INFO | benchmark.run | Purified full train | Images: 15360/50000 | 30.72% | 112.34 img/s | elapsed: 00:02:16 | eta: 00:05:08 | gpu: 0.2/2.2 GB
2026-07-19 17:56:19 | INFO | benchmark.run | Purified full train | Images: 16384/50000 | 32.77% | 112.50 img/s | elapsed: 00:02:25 | eta: 00:04:58 | gpu: 0.2/2.2 GB
2026-07-19 17:56:28 | INFO | benchmark.run | Purified full train | Images: 17408/50000 | 34.82% | 112.58 img/s | elapsed: 00:02:34 | eta: 00:04:49 | gpu: 0.2/2.2 GB
2026-07-19 17:56:37 | INFO | benchmark.run | Purified full train | Images: 18432/50000 | 36.86% | 112.60 img/s | elapsed: 00:02:43 | eta: 00:04:40 | gpu: 0.2/2.2 GB
2026-07-19 17:56:46 | INFO | benchmark.run | Purified full train | Images: 19456/50000 | 38.91% | 112.61 img/s | elapsed: 00:02:52 | eta: 00:04:31 | gpu: 0.2/2.2 GB
2026-07-19 17:56:56 | INFO | benchmark.run | Purified full train | Images: 20480/50000 | 40.96% | 112.40 img/s | elapsed: 00:03:02 | eta: 00:04:22 | gpu: 0.2/2.2 GB
2026-07-19 17:57:05 | INFO | benchmark.run | Purified full train | Images: 21504/50000 | 43.01% | 112.57 img/s | elapsed: 00:03:11 | eta: 00:04:13 | gpu: 0.2/2.2 GB
2026-07-19 17:57:14 | INFO | benchmark.run | Purified full train | Images: 22528/50000 | 45.06% | 112.72 img/s | elapsed: 00:03:19 | eta: 00:04:03 | gpu: 0.2/2.2 GB
2026-07-19 17:57:22 | INFO | benchmark.run | Purified full train | Images: 23552/50000 | 47.10% | 112.83 img/s | elapsed: 00:03:28 | eta: 00:03:54 | gpu: 0.2/2.2 GB
2026-07-19 17:57:31 | INFO | benchmark.run | Purified full train | Images: 24576/50000 | 49.15% | 112.88 img/s | elapsed: 00:03:37 | eta: 00:03:45 | gpu: 0.2/2.2 GB
2026-07-19 17:57:40 | INFO | benchmark.run | Purified full train | Images: 25600/50000 | 51.20% | 113.04 img/s | elapsed: 00:03:46 | eta: 00:03:35 | gpu: 0.2/2.2 GB
2026-07-19 17:57:49 | INFO | benchmark.run | Purified full train | Images: 26624/50000 | 53.25% | 113.17 img/s | elapsed: 00:03:55 | eta: 00:03:26 | gpu: 0.2/2.2 GB
2026-07-19 17:57:58 | INFO | benchmark.run | Purified full train | Images: 27648/50000 | 55.30% | 113.26 img/s | elapsed: 00:04:04 | eta: 00:03:17 | gpu: 0.2/2.2 GB
2026-07-19 17:58:07 | INFO | benchmark.run | Purified full train | Images: 28672/50000 | 57.34% | 113.33 img/s | elapsed: 00:04:12 | eta: 00:03:08 | gpu: 0.2/2.2 GB
2026-07-19 17:58:16 | INFO | benchmark.run | Purified full train | Images: 29696/50000 | 59.39% | 113.38 img/s | elapsed: 00:04:21 | eta: 00:02:59 | gpu: 0.2/2.2 GB
2026-07-19 17:58:25 | INFO | benchmark.run | Purified full train | Images: 30720/50000 | 61.44% | 113.39 img/s | elapsed: 00:04:30 | eta: 00:02:50 | gpu: 0.2/2.2 GB
2026-07-19 17:58:34 | INFO | benchmark.run | Purified full train | Images: 31744/50000 | 63.49% | 113.39 img/s | elapsed: 00:04:39 | eta: 00:02:40 | gpu: 0.2/2.2 GB
2026-07-19 17:58:42 | INFO | benchmark.run | Purified full train | Images: 32768/50000 | 65.54% | 113.51 img/s | elapsed: 00:04:48 | eta: 00:02:31 | gpu: 0.2/2.2 GB
2026-07-19 17:58:51 | INFO | benchmark.run | Purified full train | Images: 33792/50000 | 67.58% | 113.51 img/s | elapsed: 00:04:57 | eta: 00:02:22 | gpu: 0.2/2.2 GB
2026-07-19 17:59:00 | INFO | benchmark.run | Purified full train | Images: 34816/50000 | 69.63% | 113.58 img/s | elapsed: 00:05:06 | eta: 00:02:13 | gpu: 0.2/2.2 GB
2026-07-19 17:59:09 | INFO | benchmark.run | Purified full train | Images: 35840/50000 | 71.68% | 113.60 img/s | elapsed: 00:05:15 | eta: 00:02:04 | gpu: 0.2/2.2 GB
2026-07-19 17:59:22 | INFO | benchmark.run | Purified full train | Images: 36864/50000 | 73.73% | 112.44 img/s | elapsed: 00:05:27 | eta: 00:01:56 | gpu: 0.2/2.2 GB
2026-07-19 17:59:31 | INFO | benchmark.run | Purified full train | Images: 37888/50000 | 75.78% | 112.49 img/s | elapsed: 00:05:36 | eta: 00:01:47 | gpu: 0.2/2.2 GB
2026-07-19 17:59:40 | INFO | benchmark.run | Purified full train | Images: 38912/50000 | 77.82% | 112.48 img/s | elapsed: 00:05:45 | eta: 00:01:38 | gpu: 0.2/2.2 GB
2026-07-19 17:59:49 | INFO | benchmark.run | Purified full train | Images: 39936/50000 | 79.87% | 112.48 img/s | elapsed: 00:05:55 | eta: 00:01:29 | gpu: 0.2/2.2 GB
2026-07-19 17:59:58 | INFO | benchmark.run | Purified full train | Images: 40960/50000 | 81.92% | 112.45 img/s | elapsed: 00:06:04 | eta: 00:01:20 | gpu: 0.2/2.2 GB
2026-07-19 18:00:07 | INFO | benchmark.run | Purified full train | Images: 41984/50000 | 83.97% | 112.39 img/s | elapsed: 00:06:13 | eta: 00:01:11 | gpu: 0.2/2.2 GB
2026-07-19 18:00:16 | INFO | benchmark.run | Purified full train | Images: 43008/50000 | 86.02% | 112.44 img/s | elapsed: 00:06:22 | eta: 00:01:02 | gpu: 0.2/2.2 GB
2026-07-19 18:00:25 | INFO | benchmark.run | Purified full train | Images: 44032/50000 | 88.06% | 112.55 img/s | elapsed: 00:06:31 | eta: 00:00:53 | gpu: 0.2/2.2 GB
2026-07-19 18:00:34 | INFO | benchmark.run | Purified full train | Images: 45056/50000 | 90.11% | 112.60 img/s | elapsed: 00:06:40 | eta: 00:00:43 | gpu: 0.2/2.2 GB
2026-07-19 18:00:43 | INFO | benchmark.run | Purified full train | Images: 46080/50000 | 92.16% | 112.71 img/s | elapsed: 00:06:48 | eta: 00:00:34 | gpu: 0.2/2.2 GB
2026-07-19 18:00:51 | INFO | benchmark.run | Purified full train | Images: 47104/50000 | 94.21% | 112.82 img/s | elapsed: 00:06:57 | eta: 00:00:25 | gpu: 0.2/2.2 GB
2026-07-19 18:01:00 | INFO | benchmark.run | Purified full train | Images: 48128/50000 | 96.26% | 112.91 img/s | elapsed: 00:07:06 | eta: 00:00:16 | gpu: 0.2/2.2 GB
2026-07-19 18:01:09 | INFO | benchmark.run | Purified full train | Images: 49152/50000 | 98.30% | 112.94 img/s | elapsed: 00:07:15 | eta: 00:00:07 | gpu: 0.2/2.2 GB
2026-07-19 18:01:16 | INFO | benchmark.run | Purified full train | Images: 50000/50000 | 100.00% | 112.99 img/s | elapsed: 00:07:22 | eta: 00:00:00 | gpu: 0.2/2.2 GB
2026-07-19 18:01:17 | INFO | benchmark.run | ================================================================================
2026-07-19 18:01:17 | INFO | benchmark.run | RETRAINING AND EVALUATING BP_c3_g0...
2026-07-19 18:01:17 | INFO | benchmark.run | ================================================================================
2026-07-19 18:01:18 | INFO | benchmark.run | Loading BP victim ResNet18 from ckpt-%s-4800.t7
==> Resuming from checkpoint for ResNet18..
Using Adam for retraining
2026-07-19 18:01:18, Epoch 0, Iteration 7, loss 0.251 (0.417), acc 90.385 (88.400)
2026-07-19 18:01:19, Epoch 50, Iteration 7, loss 0.004 (0.002), acc 100.000 (100.000)
Target Label: 1, Poison label: 3, Prediction:3, Target's Score:[3.027078099900743e-13, 0.01984708197414875, 3.2455781118212457e-11, 0.9801529049873352, 7.082897551753458e-15, 9.32127842251905e-14, 6.015483731101212e-17, 1.1893209309635967e-20, 5.36102662263005e-10, 3.8987251469758955e-13], Poisons' Predictions:[3, 3, 3, 3, 3, 3, 3, 3, 3, 3]
Now evaluating against camera taken images
2026-07-19 18:01:19 Epoch 59, Val iteration 0, acc 92.600 (92.600)
2026-07-19 18:01:21 Epoch 59, Val iteration 19, acc 95.000 (93.150)
* Prec: 93.1500015258789
2026-07-19 18:01:23 | INFO | benchmark.run | Loading BP victim ResNet18 from ckpt-%s-4800.t7
==> Resuming from checkpoint for ResNet18..
Using Adam for retraining
2026-07-19 18:01:24, Epoch 0, Iteration 7, loss 0.049 (0.414), acc 98.077 (87.800)
2026-07-19 18:01:24, Epoch 50, Iteration 7, loss 0.004 (0.008), acc 100.000 (99.800)
Target Label: 1, Poison label: 3, Prediction:1, Target's Score:[5.1060714684192376e-11, 0.9990353584289551, 1.3768806407521428e-11, 0.0009592415881343186, 1.0905291183544126e-36, 5.45591183254146e-06, 4.029165259796687e-21, 3.929338227728689e-19, 3.6325664698466653e-12, 8.729417189101696e-11], Poisons' Predictions:[3, 3, 3, 3, 3, 3, 3, 3, 3, 3]
Now evaluating against camera taken images
2026-07-19 18:01:24 Epoch 59, Val iteration 0, acc 93.800 (93.800)
2026-07-19 18:01:26 Epoch 59, Val iteration 19, acc 95.000 (93.700)
* Prec: 93.70000114440919
2026-07-19 18:01:27 | INFO | benchmark.run | Updated benchmark CSV: /media02/ndthuc03/cm-purify-targeted-poisoning/benchmark/outputs/slurm_73988/t_star_050/benchmark_results.csv
2026-07-19 18:01:27 | INFO | benchmark.run | ================================================================================
2026-07-19 18:01:27 | INFO | benchmark.run | CASE 8/30: BP_c3_g1 (BP)
2026-07-19 18:01:27 | INFO | benchmark.run | ================================================================================
2026-07-19 18:02:33 | INFO | benchmark.run | Materialized BP poisoned train | Images: 10000/50000 | 20.00% | 154.14 img/s | elapsed: 00:01:04 | eta: 00:04:19 | gpu: cpu
2026-07-19 18:03:37 | INFO | benchmark.run | Materialized BP poisoned train | Images: 20000/50000 | 40.00% | 154.97 img/s | elapsed: 00:02:09 | eta: 00:03:13 | gpu: cpu
2026-07-19 18:04:46 | INFO | benchmark.run | Materialized BP poisoned train | Images: 30000/50000 | 60.00% | 151.64 img/s | elapsed: 00:03:17 | eta: 00:02:11 | gpu: cpu
2026-07-19 18:05:54 | INFO | benchmark.run | Materialized BP poisoned train | Images: 40000/50000 | 80.00% | 150.25 img/s | elapsed: 00:04:26 | eta: 00:01:06 | gpu: cpu
2026-07-19 18:07:02 | INFO | benchmark.run | Materialized BP poisoned train | Images: 50000/50000 | 100.00% | 149.84 img/s | elapsed: 00:05:33 | eta: 00:00:00 | gpu: cpu
2026-07-19 18:07:13 | INFO | benchmark.run | Purified full train | Images: 1024/50000 | 2.05% | 113.25 img/s | elapsed: 00:00:09 | eta: 00:07:12 | gpu: 0.2/2.2 GB
2026-07-19 18:07:22 | INFO | benchmark.run | Purified full train | Images: 2048/50000 | 4.10% | 113.20 img/s | elapsed: 00:00:18 | eta: 00:07:03 | gpu: 0.2/2.2 GB
2026-07-19 18:07:31 | INFO | benchmark.run | Purified full train | Images: 3072/50000 | 6.14% | 113.05 img/s | elapsed: 00:00:27 | eta: 00:06:55 | gpu: 0.2/2.2 GB
2026-07-19 18:07:40 | INFO | benchmark.run | Purified full train | Images: 4096/50000 | 8.19% | 113.44 img/s | elapsed: 00:00:36 | eta: 00:06:44 | gpu: 0.2/2.2 GB
2026-07-19 18:07:49 | INFO | benchmark.run | Purified full train | Images: 5120/50000 | 10.24% | 113.92 img/s | elapsed: 00:00:44 | eta: 00:06:33 | gpu: 0.2/2.2 GB
2026-07-19 18:07:58 | INFO | benchmark.run | Purified full train | Images: 6144/50000 | 12.29% | 114.67 img/s | elapsed: 00:00:53 | eta: 00:06:22 | gpu: 0.2/2.2 GB
2026-07-19 18:08:07 | INFO | benchmark.run | Purified full train | Images: 7168/50000 | 14.34% | 114.46 img/s | elapsed: 00:01:02 | eta: 00:06:14 | gpu: 0.2/2.2 GB
2026-07-19 18:08:16 | INFO | benchmark.run | Purified full train | Images: 8192/50000 | 16.38% | 114.28 img/s | elapsed: 00:01:11 | eta: 00:06:05 | gpu: 0.2/2.2 GB
2026-07-19 18:08:25 | INFO | benchmark.run | Purified full train | Images: 9216/50000 | 18.43% | 114.34 img/s | elapsed: 00:01:20 | eta: 00:05:56 | gpu: 0.2/2.2 GB
2026-07-19 18:08:34 | INFO | benchmark.run | Purified full train | Images: 10240/50000 | 20.48% | 114.43 img/s | elapsed: 00:01:29 | eta: 00:05:47 | gpu: 0.2/2.2 GB
2026-07-19 18:08:42 | INFO | benchmark.run | Purified full train | Images: 11264/50000 | 22.53% | 114.58 img/s | elapsed: 00:01:38 | eta: 00:05:38 | gpu: 0.2/2.2 GB
2026-07-19 18:08:51 | INFO | benchmark.run | Purified full train | Images: 12288/50000 | 24.58% | 114.49 img/s | elapsed: 00:01:47 | eta: 00:05:29 | gpu: 0.2/2.2 GB
2026-07-19 18:09:00 | INFO | benchmark.run | Purified full train | Images: 13312/50000 | 26.62% | 114.39 img/s | elapsed: 00:01:56 | eta: 00:05:20 | gpu: 0.2/2.2 GB
2026-07-19 18:09:09 | INFO | benchmark.run | Purified full train | Images: 14336/50000 | 28.67% | 114.36 img/s | elapsed: 00:02:05 | eta: 00:05:11 | gpu: 0.2/2.2 GB
2026-07-19 18:09:18 | INFO | benchmark.run | Purified full train | Images: 15360/50000 | 30.72% | 114.33 img/s | elapsed: 00:02:14 | eta: 00:05:02 | gpu: 0.2/2.2 GB
2026-07-19 18:09:29 | INFO | benchmark.run | Purified full train | Images: 16384/50000 | 32.77% | 112.78 img/s | elapsed: 00:02:25 | eta: 00:04:58 | gpu: 0.2/2.2 GB
2026-07-19 18:09:38 | INFO | benchmark.run | Purified full train | Images: 17408/50000 | 34.82% | 113.02 img/s | elapsed: 00:02:34 | eta: 00:04:48 | gpu: 0.2/2.2 GB
2026-07-19 18:09:47 | INFO | benchmark.run | Purified full train | Images: 18432/50000 | 36.86% | 113.15 img/s | elapsed: 00:02:42 | eta: 00:04:38 | gpu: 0.2/2.2 GB
2026-07-19 18:09:56 | INFO | benchmark.run | Purified full train | Images: 19456/50000 | 38.91% | 113.41 img/s | elapsed: 00:02:51 | eta: 00:04:29 | gpu: 0.2/2.2 GB
2026-07-19 18:10:05 | INFO | benchmark.run | Purified full train | Images: 20480/50000 | 40.96% | 113.44 img/s | elapsed: 00:03:00 | eta: 00:04:20 | gpu: 0.2/2.2 GB
2026-07-19 18:10:13 | INFO | benchmark.run | Purified full train | Images: 21504/50000 | 43.01% | 113.71 img/s | elapsed: 00:03:09 | eta: 00:04:10 | gpu: 0.2/2.2 GB
2026-07-19 18:10:22 | INFO | benchmark.run | Purified full train | Images: 22528/50000 | 45.06% | 113.66 img/s | elapsed: 00:03:18 | eta: 00:04:01 | gpu: 0.2/2.2 GB
2026-07-19 18:10:31 | INFO | benchmark.run | Purified full train | Images: 23552/50000 | 47.10% | 113.77 img/s | elapsed: 00:03:27 | eta: 00:03:52 | gpu: 0.2/2.2 GB
2026-07-19 18:10:40 | INFO | benchmark.run | Purified full train | Images: 24576/50000 | 49.15% | 113.96 img/s | elapsed: 00:03:35 | eta: 00:03:43 | gpu: 0.2/2.2 GB
2026-07-19 18:10:49 | INFO | benchmark.run | Purified full train | Images: 25600/50000 | 51.20% | 114.04 img/s | elapsed: 00:03:44 | eta: 00:03:33 | gpu: 0.2/2.2 GB
2026-07-19 18:10:57 | INFO | benchmark.run | Purified full train | Images: 26624/50000 | 53.25% | 114.26 img/s | elapsed: 00:03:53 | eta: 00:03:24 | gpu: 0.2/2.2 GB
2026-07-19 18:11:06 | INFO | benchmark.run | Purified full train | Images: 27648/50000 | 55.30% | 114.43 img/s | elapsed: 00:04:01 | eta: 00:03:15 | gpu: 0.2/2.2 GB
2026-07-19 18:11:15 | INFO | benchmark.run | Purified full train | Images: 28672/50000 | 57.34% | 114.45 img/s | elapsed: 00:04:10 | eta: 00:03:06 | gpu: 0.2/2.2 GB
2026-07-19 18:11:23 | INFO | benchmark.run | Purified full train | Images: 29696/50000 | 59.39% | 114.52 img/s | elapsed: 00:04:19 | eta: 00:02:57 | gpu: 0.2/2.2 GB
2026-07-19 18:11:32 | INFO | benchmark.run | Purified full train | Images: 30720/50000 | 61.44% | 114.50 img/s | elapsed: 00:04:28 | eta: 00:02:48 | gpu: 0.2/2.2 GB
2026-07-19 18:11:41 | INFO | benchmark.run | Purified full train | Images: 31744/50000 | 63.49% | 114.55 img/s | elapsed: 00:04:37 | eta: 00:02:39 | gpu: 0.2/2.2 GB
2026-07-19 18:11:50 | INFO | benchmark.run | Purified full train | Images: 32768/50000 | 65.54% | 114.64 img/s | elapsed: 00:04:45 | eta: 00:02:30 | gpu: 0.2/2.2 GB
2026-07-19 18:12:00 | INFO | benchmark.run | Purified full train | Images: 33792/50000 | 67.58% | 114.23 img/s | elapsed: 00:04:55 | eta: 00:02:21 | gpu: 0.2/2.2 GB
2026-07-19 18:12:19 | INFO | benchmark.run | Purified full train | Images: 34816/50000 | 69.63% | 110.43 img/s | elapsed: 00:05:15 | eta: 00:02:17 | gpu: 0.2/2.2 GB
2026-07-19 18:12:44 | INFO | benchmark.run | Purified full train | Images: 35840/50000 | 71.68% | 105.36 img/s | elapsed: 00:05:40 | eta: 00:02:14 | gpu: 0.2/2.2 GB
2026-07-19 18:12:53 | INFO | benchmark.run | Purified full train | Images: 36864/50000 | 73.73% | 105.63 img/s | elapsed: 00:05:49 | eta: 00:02:04 | gpu: 0.2/2.2 GB
2026-07-19 18:13:02 | INFO | benchmark.run | Purified full train | Images: 37888/50000 | 75.78% | 105.86 img/s | elapsed: 00:05:57 | eta: 00:01:54 | gpu: 0.2/2.2 GB
2026-07-19 18:13:11 | INFO | benchmark.run | Purified full train | Images: 38912/50000 | 77.82% | 106.10 img/s | elapsed: 00:06:06 | eta: 00:01:44 | gpu: 0.2/2.2 GB
2026-07-19 18:13:20 | INFO | benchmark.run | Purified full train | Images: 39936/50000 | 79.87% | 106.21 img/s | elapsed: 00:06:16 | eta: 00:01:34 | gpu: 0.2/2.2 GB
2026-07-19 18:13:30 | INFO | benchmark.run | Purified full train | Images: 40960/50000 | 81.92% | 106.04 img/s | elapsed: 00:06:26 | eta: 00:01:25 | gpu: 0.2/2.2 GB
2026-07-19 18:13:39 | INFO | benchmark.run | Purified full train | Images: 41984/50000 | 83.97% | 106.20 img/s | elapsed: 00:06:35 | eta: 00:01:15 | gpu: 0.2/2.2 GB
2026-07-19 18:13:48 | INFO | benchmark.run | Purified full train | Images: 43008/50000 | 86.02% | 106.41 img/s | elapsed: 00:06:44 | eta: 00:01:05 | gpu: 0.2/2.2 GB
2026-07-19 18:13:57 | INFO | benchmark.run | Purified full train | Images: 44032/50000 | 88.06% | 106.61 img/s | elapsed: 00:06:53 | eta: 00:00:55 | gpu: 0.2/2.2 GB
2026-07-19 18:14:06 | INFO | benchmark.run | Purified full train | Images: 45056/50000 | 90.11% | 106.81 img/s | elapsed: 00:07:01 | eta: 00:00:46 | gpu: 0.2/2.2 GB
2026-07-19 18:14:15 | INFO | benchmark.run | Purified full train | Images: 46080/50000 | 92.16% | 106.98 img/s | elapsed: 00:07:10 | eta: 00:00:36 | gpu: 0.2/2.2 GB
2026-07-19 18:14:24 | INFO | benchmark.run | Purified full train | Images: 47104/50000 | 94.21% | 107.15 img/s | elapsed: 00:07:19 | eta: 00:00:27 | gpu: 0.2/2.2 GB
2026-07-19 18:14:33 | INFO | benchmark.run | Purified full train | Images: 48128/50000 | 96.26% | 107.29 img/s | elapsed: 00:07:28 | eta: 00:00:17 | gpu: 0.2/2.2 GB
2026-07-19 18:14:42 | INFO | benchmark.run | Purified full train | Images: 49152/50000 | 98.30% | 107.41 img/s | elapsed: 00:07:37 | eta: 00:00:07 | gpu: 0.2/2.2 GB
2026-07-19 18:14:50 | INFO | benchmark.run | Purified full train | Images: 50000/50000 | 100.00% | 107.40 img/s | elapsed: 00:07:45 | eta: 00:00:00 | gpu: 0.2/2.2 GB
2026-07-19 18:14:50 | INFO | benchmark.run | ================================================================================
2026-07-19 18:14:50 | INFO | benchmark.run | RETRAINING AND EVALUATING BP_c3_g1...
2026-07-19 18:14:50 | INFO | benchmark.run | ================================================================================
2026-07-19 18:14:51 | INFO | benchmark.run | Loading BP victim ResNet18 from ckpt-%s-4800.t7
==> Resuming from checkpoint for ResNet18..
Using Adam for retraining
2026-07-19 18:14:51, Epoch 0, Iteration 7, loss 0.042 (0.207), acc 98.077 (95.000)
2026-07-19 18:14:52, Epoch 50, Iteration 7, loss 0.000 (0.000), acc 100.000 (100.000)
Target Label: 1, Poison label: 3, Prediction:3, Target's Score:[5.130885137333979e-15, 0.0004294568789191544, 1.0270876937642126e-15, 0.9995705485343933, 3.909166371768351e-16, 1.9779802240549316e-09, 2.0454905999015493e-17, 4.313948064789012e-17, 8.000486384496241e-10, 1.7218586040486372e-13], Poisons' Predictions:[3, 3, 3, 3, 3, 3, 3, 3, 3, 3]
Now evaluating against camera taken images
2026-07-19 18:14:52 Epoch 59, Val iteration 0, acc 93.200 (93.200)
2026-07-19 18:14:54 Epoch 59, Val iteration 19, acc 94.400 (93.630)
* Prec: 93.63000144958497
2026-07-19 18:14:56 | INFO | benchmark.run | Loading BP victim ResNet18 from ckpt-%s-4800.t7
==> Resuming from checkpoint for ResNet18..
Using Adam for retraining
2026-07-19 18:14:57, Epoch 0, Iteration 7, loss 0.493 (0.507), acc 92.308 (91.600)
2026-07-19 18:14:58, Epoch 50, Iteration 7, loss 0.000 (0.001), acc 100.000 (100.000)
Target Label: 1, Poison label: 3, Prediction:1, Target's Score:[1.8519580567112331e-26, 0.9964585900306702, 1.001031762988583e-20, 0.0035413692239671946, 1.1646191537003555e-41, 3.739589664352713e-18, 5.402014419475023e-29, 1.3638465813756015e-25, 7.485945668539491e-22, 1.8058372530631507e-19], Poisons' Predictions:[3, 3, 3, 3, 3, 3, 3, 3, 3, 3]
Now evaluating against camera taken images
2026-07-19 18:14:58 Epoch 59, Val iteration 0, acc 94.600 (94.600)
2026-07-19 18:15:00 Epoch 59, Val iteration 19, acc 93.800 (93.030)
* Prec: 93.03000144958496
2026-07-19 18:15:00 | INFO | benchmark.run | Updated benchmark CSV: /media02/ndthuc03/cm-purify-targeted-poisoning/benchmark/outputs/slurm_73988/t_star_050/benchmark_results.csv
2026-07-19 18:15:00 | INFO | benchmark.run | ================================================================================
2026-07-19 18:15:00 | INFO | benchmark.run | CASE 9/30: BP_c4_g0 (BP)
2026-07-19 18:15:00 | INFO | benchmark.run | ================================================================================
2026-07-19 18:16:08 | INFO | benchmark.run | Materialized BP poisoned train | Images: 10000/50000 | 20.00% | 151.35 img/s | elapsed: 00:01:06 | eta: 00:04:24 | gpu: cpu
2026-07-19 18:17:15 | INFO | benchmark.run | Materialized BP poisoned train | Images: 20000/50000 | 40.00% | 149.88 img/s | elapsed: 00:02:13 | eta: 00:03:20 | gpu: cpu
2026-07-19 18:18:21 | INFO | benchmark.run | Materialized BP poisoned train | Images: 30000/50000 | 60.00% | 150.18 img/s | elapsed: 00:03:19 | eta: 00:02:13 | gpu: cpu
2026-07-19 18:19:28 | INFO | benchmark.run | Materialized BP poisoned train | Images: 40000/50000 | 80.00% | 149.93 img/s | elapsed: 00:04:26 | eta: 00:01:06 | gpu: cpu
2026-07-19 18:20:33 | INFO | benchmark.run | Materialized BP poisoned train | Images: 50000/50000 | 100.00% | 150.86 img/s | elapsed: 00:05:31 | eta: 00:00:00 | gpu: cpu
2026-07-19 18:20:44 | INFO | benchmark.run | Purified full train | Images: 1024/50000 | 2.05% | 111.58 img/s | elapsed: 00:00:09 | eta: 00:07:18 | gpu: 0.2/2.2 GB
2026-07-19 18:20:53 | INFO | benchmark.run | Purified full train | Images: 2048/50000 | 4.10% | 113.47 img/s | elapsed: 00:00:18 | eta: 00:07:02 | gpu: 0.2/2.2 GB
2026-07-19 18:21:02 | INFO | benchmark.run | Purified full train | Images: 3072/50000 | 6.14% | 113.23 img/s | elapsed: 00:00:27 | eta: 00:06:54 | gpu: 0.2/2.2 GB
2026-07-19 18:21:11 | INFO | benchmark.run | Purified full train | Images: 4096/50000 | 8.19% | 113.39 img/s | elapsed: 00:00:36 | eta: 00:06:44 | gpu: 0.2/2.2 GB
2026-07-19 18:21:20 | INFO | benchmark.run | Purified full train | Images: 5120/50000 | 10.24% | 113.69 img/s | elapsed: 00:00:45 | eta: 00:06:34 | gpu: 0.2/2.2 GB
2026-07-19 18:21:29 | INFO | benchmark.run | Purified full train | Images: 6144/50000 | 12.29% | 113.65 img/s | elapsed: 00:00:54 | eta: 00:06:25 | gpu: 0.2/2.2 GB
2026-07-19 18:21:39 | INFO | benchmark.run | Purified full train | Images: 7168/50000 | 14.34% | 113.04 img/s | elapsed: 00:01:03 | eta: 00:06:18 | gpu: 0.2/2.2 GB
2026-07-19 18:21:48 | INFO | benchmark.run | Purified full train | Images: 8192/50000 | 16.38% | 113.21 img/s | elapsed: 00:01:12 | eta: 00:06:09 | gpu: 0.2/2.2 GB
2026-07-19 18:21:56 | INFO | benchmark.run | Purified full train | Images: 9216/50000 | 18.43% | 113.57 img/s | elapsed: 00:01:21 | eta: 00:05:59 | gpu: 0.2/2.2 GB
2026-07-19 18:22:05 | INFO | benchmark.run | Purified full train | Images: 10240/50000 | 20.48% | 113.37 img/s | elapsed: 00:01:30 | eta: 00:05:50 | gpu: 0.2/2.2 GB
2026-07-19 18:22:14 | INFO | benchmark.run | Purified full train | Images: 11264/50000 | 22.53% | 113.52 img/s | elapsed: 00:01:39 | eta: 00:05:41 | gpu: 0.2/2.2 GB
2026-07-19 18:22:23 | INFO | benchmark.run | Purified full train | Images: 12288/50000 | 24.58% | 113.68 img/s | elapsed: 00:01:48 | eta: 00:05:31 | gpu: 0.2/2.2 GB
2026-07-19 18:22:32 | INFO | benchmark.run | Purified full train | Images: 13312/50000 | 26.62% | 113.63 img/s | elapsed: 00:01:57 | eta: 00:05:22 | gpu: 0.2/2.2 GB
2026-07-19 18:22:41 | INFO | benchmark.run | Purified full train | Images: 14336/50000 | 28.67% | 113.67 img/s | elapsed: 00:02:06 | eta: 00:05:13 | gpu: 0.2/2.2 GB
2026-07-19 18:22:52 | INFO | benchmark.run | Purified full train | Images: 15360/50000 | 30.72% | 112.63 img/s | elapsed: 00:02:16 | eta: 00:05:07 | gpu: 0.2/2.2 GB
2026-07-19 18:23:00 | INFO | benchmark.run | Purified full train | Images: 16384/50000 | 32.77% | 112.83 img/s | elapsed: 00:02:25 | eta: 00:04:57 | gpu: 0.2/2.2 GB
2026-07-19 18:23:09 | INFO | benchmark.run | Purified full train | Images: 17408/50000 | 34.82% | 112.82 img/s | elapsed: 00:02:34 | eta: 00:04:48 | gpu: 0.2/2.2 GB
2026-07-19 18:23:18 | INFO | benchmark.run | Purified full train | Images: 18432/50000 | 36.86% | 112.87 img/s | elapsed: 00:02:43 | eta: 00:04:39 | gpu: 0.2/2.2 GB
2026-07-19 18:23:28 | INFO | benchmark.run | Purified full train | Images: 19456/50000 | 38.91% | 112.90 img/s | elapsed: 00:02:52 | eta: 00:04:30 | gpu: 0.2/2.2 GB
2026-07-19 18:23:36 | INFO | benchmark.run | Purified full train | Images: 20480/50000 | 40.96% | 113.06 img/s | elapsed: 00:03:01 | eta: 00:04:21 | gpu: 0.2/2.2 GB
2026-07-19 18:23:45 | INFO | benchmark.run | Purified full train | Images: 21504/50000 | 43.01% | 113.14 img/s | elapsed: 00:03:10 | eta: 00:04:11 | gpu: 0.2/2.2 GB
2026-07-19 18:23:54 | INFO | benchmark.run | Purified full train | Images: 22528/50000 | 45.06% | 113.31 img/s | elapsed: 00:03:18 | eta: 00:04:02 | gpu: 0.2/2.2 GB
2026-07-19 18:24:03 | INFO | benchmark.run | Purified full train | Images: 23552/50000 | 47.10% | 113.52 img/s | elapsed: 00:03:27 | eta: 00:03:52 | gpu: 0.2/2.2 GB
2026-07-19 18:24:11 | INFO | benchmark.run | Purified full train | Images: 24576/50000 | 49.15% | 113.66 img/s | elapsed: 00:03:36 | eta: 00:03:43 | gpu: 0.2/2.2 GB
2026-07-19 18:24:20 | INFO | benchmark.run | Purified full train | Images: 25600/50000 | 51.20% | 113.70 img/s | elapsed: 00:03:45 | eta: 00:03:34 | gpu: 0.2/2.2 GB
2026-07-19 18:24:30 | INFO | benchmark.run | Purified full train | Images: 26624/50000 | 53.25% | 113.59 img/s | elapsed: 00:03:54 | eta: 00:03:25 | gpu: 0.2/2.2 GB
2026-07-19 18:24:39 | INFO | benchmark.run | Purified full train | Images: 27648/50000 | 55.30% | 113.56 img/s | elapsed: 00:04:03 | eta: 00:03:16 | gpu: 0.2/2.2 GB
2026-07-19 18:24:48 | INFO | benchmark.run | Purified full train | Images: 28672/50000 | 57.34% | 113.55 img/s | elapsed: 00:04:12 | eta: 00:03:07 | gpu: 0.2/2.2 GB
2026-07-19 18:24:57 | INFO | benchmark.run | Purified full train | Images: 29696/50000 | 59.39% | 113.44 img/s | elapsed: 00:04:21 | eta: 00:02:58 | gpu: 0.2/2.2 GB
2026-07-19 18:25:06 | INFO | benchmark.run | Purified full train | Images: 30720/50000 | 61.44% | 113.46 img/s | elapsed: 00:04:30 | eta: 00:02:49 | gpu: 0.2/2.2 GB
2026-07-19 18:25:15 | INFO | benchmark.run | Purified full train | Images: 31744/50000 | 63.49% | 113.52 img/s | elapsed: 00:04:39 | eta: 00:02:40 | gpu: 0.2/2.2 GB
2026-07-19 18:25:24 | INFO | benchmark.run | Purified full train | Images: 32768/50000 | 65.54% | 113.59 img/s | elapsed: 00:04:48 | eta: 00:02:31 | gpu: 0.2/2.2 GB
2026-07-19 18:25:33 | INFO | benchmark.run | Purified full train | Images: 33792/50000 | 67.58% | 113.61 img/s | elapsed: 00:04:57 | eta: 00:02:22 | gpu: 0.2/2.2 GB
2026-07-19 18:25:42 | INFO | benchmark.run | Purified full train | Images: 34816/50000 | 69.63% | 113.58 img/s | elapsed: 00:05:06 | eta: 00:02:13 | gpu: 0.2/2.2 GB
2026-07-19 18:25:51 | INFO | benchmark.run | Purified full train | Images: 35840/50000 | 71.68% | 113.54 img/s | elapsed: 00:05:15 | eta: 00:02:04 | gpu: 0.2/2.2 GB
2026-07-19 18:26:00 | INFO | benchmark.run | Purified full train | Images: 36864/50000 | 73.73% | 113.62 img/s | elapsed: 00:05:24 | eta: 00:01:55 | gpu: 0.2/2.2 GB
2026-07-19 18:26:16 | INFO | benchmark.run | Purified full train | Images: 37888/50000 | 75.78% | 111.27 img/s | elapsed: 00:05:40 | eta: 00:01:48 | gpu: 0.2/2.2 GB
2026-07-19 18:26:24 | INFO | benchmark.run | Purified full train | Images: 38912/50000 | 77.82% | 111.45 img/s | elapsed: 00:05:49 | eta: 00:01:39 | gpu: 0.2/2.2 GB
2026-07-19 18:26:33 | INFO | benchmark.run | Purified full train | Images: 39936/50000 | 79.87% | 111.60 img/s | elapsed: 00:05:57 | eta: 00:01:30 | gpu: 0.2/2.2 GB
2026-07-19 18:26:42 | INFO | benchmark.run | Purified full train | Images: 40960/50000 | 81.92% | 111.78 img/s | elapsed: 00:06:06 | eta: 00:01:20 | gpu: 0.2/2.2 GB
2026-07-19 18:26:51 | INFO | benchmark.run | Purified full train | Images: 41984/50000 | 83.97% | 111.84 img/s | elapsed: 00:06:15 | eta: 00:01:11 | gpu: 0.2/2.2 GB
2026-07-19 18:27:00 | INFO | benchmark.run | Purified full train | Images: 43008/50000 | 86.02% | 111.90 img/s | elapsed: 00:06:24 | eta: 00:01:02 | gpu: 0.2/2.2 GB
2026-07-19 18:27:22 | INFO | benchmark.run | Purified full train | Images: 44032/50000 | 88.06% | 108.29 img/s | elapsed: 00:06:46 | eta: 00:00:55 | gpu: 0.2/2.2 GB
2026-07-19 18:27:31 | INFO | benchmark.run | Purified full train | Images: 45056/50000 | 90.11% | 108.30 img/s | elapsed: 00:06:56 | eta: 00:00:45 | gpu: 0.2/2.2 GB
2026-07-19 18:27:40 | INFO | benchmark.run | Purified full train | Images: 46080/50000 | 92.16% | 108.43 img/s | elapsed: 00:07:04 | eta: 00:00:36 | gpu: 0.2/2.2 GB
2026-07-19 18:27:49 | INFO | benchmark.run | Purified full train | Images: 47104/50000 | 94.21% | 108.58 img/s | elapsed: 00:07:13 | eta: 00:00:26 | gpu: 0.2/2.2 GB
2026-07-19 18:27:58 | INFO | benchmark.run | Purified full train | Images: 48128/50000 | 96.26% | 108.68 img/s | elapsed: 00:07:22 | eta: 00:00:17 | gpu: 0.2/2.2 GB
2026-07-19 18:28:07 | INFO | benchmark.run | Purified full train | Images: 49152/50000 | 98.30% | 108.83 img/s | elapsed: 00:07:31 | eta: 00:00:07 | gpu: 0.2/2.2 GB
2026-07-19 18:28:14 | INFO | benchmark.run | Purified full train | Images: 50000/50000 | 100.00% | 108.95 img/s | elapsed: 00:07:38 | eta: 00:00:00 | gpu: 0.2/2.2 GB
2026-07-19 18:28:14 | INFO | benchmark.run | ================================================================================
2026-07-19 18:28:14 | INFO | benchmark.run | RETRAINING AND EVALUATING BP_c4_g0...
2026-07-19 18:28:14 | INFO | benchmark.run | ================================================================================
2026-07-19 18:28:16 | INFO | benchmark.run | Loading BP victim ResNet18 from ckpt-%s-4800.t7
==> Resuming from checkpoint for ResNet18..
Using Adam for retraining
2026-07-19 18:28:16, Epoch 0, Iteration 7, loss 0.430 (0.446), acc 92.308 (89.000)
2026-07-19 18:28:17, Epoch 50, Iteration 7, loss 0.016 (0.009), acc 100.000 (99.600)
Target Label: 8, Poison label: 4, Prediction:4, Target's Score:[1.2538287787444138e-15, 4.1080340554585198e-19, 1.6676684921890228e-08, 3.6839408404890246e-16, 0.8947423100471497, 7.815056110929697e-13, 1.704436257848178e-17, 1.7962655812018543e-16, 0.10525768250226974, 5.1819112491095255e-15], Poisons' Predictions:[4, 4, 4, 4, 4, 4, 4, 4, 4, 8]
Now evaluating against camera taken images
2026-07-19 18:28:17 Epoch 59, Val iteration 0, acc 92.200 (92.200)
2026-07-19 18:28:19 Epoch 59, Val iteration 19, acc 94.400 (93.660)
* Prec: 93.66000137329101
2026-07-19 18:28:21 | INFO | benchmark.run | Loading BP victim ResNet18 from ckpt-%s-4800.t7
==> Resuming from checkpoint for ResNet18..
Using Adam for retraining
2026-07-19 18:28:21, Epoch 0, Iteration 7, loss 0.073 (0.393), acc 98.077 (90.400)
2026-07-19 18:28:22, Epoch 50, Iteration 7, loss 0.003 (0.001), acc 100.000 (100.000)
Target Label: 8, Poison label: 4, Prediction:8, Target's Score:[4.8136848511144e-15, 9.882208712366086e-14, 1.0368780835692058e-24, 3.668795891392118e-16, 0.001069200225174427, 6.945140946868674e-33, 6.072216951480414e-09, 6.5149374610384836e-12, 0.9989307522773743, 4.985040575564484e-34], Poisons' Predictions:[4, 4, 4, 4, 4, 4, 4, 4, 4, 4]
Now evaluating against camera taken images
2026-07-19 18:28:22 Epoch 59, Val iteration 0, acc 92.400 (92.400)
2026-07-19 18:28:24 Epoch 59, Val iteration 19, acc 95.600 (93.960)
* Prec: 93.96000099182129
2026-07-19 18:28:24 | INFO | benchmark.run | Updated benchmark CSV: /media02/ndthuc03/cm-purify-targeted-poisoning/benchmark/outputs/slurm_73988/t_star_050/benchmark_results.csv
2026-07-19 18:28:24 | INFO | benchmark.run | ================================================================================
2026-07-19 18:28:24 | INFO | benchmark.run | CASE 10/30: BP_c4_g1 (BP)
2026-07-19 18:28:24 | INFO | benchmark.run | ================================================================================
2026-07-19 18:29:31 | INFO | benchmark.run | Materialized BP poisoned train | Images: 10000/50000 | 20.00% | 153.71 img/s | elapsed: 00:01:05 | eta: 00:04:20 | gpu: cpu
2026-07-19 18:30:35 | INFO | benchmark.run | Materialized BP poisoned train | Images: 20000/50000 | 40.00% | 154.20 img/s | elapsed: 00:02:09 | eta: 00:03:14 | gpu: cpu
2026-07-19 18:31:41 | INFO | benchmark.run | Materialized BP poisoned train | Images: 30000/50000 | 60.00% | 153.80 img/s | elapsed: 00:03:15 | eta: 00:02:10 | gpu: cpu
2026-07-19 18:32:57 | INFO | benchmark.run | Materialized BP poisoned train | Images: 40000/50000 | 80.00% | 147.43 img/s | elapsed: 00:04:31 | eta: 00:01:07 | gpu: cpu
2026-07-19 18:34:08 | INFO | benchmark.run | Materialized BP poisoned train | Images: 50000/50000 | 100.00% | 146.14 img/s | elapsed: 00:05:42 | eta: 00:00:00 | gpu: cpu
2026-07-19 18:34:20 | INFO | benchmark.run | Purified full train | Images: 1024/50000 | 2.05% | 108.12 img/s | elapsed: 00:00:09 | eta: 00:07:32 | gpu: 0.2/2.2 GB
2026-07-19 18:34:30 | INFO | benchmark.run | Purified full train | Images: 2048/50000 | 4.10% | 106.10 img/s | elapsed: 00:00:19 | eta: 00:07:31 | gpu: 0.2/2.2 GB
2026-07-19 18:34:39 | INFO | benchmark.run | Purified full train | Images: 3072/50000 | 6.14% | 108.76 img/s | elapsed: 00:00:28 | eta: 00:07:11 | gpu: 0.2/2.2 GB
2026-07-19 18:34:48 | INFO | benchmark.run | Purified full train | Images: 4096/50000 | 8.19% | 110.08 img/s | elapsed: 00:00:37 | eta: 00:06:57 | gpu: 0.2/2.2 GB
2026-07-19 18:34:57 | INFO | benchmark.run | Purified full train | Images: 5120/50000 | 10.24% | 110.39 img/s | elapsed: 00:00:46 | eta: 00:06:46 | gpu: 0.2/2.2 GB
2026-07-19 18:35:06 | INFO | benchmark.run | Purified full train | Images: 6144/50000 | 12.29% | 111.00 img/s | elapsed: 00:00:55 | eta: 00:06:35 | gpu: 0.2/2.2 GB
2026-07-19 18:35:15 | INFO | benchmark.run | Purified full train | Images: 7168/50000 | 14.34% | 111.56 img/s | elapsed: 00:01:04 | eta: 00:06:23 | gpu: 0.2/2.2 GB
2026-07-19 18:35:23 | INFO | benchmark.run | Purified full train | Images: 8192/50000 | 16.38% | 112.03 img/s | elapsed: 00:01:13 | eta: 00:06:13 | gpu: 0.2/2.2 GB
2026-07-19 18:35:33 | INFO | benchmark.run | Purified full train | Images: 9216/50000 | 18.43% | 111.65 img/s | elapsed: 00:01:22 | eta: 00:06:05 | gpu: 0.2/2.2 GB
2026-07-19 18:35:42 | INFO | benchmark.run | Purified full train | Images: 10240/50000 | 20.48% | 111.78 img/s | elapsed: 00:01:31 | eta: 00:05:55 | gpu: 0.2/2.2 GB
2026-07-19 18:35:53 | INFO | benchmark.run | Purified full train | Images: 11264/50000 | 22.53% | 109.45 img/s | elapsed: 00:01:42 | eta: 00:05:53 | gpu: 0.2/2.2 GB
2026-07-19 18:36:02 | INFO | benchmark.run | Purified full train | Images: 12288/50000 | 24.58% | 109.76 img/s | elapsed: 00:01:51 | eta: 00:05:43 | gpu: 0.2/2.2 GB
2026-07-19 18:36:11 | INFO | benchmark.run | Purified full train | Images: 13312/50000 | 26.62% | 110.09 img/s | elapsed: 00:02:00 | eta: 00:05:33 | gpu: 0.2/2.2 GB
2026-07-19 18:36:20 | INFO | benchmark.run | Purified full train | Images: 14336/50000 | 28.67% | 110.38 img/s | elapsed: 00:02:09 | eta: 00:05:23 | gpu: 0.2/2.2 GB
2026-07-19 18:36:29 | INFO | benchmark.run | Purified full train | Images: 15360/50000 | 30.72% | 110.61 img/s | elapsed: 00:02:18 | eta: 00:05:13 | gpu: 0.2/2.2 GB
2026-07-19 18:36:38 | INFO | benchmark.run | Purified full train | Images: 16384/50000 | 32.77% | 110.95 img/s | elapsed: 00:02:27 | eta: 00:05:02 | gpu: 0.2/2.2 GB
2026-07-19 18:36:47 | INFO | benchmark.run | Purified full train | Images: 17408/50000 | 34.82% | 111.16 img/s | elapsed: 00:02:36 | eta: 00:04:53 | gpu: 0.2/2.2 GB
2026-07-19 18:36:56 | INFO | benchmark.run | Purified full train | Images: 18432/50000 | 36.86% | 111.29 img/s | elapsed: 00:02:45 | eta: 00:04:43 | gpu: 0.2/2.2 GB
2026-07-19 18:37:05 | INFO | benchmark.run | Purified full train | Images: 19456/50000 | 38.91% | 111.46 img/s | elapsed: 00:02:54 | eta: 00:04:34 | gpu: 0.2/2.2 GB
2026-07-19 18:37:14 | INFO | benchmark.run | Purified full train | Images: 20480/50000 | 40.96% | 111.72 img/s | elapsed: 00:03:03 | eta: 00:04:24 | gpu: 0.2/2.2 GB
2026-07-19 18:37:22 | INFO | benchmark.run | Purified full train | Images: 21504/50000 | 43.01% | 111.94 img/s | elapsed: 00:03:12 | eta: 00:04:14 | gpu: 0.2/2.2 GB
2026-07-19 18:37:31 | INFO | benchmark.run | Purified full train | Images: 22528/50000 | 45.06% | 112.14 img/s | elapsed: 00:03:20 | eta: 00:04:04 | gpu: 0.2/2.2 GB
2026-07-19 18:37:40 | INFO | benchmark.run | Purified full train | Images: 23552/50000 | 47.10% | 112.30 img/s | elapsed: 00:03:29 | eta: 00:03:55 | gpu: 0.2/2.2 GB
2026-07-19 18:37:49 | INFO | benchmark.run | Purified full train | Images: 24576/50000 | 49.15% | 112.47 img/s | elapsed: 00:03:38 | eta: 00:03:46 | gpu: 0.2/2.2 GB
2026-07-19 18:37:58 | INFO | benchmark.run | Purified full train | Images: 25600/50000 | 51.20% | 112.69 img/s | elapsed: 00:03:47 | eta: 00:03:36 | gpu: 0.2/2.2 GB
2026-07-19 18:38:06 | INFO | benchmark.run | Purified full train | Images: 26624/50000 | 53.25% | 112.79 img/s | elapsed: 00:03:56 | eta: 00:03:27 | gpu: 0.2/2.2 GB
2026-07-19 18:38:15 | INFO | benchmark.run | Purified full train | Images: 27648/50000 | 55.30% | 112.95 img/s | elapsed: 00:04:04 | eta: 00:03:17 | gpu: 0.2/2.2 GB
2026-07-19 18:38:24 | INFO | benchmark.run | Purified full train | Images: 28672/50000 | 57.34% | 113.01 img/s | elapsed: 00:04:13 | eta: 00:03:08 | gpu: 0.2/2.2 GB
2026-07-19 18:38:33 | INFO | benchmark.run | Purified full train | Images: 29696/50000 | 59.39% | 113.13 img/s | elapsed: 00:04:22 | eta: 00:02:59 | gpu: 0.2/2.2 GB
2026-07-19 18:38:41 | INFO | benchmark.run | Purified full train | Images: 30720/50000 | 61.44% | 113.32 img/s | elapsed: 00:04:31 | eta: 00:02:50 | gpu: 0.2/2.2 GB
2026-07-19 18:38:50 | INFO | benchmark.run | Purified full train | Images: 31744/50000 | 63.49% | 113.45 img/s | elapsed: 00:04:39 | eta: 00:02:40 | gpu: 0.2/2.2 GB
2026-07-19 18:38:59 | INFO | benchmark.run | Purified full train | Images: 32768/50000 | 65.54% | 113.56 img/s | elapsed: 00:04:48 | eta: 00:02:31 | gpu: 0.2/2.2 GB
2026-07-19 18:39:08 | INFO | benchmark.run | Purified full train | Images: 33792/50000 | 67.58% | 113.69 img/s | elapsed: 00:04:57 | eta: 00:02:22 | gpu: 0.2/2.2 GB
2026-07-19 18:39:16 | INFO | benchmark.run | Purified full train | Images: 34816/50000 | 69.63% | 113.76 img/s | elapsed: 00:05:06 | eta: 00:02:13 | gpu: 0.2/2.2 GB
2026-07-19 18:39:25 | INFO | benchmark.run | Purified full train | Images: 35840/50000 | 71.68% | 113.88 img/s | elapsed: 00:05:14 | eta: 00:02:04 | gpu: 0.2/2.2 GB
2026-07-19 18:39:34 | INFO | benchmark.run | Purified full train | Images: 36864/50000 | 73.73% | 113.93 img/s | elapsed: 00:05:23 | eta: 00:01:55 | gpu: 0.2/2.2 GB
2026-07-19 18:39:43 | INFO | benchmark.run | Purified full train | Images: 37888/50000 | 75.78% | 113.83 img/s | elapsed: 00:05:32 | eta: 00:01:46 | gpu: 0.2/2.2 GB
2026-07-19 18:39:53 | INFO | benchmark.run | Purified full train | Images: 38912/50000 | 77.82% | 113.55 img/s | elapsed: 00:05:42 | eta: 00:01:37 | gpu: 0.2/2.2 GB
2026-07-19 18:40:02 | INFO | benchmark.run | Purified full train | Images: 39936/50000 | 79.87% | 113.59 img/s | elapsed: 00:05:51 | eta: 00:01:28 | gpu: 0.2/2.2 GB
2026-07-19 18:40:11 | INFO | benchmark.run | Purified full train | Images: 40960/50000 | 81.92% | 113.70 img/s | elapsed: 00:06:00 | eta: 00:01:19 | gpu: 0.2/2.2 GB
2026-07-19 18:40:19 | INFO | benchmark.run | Purified full train | Images: 41984/50000 | 83.97% | 113.75 img/s | elapsed: 00:06:09 | eta: 00:01:10 | gpu: 0.2/2.2 GB
2026-07-19 18:40:29 | INFO | benchmark.run | Purified full train | Images: 43008/50000 | 86.02% | 113.70 img/s | elapsed: 00:06:18 | eta: 00:01:01 | gpu: 0.2/2.2 GB
2026-07-19 18:40:37 | INFO | benchmark.run | Purified full train | Images: 44032/50000 | 88.06% | 113.78 img/s | elapsed: 00:06:26 | eta: 00:00:52 | gpu: 0.2/2.2 GB
2026-07-19 18:40:46 | INFO | benchmark.run | Purified full train | Images: 45056/50000 | 90.11% | 113.84 img/s | elapsed: 00:06:35 | eta: 00:00:43 | gpu: 0.2/2.2 GB
2026-07-19 18:40:55 | INFO | benchmark.run | Purified full train | Images: 46080/50000 | 92.16% | 113.76 img/s | elapsed: 00:06:45 | eta: 00:00:34 | gpu: 0.2/2.2 GB
2026-07-19 18:41:05 | INFO | benchmark.run | Purified full train | Images: 47104/50000 | 94.21% | 113.72 img/s | elapsed: 00:06:54 | eta: 00:00:25 | gpu: 0.2/2.2 GB
2026-07-19 18:41:14 | INFO | benchmark.run | Purified full train | Images: 48128/50000 | 96.26% | 113.69 img/s | elapsed: 00:07:03 | eta: 00:00:16 | gpu: 0.2/2.2 GB
2026-07-19 18:41:23 | INFO | benchmark.run | Purified full train | Images: 49152/50000 | 98.30% | 113.70 img/s | elapsed: 00:07:12 | eta: 00:00:07 | gpu: 0.2/2.2 GB
2026-07-19 18:41:30 | INFO | benchmark.run | Purified full train | Images: 50000/50000 | 100.00% | 113.67 img/s | elapsed: 00:07:19 | eta: 00:00:00 | gpu: 0.2/2.2 GB
2026-07-19 18:41:30 | INFO | benchmark.run | ================================================================================
2026-07-19 18:41:30 | INFO | benchmark.run | RETRAINING AND EVALUATING BP_c4_g1...
2026-07-19 18:41:30 | INFO | benchmark.run | ================================================================================
2026-07-19 18:41:31 | INFO | benchmark.run | Loading BP victim ResNet18 from ckpt-%s-4800.t7
==> Resuming from checkpoint for ResNet18..
Using Adam for retraining
2026-07-19 18:41:32, Epoch 0, Iteration 7, loss 0.000 (0.339), acc 100.000 (94.400)
2026-07-19 18:41:32, Epoch 50, Iteration 7, loss 0.001 (0.002), acc 100.000 (100.000)
Target Label: 9, Poison label: 4, Prediction:4, Target's Score:[3.402379518464729e-15, 1.546154155228352e-12, 2.8024365050782762e-09, 1.623063696518188e-14, 0.9856078624725342, 5.556942167701806e-13, 2.3040267610463516e-12, 4.020902263490028e-13, 1.3255511082647145e-16, 0.01439217384904623], Poisons' Predictions:[4, 4, 4, 4, 4, 4, 4, 4, 4, 4]
Now evaluating against camera taken images
2026-07-19 18:41:33 Epoch 59, Val iteration 0, acc 93.400 (93.400)
2026-07-19 18:41:35 Epoch 59, Val iteration 19, acc 94.200 (94.030)
* Prec: 94.03000106811524
2026-07-19 18:41:37 | INFO | benchmark.run | Loading BP victim ResNet18 from ckpt-%s-4800.t7
==> Resuming from checkpoint for ResNet18..
Using Adam for retraining
2026-07-19 18:41:38, Epoch 0, Iteration 7, loss 0.604 (0.384), acc 94.231 (92.600)
2026-07-19 18:41:38, Epoch 50, Iteration 7, loss 0.000 (0.001), acc 100.000 (100.000)
Target Label: 9, Poison label: 4, Prediction:9, Target's Score:[7.310617290659983e-18, 3.053746342498355e-17, 1.9328692150399033e-18, 1.194359472433959e-10, 0.00043959106551483274, 8.098274485626288e-15, 4.079842610667586e-15, 1.954214858901018e-17, 1.250652278137268e-13, 0.9995604157447815], Poisons' Predictions:[4, 4, 4, 4, 4, 4, 4, 4, 4, 4]
Now evaluating against camera taken images
2026-07-19 18:41:38 Epoch 59, Val iteration 0, acc 94.000 (94.000)
2026-07-19 18:41:40 Epoch 59, Val iteration 19, acc 94.800 (93.910)
* Prec: 93.91000099182129
2026-07-19 18:41:40 | INFO | benchmark.run | Updated benchmark CSV: /media02/ndthuc03/cm-purify-targeted-poisoning/benchmark/outputs/slurm_73988/t_star_050/benchmark_results.csv
2026-07-19 18:41:40 | INFO | benchmark.run | ================================================================================
2026-07-19 18:41:40 | INFO | benchmark.run | CASE 11/30: BP_c5_g0 (BP)
2026-07-19 18:41:40 | INFO | benchmark.run | ================================================================================
2026-07-19 18:42:47 | INFO | benchmark.run | Materialized BP poisoned train | Images: 10000/50000 | 20.00% | 153.88 img/s | elapsed: 00:01:04 | eta: 00:04:19 | gpu: cpu
2026-07-19 18:43:54 | INFO | benchmark.run | Materialized BP poisoned train | Images: 20000/50000 | 40.00% | 151.35 img/s | elapsed: 00:02:12 | eta: 00:03:18 | gpu: cpu
2026-07-19 18:45:01 | INFO | benchmark.run | Materialized BP poisoned train | Images: 30000/50000 | 60.00% | 150.31 img/s | elapsed: 00:03:19 | eta: 00:02:13 | gpu: cpu
2026-07-19 18:46:11 | INFO | benchmark.run | Materialized BP poisoned train | Images: 40000/50000 | 80.00% | 148.42 img/s | elapsed: 00:04:29 | eta: 00:01:07 | gpu: cpu
2026-07-19 18:47:18 | INFO | benchmark.run | Materialized BP poisoned train | Images: 50000/50000 | 100.00% | 148.89 img/s | elapsed: 00:05:35 | eta: 00:00:00 | gpu: cpu
2026-07-19 18:47:31 | INFO | benchmark.run | Purified full train | Images: 1024/50000 | 2.05% | 89.80 img/s | elapsed: 00:00:11 | eta: 00:09:05 | gpu: 0.2/2.2 GB
2026-07-19 18:47:40 | INFO | benchmark.run | Purified full train | Images: 2048/50000 | 4.10% | 101.49 img/s | elapsed: 00:00:20 | eta: 00:07:52 | gpu: 0.2/2.2 GB
2026-07-19 18:47:49 | INFO | benchmark.run | Purified full train | Images: 3072/50000 | 6.14% | 104.54 img/s | elapsed: 00:00:29 | eta: 00:07:28 | gpu: 0.2/2.2 GB
2026-07-19 18:47:58 | INFO | benchmark.run | Purified full train | Images: 4096/50000 | 8.19% | 107.32 img/s | elapsed: 00:00:38 | eta: 00:07:07 | gpu: 0.2/2.2 GB
2026-07-19 18:48:07 | INFO | benchmark.run | Purified full train | Images: 5120/50000 | 10.24% | 108.76 img/s | elapsed: 00:00:47 | eta: 00:06:52 | gpu: 0.2/2.2 GB
2026-07-19 18:48:16 | INFO | benchmark.run | Purified full train | Images: 6144/50000 | 12.29% | 110.03 img/s | elapsed: 00:00:55 | eta: 00:06:38 | gpu: 0.2/2.2 GB
2026-07-19 18:48:25 | INFO | benchmark.run | Purified full train | Images: 7168/50000 | 14.34% | 110.73 img/s | elapsed: 00:01:04 | eta: 00:06:26 | gpu: 0.2/2.2 GB
2026-07-19 18:48:33 | INFO | benchmark.run | Purified full train | Images: 8192/50000 | 16.38% | 111.76 img/s | elapsed: 00:01:13 | eta: 00:06:14 | gpu: 0.2/2.2 GB
2026-07-19 18:48:42 | INFO | benchmark.run | Purified full train | Images: 9216/50000 | 18.43% | 112.60 img/s | elapsed: 00:01:21 | eta: 00:06:02 | gpu: 0.2/2.2 GB
2026-07-19 18:48:50 | INFO | benchmark.run | Purified full train | Images: 10240/50000 | 20.48% | 113.22 img/s | elapsed: 00:01:30 | eta: 00:05:51 | gpu: 0.2/2.2 GB
2026-07-19 18:48:59 | INFO | benchmark.run | Purified full train | Images: 11264/50000 | 22.53% | 113.66 img/s | elapsed: 00:01:39 | eta: 00:05:40 | gpu: 0.2/2.2 GB
2026-07-19 18:49:08 | INFO | benchmark.run | Purified full train | Images: 12288/50000 | 24.58% | 114.14 img/s | elapsed: 00:01:47 | eta: 00:05:30 | gpu: 0.2/2.2 GB
2026-07-19 18:49:16 | INFO | benchmark.run | Purified full train | Images: 13312/50000 | 26.62% | 114.56 img/s | elapsed: 00:01:56 | eta: 00:05:20 | gpu: 0.2/2.2 GB
2026-07-19 18:49:25 | INFO | benchmark.run | Purified full train | Images: 14336/50000 | 28.67% | 114.88 img/s | elapsed: 00:02:04 | eta: 00:05:10 | gpu: 0.2/2.2 GB
2026-07-19 18:49:33 | INFO | benchmark.run | Purified full train | Images: 15360/50000 | 30.72% | 115.03 img/s | elapsed: 00:02:13 | eta: 00:05:01 | gpu: 0.2/2.2 GB
2026-07-19 18:49:42 | INFO | benchmark.run | Purified full train | Images: 16384/50000 | 32.77% | 115.07 img/s | elapsed: 00:02:22 | eta: 00:04:52 | gpu: 0.2/2.2 GB
2026-07-19 18:49:52 | INFO | benchmark.run | Purified full train | Images: 17408/50000 | 34.82% | 114.84 img/s | elapsed: 00:02:31 | eta: 00:04:43 | gpu: 0.2/2.2 GB
2026-07-19 18:50:00 | INFO | benchmark.run | Purified full train | Images: 18432/50000 | 36.86% | 115.02 img/s | elapsed: 00:02:40 | eta: 00:04:34 | gpu: 0.2/2.2 GB
2026-07-19 18:50:09 | INFO | benchmark.run | Purified full train | Images: 19456/50000 | 38.91% | 114.96 img/s | elapsed: 00:02:49 | eta: 00:04:25 | gpu: 0.2/2.2 GB
2026-07-19 18:50:18 | INFO | benchmark.run | Purified full train | Images: 20480/50000 | 40.96% | 114.98 img/s | elapsed: 00:02:58 | eta: 00:04:16 | gpu: 0.2/2.2 GB
2026-07-19 18:50:27 | INFO | benchmark.run | Purified full train | Images: 21504/50000 | 43.01% | 115.11 img/s | elapsed: 00:03:06 | eta: 00:04:07 | gpu: 0.2/2.2 GB
2026-07-19 18:50:35 | INFO | benchmark.run | Purified full train | Images: 22528/50000 | 45.06% | 115.24 img/s | elapsed: 00:03:15 | eta: 00:03:58 | gpu: 0.2/2.2 GB
2026-07-19 18:50:44 | INFO | benchmark.run | Purified full train | Images: 23552/50000 | 47.10% | 115.32 img/s | elapsed: 00:03:24 | eta: 00:03:49 | gpu: 0.2/2.2 GB
