Job ID: 73987
Running on: gpu04
Working directory: /media02/ndthuc03/cm-purify-targeted-poisoning
Repository: /media02/ndthuc03/cm-purify-targeted-poisoning
Pair directory: /media02/ndthuc03/cm-purify-targeted-poisoning/dataset_generation/datasets/train
Test directory: /media02/ndthuc03/cm-purify-targeted-poisoning/dataset_generation/datasets/test
Checkpoint path: /media02/ndthuc03/cm-purify-targeted-poisoning/consistency_model/checkpoints/cm_purifier_lpips.pth
Benchmark output directory: /media02/ndthuc03/cm-purify-targeted-poisoning/benchmark/outputs/slurm_73987
LPIPS weight/network: 0.10/alex
LPIPS image size/warmup: 64/2000
Conda environment: purifying_poison
Root requirements: /media02/ndthuc03/cm-purify-targeted-poisoning/requirements.txt
Logs directory: /media02/ndthuc03/cm-purify-targeted-poisoning/runners/logs
Main log: /media02/ndthuc03/cm-purify-targeted-poisoning/runners/logs/train_then_benchmark_73987.log
Error log: /media02/ndthuc03/cm-purify-targeted-poisoning/runners/logs/train_then_benchmark_err_73987.log
Started at: 2026-07-19T19:06:54+07:00
SLURM job GPUs: 2
SLURM step GPUs: <unset>
CUDA_VISIBLE_DEVICES before setup: 0
Training settings:
  teacher model: google/ddpm-cifar10-32
  CM output mode: full_boundary
  batch size: 128
  max steps: 50000
  log steps: 100
  skip train: 0
Benchmark settings:
  run id: <auto>
  attack filter: all
  case filter: <none>
  max cases: <none>
  t star: 200
  t star sweep: 150 200
  batch size: 64
  seed: 2026
  log steps: 1024
Sun Jul 19 19:06:54 2026       
+---------------------------------------------------------------------------------------+
| NVIDIA-SMI 535.216.03             Driver Version: 535.216.03   CUDA Version: 12.2     |
|-----------------------------------------+----------------------+----------------------+
| GPU  Name                 Persistence-M | Bus-Id        Disp.A | Volatile Uncorr. ECC |
| Fan  Temp   Perf          Pwr:Usage/Cap |         Memory-Usage | GPU-Util  Compute M. |
|                                         |                      |               MIG M. |
|=========================================+======================+======================|
|   0  Tesla V100-DGXS-32GB           On  | 00000000:0E:00.0 Off |                    0 |
| N/A   43C    P0              38W / 300W |      0MiB / 32768MiB |      0%      Default |
|                                         |                      |                  N/A |
+-----------------------------------------+----------------------+----------------------+
                                                                                         
+---------------------------------------------------------------------------------------+
| Processes:                                                                            |
|  GPU   GI   CI        PID   Type   Process name                            GPU Memory |
|        ID   ID                                                             Usage      |
|=======================================================================================|
|  No running processes found                                                           |
+---------------------------------------------------------------------------------------+
Requirement already satisfied: pip in /media02/ndthuc03/anaconda3/envs/purifying_poison/lib/python3.10/site-packages (26.1.2)
Requirement already satisfied: numpy<2 in /media02/ndthuc03/anaconda3/envs/purifying_poison/lib/python3.10/site-packages (from -r /tmp/tmp.OzH8ynJdFE (line 2)) (1.26.4)
Requirement already satisfied: huggingface_hub==0.24.7 in /media02/ndthuc03/anaconda3/envs/purifying_poison/lib/python3.10/site-packages (from -r /tmp/tmp.OzH8ynJdFE (line 3)) (0.24.7)
Requirement already satisfied: tqdm in /media02/ndthuc03/anaconda3/envs/purifying_poison/lib/python3.10/site-packages (from -r /tmp/tmp.OzH8ynJdFE (line 6)) (4.68.2)
Requirement already satisfied: Pillow in /media02/ndthuc03/anaconda3/envs/purifying_poison/lib/python3.10/site-packages (from -r /tmp/tmp.OzH8ynJdFE (line 11)) (12.2.0)
Requirement already satisfied: lpips==0.1.4 in /media02/ndthuc03/anaconda3/envs/purifying_poison/lib/python3.10/site-packages (from -r /tmp/tmp.OzH8ynJdFE (line 12)) (0.1.4)
Requirement already satisfied: diffusers==0.30.3 in /media02/ndthuc03/anaconda3/envs/purifying_poison/lib/python3.10/site-packages (from -r /tmp/tmp.OzH8ynJdFE (line 15)) (0.30.3)
Requirement already satisfied: transformers==4.44.2 in /media02/ndthuc03/anaconda3/envs/purifying_poison/lib/python3.10/site-packages (from -r /tmp/tmp.OzH8ynJdFE (line 16)) (4.44.2)
Requirement already satisfied: accelerate==0.33.0 in /media02/ndthuc03/anaconda3/envs/purifying_poison/lib/python3.10/site-packages (from -r /tmp/tmp.OzH8ynJdFE (line 17)) (0.33.0)
Requirement already satisfied: safetensors==0.4.5 in /media02/ndthuc03/anaconda3/envs/purifying_poison/lib/python3.10/site-packages (from -r /tmp/tmp.OzH8ynJdFE (line 18)) (0.4.5)
Requirement already satisfied: lmdb in /media02/ndthuc03/anaconda3/envs/purifying_poison/lib/python3.10/site-packages (from -r /tmp/tmp.OzH8ynJdFE (line 22)) (2.2.1)
Requirement already satisfied: efficientnet_pytorch in /media02/ndthuc03/anaconda3/envs/purifying_poison/lib/python3.10/site-packages (from -r /tmp/tmp.OzH8ynJdFE (line 24)) (0.7.1)
Requirement already satisfied: pandas in /media02/ndthuc03/anaconda3/envs/purifying_poison/lib/python3.10/site-packages (from -r /tmp/tmp.OzH8ynJdFE (line 25)) (2.3.3)
Requirement already satisfied: scipy in /media02/ndthuc03/anaconda3/envs/purifying_poison/lib/python3.10/site-packages (from -r /tmp/tmp.OzH8ynJdFE (line 26)) (1.15.3)
Requirement already satisfied: opencv-python in /media02/ndthuc03/anaconda3/envs/purifying_poison/lib/python3.10/site-packages (from -r /tmp/tmp.OzH8ynJdFE (line 27)) (4.11.0.86)
Requirement already satisfied: matplotlib in /media02/ndthuc03/anaconda3/envs/purifying_poison/lib/python3.10/site-packages (from -r /tmp/tmp.OzH8ynJdFE (line 28)) (3.10.9)
Requirement already satisfied: google-cloud-storage in /media02/ndthuc03/anaconda3/envs/purifying_poison/lib/python3.10/site-packages (from -r /tmp/tmp.OzH8ynJdFE (line 29)) (3.11.0)
Requirement already satisfied: google-cloud-automl in /media02/ndthuc03/anaconda3/envs/purifying_poison/lib/python3.10/site-packages (from -r /tmp/tmp.OzH8ynJdFE (line 30)) (2.20.0)
Requirement already satisfied: gdown in /media02/ndthuc03/anaconda3/envs/purifying_poison/lib/python3.10/site-packages (from -r /tmp/tmp.OzH8ynJdFE (line 31)) (6.1.0)
Requirement already satisfied: filelock in /media02/ndthuc03/anaconda3/envs/purifying_poison/lib/python3.10/site-packages (from huggingface_hub==0.24.7->-r /tmp/tmp.OzH8ynJdFE (line 3)) (3.29.0)
Requirement already satisfied: fsspec>=2023.5.0 in /media02/ndthuc03/anaconda3/envs/purifying_poison/lib/python3.10/site-packages (from huggingface_hub==0.24.7->-r /tmp/tmp.OzH8ynJdFE (line 3)) (2026.4.0)
Requirement already satisfied: packaging>=20.9 in /media02/ndthuc03/anaconda3/envs/purifying_poison/lib/python3.10/site-packages (from huggingface_hub==0.24.7->-r /tmp/tmp.OzH8ynJdFE (line 3)) (26.0)
Requirement already satisfied: pyyaml>=5.1 in /media02/ndthuc03/anaconda3/envs/purifying_poison/lib/python3.10/site-packages (from huggingface_hub==0.24.7->-r /tmp/tmp.OzH8ynJdFE (line 3)) (6.0.3)
Requirement already satisfied: requests in /media02/ndthuc03/anaconda3/envs/purifying_poison/lib/python3.10/site-packages (from huggingface_hub==0.24.7->-r /tmp/tmp.OzH8ynJdFE (line 3)) (2.34.2)
Requirement already satisfied: typing-extensions>=3.7.4.3 in /media02/ndthuc03/anaconda3/envs/purifying_poison/lib/python3.10/site-packages (from huggingface_hub==0.24.7->-r /tmp/tmp.OzH8ynJdFE (line 3)) (4.15.0)
Requirement already satisfied: torch>=0.4.0 in /media02/ndthuc03/anaconda3/envs/purifying_poison/lib/python3.10/site-packages (from lpips==0.1.4->-r /tmp/tmp.OzH8ynJdFE (line 12)) (2.2.2+cu118)
Requirement already satisfied: torchvision>=0.2.1 in /media02/ndthuc03/anaconda3/envs/purifying_poison/lib/python3.10/site-packages (from lpips==0.1.4->-r /tmp/tmp.OzH8ynJdFE (line 12)) (0.17.2+cu118)
Requirement already satisfied: importlib-metadata in /media02/ndthuc03/anaconda3/envs/purifying_poison/lib/python3.10/site-packages (from diffusers==0.30.3->-r /tmp/tmp.OzH8ynJdFE (line 15)) (9.0.0)
Requirement already satisfied: regex!=2019.12.17 in /media02/ndthuc03/anaconda3/envs/purifying_poison/lib/python3.10/site-packages (from diffusers==0.30.3->-r /tmp/tmp.OzH8ynJdFE (line 15)) (2026.5.9)
Requirement already satisfied: tokenizers<0.20,>=0.19 in /media02/ndthuc03/anaconda3/envs/purifying_poison/lib/python3.10/site-packages (from transformers==4.44.2->-r /tmp/tmp.OzH8ynJdFE (line 16)) (0.19.1)
Requirement already satisfied: psutil in /media02/ndthuc03/anaconda3/envs/purifying_poison/lib/python3.10/site-packages (from accelerate==0.33.0->-r /tmp/tmp.OzH8ynJdFE (line 17)) (7.2.2)
Requirement already satisfied: python-dateutil>=2.8.2 in /media02/ndthuc03/anaconda3/envs/purifying_poison/lib/python3.10/site-packages (from pandas->-r /tmp/tmp.OzH8ynJdFE (line 25)) (2.9.0.post0)
Requirement already satisfied: pytz>=2020.1 in /media02/ndthuc03/anaconda3/envs/purifying_poison/lib/python3.10/site-packages (from pandas->-r /tmp/tmp.OzH8ynJdFE (line 25)) (2026.2)
Requirement already satisfied: tzdata>=2022.7 in /media02/ndthuc03/anaconda3/envs/purifying_poison/lib/python3.10/site-packages (from pandas->-r /tmp/tmp.OzH8ynJdFE (line 25)) (2026.2)
Requirement already satisfied: contourpy>=1.0.1 in /media02/ndthuc03/anaconda3/envs/purifying_poison/lib/python3.10/site-packages (from matplotlib->-r /tmp/tmp.OzH8ynJdFE (line 28)) (1.3.2)
Requirement already satisfied: cycler>=0.10 in /media02/ndthuc03/anaconda3/envs/purifying_poison/lib/python3.10/site-packages (from matplotlib->-r /tmp/tmp.OzH8ynJdFE (line 28)) (0.12.1)
Requirement already satisfied: fonttools>=4.22.0 in /media02/ndthuc03/anaconda3/envs/purifying_poison/lib/python3.10/site-packages (from matplotlib->-r /tmp/tmp.OzH8ynJdFE (line 28)) (4.63.0)
Requirement already satisfied: kiwisolver>=1.3.1 in /media02/ndthuc03/anaconda3/envs/purifying_poison/lib/python3.10/site-packages (from matplotlib->-r /tmp/tmp.OzH8ynJdFE (line 28)) (1.5.0)
Requirement already satisfied: pyparsing>=3 in /media02/ndthuc03/anaconda3/envs/purifying_poison/lib/python3.10/site-packages (from matplotlib->-r /tmp/tmp.OzH8ynJdFE (line 28)) (3.3.2)
Requirement already satisfied: google-auth<3.0.0,>=2.26.1 in /media02/ndthuc03/anaconda3/envs/purifying_poison/lib/python3.10/site-packages (from google-cloud-storage->-r /tmp/tmp.OzH8ynJdFE (line 29)) (2.53.0)
Requirement already satisfied: google-api-core<3.0.0,>=2.27.0 in /media02/ndthuc03/anaconda3/envs/purifying_poison/lib/python3.10/site-packages (from google-cloud-storage->-r /tmp/tmp.OzH8ynJdFE (line 29)) (2.31.0)
Requirement already satisfied: google-cloud-core<3.0.0,>=2.4.2 in /media02/ndthuc03/anaconda3/envs/purifying_poison/lib/python3.10/site-packages (from google-cloud-storage->-r /tmp/tmp.OzH8ynJdFE (line 29)) (2.6.0)
Requirement already satisfied: google-resumable-media<3.0.0,>=2.7.2 in /media02/ndthuc03/anaconda3/envs/purifying_poison/lib/python3.10/site-packages (from google-cloud-storage->-r /tmp/tmp.OzH8ynJdFE (line 29)) (2.10.0)
Requirement already satisfied: google-crc32c<2.0.0,>=1.6.0 in /media02/ndthuc03/anaconda3/envs/purifying_poison/lib/python3.10/site-packages (from google-cloud-storage->-r /tmp/tmp.OzH8ynJdFE (line 29)) (1.8.0)
Requirement already satisfied: googleapis-common-protos<2.0.0,>=1.63.2 in /media02/ndthuc03/anaconda3/envs/purifying_poison/lib/python3.10/site-packages (from google-api-core<3.0.0,>=2.27.0->google-cloud-storage->-r /tmp/tmp.OzH8ynJdFE (line 29)) (1.75.0)
Requirement already satisfied: protobuf<8.0.0,>=5.29.6 in /media02/ndthuc03/anaconda3/envs/purifying_poison/lib/python3.10/site-packages (from google-api-core<3.0.0,>=2.27.0->google-cloud-storage->-r /tmp/tmp.OzH8ynJdFE (line 29)) (7.35.0)
Requirement already satisfied: proto-plus<2.0.0,>=1.24.0 in /media02/ndthuc03/anaconda3/envs/purifying_poison/lib/python3.10/site-packages (from google-api-core<3.0.0,>=2.27.0->google-cloud-storage->-r /tmp/tmp.OzH8ynJdFE (line 29)) (1.28.0)
Requirement already satisfied: pyasn1-modules>=0.2.1 in /media02/ndthuc03/anaconda3/envs/purifying_poison/lib/python3.10/site-packages (from google-auth<3.0.0,>=2.26.1->google-cloud-storage->-r /tmp/tmp.OzH8ynJdFE (line 29)) (0.4.2)
Requirement already satisfied: cryptography>=38.0.3 in /media02/ndthuc03/anaconda3/envs/purifying_poison/lib/python3.10/site-packages (from google-auth<3.0.0,>=2.26.1->google-cloud-storage->-r /tmp/tmp.OzH8ynJdFE (line 29)) (48.0.0)
Requirement already satisfied: charset_normalizer<4,>=2 in /media02/ndthuc03/anaconda3/envs/purifying_poison/lib/python3.10/site-packages (from requests->huggingface_hub==0.24.7->-r /tmp/tmp.OzH8ynJdFE (line 3)) (3.4.7)
Requirement already satisfied: idna<4,>=2.5 in /media02/ndthuc03/anaconda3/envs/purifying_poison/lib/python3.10/site-packages (from requests->huggingface_hub==0.24.7->-r /tmp/tmp.OzH8ynJdFE (line 3)) (3.18)
Requirement already satisfied: urllib3<3,>=1.26 in /media02/ndthuc03/anaconda3/envs/purifying_poison/lib/python3.10/site-packages (from requests->huggingface_hub==0.24.7->-r /tmp/tmp.OzH8ynJdFE (line 3)) (2.7.0)
Requirement already satisfied: certifi>=2023.5.7 in /media02/ndthuc03/anaconda3/envs/purifying_poison/lib/python3.10/site-packages (from requests->huggingface_hub==0.24.7->-r /tmp/tmp.OzH8ynJdFE (line 3)) (2026.5.20)
Requirement already satisfied: grpcio<2.0.0,>=1.59.0 in /media02/ndthuc03/anaconda3/envs/purifying_poison/lib/python3.10/site-packages (from google-cloud-automl->-r /tmp/tmp.OzH8ynJdFE (line 30)) (1.81.0)
Requirement already satisfied: grpcio-status<2.0.0,>=1.41.0 in /media02/ndthuc03/anaconda3/envs/purifying_poison/lib/python3.10/site-packages (from google-api-core[grpc]<3.0.0,>=2.17.1->google-cloud-automl->-r /tmp/tmp.OzH8ynJdFE (line 30)) (1.81.0)
Requirement already satisfied: beautifulsoup4 in /media02/ndthuc03/anaconda3/envs/purifying_poison/lib/python3.10/site-packages (from gdown->-r /tmp/tmp.OzH8ynJdFE (line 31)) (4.14.3)
Requirement already satisfied: cffi>=2.0.0 in /media02/ndthuc03/anaconda3/envs/purifying_poison/lib/python3.10/site-packages (from cryptography>=38.0.3->google-auth<3.0.0,>=2.26.1->google-cloud-storage->-r /tmp/tmp.OzH8ynJdFE (line 29)) (2.0.0)
Requirement already satisfied: pycparser in /media02/ndthuc03/anaconda3/envs/purifying_poison/lib/python3.10/site-packages (from cffi>=2.0.0->cryptography>=38.0.3->google-auth<3.0.0,>=2.26.1->google-cloud-storage->-r /tmp/tmp.OzH8ynJdFE (line 29)) (3.0)
Requirement already satisfied: pyasn1<0.7.0,>=0.6.1 in /media02/ndthuc03/anaconda3/envs/purifying_poison/lib/python3.10/site-packages (from pyasn1-modules>=0.2.1->google-auth<3.0.0,>=2.26.1->google-cloud-storage->-r /tmp/tmp.OzH8ynJdFE (line 29)) (0.6.3)
Requirement already satisfied: six>=1.5 in /media02/ndthuc03/anaconda3/envs/purifying_poison/lib/python3.10/site-packages (from python-dateutil>=2.8.2->pandas->-r /tmp/tmp.OzH8ynJdFE (line 25)) (1.17.0)
Requirement already satisfied: sympy in /media02/ndthuc03/anaconda3/envs/purifying_poison/lib/python3.10/site-packages (from torch>=0.4.0->lpips==0.1.4->-r /tmp/tmp.OzH8ynJdFE (line 12)) (1.14.0)
Requirement already satisfied: networkx in /media02/ndthuc03/anaconda3/envs/purifying_poison/lib/python3.10/site-packages (from torch>=0.4.0->lpips==0.1.4->-r /tmp/tmp.OzH8ynJdFE (line 12)) (3.4.2)
Requirement already satisfied: jinja2 in /media02/ndthuc03/anaconda3/envs/purifying_poison/lib/python3.10/site-packages (from torch>=0.4.0->lpips==0.1.4->-r /tmp/tmp.OzH8ynJdFE (line 12)) (3.1.6)
Requirement already satisfied: nvidia-cuda-nvrtc-cu11==11.8.89 in /media02/ndthuc03/anaconda3/envs/purifying_poison/lib/python3.10/site-packages (from torch>=0.4.0->lpips==0.1.4->-r /tmp/tmp.OzH8ynJdFE (line 12)) (11.8.89)
Requirement already satisfied: nvidia-cuda-runtime-cu11==11.8.89 in /media02/ndthuc03/anaconda3/envs/purifying_poison/lib/python3.10/site-packages (from torch>=0.4.0->lpips==0.1.4->-r /tmp/tmp.OzH8ynJdFE (line 12)) (11.8.89)
Requirement already satisfied: nvidia-cuda-cupti-cu11==11.8.87 in /media02/ndthuc03/anaconda3/envs/purifying_poison/lib/python3.10/site-packages (from torch>=0.4.0->lpips==0.1.4->-r /tmp/tmp.OzH8ynJdFE (line 12)) (11.8.87)
Requirement already satisfied: nvidia-cudnn-cu11==8.7.0.84 in /media02/ndthuc03/anaconda3/envs/purifying_poison/lib/python3.10/site-packages (from torch>=0.4.0->lpips==0.1.4->-r /tmp/tmp.OzH8ynJdFE (line 12)) (8.7.0.84)
Requirement already satisfied: nvidia-cublas-cu11==11.11.3.6 in /media02/ndthuc03/anaconda3/envs/purifying_poison/lib/python3.10/site-packages (from torch>=0.4.0->lpips==0.1.4->-r /tmp/tmp.OzH8ynJdFE (line 12)) (11.11.3.6)
Requirement already satisfied: nvidia-cufft-cu11==10.9.0.58 in /media02/ndthuc03/anaconda3/envs/purifying_poison/lib/python3.10/site-packages (from torch>=0.4.0->lpips==0.1.4->-r /tmp/tmp.OzH8ynJdFE (line 12)) (10.9.0.58)
Requirement already satisfied: nvidia-curand-cu11==10.3.0.86 in /media02/ndthuc03/anaconda3/envs/purifying_poison/lib/python3.10/site-packages (from torch>=0.4.0->lpips==0.1.4->-r /tmp/tmp.OzH8ynJdFE (line 12)) (10.3.0.86)
Requirement already satisfied: nvidia-cusolver-cu11==11.4.1.48 in /media02/ndthuc03/anaconda3/envs/purifying_poison/lib/python3.10/site-packages (from torch>=0.4.0->lpips==0.1.4->-r /tmp/tmp.OzH8ynJdFE (line 12)) (11.4.1.48)
Requirement already satisfied: nvidia-cusparse-cu11==11.7.5.86 in /media02/ndthuc03/anaconda3/envs/purifying_poison/lib/python3.10/site-packages (from torch>=0.4.0->lpips==0.1.4->-r /tmp/tmp.OzH8ynJdFE (line 12)) (11.7.5.86)
Requirement already satisfied: nvidia-nccl-cu11==2.19.3 in /media02/ndthuc03/anaconda3/envs/purifying_poison/lib/python3.10/site-packages (from torch>=0.4.0->lpips==0.1.4->-r /tmp/tmp.OzH8ynJdFE (line 12)) (2.19.3)
Requirement already satisfied: nvidia-nvtx-cu11==11.8.86 in /media02/ndthuc03/anaconda3/envs/purifying_poison/lib/python3.10/site-packages (from torch>=0.4.0->lpips==0.1.4->-r /tmp/tmp.OzH8ynJdFE (line 12)) (11.8.86)
Requirement already satisfied: triton==2.2.0 in /media02/ndthuc03/anaconda3/envs/purifying_poison/lib/python3.10/site-packages (from torch>=0.4.0->lpips==0.1.4->-r /tmp/tmp.OzH8ynJdFE (line 12)) (2.2.0)
Requirement already satisfied: soupsieve>=1.6.1 in /media02/ndthuc03/anaconda3/envs/purifying_poison/lib/python3.10/site-packages (from beautifulsoup4->gdown->-r /tmp/tmp.OzH8ynJdFE (line 31)) (2.8.4)
Requirement already satisfied: zipp>=3.20 in /media02/ndthuc03/anaconda3/envs/purifying_poison/lib/python3.10/site-packages (from importlib-metadata->diffusers==0.30.3->-r /tmp/tmp.OzH8ynJdFE (line 15)) (4.1.0)
Requirement already satisfied: MarkupSafe>=2.0 in /media02/ndthuc03/anaconda3/envs/purifying_poison/lib/python3.10/site-packages (from jinja2->torch>=0.4.0->lpips==0.1.4->-r /tmp/tmp.OzH8ynJdFE (line 12)) (3.0.3)
Requirement already satisfied: PySocks!=1.5.7,>=1.5.6 in /media02/ndthuc03/anaconda3/envs/purifying_poison/lib/python3.10/site-packages (from requests[socks]->gdown->-r /tmp/tmp.OzH8ynJdFE (line 31)) (1.7.1)
Requirement already satisfied: mpmath<1.4,>=1.1.0 in /media02/ndthuc03/anaconda3/envs/purifying_poison/lib/python3.10/site-packages (from sympy->torch>=0.4.0->lpips==0.1.4->-r /tmp/tmp.OzH8ynJdFE (line 12)) (1.3.0)
HF stack OK:
  diffusers: 0.30.3
  transformers: 4.44.2
  accelerate: 0.33.0
  huggingface_hub: 0.24.7
  safetensors: 0.4.5
  diffusers classes: DDPMScheduler, UNet2DModel
PyTorch: 2.2.2+cu118
CUDA_VISIBLE_DEVICES: 0
CUDA available: True
CUDA device: Tesla V100-DGXS-32GB
==============================
1. RUNNING ALGORITHM 2 TRAINING...
==============================
2026-07-19 19:07:38 | INFO | cm_purifier.train | ========================================================================
2026-07-19 19:07:38 | INFO | cm_purifier.train | STARTING CM PURIFIER TRAINING
2026-07-19 19:07:38 | INFO | cm_purifier.train | ========================================================================
2026-07-19 19:07:38 | INFO | cm_purifier.train | Seed: 2026
2026-07-19 19:07:38 | INFO | cm_purifier.train | Resolved device: cuda
2026-07-19 19:07:38 | INFO | cm_purifier.train | ========================================================================
2026-07-19 19:07:38 | INFO | cm_purifier.train | 1. VALIDATING DATASET...
2026-07-19 19:07:38 | INFO | cm_purifier.train | ========================================================================
2026-07-19 19:07:38 | INFO | cm_purifier.train | ========================================================================
2026-07-19 19:07:38 | INFO | cm_purifier.train | CM purifier training configuration
2026-07-19 19:07:38 | INFO | cm_purifier.train | ========================================================================
2026-07-19 19:07:38 | INFO | cm_purifier.train | Selected args:
{
  "backbone": "diffusers",
  "batch_size": 128,
  "cm_output_mode": "full_boundary",
  "device": "cuda",
  "ema_decay": 0.9999,
  "gamma_bp": 1.0,
  "gamma_clean": 0.0,
  "gamma_wb": 1.0,
  "lambda_cls": 0.0,
  "lambda_distill": 1.0,
  "lambda_id": 1.0,
  "lambda_lpips": 0.1,
  "lambda_rec": 1.0,
  "learning_rate": 0.0001,
  "lpips_image_size": 64,
  "lpips_net": "alex",
  "lpips_warmup_steps": 2000,
  "max_steps": 50000,
  "num_ddim_timesteps": 50,
  "num_train_timesteps": 1000,
  "out": "/media02/ndthuc03/cm-purify-targeted-poisoning/consistency_model/checkpoints/cm_purifier_lpips.pth",
  "pair_dir": "/media02/ndthuc03/cm-purify-targeted-poisoning/dataset_generation/datasets/train",
  "schedule_source": "diffusers",
  "teacher_model": "google/ddpm-cifar10-32",
  "timestep_fraction": 0.5
}
2026-07-19 19:07:38 | INFO | cm_purifier.train | Dataset summary:
{
  "attacks": {
    "bp": 10000,
    "clean": 10000,
    "wb": 10000
  },
  "labels": {
    "0": 3000,
    "1": 3000,
    "2": 3000,
    "3": 3000,
    "4": 3000,
    "5": 3000,
    "6": 3000,
    "7": 3000,
    "8": 3000,
    "9": 3000
  },
  "total": 30000
}
2026-07-19 19:07:38 | INFO | cm_purifier.train | ========================================================================
2026-07-19 19:07:38 | INFO | cm_purifier.train | 2. BUILDING MODEL AND DDPM SCHEDULE...
2026-07-19 19:07:38 | INFO | cm_purifier.train | ========================================================================
2026-07-19 19:07:43 | INFO | cm_purifier.train | ========================================================================
2026-07-19 19:07:43 | INFO | cm_purifier.train | Model and schedule
2026-07-19 19:07:43 | INFO | cm_purifier.train | ========================================================================
2026-07-19 19:07:43 | INFO | cm_purifier.train | Model class: CMBoundaryWrapper
2026-07-19 19:07:43 | INFO | cm_purifier.train | Trainable parameters: 35,746,307
2026-07-19 19:07:43 | INFO | cm_purifier.train | Total parameters: 35,746,307
2026-07-19 19:07:43 | INFO | cm_purifier.train | DDPM timesteps: 1000
2026-07-19 19:07:43 | INFO | cm_purifier.train | DDIM timesteps: 50
2026-07-19 19:07:43 | INFO | cm_purifier.train | First/last DDIM timestep: 19 / 999
2026-07-19 19:07:43 | INFO | cm_purifier.train | Training device: cuda
2026-07-19 19:07:43 | INFO | cm_purifier.train | CUDA device name: Tesla V100-DGXS-32GB
2026-07-19 19:07:43 | INFO | cm_purifier.train | CUDA memory allocated before training: 0.29 GB
2026-07-19 19:07:47 | INFO | cm_purifier.train | LPIPS enabled | network: alex | image size: 64 | target weight: 0.1000 | warmup steps: 2000
2026-07-19 19:07:47 | INFO | cm_purifier.train | ========================================================================
2026-07-19 19:07:47 | INFO | cm_purifier.train | 3. TRAINING CM PURIFIER...
2026-07-19 19:07:47 | INFO | cm_purifier.train | ========================================================================
2026-07-19 19:07:47 | INFO | cm_purifier.train | Start step: 0
2026-07-19 19:07:47 | INFO | cm_purifier.train | Batches per epoch-style pass: 234
2026-07-19 19:07:56 | INFO | cm_purifier.train | Step: 1/50000 | 0.00% | lr: 0.000100 | Training loss is 0.2487 | distill: 0.0004 | rec: 0.1217 | id: 0.1266 | lpips: 0.2409 | lpips weighted: 0.0000 | lpips weight: 0.0000 | cls: 0.0000 | elapsed: 00:00:08 | eta: 120:31:40 | gpu: 0.8/10.7 GB
2026-07-19 19:08:48 | INFO | cm_purifier.train | Step: 100/50000 | 0.20% | lr: 0.000100 | Training loss is 0.2517 | distill: 0.0007 | rec: 0.1256 | id: 0.1243 | lpips: 0.2248 | lpips weighted: 0.0011 | lpips weight: 0.0050 | cls: 0.0000 | elapsed: 00:01:01 | eta: 08:30:40 | gpu: 0.8/10.7 GB
2026-07-19 19:09:42 | INFO | cm_purifier.train | Step: 200/50000 | 0.40% | lr: 0.000100 | Training loss is 0.2359 | distill: 0.0008 | rec: 0.1163 | id: 0.1168 | lpips: 0.2067 | lpips weighted: 0.0021 | lpips weight: 0.0100 | cls: 0.0000 | elapsed: 00:01:54 | eta: 07:55:58 | gpu: 0.8/10.7 GB
2026-07-19 19:10:35 | INFO | cm_purifier.train | Step: 300/50000 | 0.60% | lr: 0.000100 | Training loss is 0.2529 | distill: 0.0008 | rec: 0.1240 | id: 0.1249 | lpips: 0.2072 | lpips weighted: 0.0031 | lpips weight: 0.0150 | cls: 0.0000 | elapsed: 00:02:48 | eta: 07:45:09 | gpu: 0.8/10.7 GB
2026-07-19 19:11:29 | INFO | cm_purifier.train | Step: 400/50000 | 0.80% | lr: 0.000100 | Training loss is 0.2407 | distill: 0.0010 | rec: 0.1215 | id: 0.1141 | lpips: 0.2055 | lpips weighted: 0.0041 | lpips weight: 0.0200 | cls: 0.0000 | elapsed: 00:03:41 | eta: 07:38:32 | gpu: 0.8/10.7 GB
2026-07-19 19:12:23 | INFO | cm_purifier.train | Step: 500/50000 | 1.00% | lr: 0.000100 | Training loss is 0.2601 | distill: 0.0010 | rec: 0.1271 | id: 0.1272 | lpips: 0.1908 | lpips weighted: 0.0048 | lpips weight: 0.0250 | cls: 0.0000 | elapsed: 00:04:35 | eta: 07:34:59 | gpu: 0.8/10.7 GB
2026-07-19 19:13:16 | INFO | cm_purifier.train | Step: 600/50000 | 1.20% | lr: 0.000100 | Training loss is 0.2732 | distill: 0.0010 | rec: 0.1319 | id: 0.1338 | lpips: 0.2166 | lpips weighted: 0.0065 | lpips weight: 0.0300 | cls: 0.0000 | elapsed: 00:05:29 | eta: 07:31:41 | gpu: 0.8/10.7 GB
2026-07-19 19:14:09 | INFO | cm_purifier.train | Step: 700/50000 | 1.40% | lr: 0.000100 | Training loss is 0.2567 | distill: 0.0010 | rec: 0.1268 | id: 0.1224 | lpips: 0.1864 | lpips weighted: 0.0065 | lpips weight: 0.0350 | cls: 0.0000 | elapsed: 00:06:22 | eta: 07:29:07 | gpu: 0.8/10.7 GB
2026-07-19 19:15:03 | INFO | cm_purifier.train | Step: 800/50000 | 1.60% | lr: 0.000100 | Training loss is 0.2858 | distill: 0.0010 | rec: 0.1320 | id: 0.1447 | lpips: 0.1993 | lpips weighted: 0.0080 | lpips weight: 0.0400 | cls: 0.0000 | elapsed: 00:07:16 | eta: 07:27:33 | gpu: 0.8/10.7 GB
2026-07-19 19:15:57 | INFO | cm_purifier.train | Step: 900/50000 | 1.80% | lr: 0.000100 | Training loss is 0.2488 | distill: 0.0010 | rec: 0.1240 | id: 0.1156 | lpips: 0.1807 | lpips weighted: 0.0081 | lpips weight: 0.0450 | cls: 0.0000 | elapsed: 00:08:10 | eta: 07:25:35 | gpu: 0.8/10.7 GB
2026-07-19 19:16:51 | INFO | cm_purifier.train | Step: 1000/50000 | 2.00% | lr: 0.000100 | Training loss is 0.2735 | distill: 0.0013 | rec: 0.1314 | id: 0.1308 | lpips: 0.1996 | lpips weighted: 0.0100 | lpips weight: 0.0500 | cls: 0.0000 | elapsed: 00:09:03 | eta: 07:24:12 | gpu: 0.8/10.7 GB
2026-07-19 19:17:44 | INFO | cm_purifier.train | Step: 1100/50000 | 2.20% | lr: 0.000100 | Training loss is 0.2819 | distill: 0.0014 | rec: 0.1316 | id: 0.1385 | lpips: 0.1896 | lpips weighted: 0.0104 | lpips weight: 0.0550 | cls: 0.0000 | elapsed: 00:09:57 | eta: 07:22:35 | gpu: 0.8/10.7 GB
2026-07-19 19:18:38 | INFO | cm_purifier.train | Step: 1200/50000 | 2.40% | lr: 0.000100 | Training loss is 0.2483 | distill: 0.0010 | rec: 0.1206 | id: 0.1160 | lpips: 0.1770 | lpips weighted: 0.0106 | lpips weight: 0.0600 | cls: 0.0000 | elapsed: 00:10:51 | eta: 07:21:25 | gpu: 0.8/10.7 GB
2026-07-19 19:19:32 | INFO | cm_purifier.train | Step: 1300/50000 | 2.60% | lr: 0.000100 | Training loss is 0.2427 | distill: 0.0010 | rec: 0.1145 | id: 0.1166 | lpips: 0.1637 | lpips weighted: 0.0106 | lpips weight: 0.0650 | cls: 0.0000 | elapsed: 00:11:44 | eta: 07:19:59 | gpu: 0.8/10.7 GB
2026-07-19 19:20:25 | INFO | cm_purifier.train | Step: 1400/50000 | 2.80% | lr: 0.000100 | Training loss is 0.2629 | distill: 0.0014 | rec: 0.1325 | id: 0.1168 | lpips: 0.1740 | lpips weighted: 0.0122 | lpips weight: 0.0700 | cls: 0.0000 | elapsed: 00:12:38 | eta: 07:18:38 | gpu: 0.8/10.7 GB
2026-07-19 19:21:19 | INFO | cm_purifier.train | Step: 1500/50000 | 3.00% | lr: 0.000100 | Training loss is 0.2833 | distill: 0.0013 | rec: 0.1305 | id: 0.1383 | lpips: 0.1764 | lpips weighted: 0.0132 | lpips weight: 0.0750 | cls: 0.0000 | elapsed: 00:13:32 | eta: 07:17:40 | gpu: 0.8/10.7 GB
2026-07-19 19:22:12 | INFO | cm_purifier.train | Step: 1600/50000 | 3.20% | lr: 0.000100 | Training loss is 0.2786 | distill: 0.0011 | rec: 0.1227 | id: 0.1403 | lpips: 0.1815 | lpips weighted: 0.0145 | lpips weight: 0.0800 | cls: 0.0000 | elapsed: 00:14:25 | eta: 07:16:25 | gpu: 0.8/10.7 GB
2026-07-19 19:23:06 | INFO | cm_purifier.train | Step: 1700/50000 | 3.40% | lr: 0.000100 | Training loss is 0.2668 | distill: 0.0016 | rec: 0.1298 | id: 0.1207 | lpips: 0.1739 | lpips weighted: 0.0148 | lpips weight: 0.0850 | cls: 0.0000 | elapsed: 00:15:19 | eta: 07:15:26 | gpu: 0.8/10.7 GB
2026-07-19 19:24:00 | INFO | cm_purifier.train | Step: 1800/50000 | 3.60% | lr: 0.000100 | Training loss is 0.2755 | distill: 0.0013 | rec: 0.1261 | id: 0.1330 | lpips: 0.1685 | lpips weighted: 0.0152 | lpips weight: 0.0900 | cls: 0.0000 | elapsed: 00:16:13 | eta: 07:14:15 | gpu: 0.8/10.7 GB
2026-07-19 19:24:54 | INFO | cm_purifier.train | Step: 1900/50000 | 3.80% | lr: 0.000100 | Training loss is 0.2684 | distill: 0.0012 | rec: 0.1311 | id: 0.1194 | lpips: 0.1757 | lpips weighted: 0.0167 | lpips weight: 0.0950 | cls: 0.0000 | elapsed: 00:17:06 | eta: 07:13:18 | gpu: 0.8/10.7 GB
2026-07-19 19:25:47 | INFO | cm_purifier.train | Step: 2000/50000 | 4.00% | lr: 0.000100 | Training loss is 0.2481 | distill: 0.0010 | rec: 0.1164 | id: 0.1148 | lpips: 0.1585 | lpips weighted: 0.0158 | lpips weight: 0.1000 | cls: 0.0000 | elapsed: 00:18:00 | eta: 07:12:09 | gpu: 0.8/10.7 GB
2026-07-19 19:26:41 | INFO | cm_purifier.train | Step: 2100/50000 | 4.20% | lr: 0.000100 | Training loss is 0.2889 | distill: 0.0013 | rec: 0.1330 | id: 0.1367 | lpips: 0.1787 | lpips weighted: 0.0179 | lpips weight: 0.1000 | cls: 0.0000 | elapsed: 00:18:53 | eta: 07:11:02 | gpu: 0.8/10.7 GB
2026-07-19 19:27:35 | INFO | cm_purifier.train | Step: 2200/50000 | 4.40% | lr: 0.000100 | Training loss is 0.2618 | distill: 0.0014 | rec: 0.1268 | id: 0.1168 | lpips: 0.1686 | lpips weighted: 0.0169 | lpips weight: 0.1000 | cls: 0.0000 | elapsed: 00:19:47 | eta: 07:10:07 | gpu: 0.8/10.7 GB
2026-07-19 19:28:28 | INFO | cm_purifier.train | Step: 2300/50000 | 4.60% | lr: 0.000100 | Training loss is 0.2823 | distill: 0.0013 | rec: 0.1321 | id: 0.1311 | lpips: 0.1784 | lpips weighted: 0.0178 | lpips weight: 0.1000 | cls: 0.0000 | elapsed: 00:20:41 | eta: 07:09:06 | gpu: 0.8/10.7 GB
2026-07-19 19:29:22 | INFO | cm_purifier.train | Step: 2400/50000 | 4.80% | lr: 0.000100 | Training loss is 0.2606 | distill: 0.0014 | rec: 0.1211 | id: 0.1221 | lpips: 0.1598 | lpips weighted: 0.0160 | lpips weight: 0.1000 | cls: 0.0000 | elapsed: 00:21:35 | eta: 07:08:10 | gpu: 0.8/10.7 GB
2026-07-19 19:30:16 | INFO | cm_purifier.train | Step: 2500/50000 | 5.00% | lr: 0.000100 | Training loss is 0.2662 | distill: 0.0012 | rec: 0.1300 | id: 0.1170 | lpips: 0.1805 | lpips weighted: 0.0181 | lpips weight: 0.1000 | cls: 0.0000 | elapsed: 00:22:28 | eta: 07:07:06 | gpu: 0.8/10.7 GB
2026-07-19 19:31:10 | INFO | cm_purifier.train | Step: 2600/50000 | 5.20% | lr: 0.000100 | Training loss is 0.2568 | distill: 0.0011 | rec: 0.1219 | id: 0.1170 | lpips: 0.1676 | lpips weighted: 0.0168 | lpips weight: 0.1000 | cls: 0.0000 | elapsed: 00:23:22 | eta: 07:06:11 | gpu: 0.8/10.7 GB
2026-07-19 19:32:03 | INFO | cm_purifier.train | Step: 2700/50000 | 5.40% | lr: 0.000100 | Training loss is 0.2631 | distill: 0.0013 | rec: 0.1282 | id: 0.1162 | lpips: 0.1744 | lpips weighted: 0.0174 | lpips weight: 0.1000 | cls: 0.0000 | elapsed: 00:24:16 | eta: 07:05:10 | gpu: 0.8/10.7 GB
2026-07-19 19:32:56 | INFO | cm_purifier.train | Step: 2800/50000 | 5.60% | lr: 0.000100 | Training loss is 0.2559 | distill: 0.0013 | rec: 0.1245 | id: 0.1135 | lpips: 0.1663 | lpips weighted: 0.0166 | lpips weight: 0.1000 | cls: 0.0000 | elapsed: 00:25:09 | eta: 07:04:08 | gpu: 0.8/10.7 GB
2026-07-19 19:33:50 | INFO | cm_purifier.train | Step: 2900/50000 | 5.80% | lr: 0.000100 | Training loss is 0.2546 | distill: 0.0011 | rec: 0.1193 | id: 0.1178 | lpips: 0.1646 | lpips weighted: 0.0165 | lpips weight: 0.1000 | cls: 0.0000 | elapsed: 00:26:03 | eta: 07:03:14 | gpu: 0.8/10.7 GB
2026-07-19 19:34:44 | INFO | cm_purifier.train | Step: 3000/50000 | 6.00% | lr: 0.000100 | Training loss is 0.2576 | distill: 0.0012 | rec: 0.1222 | id: 0.1168 | lpips: 0.1733 | lpips weighted: 0.0173 | lpips weight: 0.1000 | cls: 0.0000 | elapsed: 00:26:57 | eta: 07:02:14 | gpu: 0.8/10.7 GB
2026-07-19 19:35:38 | INFO | cm_purifier.train | Step: 3100/50000 | 6.20% | lr: 0.000100 | Training loss is 0.2468 | distill: 0.0013 | rec: 0.1248 | id: 0.1050 | lpips: 0.1575 | lpips weighted: 0.0157 | lpips weight: 0.1000 | cls: 0.0000 | elapsed: 00:27:51 | eta: 07:01:20 | gpu: 0.8/10.7 GB
2026-07-19 19:36:31 | INFO | cm_purifier.train | Step: 3200/50000 | 6.40% | lr: 0.000100 | Training loss is 0.2524 | distill: 0.0011 | rec: 0.1226 | id: 0.1122 | lpips: 0.1642 | lpips weighted: 0.0164 | lpips weight: 0.1000 | cls: 0.0000 | elapsed: 00:28:44 | eta: 07:00:20 | gpu: 0.8/10.7 GB
2026-07-19 19:37:25 | INFO | cm_purifier.train | Step: 3300/50000 | 6.60% | lr: 0.000100 | Training loss is 0.2663 | distill: 0.0012 | rec: 0.1277 | id: 0.1203 | lpips: 0.1713 | lpips weighted: 0.0171 | lpips weight: 0.1000 | cls: 0.0000 | elapsed: 00:29:38 | eta: 06:59:27 | gpu: 0.8/10.7 GB
2026-07-19 19:38:19 | INFO | cm_purifier.train | Step: 3400/50000 | 6.80% | lr: 0.000100 | Training loss is 0.2596 | distill: 0.0012 | rec: 0.1213 | id: 0.1210 | lpips: 0.1613 | lpips weighted: 0.0161 | lpips weight: 0.1000 | cls: 0.0000 | elapsed: 00:30:31 | eta: 06:58:27 | gpu: 0.8/10.7 GB
2026-07-19 19:39:12 | INFO | cm_purifier.train | Step: 3500/50000 | 7.00% | lr: 0.000100 | Training loss is 0.2717 | distill: 0.0017 | rec: 0.1238 | id: 0.1295 | lpips: 0.1672 | lpips weighted: 0.0167 | lpips weight: 0.1000 | cls: 0.0000 | elapsed: 00:31:25 | eta: 06:57:27 | gpu: 0.8/10.7 GB
2026-07-19 19:40:06 | INFO | cm_purifier.train | Step: 3600/50000 | 7.20% | lr: 0.000100 | Training loss is 0.2670 | distill: 0.0012 | rec: 0.1193 | id: 0.1307 | lpips: 0.1584 | lpips weighted: 0.0158 | lpips weight: 0.1000 | cls: 0.0000 | elapsed: 00:32:19 | eta: 06:56:34 | gpu: 0.8/10.7 GB
2026-07-19 19:40:59 | INFO | cm_purifier.train | Step: 3700/50000 | 7.40% | lr: 0.000100 | Training loss is 0.2799 | distill: 0.0013 | rec: 0.1273 | id: 0.1347 | lpips: 0.1656 | lpips weighted: 0.0166 | lpips weight: 0.1000 | cls: 0.0000 | elapsed: 00:33:12 | eta: 06:55:34 | gpu: 0.8/10.7 GB
2026-07-19 19:41:54 | INFO | cm_purifier.train | Step: 3800/50000 | 7.60% | lr: 0.000100 | Training loss is 0.2581 | distill: 0.0011 | rec: 0.1216 | id: 0.1200 | lpips: 0.1539 | lpips weighted: 0.0154 | lpips weight: 0.1000 | cls: 0.0000 | elapsed: 00:34:06 | eta: 06:54:44 | gpu: 0.8/10.7 GB
2026-07-19 19:42:47 | INFO | cm_purifier.train | Step: 3900/50000 | 7.80% | lr: 0.000100 | Training loss is 0.2643 | distill: 0.0012 | rec: 0.1302 | id: 0.1153 | lpips: 0.1762 | lpips weighted: 0.0176 | lpips weight: 0.1000 | cls: 0.0000 | elapsed: 00:35:00 | eta: 06:53:46 | gpu: 0.8/10.7 GB
2026-07-19 19:43:41 | INFO | cm_purifier.train | Step: 4000/50000 | 8.00% | lr: 0.000100 | Training loss is 0.2535 | distill: 0.0013 | rec: 0.1214 | id: 0.1145 | lpips: 0.1619 | lpips weighted: 0.0162 | lpips weight: 0.1000 | cls: 0.0000 | elapsed: 00:35:54 | eta: 06:52:54 | gpu: 0.8/10.7 GB
2026-07-19 19:44:35 | INFO | cm_purifier.train | Step: 4100/50000 | 8.20% | lr: 0.000100 | Training loss is 0.2889 | distill: 0.0013 | rec: 0.1280 | id: 0.1427 | lpips: 0.1688 | lpips weighted: 0.0169 | lpips weight: 0.1000 | cls: 0.0000 | elapsed: 00:36:47 | eta: 06:51:56 | gpu: 0.8/10.7 GB
2026-07-19 19:45:28 | INFO | cm_purifier.train | Step: 4200/50000 | 8.40% | lr: 0.000100 | Training loss is 0.2675 | distill: 0.0011 | rec: 0.1225 | id: 0.1267 | lpips: 0.1724 | lpips weighted: 0.0172 | lpips weight: 0.1000 | cls: 0.0000 | elapsed: 00:37:41 | eta: 06:51:00 | gpu: 0.8/10.7 GB
2026-07-19 19:46:22 | INFO | cm_purifier.train | Step: 4300/50000 | 8.60% | lr: 0.000100 | Training loss is 0.2470 | distill: 0.0011 | rec: 0.1162 | id: 0.1140 | lpips: 0.1573 | lpips weighted: 0.0157 | lpips weight: 0.1000 | cls: 0.0000 | elapsed: 00:38:35 | eta: 06:50:10 | gpu: 0.8/10.7 GB
2026-07-19 19:47:16 | INFO | cm_purifier.train | Step: 4400/50000 | 8.80% | lr: 0.000100 | Training loss is 0.2950 | distill: 0.0013 | rec: 0.1350 | id: 0.1411 | lpips: 0.1759 | lpips weighted: 0.0176 | lpips weight: 0.1000 | cls: 0.0000 | elapsed: 00:39:29 | eta: 06:49:14 | gpu: 0.8/10.7 GB
2026-07-19 19:48:10 | INFO | cm_purifier.train | Step: 4500/50000 | 9.00% | lr: 0.000100 | Training loss is 0.2769 | distill: 0.0013 | rec: 0.1262 | id: 0.1325 | lpips: 0.1694 | lpips weighted: 0.0169 | lpips weight: 0.1000 | cls: 0.0000 | elapsed: 00:40:23 | eta: 06:48:22 | gpu: 0.8/10.7 GB
2026-07-19 19:49:04 | INFO | cm_purifier.train | Step: 4600/50000 | 9.20% | lr: 0.000100 | Training loss is 0.2589 | distill: 0.0012 | rec: 0.1272 | id: 0.1136 | lpips: 0.1688 | lpips weighted: 0.0169 | lpips weight: 0.1000 | cls: 0.0000 | elapsed: 00:41:16 | eta: 06:47:26 | gpu: 0.8/10.7 GB
2026-07-19 19:49:58 | INFO | cm_purifier.train | Step: 4700/50000 | 9.40% | lr: 0.000100 | Training loss is 0.2536 | distill: 0.0013 | rec: 0.1209 | id: 0.1157 | lpips: 0.1569 | lpips weighted: 0.0157 | lpips weight: 0.1000 | cls: 0.0000 | elapsed: 00:42:10 | eta: 06:46:34 | gpu: 0.8/10.7 GB
2026-07-19 19:50:51 | INFO | cm_purifier.train | Step: 4800/50000 | 9.60% | lr: 0.000100 | Training loss is 0.2689 | distill: 0.0013 | rec: 0.1299 | id: 0.1208 | lpips: 0.1694 | lpips weighted: 0.0169 | lpips weight: 0.1000 | cls: 0.0000 | elapsed: 00:43:04 | eta: 06:45:37 | gpu: 0.8/10.7 GB
2026-07-19 19:51:45 | INFO | cm_purifier.train | Step: 4900/50000 | 9.80% | lr: 0.000100 | Training loss is 0.2607 | distill: 0.0012 | rec: 0.1270 | id: 0.1152 | lpips: 0.1733 | lpips weighted: 0.0173 | lpips weight: 0.1000 | cls: 0.0000 | elapsed: 00:43:58 | eta: 06:44:40 | gpu: 0.8/10.7 GB
2026-07-19 19:52:39 | INFO | cm_purifier.train | Step: 5000/50000 | 10.00% | lr: 0.000100 | Training loss is 0.2362 | distill: 0.0010 | rec: 0.1141 | id: 0.1070 | lpips: 0.1409 | lpips weighted: 0.0141 | lpips weight: 0.1000 | cls: 0.0000 | elapsed: 00:44:52 | eta: 06:43:48 | gpu: 0.8/10.7 GB
2026-07-19 19:52:42 | INFO | cm_purifier.train | Saved checkpoint to /media02/ndthuc03/cm-purify-targeted-poisoning/consistency_model/checkpoints/cm_purifier_lpips.pth at step 5000
2026-07-19 19:53:36 | INFO | cm_purifier.train | Step: 5100/50000 | 10.20% | lr: 0.000100 | Training loss is 0.2494 | distill: 0.0012 | rec: 0.1251 | id: 0.1066 | lpips: 0.1662 | lpips weighted: 0.0166 | lpips weight: 0.1000 | cls: 0.0000 | elapsed: 00:45:48 | eta: 06:43:19 | gpu: 0.8/10.7 GB
2026-07-19 19:54:30 | INFO | cm_purifier.train | Step: 5200/50000 | 10.40% | lr: 0.000100 | Training loss is 0.3099 | distill: 0.0015 | rec: 0.1356 | id: 0.1552 | lpips: 0.1766 | lpips weighted: 0.0177 | lpips weight: 0.1000 | cls: 0.0000 | elapsed: 00:46:42 | eta: 06:42:27 | gpu: 0.8/10.7 GB
2026-07-19 19:55:23 | INFO | cm_purifier.train | Step: 5300/50000 | 10.60% | lr: 0.000100 | Training loss is 0.2712 | distill: 0.0014 | rec: 0.1300 | id: 0.1229 | lpips: 0.1693 | lpips weighted: 0.0169 | lpips weight: 0.1000 | cls: 0.0000 | elapsed: 00:47:36 | eta: 06:41:30 | gpu: 0.8/10.7 GB
2026-07-19 19:56:17 | INFO | cm_purifier.train | Step: 5400/50000 | 10.80% | lr: 0.000100 | Training loss is 0.2475 | distill: 0.0013 | rec: 0.1301 | id: 0.1001 | lpips: 0.1593 | lpips weighted: 0.0159 | lpips weight: 0.1000 | cls: 0.0000 | elapsed: 00:48:30 | eta: 06:40:36 | gpu: 0.8/10.7 GB
2026-07-19 19:57:11 | INFO | cm_purifier.train | Step: 5500/50000 | 11.00% | lr: 0.000100 | Training loss is 0.2477 | distill: 0.0012 | rec: 0.1205 | id: 0.1104 | lpips: 0.1562 | lpips weighted: 0.0156 | lpips weight: 0.1000 | cls: 0.0000 | elapsed: 00:49:23 | eta: 06:39:39 | gpu: 0.8/10.7 GB
2026-07-19 19:58:04 | INFO | cm_purifier.train | Step: 5600/50000 | 11.20% | lr: 0.000100 | Training loss is 0.2627 | distill: 0.0013 | rec: 0.1259 | id: 0.1191 | lpips: 0.1639 | lpips weighted: 0.0164 | lpips weight: 0.1000 | cls: 0.0000 | elapsed: 00:50:17 | eta: 06:38:42 | gpu: 0.8/10.7 GB
2026-07-19 19:58:58 | INFO | cm_purifier.train | Step: 5700/50000 | 11.40% | lr: 0.000100 | Training loss is 0.2768 | distill: 0.0012 | rec: 0.1308 | id: 0.1282 | lpips: 0.1662 | lpips weighted: 0.0166 | lpips weight: 0.1000 | cls: 0.0000 | elapsed: 00:51:11 | eta: 06:37:50 | gpu: 0.8/10.7 GB
2026-07-19 19:59:52 | INFO | cm_purifier.train | Step: 5800/50000 | 11.60% | lr: 0.000100 | Training loss is 0.2725 | distill: 0.0016 | rec: 0.1321 | id: 0.1222 | lpips: 0.1668 | lpips weighted: 0.0167 | lpips weight: 0.1000 | cls: 0.0000 | elapsed: 00:52:04 | eta: 06:36:53 | gpu: 0.8/10.7 GB
2026-07-19 20:00:46 | INFO | cm_purifier.train | Step: 5900/50000 | 11.80% | lr: 0.000100 | Training loss is 0.2609 | distill: 0.0013 | rec: 0.1246 | id: 0.1189 | lpips: 0.1603 | lpips weighted: 0.0160 | lpips weight: 0.1000 | cls: 0.0000 | elapsed: 00:52:58 | eta: 06:36:01 | gpu: 0.8/10.7 GB
2026-07-19 20:01:39 | INFO | cm_purifier.train | Step: 6000/50000 | 12.00% | lr: 0.000100 | Training loss is 0.2930 | distill: 0.0016 | rec: 0.1358 | id: 0.1381 | lpips: 0.1751 | lpips weighted: 0.0175 | lpips weight: 0.1000 | cls: 0.0000 | elapsed: 00:53:52 | eta: 06:35:05 | gpu: 0.8/10.7 GB
2026-07-19 20:02:33 | INFO | cm_purifier.train | Step: 6100/50000 | 12.20% | lr: 0.000100 | Training loss is 0.2743 | distill: 0.0013 | rec: 0.1330 | id: 0.1222 | lpips: 0.1774 | lpips weighted: 0.0177 | lpips weight: 0.1000 | cls: 0.0000 | elapsed: 00:54:46 | eta: 06:34:12 | gpu: 0.8/10.7 GB
2026-07-19 20:03:27 | INFO | cm_purifier.train | Step: 6200/50000 | 12.40% | lr: 0.000100 | Training loss is 0.2775 | distill: 0.0012 | rec: 0.1309 | id: 0.1276 | lpips: 0.1790 | lpips weighted: 0.0179 | lpips weight: 0.1000 | cls: 0.0000 | elapsed: 00:55:40 | eta: 06:33:16 | gpu: 0.8/10.7 GB
2026-07-19 20:04:20 | INFO | cm_purifier.train | Step: 6300/50000 | 12.60% | lr: 0.000100 | Training loss is 0.2538 | distill: 0.0012 | rec: 0.1236 | id: 0.1133 | lpips: 0.1560 | lpips weighted: 0.0156 | lpips weight: 0.1000 | cls: 0.0000 | elapsed: 00:56:33 | eta: 06:32:20 | gpu: 0.8/10.7 GB
2026-07-19 20:05:15 | INFO | cm_purifier.train | Step: 6400/50000 | 12.80% | lr: 0.000100 | Training loss is 0.2601 | distill: 0.0010 | rec: 0.1194 | id: 0.1238 | lpips: 0.1593 | lpips weighted: 0.0159 | lpips weight: 0.1000 | cls: 0.0000 | elapsed: 00:57:27 | eta: 06:31:27 | gpu: 0.8/10.7 GB
2026-07-19 20:06:08 | INFO | cm_purifier.train | Step: 6500/50000 | 13.00% | lr: 0.000100 | Training loss is 0.2679 | distill: 0.0013 | rec: 0.1217 | id: 0.1284 | lpips: 0.1656 | lpips weighted: 0.0166 | lpips weight: 0.1000 | cls: 0.0000 | elapsed: 00:58:21 | eta: 06:30:31 | gpu: 0.8/10.7 GB
2026-07-19 20:07:02 | INFO | cm_purifier.train | Step: 6600/50000 | 13.20% | lr: 0.000100 | Training loss is 0.2544 | distill: 0.0013 | rec: 0.1257 | id: 0.1111 | lpips: 0.1636 | lpips weighted: 0.0164 | lpips weight: 0.1000 | cls: 0.0000 | elapsed: 00:59:15 | eta: 06:29:38 | gpu: 0.8/10.7 GB
2026-07-19 20:07:56 | INFO | cm_purifier.train | Step: 6700/50000 | 13.40% | lr: 0.000100 | Training loss is 0.2540 | distill: 0.0014 | rec: 0.1246 | id: 0.1119 | lpips: 0.1618 | lpips weighted: 0.0162 | lpips weight: 0.1000 | cls: 0.0000 | elapsed: 01:00:08 | eta: 06:28:42 | gpu: 0.8/10.7 GB
2026-07-19 20:08:50 | INFO | cm_purifier.train | Step: 6800/50000 | 13.60% | lr: 0.000100 | Training loss is 0.2667 | distill: 0.0013 | rec: 0.1206 | id: 0.1300 | lpips: 0.1479 | lpips weighted: 0.0148 | lpips weight: 0.1000 | cls: 0.0000 | elapsed: 01:01:02 | eta: 06:27:49 | gpu: 0.8/10.7 GB
2026-07-19 20:09:43 | INFO | cm_purifier.train | Step: 6900/50000 | 13.80% | lr: 0.000100 | Training loss is 0.2547 | distill: 0.0010 | rec: 0.1253 | id: 0.1112 | lpips: 0.1715 | lpips weighted: 0.0171 | lpips weight: 0.1000 | cls: 0.0000 | elapsed: 01:01:56 | eta: 06:26:54 | gpu: 0.8/10.7 GB
2026-07-19 20:10:37 | INFO | cm_purifier.train | Step: 7000/50000 | 14.00% | lr: 0.000100 | Training loss is 0.2579 | distill: 0.0011 | rec: 0.1193 | id: 0.1225 | lpips: 0.1504 | lpips weighted: 0.0150 | lpips weight: 0.1000 | cls: 0.0000 | elapsed: 01:02:50 | eta: 06:25:58 | gpu: 0.8/10.7 GB
2026-07-19 20:11:31 | INFO | cm_purifier.train | Step: 7100/50000 | 14.20% | lr: 0.000100 | Training loss is 0.2543 | distill: 0.0011 | rec: 0.1202 | id: 0.1171 | lpips: 0.1586 | lpips weighted: 0.0159 | lpips weight: 0.1000 | cls: 0.0000 | elapsed: 01:03:44 | eta: 06:25:05 | gpu: 0.8/10.7 GB
2026-07-19 20:12:25 | INFO | cm_purifier.train | Step: 7200/50000 | 14.40% | lr: 0.000100 | Training loss is 0.2799 | distill: 0.0012 | rec: 0.1266 | id: 0.1353 | lpips: 0.1680 | lpips weighted: 0.0168 | lpips weight: 0.1000 | cls: 0.0000 | elapsed: 01:04:37 | eta: 06:24:11 | gpu: 0.8/10.7 GB
2026-07-19 20:13:19 | INFO | cm_purifier.train | Step: 7300/50000 | 14.60% | lr: 0.000100 | Training loss is 0.2810 | distill: 0.0013 | rec: 0.1340 | id: 0.1280 | lpips: 0.1773 | lpips weighted: 0.0177 | lpips weight: 0.1000 | cls: 0.0000 | elapsed: 01:05:31 | eta: 06:23:18 | gpu: 0.8/10.7 GB
2026-07-19 20:14:12 | INFO | cm_purifier.train | Step: 7400/50000 | 14.80% | lr: 0.000100 | Training loss is 0.2706 | distill: 0.0013 | rec: 0.1311 | id: 0.1216 | lpips: 0.1674 | lpips weighted: 0.0167 | lpips weight: 0.1000 | cls: 0.0000 | elapsed: 01:06:25 | eta: 06:22:23 | gpu: 0.8/10.7 GB
2026-07-19 20:15:06 | INFO | cm_purifier.train | Step: 7500/50000 | 15.00% | lr: 0.000100 | Training loss is 0.2394 | distill: 0.0012 | rec: 0.1157 | id: 0.1074 | lpips: 0.1510 | lpips weighted: 0.0151 | lpips weight: 0.1000 | cls: 0.0000 | elapsed: 01:07:19 | eta: 06:21:31 | gpu: 0.8/10.7 GB
2026-07-19 20:16:00 | INFO | cm_purifier.train | Step: 7600/50000 | 15.20% | lr: 0.000100 | Training loss is 0.2568 | distill: 0.0011 | rec: 0.1237 | id: 0.1153 | lpips: 0.1673 | lpips weighted: 0.0167 | lpips weight: 0.1000 | cls: 0.0000 | elapsed: 01:08:13 | eta: 06:20:36 | gpu: 0.8/10.7 GB
2026-07-19 20:16:54 | INFO | cm_purifier.train | Step: 7700/50000 | 15.40% | lr: 0.000100 | Training loss is 0.2714 | distill: 0.0013 | rec: 0.1314 | id: 0.1215 | lpips: 0.1723 | lpips weighted: 0.0172 | lpips weight: 0.1000 | cls: 0.0000 | elapsed: 01:09:06 | eta: 06:19:41 | gpu: 0.8/10.7 GB
2026-07-19 20:17:48 | INFO | cm_purifier.train | Step: 7800/50000 | 15.60% | lr: 0.000100 | Training loss is 0.2728 | distill: 0.0011 | rec: 0.1271 | id: 0.1275 | lpips: 0.1715 | lpips weighted: 0.0171 | lpips weight: 0.1000 | cls: 0.0000 | elapsed: 01:10:00 | eta: 06:18:48 | gpu: 0.8/10.7 GB
2026-07-19 20:18:41 | INFO | cm_purifier.train | Step: 7900/50000 | 15.80% | lr: 0.000100 | Training loss is 0.2757 | distill: 0.0013 | rec: 0.1265 | id: 0.1318 | lpips: 0.1607 | lpips weighted: 0.0161 | lpips weight: 0.1000 | cls: 0.0000 | elapsed: 01:10:54 | eta: 06:17:52 | gpu: 0.8/10.7 GB
2026-07-19 20:19:35 | INFO | cm_purifier.train | Step: 8000/50000 | 16.00% | lr: 0.000100 | Training loss is 0.2769 | distill: 0.0012 | rec: 0.1275 | id: 0.1307 | lpips: 0.1762 | lpips weighted: 0.0176 | lpips weight: 0.1000 | cls: 0.0000 | elapsed: 01:11:48 | eta: 06:16:59 | gpu: 0.8/10.7 GB
2026-07-19 20:20:29 | INFO | cm_purifier.train | Step: 8100/50000 | 16.20% | lr: 0.000100 | Training loss is 0.2620 | distill: 0.0017 | rec: 0.1237 | id: 0.1210 | lpips: 0.1563 | lpips weighted: 0.0156 | lpips weight: 0.1000 | cls: 0.0000 | elapsed: 01:12:42 | eta: 06:16:04 | gpu: 0.8/10.7 GB
2026-07-19 20:21:23 | INFO | cm_purifier.train | Step: 8200/50000 | 16.40% | lr: 0.000100 | Training loss is 0.2572 | distill: 0.0013 | rec: 0.1253 | id: 0.1149 | lpips: 0.1577 | lpips weighted: 0.0158 | lpips weight: 0.1000 | cls: 0.0000 | elapsed: 01:13:36 | eta: 06:15:12 | gpu: 0.8/10.7 GB
2026-07-19 20:22:17 | INFO | cm_purifier.train | Step: 8300/50000 | 16.60% | lr: 0.000100 | Training loss is 0.2497 | distill: 0.0011 | rec: 0.1201 | id: 0.1129 | lpips: 0.1550 | lpips weighted: 0.0155 | lpips weight: 0.1000 | cls: 0.0000 | elapsed: 01:14:29 | eta: 06:14:17 | gpu: 0.8/10.7 GB
2026-07-19 20:23:10 | INFO | cm_purifier.train | Step: 8400/50000 | 16.80% | lr: 0.000100 | Training loss is 0.2492 | distill: 0.0015 | rec: 0.1260 | id: 0.1059 | lpips: 0.1565 | lpips weighted: 0.0157 | lpips weight: 0.1000 | cls: 0.0000 | elapsed: 01:15:23 | eta: 06:13:22 | gpu: 0.8/10.7 GB
2026-07-19 20:24:05 | INFO | cm_purifier.train | Step: 8500/50000 | 17.00% | lr: 0.000100 | Training loss is 0.2655 | distill: 0.0013 | rec: 0.1216 | id: 0.1263 | lpips: 0.1624 | lpips weighted: 0.0162 | lpips weight: 0.1000 | cls: 0.0000 | elapsed: 01:16:17 | eta: 06:12:29 | gpu: 0.8/10.7 GB
2026-07-19 20:24:58 | INFO | cm_purifier.train | Step: 8600/50000 | 17.20% | lr: 0.000100 | Training loss is 0.2604 | distill: 0.0012 | rec: 0.1259 | id: 0.1158 | lpips: 0.1741 | lpips weighted: 0.0174 | lpips weight: 0.1000 | cls: 0.0000 | elapsed: 01:17:11 | eta: 06:11:34 | gpu: 0.8/10.7 GB
2026-07-19 20:25:52 | INFO | cm_purifier.train | Step: 8700/50000 | 17.40% | lr: 0.000100 | Training loss is 0.2633 | distill: 0.0012 | rec: 0.1265 | id: 0.1192 | lpips: 0.1643 | lpips weighted: 0.0164 | lpips weight: 0.1000 | cls: 0.0000 | elapsed: 01:18:05 | eta: 06:10:41 | gpu: 0.8/10.7 GB
2026-07-19 20:26:46 | INFO | cm_purifier.train | Step: 8800/50000 | 17.60% | lr: 0.000100 | Training loss is 0.2590 | distill: 0.0013 | rec: 0.1241 | id: 0.1178 | lpips: 0.1593 | lpips weighted: 0.0159 | lpips weight: 0.1000 | cls: 0.0000 | elapsed: 01:18:58 | eta: 06:09:46 | gpu: 0.8/10.7 GB
2026-07-19 20:27:40 | INFO | cm_purifier.train | Step: 8900/50000 | 17.80% | lr: 0.000100 | Training loss is 0.2826 | distill: 0.0010 | rec: 0.1271 | id: 0.1382 | lpips: 0.1620 | lpips weighted: 0.0162 | lpips weight: 0.1000 | cls: 0.0000 | elapsed: 01:19:52 | eta: 06:08:53 | gpu: 0.8/10.7 GB
2026-07-19 20:28:33 | INFO | cm_purifier.train | Step: 9000/50000 | 18.00% | lr: 0.000100 | Training loss is 0.2781 | distill: 0.0010 | rec: 0.1261 | id: 0.1338 | lpips: 0.1716 | lpips weighted: 0.0172 | lpips weight: 0.1000 | cls: 0.0000 | elapsed: 01:20:46 | eta: 06:07:58 | gpu: 0.8/10.7 GB
2026-07-19 20:29:27 | INFO | cm_purifier.train | Step: 9100/50000 | 18.20% | lr: 0.000100 | Training loss is 0.2405 | distill: 0.0009 | rec: 0.1121 | id: 0.1139 | lpips: 0.1358 | lpips weighted: 0.0136 | lpips weight: 0.1000 | cls: 0.0000 | elapsed: 01:21:40 | eta: 06:07:04 | gpu: 0.8/10.7 GB
2026-07-19 20:30:21 | INFO | cm_purifier.train | Step: 9200/50000 | 18.40% | lr: 0.000100 | Training loss is 0.2803 | distill: 0.0012 | rec: 0.1323 | id: 0.1298 | lpips: 0.1705 | lpips weighted: 0.0171 | lpips weight: 0.1000 | cls: 0.0000 | elapsed: 01:22:34 | eta: 06:06:11 | gpu: 0.8/10.7 GB
2026-07-19 20:31:15 | INFO | cm_purifier.train | Step: 9300/50000 | 18.60% | lr: 0.000100 | Training loss is 0.2770 | distill: 0.0015 | rec: 0.1342 | id: 0.1246 | lpips: 0.1678 | lpips weighted: 0.0168 | lpips weight: 0.1000 | cls: 0.0000 | elapsed: 01:23:27 | eta: 06:05:16 | gpu: 0.8/10.7 GB
2026-07-19 20:32:09 | INFO | cm_purifier.train | Step: 9400/50000 | 18.80% | lr: 0.000100 | Training loss is 0.2615 | distill: 0.0012 | rec: 0.1239 | id: 0.1206 | lpips: 0.1582 | lpips weighted: 0.0158 | lpips weight: 0.1000 | cls: 0.0000 | elapsed: 01:24:21 | eta: 06:04:23 | gpu: 0.8/10.7 GB
2026-07-19 20:33:02 | INFO | cm_purifier.train | Step: 9500/50000 | 19.00% | lr: 0.000100 | Training loss is 0.2550 | distill: 0.0011 | rec: 0.1228 | id: 0.1151 | lpips: 0.1597 | lpips weighted: 0.0160 | lpips weight: 0.1000 | cls: 0.0000 | elapsed: 01:25:15 | eta: 06:03:27 | gpu: 0.8/10.7 GB
2026-07-19 20:33:56 | INFO | cm_purifier.train | Step: 9600/50000 | 19.20% | lr: 0.000100 | Training loss is 0.2535 | distill: 0.0011 | rec: 0.1256 | id: 0.1100 | lpips: 0.1680 | lpips weighted: 0.0168 | lpips weight: 0.1000 | cls: 0.0000 | elapsed: 01:26:09 | eta: 06:02:34 | gpu: 0.8/10.7 GB
2026-07-19 20:34:50 | INFO | cm_purifier.train | Step: 9700/50000 | 19.40% | lr: 0.000100 | Training loss is 0.2703 | distill: 0.0012 | rec: 0.1239 | id: 0.1289 | lpips: 0.1636 | lpips weighted: 0.0164 | lpips weight: 0.1000 | cls: 0.0000 | elapsed: 01:27:02 | eta: 06:01:39 | gpu: 0.8/10.7 GB
2026-07-19 20:35:43 | INFO | cm_purifier.train | Step: 9800/50000 | 19.60% | lr: 0.000100 | Training loss is 0.2769 | distill: 0.0014 | rec: 0.1364 | id: 0.1216 | lpips: 0.1752 | lpips weighted: 0.0175 | lpips weight: 0.1000 | cls: 0.0000 | elapsed: 01:27:56 | eta: 06:00:44 | gpu: 0.8/10.7 GB
2026-07-19 20:36:37 | INFO | cm_purifier.train | Step: 9900/50000 | 19.80% | lr: 0.000100 | Training loss is 0.2453 | distill: 0.0011 | rec: 0.1140 | id: 0.1148 | lpips: 0.1538 | lpips weighted: 0.0154 | lpips weight: 0.1000 | cls: 0.0000 | elapsed: 01:28:50 | eta: 05:59:51 | gpu: 0.8/10.7 GB
2026-07-19 20:37:31 | INFO | cm_purifier.train | Step: 10000/50000 | 20.00% | lr: 0.000100 | Training loss is 0.2566 | distill: 0.0010 | rec: 0.1221 | id: 0.1177 | lpips: 0.1575 | lpips weighted: 0.0157 | lpips weight: 0.1000 | cls: 0.0000 | elapsed: 01:29:44 | eta: 05:58:56 | gpu: 0.8/10.7 GB
2026-07-19 20:37:34 | INFO | cm_purifier.train | Saved checkpoint to /media02/ndthuc03/cm-purify-targeted-poisoning/consistency_model/checkpoints/cm_purifier_lpips.pth at step 10000
2026-07-19 20:38:28 | INFO | cm_purifier.train | Step: 10100/50000 | 20.20% | lr: 0.000100 | Training loss is 0.2663 | distill: 0.0011 | rec: 0.1217 | id: 0.1273 | lpips: 0.1616 | lpips weighted: 0.0162 | lpips weight: 0.1000 | cls: 0.0000 | elapsed: 01:30:40 | eta: 05:58:13 | gpu: 0.8/10.7 GB
2026-07-19 20:39:21 | INFO | cm_purifier.train | Step: 10200/50000 | 20.40% | lr: 0.000100 | Training loss is 0.2689 | distill: 0.0014 | rec: 0.1300 | id: 0.1217 | lpips: 0.1576 | lpips weighted: 0.0158 | lpips weight: 0.1000 | cls: 0.0000 | elapsed: 01:31:34 | eta: 05:57:18 | gpu: 0.8/10.7 GB
2026-07-19 20:40:15 | INFO | cm_purifier.train | Step: 10300/50000 | 20.60% | lr: 0.000100 | Training loss is 0.2550 | distill: 0.0013 | rec: 0.1204 | id: 0.1188 | lpips: 0.1448 | lpips weighted: 0.0145 | lpips weight: 0.1000 | cls: 0.0000 | elapsed: 01:32:28 | eta: 05:56:25 | gpu: 0.8/10.7 GB
2026-07-19 20:41:09 | INFO | cm_purifier.train | Step: 10400/50000 | 20.80% | lr: 0.000100 | Training loss is 0.2503 | distill: 0.0011 | rec: 0.1189 | id: 0.1145 | lpips: 0.1574 | lpips weighted: 0.0157 | lpips weight: 0.1000 | cls: 0.0000 | elapsed: 01:33:21 | eta: 05:55:30 | gpu: 0.8/10.7 GB
2026-07-19 20:42:02 | INFO | cm_purifier.train | Step: 10500/50000 | 21.00% | lr: 0.000100 | Training loss is 0.2645 | distill: 0.0013 | rec: 0.1243 | id: 0.1229 | lpips: 0.1598 | lpips weighted: 0.0160 | lpips weight: 0.1000 | cls: 0.0000 | elapsed: 01:34:15 | eta: 05:54:35 | gpu: 0.8/10.7 GB
2026-07-19 20:42:57 | INFO | cm_purifier.train | Step: 10600/50000 | 21.20% | lr: 0.000100 | Training loss is 0.2635 | distill: 0.0012 | rec: 0.1205 | id: 0.1262 | lpips: 0.1561 | lpips weighted: 0.0156 | lpips weight: 0.1000 | cls: 0.0000 | elapsed: 01:35:09 | eta: 05:53:42 | gpu: 0.8/10.7 GB
2026-07-19 20:43:50 | INFO | cm_purifier.train | Step: 10700/50000 | 21.40% | lr: 0.000100 | Training loss is 0.2634 | distill: 0.0013 | rec: 0.1252 | id: 0.1203 | lpips: 0.1652 | lpips weighted: 0.0165 | lpips weight: 0.1000 | cls: 0.0000 | elapsed: 01:36:03 | eta: 05:52:47 | gpu: 0.8/10.7 GB
2026-07-19 20:44:44 | INFO | cm_purifier.train | Step: 10800/50000 | 21.60% | lr: 0.000100 | Training loss is 0.2761 | distill: 0.0014 | rec: 0.1298 | id: 0.1288 | lpips: 0.1607 | lpips weighted: 0.0161 | lpips weight: 0.1000 | cls: 0.0000 | elapsed: 01:36:57 | eta: 05:51:54 | gpu: 0.8/10.7 GB
2026-07-19 20:45:38 | INFO | cm_purifier.train | Step: 10900/50000 | 21.80% | lr: 0.000100 | Training loss is 0.2610 | distill: 0.0011 | rec: 0.1273 | id: 0.1159 | lpips: 0.1670 | lpips weighted: 0.0167 | lpips weight: 0.1000 | cls: 0.0000 | elapsed: 01:37:50 | eta: 05:50:59 | gpu: 0.8/10.7 GB
2026-07-19 20:46:32 | INFO | cm_purifier.train | Step: 11000/50000 | 22.00% | lr: 0.000100 | Training loss is 0.2690 | distill: 0.0010 | rec: 0.1291 | id: 0.1216 | lpips: 0.1721 | lpips weighted: 0.0172 | lpips weight: 0.1000 | cls: 0.0000 | elapsed: 01:38:44 | eta: 05:50:06 | gpu: 0.8/10.7 GB
2026-07-19 20:47:25 | INFO | cm_purifier.train | Step: 11100/50000 | 22.20% | lr: 0.000100 | Training loss is 0.2980 | distill: 0.0013 | rec: 0.1437 | id: 0.1347 | lpips: 0.1820 | lpips weighted: 0.0182 | lpips weight: 0.1000 | cls: 0.0000 | elapsed: 01:39:38 | eta: 05:49:11 | gpu: 0.8/10.7 GB
2026-07-19 20:48:19 | INFO | cm_purifier.train | Step: 11200/50000 | 22.40% | lr: 0.000100 | Training loss is 0.2483 | distill: 0.0010 | rec: 0.1166 | id: 0.1154 | lpips: 0.1533 | lpips weighted: 0.0153 | lpips weight: 0.1000 | cls: 0.0000 | elapsed: 01:40:32 | eta: 05:48:16 | gpu: 0.8/10.7 GB
2026-07-19 20:49:13 | INFO | cm_purifier.train | Step: 11300/50000 | 22.60% | lr: 0.000100 | Training loss is 0.2778 | distill: 0.0012 | rec: 0.1280 | id: 0.1313 | lpips: 0.1722 | lpips weighted: 0.0172 | lpips weight: 0.1000 | cls: 0.0000 | elapsed: 01:41:26 | eta: 05:47:24 | gpu: 0.8/10.7 GB
2026-07-19 20:50:07 | INFO | cm_purifier.train | Step: 11400/50000 | 22.80% | lr: 0.000100 | Training loss is 0.2801 | distill: 0.0013 | rec: 0.1358 | id: 0.1256 | lpips: 0.1745 | lpips weighted: 0.0175 | lpips weight: 0.1000 | cls: 0.0000 | elapsed: 01:42:19 | eta: 05:46:29 | gpu: 0.8/10.7 GB
2026-07-19 20:51:01 | INFO | cm_purifier.train | Step: 11500/50000 | 23.00% | lr: 0.000100 | Training loss is 0.2676 | distill: 0.0013 | rec: 0.1266 | id: 0.1231 | lpips: 0.1659 | lpips weighted: 0.0166 | lpips weight: 0.1000 | cls: 0.0000 | elapsed: 01:43:13 | eta: 05:45:35 | gpu: 0.8/10.7 GB
2026-07-19 20:51:54 | INFO | cm_purifier.train | Step: 11600/50000 | 23.20% | lr: 0.000100 | Training loss is 0.2657 | distill: 0.0012 | rec: 0.1219 | id: 0.1269 | lpips: 0.1562 | lpips weighted: 0.0156 | lpips weight: 0.1000 | cls: 0.0000 | elapsed: 01:44:07 | eta: 05:44:40 | gpu: 0.8/10.7 GB
2026-07-19 20:52:48 | INFO | cm_purifier.train | Step: 11700/50000 | 23.40% | lr: 0.000100 | Training loss is 0.2708 | distill: 0.0011 | rec: 0.1293 | id: 0.1232 | lpips: 0.1725 | lpips weighted: 0.0173 | lpips weight: 0.1000 | cls: 0.0000 | elapsed: 01:45:00 | eta: 05:43:45 | gpu: 0.8/10.7 GB
2026-07-19 20:53:42 | INFO | cm_purifier.train | Step: 11800/50000 | 23.60% | lr: 0.000100 | Training loss is 0.2613 | distill: 0.0011 | rec: 0.1180 | id: 0.1268 | lpips: 0.1534 | lpips weighted: 0.0153 | lpips weight: 0.1000 | cls: 0.0000 | elapsed: 01:45:54 | eta: 05:42:52 | gpu: 0.8/10.7 GB
2026-07-19 20:54:35 | INFO | cm_purifier.train | Step: 11900/50000 | 23.80% | lr: 0.000100 | Training loss is 0.2509 | distill: 0.0011 | rec: 0.1250 | id: 0.1083 | lpips: 0.1639 | lpips weighted: 0.0164 | lpips weight: 0.1000 | cls: 0.0000 | elapsed: 01:46:48 | eta: 05:41:57 | gpu: 0.8/10.7 GB
2026-07-19 20:55:29 | INFO | cm_purifier.train | Step: 12000/50000 | 24.00% | lr: 0.000100 | Training loss is 0.2705 | distill: 0.0011 | rec: 0.1280 | id: 0.1252 | lpips: 0.1619 | lpips weighted: 0.0162 | lpips weight: 0.1000 | cls: 0.0000 | elapsed: 01:47:42 | eta: 05:41:04 | gpu: 0.8/10.7 GB
2026-07-19 20:56:23 | INFO | cm_purifier.train | Step: 12100/50000 | 24.20% | lr: 0.000100 | Training loss is 0.2870 | distill: 0.0013 | rec: 0.1382 | id: 0.1298 | lpips: 0.1765 | lpips weighted: 0.0177 | lpips weight: 0.1000 | cls: 0.0000 | elapsed: 01:48:35 | eta: 05:40:09 | gpu: 0.8/10.7 GB
2026-07-19 20:57:17 | INFO | cm_purifier.train | Step: 12200/50000 | 24.40% | lr: 0.000100 | Training loss is 0.2564 | distill: 0.0011 | rec: 0.1201 | id: 0.1188 | lpips: 0.1636 | lpips weighted: 0.0164 | lpips weight: 0.1000 | cls: 0.0000 | elapsed: 01:49:29 | eta: 05:39:15 | gpu: 0.8/10.7 GB
2026-07-19 20:58:10 | INFO | cm_purifier.train | Step: 12300/50000 | 24.60% | lr: 0.000100 | Training loss is 0.2328 | distill: 0.0013 | rec: 0.1179 | id: 0.0986 | lpips: 0.1496 | lpips weighted: 0.0150 | lpips weight: 0.1000 | cls: 0.0000 | elapsed: 01:50:23 | eta: 05:38:20 | gpu: 0.8/10.7 GB
2026-07-19 20:59:04 | INFO | cm_purifier.train | Step: 12400/50000 | 24.80% | lr: 0.000100 | Training loss is 0.2558 | distill: 0.0011 | rec: 0.1286 | id: 0.1097 | lpips: 0.1635 | lpips weighted: 0.0164 | lpips weight: 0.1000 | cls: 0.0000 | elapsed: 01:51:16 | eta: 05:37:25 | gpu: 0.8/10.7 GB
2026-07-19 20:59:58 | INFO | cm_purifier.train | Step: 12500/50000 | 25.00% | lr: 0.000100 | Training loss is 0.2547 | distill: 0.0010 | rec: 0.1188 | id: 0.1191 | lpips: 0.1579 | lpips weighted: 0.0158 | lpips weight: 0.1000 | cls: 0.0000 | elapsed: 01:52:10 | eta: 05:36:32 | gpu: 0.8/10.7 GB
2026-07-19 21:00:51 | INFO | cm_purifier.train | Step: 12600/50000 | 25.20% | lr: 0.000100 | Training loss is 0.2772 | distill: 0.0011 | rec: 0.1299 | id: 0.1294 | lpips: 0.1679 | lpips weighted: 0.0168 | lpips weight: 0.1000 | cls: 0.0000 | elapsed: 01:53:04 | eta: 05:35:37 | gpu: 0.8/10.7 GB
2026-07-19 21:01:45 | INFO | cm_purifier.train | Step: 12700/50000 | 25.40% | lr: 0.000100 | Training loss is 0.2848 | distill: 0.0013 | rec: 0.1312 | id: 0.1350 | lpips: 0.1727 | lpips weighted: 0.0173 | lpips weight: 0.1000 | cls: 0.0000 | elapsed: 01:53:58 | eta: 05:34:44 | gpu: 0.8/10.7 GB
2026-07-19 21:02:39 | INFO | cm_purifier.train | Step: 12800/50000 | 25.60% | lr: 0.000100 | Training loss is 0.2436 | distill: 0.0011 | rec: 0.1168 | id: 0.1111 | lpips: 0.1454 | lpips weighted: 0.0145 | lpips weight: 0.1000 | cls: 0.0000 | elapsed: 01:54:51 | eta: 05:33:49 | gpu: 0.8/10.7 GB
2026-07-19 21:03:33 | INFO | cm_purifier.train | Step: 12900/50000 | 25.80% | lr: 0.000100 | Training loss is 0.2852 | distill: 0.0014 | rec: 0.1288 | id: 0.1381 | lpips: 0.1678 | lpips weighted: 0.0168 | lpips weight: 0.1000 | cls: 0.0000 | elapsed: 01:55:45 | eta: 05:32:55 | gpu: 0.8/10.7 GB
2026-07-19 21:04:26 | INFO | cm_purifier.train | Step: 13000/50000 | 26.00% | lr: 0.000100 | Training loss is 0.2936 | distill: 0.0014 | rec: 0.1359 | id: 0.1386 | lpips: 0.1762 | lpips weighted: 0.0176 | lpips weight: 0.1000 | cls: 0.0000 | elapsed: 01:56:39 | eta: 05:32:01 | gpu: 0.8/10.7 GB
2026-07-19 21:05:20 | INFO | cm_purifier.train | Step: 13100/50000 | 26.20% | lr: 0.000100 | Training loss is 0.2795 | distill: 0.0012 | rec: 0.1366 | id: 0.1246 | lpips: 0.1709 | lpips weighted: 0.0171 | lpips weight: 0.1000 | cls: 0.0000 | elapsed: 01:57:32 | eta: 05:31:06 | gpu: 0.8/10.7 GB
2026-07-19 21:06:14 | INFO | cm_purifier.train | Step: 13200/50000 | 26.40% | lr: 0.000100 | Training loss is 0.2466 | distill: 0.0012 | rec: 0.1202 | id: 0.1101 | lpips: 0.1510 | lpips weighted: 0.0151 | lpips weight: 0.1000 | cls: 0.0000 | elapsed: 01:58:26 | eta: 05:30:12 | gpu: 0.8/10.7 GB
2026-07-19 21:07:07 | INFO | cm_purifier.train | Step: 13300/50000 | 26.60% | lr: 0.000100 | Training loss is 0.2893 | distill: 0.0013 | rec: 0.1366 | id: 0.1334 | lpips: 0.1791 | lpips weighted: 0.0179 | lpips weight: 0.1000 | cls: 0.0000 | elapsed: 01:59:20 | eta: 05:29:18 | gpu: 0.8/10.7 GB
2026-07-19 21:08:01 | INFO | cm_purifier.train | Step: 13400/50000 | 26.80% | lr: 0.000100 | Training loss is 0.2549 | distill: 0.0014 | rec: 0.1223 | id: 0.1158 | lpips: 0.1546 | lpips weighted: 0.0155 | lpips weight: 0.1000 | cls: 0.0000 | elapsed: 02:00:14 | eta: 05:28:24 | gpu: 0.8/10.7 GB
2026-07-19 21:08:55 | INFO | cm_purifier.train | Step: 13500/50000 | 27.00% | lr: 0.000100 | Training loss is 0.2738 | distill: 0.0013 | rec: 0.1314 | id: 0.1246 | lpips: 0.1645 | lpips weighted: 0.0165 | lpips weight: 0.1000 | cls: 0.0000 | elapsed: 02:01:07 | eta: 05:27:30 | gpu: 0.8/10.7 GB
2026-07-19 21:09:49 | INFO | cm_purifier.train | Step: 13600/50000 | 27.20% | lr: 0.000100 | Training loss is 0.2503 | distill: 0.0012 | rec: 0.1188 | id: 0.1153 | lpips: 0.1500 | lpips weighted: 0.0150 | lpips weight: 0.1000 | cls: 0.0000 | elapsed: 02:02:02 | eta: 05:26:37 | gpu: 0.8/10.7 GB
2026-07-19 21:10:42 | INFO | cm_purifier.train | Step: 13700/50000 | 27.40% | lr: 0.000100 | Training loss is 0.2516 | distill: 0.0012 | rec: 0.1249 | id: 0.1097 | lpips: 0.1583 | lpips weighted: 0.0158 | lpips weight: 0.1000 | cls: 0.0000 | elapsed: 02:02:55 | eta: 05:25:42 | gpu: 0.8/10.7 GB
2026-07-19 21:11:36 | INFO | cm_purifier.train | Step: 13800/50000 | 27.60% | lr: 0.000100 | Training loss is 0.2753 | distill: 0.0014 | rec: 0.1322 | id: 0.1251 | lpips: 0.1661 | lpips weighted: 0.0166 | lpips weight: 0.1000 | cls: 0.0000 | elapsed: 02:03:48 | eta: 05:24:47 | gpu: 0.8/10.7 GB
2026-07-19 21:12:30 | INFO | cm_purifier.train | Step: 13900/50000 | 27.80% | lr: 0.000100 | Training loss is 0.2893 | distill: 0.0012 | rec: 0.1342 | id: 0.1376 | lpips: 0.1630 | lpips weighted: 0.0163 | lpips weight: 0.1000 | cls: 0.0000 | elapsed: 02:04:42 | eta: 05:23:54 | gpu: 0.8/10.7 GB
2026-07-19 21:13:23 | INFO | cm_purifier.train | Step: 14000/50000 | 28.00% | lr: 0.000100 | Training loss is 0.2491 | distill: 0.0012 | rec: 0.1263 | id: 0.1048 | lpips: 0.1677 | lpips weighted: 0.0168 | lpips weight: 0.1000 | cls: 0.0000 | elapsed: 02:05:36 | eta: 05:22:59 | gpu: 0.8/10.7 GB
2026-07-19 21:14:17 | INFO | cm_purifier.train | Step: 14100/50000 | 28.20% | lr: 0.000100 | Training loss is 0.2482 | distill: 0.0010 | rec: 0.1214 | id: 0.1101 | lpips: 0.1572 | lpips weighted: 0.0157 | lpips weight: 0.1000 | cls: 0.0000 | elapsed: 02:06:30 | eta: 05:22:05 | gpu: 0.8/10.7 GB
2026-07-19 21:15:11 | INFO | cm_purifier.train | Step: 14200/50000 | 28.40% | lr: 0.000100 | Training loss is 0.2664 | distill: 0.0014 | rec: 0.1234 | id: 0.1252 | lpips: 0.1639 | lpips weighted: 0.0164 | lpips weight: 0.1000 | cls: 0.0000 | elapsed: 02:07:24 | eta: 05:21:11 | gpu: 0.8/10.7 GB
2026-07-19 21:16:05 | INFO | cm_purifier.train | Step: 14300/50000 | 28.60% | lr: 0.000100 | Training loss is 0.2618 | distill: 0.0015 | rec: 0.1300 | id: 0.1136 | lpips: 0.1671 | lpips weighted: 0.0167 | lpips weight: 0.1000 | cls: 0.0000 | elapsed: 02:08:18 | eta: 05:20:18 | gpu: 0.8/10.7 GB
2026-07-19 21:16:58 | INFO | cm_purifier.train | Step: 14400/50000 | 28.80% | lr: 0.000100 | Training loss is 0.2211 | distill: 0.0010 | rec: 0.1110 | id: 0.0952 | lpips: 0.1397 | lpips weighted: 0.0140 | lpips weight: 0.1000 | cls: 0.0000 | elapsed: 02:09:11 | eta: 05:19:23 | gpu: 0.8/10.7 GB
2026-07-19 21:17:52 | INFO | cm_purifier.train | Step: 14500/50000 | 29.00% | lr: 0.000100 | Training loss is 0.2827 | distill: 0.0011 | rec: 0.1273 | id: 0.1377 | lpips: 0.1659 | lpips weighted: 0.0166 | lpips weight: 0.1000 | cls: 0.0000 | elapsed: 02:10:05 | eta: 05:18:28 | gpu: 0.8/10.7 GB
2026-07-19 21:18:46 | INFO | cm_purifier.train | Step: 14600/50000 | 29.20% | lr: 0.000100 | Training loss is 0.2726 | distill: 0.0013 | rec: 0.1334 | id: 0.1212 | lpips: 0.1668 | lpips weighted: 0.0167 | lpips weight: 0.1000 | cls: 0.0000 | elapsed: 02:10:58 | eta: 05:17:35 | gpu: 0.8/10.7 GB
2026-07-19 21:19:39 | INFO | cm_purifier.train | Step: 14700/50000 | 29.40% | lr: 0.000100 | Training loss is 0.2676 | distill: 0.0013 | rec: 0.1247 | id: 0.1252 | lpips: 0.1634 | lpips weighted: 0.0163 | lpips weight: 0.1000 | cls: 0.0000 | elapsed: 02:11:52 | eta: 05:16:40 | gpu: 0.8/10.7 GB
2026-07-19 21:20:33 | INFO | cm_purifier.train | Step: 14800/50000 | 29.60% | lr: 0.000100 | Training loss is 0.2508 | distill: 0.0010 | rec: 0.1179 | id: 0.1165 | lpips: 0.1541 | lpips weighted: 0.0154 | lpips weight: 0.1000 | cls: 0.0000 | elapsed: 02:12:46 | eta: 05:15:46 | gpu: 0.8/10.7 GB
2026-07-19 21:21:27 | INFO | cm_purifier.train | Step: 14900/50000 | 29.80% | lr: 0.000100 | Training loss is 0.2510 | distill: 0.0011 | rec: 0.1240 | id: 0.1104 | lpips: 0.1538 | lpips weighted: 0.0154 | lpips weight: 0.1000 | cls: 0.0000 | elapsed: 02:13:39 | eta: 05:14:52 | gpu: 0.8/10.7 GB
2026-07-19 21:22:21 | INFO | cm_purifier.train | Step: 15000/50000 | 30.00% | lr: 0.000100 | Training loss is 0.2639 | distill: 0.0011 | rec: 0.1250 | id: 0.1220 | lpips: 0.1584 | lpips weighted: 0.0158 | lpips weight: 0.1000 | cls: 0.0000 | elapsed: 02:14:33 | eta: 05:13:58 | gpu: 0.8/10.7 GB
2026-07-19 21:22:23 | INFO | cm_purifier.train | Saved checkpoint to /media02/ndthuc03/cm-purify-targeted-poisoning/consistency_model/checkpoints/cm_purifier_lpips.pth at step 15000
2026-07-19 21:23:16 | INFO | cm_purifier.train | Step: 15100/50000 | 30.20% | lr: 0.000100 | Training loss is 0.2400 | distill: 0.0010 | rec: 0.1101 | id: 0.1148 | lpips: 0.1410 | lpips weighted: 0.0141 | lpips weight: 0.1000 | cls: 0.0000 | elapsed: 02:15:29 | eta: 05:13:09 | gpu: 0.8/10.7 GB
2026-07-19 21:24:10 | INFO | cm_purifier.train | Step: 15200/50000 | 30.40% | lr: 0.000100 | Training loss is 0.2505 | distill: 0.0009 | rec: 0.1209 | id: 0.1127 | lpips: 0.1592 | lpips weighted: 0.0159 | lpips weight: 0.1000 | cls: 0.0000 | elapsed: 02:16:22 | eta: 05:12:14 | gpu: 0.8/10.7 GB
2026-07-19 21:25:04 | INFO | cm_purifier.train | Step: 15300/50000 | 30.60% | lr: 0.000100 | Training loss is 0.2681 | distill: 0.0013 | rec: 0.1294 | id: 0.1206 | lpips: 0.1682 | lpips weighted: 0.0168 | lpips weight: 0.1000 | cls: 0.0000 | elapsed: 02:17:16 | eta: 05:11:21 | gpu: 0.8/10.7 GB
2026-07-19 21:25:57 | INFO | cm_purifier.train | Step: 15400/50000 | 30.80% | lr: 0.000100 | Training loss is 0.2579 | distill: 0.0012 | rec: 0.1274 | id: 0.1121 | lpips: 0.1723 | lpips weighted: 0.0172 | lpips weight: 0.1000 | cls: 0.0000 | elapsed: 02:18:10 | eta: 05:10:26 | gpu: 0.8/10.7 GB
2026-07-19 21:26:51 | INFO | cm_purifier.train | Step: 15500/50000 | 31.00% | lr: 0.000100 | Training loss is 0.2786 | distill: 0.0012 | rec: 0.1212 | id: 0.1403 | lpips: 0.1598 | lpips weighted: 0.0160 | lpips weight: 0.1000 | cls: 0.0000 | elapsed: 02:19:04 | eta: 05:09:32 | gpu: 0.8/10.7 GB
2026-07-19 21:27:45 | INFO | cm_purifier.train | Step: 15600/50000 | 31.20% | lr: 0.000100 | Training loss is 0.2618 | distill: 0.0012 | rec: 0.1233 | id: 0.1211 | lpips: 0.1615 | lpips weighted: 0.0161 | lpips weight: 0.1000 | cls: 0.0000 | elapsed: 02:19:57 | eta: 05:08:38 | gpu: 0.8/10.7 GB
2026-07-19 21:28:39 | INFO | cm_purifier.train | Step: 15700/50000 | 31.40% | lr: 0.000100 | Training loss is 0.2415 | distill: 0.0012 | rec: 0.1187 | id: 0.1065 | lpips: 0.1517 | lpips weighted: 0.0152 | lpips weight: 0.1000 | cls: 0.0000 | elapsed: 02:20:51 | eta: 05:07:44 | gpu: 0.8/10.7 GB
2026-07-19 21:29:32 | INFO | cm_purifier.train | Step: 15800/50000 | 31.60% | lr: 0.000100 | Training loss is 0.2625 | distill: 0.0010 | rec: 0.1290 | id: 0.1155 | lpips: 0.1692 | lpips weighted: 0.0169 | lpips weight: 0.1000 | cls: 0.0000 | elapsed: 02:21:45 | eta: 05:06:50 | gpu: 0.8/10.7 GB
2026-07-19 21:30:26 | INFO | cm_purifier.train | Step: 15900/50000 | 31.80% | lr: 0.000100 | Training loss is 0.2645 | distill: 0.0015 | rec: 0.1300 | id: 0.1171 | lpips: 0.1602 | lpips weighted: 0.0160 | lpips weight: 0.1000 | cls: 0.0000 | elapsed: 02:22:38 | eta: 05:05:55 | gpu: 0.8/10.7 GB
2026-07-19 21:31:20 | INFO | cm_purifier.train | Step: 16000/50000 | 32.00% | lr: 0.000100 | Training loss is 0.2650 | distill: 0.0011 | rec: 0.1218 | id: 0.1270 | lpips: 0.1503 | lpips weighted: 0.0150 | lpips weight: 0.1000 | cls: 0.0000 | elapsed: 02:23:32 | eta: 05:05:02 | gpu: 0.8/10.7 GB
2026-07-19 21:32:13 | INFO | cm_purifier.train | Step: 16100/50000 | 32.20% | lr: 0.000100 | Training loss is 0.2358 | distill: 0.0011 | rec: 0.1141 | id: 0.1067 | lpips: 0.1401 | lpips weighted: 0.0140 | lpips weight: 0.1000 | cls: 0.0000 | elapsed: 02:24:26 | eta: 05:04:08 | gpu: 0.8/10.7 GB
2026-07-19 21:33:07 | INFO | cm_purifier.train | Step: 16200/50000 | 32.40% | lr: 0.000100 | Training loss is 0.2603 | distill: 0.0011 | rec: 0.1242 | id: 0.1192 | lpips: 0.1583 | lpips weighted: 0.0158 | lpips weight: 0.1000 | cls: 0.0000 | elapsed: 02:25:20 | eta: 05:03:14 | gpu: 0.8/10.7 GB
2026-07-19 21:34:01 | INFO | cm_purifier.train | Step: 16300/50000 | 32.60% | lr: 0.000100 | Training loss is 0.2576 | distill: 0.0013 | rec: 0.1202 | id: 0.1218 | lpips: 0.1423 | lpips weighted: 0.0142 | lpips weight: 0.1000 | cls: 0.0000 | elapsed: 02:26:13 | eta: 05:02:19 | gpu: 0.8/10.7 GB
2026-07-19 21:34:55 | INFO | cm_purifier.train | Step: 16400/50000 | 32.80% | lr: 0.000100 | Training loss is 0.2502 | distill: 0.0011 | rec: 0.1236 | id: 0.1092 | lpips: 0.1634 | lpips weighted: 0.0163 | lpips weight: 0.1000 | cls: 0.0000 | elapsed: 02:27:08 | eta: 05:01:26 | gpu: 0.8/10.7 GB
2026-07-19 21:35:48 | INFO | cm_purifier.train | Step: 16500/50000 | 33.00% | lr: 0.000100 | Training loss is 0.2673 | distill: 0.0011 | rec: 0.1235 | id: 0.1269 | lpips: 0.1578 | lpips weighted: 0.0158 | lpips weight: 0.1000 | cls: 0.0000 | elapsed: 02:28:01 | eta: 05:00:32 | gpu: 0.8/10.7 GB
2026-07-19 21:36:42 | INFO | cm_purifier.train | Step: 16600/50000 | 33.20% | lr: 0.000100 | Training loss is 0.2676 | distill: 0.0013 | rec: 0.1240 | id: 0.1282 | lpips: 0.1414 | lpips weighted: 0.0141 | lpips weight: 0.1000 | cls: 0.0000 | elapsed: 02:28:55 | eta: 04:59:37 | gpu: 0.8/10.7 GB
2026-07-19 21:37:36 | INFO | cm_purifier.train | Step: 16700/50000 | 33.40% | lr: 0.000100 | Training loss is 0.2530 | distill: 0.0011 | rec: 0.1192 | id: 0.1186 | lpips: 0.1410 | lpips weighted: 0.0141 | lpips weight: 0.1000 | cls: 0.0000 | elapsed: 02:29:49 | eta: 04:58:44 | gpu: 0.8/10.7 GB
2026-07-19 21:38:29 | INFO | cm_purifier.train | Step: 16800/50000 | 33.60% | lr: 0.000100 | Training loss is 0.2573 | distill: 0.0012 | rec: 0.1235 | id: 0.1172 | lpips: 0.1539 | lpips weighted: 0.0154 | lpips weight: 0.1000 | cls: 0.0000 | elapsed: 02:30:42 | eta: 04:57:49 | gpu: 0.8/10.7 GB
2026-07-19 21:39:23 | INFO | cm_purifier.train | Step: 16900/50000 | 33.80% | lr: 0.000100 | Training loss is 0.2784 | distill: 0.0012 | rec: 0.1256 | id: 0.1352 | lpips: 0.1644 | lpips weighted: 0.0164 | lpips weight: 0.1000 | cls: 0.0000 | elapsed: 02:31:36 | eta: 04:56:56 | gpu: 0.8/10.7 GB
2026-07-19 21:40:17 | INFO | cm_purifier.train | Step: 17000/50000 | 34.00% | lr: 0.000100 | Training loss is 0.2508 | distill: 0.0010 | rec: 0.1150 | id: 0.1198 | lpips: 0.1508 | lpips weighted: 0.0151 | lpips weight: 0.1000 | cls: 0.0000 | elapsed: 02:32:30 | eta: 04:56:01 | gpu: 0.8/10.7 GB
2026-07-19 21:41:11 | INFO | cm_purifier.train | Step: 17100/50000 | 34.20% | lr: 0.000100 | Training loss is 0.2609 | distill: 0.0013 | rec: 0.1212 | id: 0.1242 | lpips: 0.1424 | lpips weighted: 0.0142 | lpips weight: 0.1000 | cls: 0.0000 | elapsed: 02:33:24 | eta: 04:55:08 | gpu: 0.8/10.7 GB
2026-07-19 21:42:05 | INFO | cm_purifier.train | Step: 17200/50000 | 34.40% | lr: 0.000100 | Training loss is 0.2756 | distill: 0.0014 | rec: 0.1319 | id: 0.1251 | lpips: 0.1725 | lpips weighted: 0.0172 | lpips weight: 0.1000 | cls: 0.0000 | elapsed: 02:34:17 | eta: 04:54:14 | gpu: 0.8/10.7 GB
2026-07-19 21:42:58 | INFO | cm_purifier.train | Step: 17300/50000 | 34.60% | lr: 0.000100 | Training loss is 0.2618 | distill: 0.0011 | rec: 0.1263 | id: 0.1183 | lpips: 0.1619 | lpips weighted: 0.0162 | lpips weight: 0.1000 | cls: 0.0000 | elapsed: 02:35:11 | eta: 04:53:19 | gpu: 0.8/10.7 GB
2026-07-19 21:43:52 | INFO | cm_purifier.train | Step: 17400/50000 | 34.80% | lr: 0.000100 | Training loss is 0.2709 | distill: 0.0013 | rec: 0.1297 | id: 0.1224 | lpips: 0.1745 | lpips weighted: 0.0174 | lpips weight: 0.1000 | cls: 0.0000 | elapsed: 02:36:05 | eta: 04:52:26 | gpu: 0.8/10.7 GB
2026-07-19 21:44:46 | INFO | cm_purifier.train | Step: 17500/50000 | 35.00% | lr: 0.000100 | Training loss is 0.2540 | distill: 0.0011 | rec: 0.1176 | id: 0.1206 | lpips: 0.1477 | lpips weighted: 0.0148 | lpips weight: 0.1000 | cls: 0.0000 | elapsed: 02:36:58 | eta: 04:51:32 | gpu: 0.8/10.7 GB
2026-07-19 21:45:40 | INFO | cm_purifier.train | Step: 17600/50000 | 35.20% | lr: 0.000100 | Training loss is 0.2743 | distill: 0.0016 | rec: 0.1302 | id: 0.1261 | lpips: 0.1641 | lpips weighted: 0.0164 | lpips weight: 0.1000 | cls: 0.0000 | elapsed: 02:37:52 | eta: 04:50:38 | gpu: 0.8/10.7 GB
2026-07-19 21:46:33 | INFO | cm_purifier.train | Step: 17700/50000 | 35.40% | lr: 0.000100 | Training loss is 0.2714 | distill: 0.0011 | rec: 0.1334 | id: 0.1196 | lpips: 0.1727 | lpips weighted: 0.0173 | lpips weight: 0.1000 | cls: 0.0000 | elapsed: 02:38:46 | eta: 04:49:44 | gpu: 0.8/10.7 GB
2026-07-19 21:47:27 | INFO | cm_purifier.train | Step: 17800/50000 | 35.60% | lr: 0.000100 | Training loss is 0.2619 | distill: 0.0015 | rec: 0.1223 | id: 0.1230 | lpips: 0.1520 | lpips weighted: 0.0152 | lpips weight: 0.1000 | cls: 0.0000 | elapsed: 02:39:40 | eta: 04:48:50 | gpu: 0.8/10.7 GB
2026-07-19 21:48:21 | INFO | cm_purifier.train | Step: 17900/50000 | 35.80% | lr: 0.000100 | Training loss is 0.2586 | distill: 0.0013 | rec: 0.1279 | id: 0.1146 | lpips: 0.1485 | lpips weighted: 0.0149 | lpips weight: 0.1000 | cls: 0.0000 | elapsed: 02:40:33 | eta: 04:47:56 | gpu: 0.8/10.7 GB
2026-07-19 21:49:14 | INFO | cm_purifier.train | Step: 18000/50000 | 36.00% | lr: 0.000100 | Training loss is 0.2686 | distill: 0.0013 | rec: 0.1298 | id: 0.1221 | lpips: 0.1532 | lpips weighted: 0.0153 | lpips weight: 0.1000 | cls: 0.0000 | elapsed: 02:41:27 | eta: 04:47:02 | gpu: 0.8/10.7 GB
2026-07-19 21:50:08 | INFO | cm_purifier.train | Step: 18100/50000 | 36.20% | lr: 0.000100 | Training loss is 0.2648 | distill: 0.0010 | rec: 0.1221 | id: 0.1246 | lpips: 0.1709 | lpips weighted: 0.0171 | lpips weight: 0.1000 | cls: 0.0000 | elapsed: 02:42:21 | eta: 04:46:08 | gpu: 0.8/10.7 GB
2026-07-19 21:51:02 | INFO | cm_purifier.train | Step: 18200/50000 | 36.40% | lr: 0.000100 | Training loss is 0.2569 | distill: 0.0010 | rec: 0.1225 | id: 0.1181 | lpips: 0.1525 | lpips weighted: 0.0152 | lpips weight: 0.1000 | cls: 0.0000 | elapsed: 02:43:14 | eta: 04:45:14 | gpu: 0.8/10.7 GB
2026-07-19 21:51:56 | INFO | cm_purifier.train | Step: 18300/50000 | 36.60% | lr: 0.000100 | Training loss is 0.2744 | distill: 0.0012 | rec: 0.1292 | id: 0.1273 | lpips: 0.1667 | lpips weighted: 0.0167 | lpips weight: 0.1000 | cls: 0.0000 | elapsed: 02:44:08 | eta: 04:44:20 | gpu: 0.8/10.7 GB
2026-07-19 21:52:49 | INFO | cm_purifier.train | Step: 18400/50000 | 36.80% | lr: 0.000100 | Training loss is 0.2608 | distill: 0.0011 | rec: 0.1240 | id: 0.1201 | lpips: 0.1557 | lpips weighted: 0.0156 | lpips weight: 0.1000 | cls: 0.0000 | elapsed: 02:45:02 | eta: 04:43:26 | gpu: 0.8/10.7 GB
2026-07-19 21:53:44 | INFO | cm_purifier.train | Step: 18500/50000 | 37.00% | lr: 0.000100 | Training loss is 0.2922 | distill: 0.0013 | rec: 0.1332 | id: 0.1396 | lpips: 0.1798 | lpips weighted: 0.0180 | lpips weight: 0.1000 | cls: 0.0000 | elapsed: 02:45:56 | eta: 04:42:33 | gpu: 0.8/10.7 GB
2026-07-19 21:54:37 | INFO | cm_purifier.train | Step: 18600/50000 | 37.20% | lr: 0.000100 | Training loss is 0.2600 | distill: 0.0011 | rec: 0.1260 | id: 0.1167 | lpips: 0.1616 | lpips weighted: 0.0162 | lpips weight: 0.1000 | cls: 0.0000 | elapsed: 02:46:50 | eta: 04:41:39 | gpu: 0.8/10.7 GB
2026-07-19 21:55:31 | INFO | cm_purifier.train | Step: 18700/50000 | 37.40% | lr: 0.000100 | Training loss is 0.2762 | distill: 0.0014 | rec: 0.1362 | id: 0.1218 | lpips: 0.1685 | lpips weighted: 0.0168 | lpips weight: 0.1000 | cls: 0.0000 | elapsed: 02:47:43 | eta: 04:40:44 | gpu: 0.8/10.7 GB
2026-07-19 21:56:25 | INFO | cm_purifier.train | Step: 18800/50000 | 37.60% | lr: 0.000100 | Training loss is 0.2622 | distill: 0.0012 | rec: 0.1272 | id: 0.1168 | lpips: 0.1690 | lpips weighted: 0.0169 | lpips weight: 0.1000 | cls: 0.0000 | elapsed: 02:48:37 | eta: 04:39:51 | gpu: 0.8/10.7 GB
2026-07-19 21:57:18 | INFO | cm_purifier.train | Step: 18900/50000 | 37.80% | lr: 0.000100 | Training loss is 0.2846 | distill: 0.0011 | rec: 0.1268 | id: 0.1395 | lpips: 0.1714 | lpips weighted: 0.0171 | lpips weight: 0.1000 | cls: 0.0000 | elapsed: 02:49:31 | eta: 04:38:57 | gpu: 0.8/10.7 GB
2026-07-19 21:58:13 | INFO | cm_purifier.train | Step: 19000/50000 | 38.00% | lr: 0.000100 | Training loss is 0.2344 | distill: 0.0011 | rec: 0.1131 | id: 0.1064 | lpips: 0.1376 | lpips weighted: 0.0138 | lpips weight: 0.1000 | cls: 0.0000 | elapsed: 02:50:25 | eta: 04:38:04 | gpu: 0.8/10.7 GB
2026-07-19 21:59:06 | INFO | cm_purifier.train | Step: 19100/50000 | 38.20% | lr: 0.000100 | Training loss is 0.2735 | distill: 0.0013 | rec: 0.1315 | id: 0.1243 | lpips: 0.1643 | lpips weighted: 0.0164 | lpips weight: 0.1000 | cls: 0.0000 | elapsed: 02:51:19 | eta: 04:37:09 | gpu: 0.8/10.7 GB
2026-07-19 22:00:00 | INFO | cm_purifier.train | Step: 19200/50000 | 38.40% | lr: 0.000100 | Training loss is 0.2548 | distill: 0.0011 | rec: 0.1210 | id: 0.1173 | lpips: 0.1541 | lpips weighted: 0.0154 | lpips weight: 0.1000 | cls: 0.0000 | elapsed: 02:52:13 | eta: 04:36:16 | gpu: 0.8/10.7 GB
2026-07-19 22:00:54 | INFO | cm_purifier.train | Step: 19300/50000 | 38.60% | lr: 0.000100 | Training loss is 0.2675 | distill: 0.0011 | rec: 0.1238 | id: 0.1271 | lpips: 0.1550 | lpips weighted: 0.0155 | lpips weight: 0.1000 | cls: 0.0000 | elapsed: 02:53:06 | eta: 04:35:22 | gpu: 0.8/10.7 GB
2026-07-19 22:01:47 | INFO | cm_purifier.train | Step: 19400/50000 | 38.80% | lr: 0.000100 | Training loss is 0.2569 | distill: 0.0013 | rec: 0.1267 | id: 0.1131 | lpips: 0.1578 | lpips weighted: 0.0158 | lpips weight: 0.1000 | cls: 0.0000 | elapsed: 02:54:00 | eta: 04:34:28 | gpu: 0.8/10.7 GB
2026-07-19 22:02:41 | INFO | cm_purifier.train | Step: 19500/50000 | 39.00% | lr: 0.000100 | Training loss is 0.2714 | distill: 0.0010 | rec: 0.1185 | id: 0.1371 | lpips: 0.1482 | lpips weighted: 0.0148 | lpips weight: 0.1000 | cls: 0.0000 | elapsed: 02:54:54 | eta: 04:33:34 | gpu: 0.8/10.7 GB
2026-07-19 22:03:35 | INFO | cm_purifier.train | Step: 19600/50000 | 39.20% | lr: 0.000100 | Training loss is 0.2755 | distill: 0.0013 | rec: 0.1273 | id: 0.1305 | lpips: 0.1640 | lpips weighted: 0.0164 | lpips weight: 0.1000 | cls: 0.0000 | elapsed: 02:55:48 | eta: 04:32:40 | gpu: 0.8/10.7 GB
2026-07-19 22:04:29 | INFO | cm_purifier.train | Step: 19700/50000 | 39.40% | lr: 0.000100 | Training loss is 0.2654 | distill: 0.0013 | rec: 0.1200 | id: 0.1297 | lpips: 0.1450 | lpips weighted: 0.0145 | lpips weight: 0.1000 | cls: 0.0000 | elapsed: 02:56:42 | eta: 04:31:47 | gpu: 0.8/10.7 GB
2026-07-19 22:05:23 | INFO | cm_purifier.train | Step: 19800/50000 | 39.60% | lr: 0.000100 | Training loss is 0.2654 | distill: 0.0012 | rec: 0.1248 | id: 0.1242 | lpips: 0.1517 | lpips weighted: 0.0152 | lpips weight: 0.1000 | cls: 0.0000 | elapsed: 02:57:36 | eta: 04:30:53 | gpu: 0.8/10.7 GB
2026-07-19 22:06:17 | INFO | cm_purifier.train | Step: 19900/50000 | 39.80% | lr: 0.000100 | Training loss is 0.2846 | distill: 0.0012 | rec: 0.1342 | id: 0.1305 | lpips: 0.1878 | lpips weighted: 0.0188 | lpips weight: 0.1000 | cls: 0.0000 | elapsed: 02:58:30 | eta: 04:29:59 | gpu: 0.8/10.7 GB
2026-07-19 22:07:10 | INFO | cm_purifier.train | Step: 20000/50000 | 40.00% | lr: 0.000100 | Training loss is 0.2569 | distill: 0.0010 | rec: 0.1250 | id: 0.1151 | lpips: 0.1578 | lpips weighted: 0.0158 | lpips weight: 0.1000 | cls: 0.0000 | elapsed: 02:59:23 | eta: 04:29:05 | gpu: 0.8/10.7 GB
2026-07-19 22:07:13 | INFO | cm_purifier.train | Saved checkpoint to /media02/ndthuc03/cm-purify-targeted-poisoning/consistency_model/checkpoints/cm_purifier_lpips.pth at step 20000
2026-07-19 22:08:07 | INFO | cm_purifier.train | Step: 20100/50000 | 40.20% | lr: 0.000100 | Training loss is 0.2702 | distill: 0.0011 | rec: 0.1274 | id: 0.1250 | lpips: 0.1675 | lpips weighted: 0.0168 | lpips weight: 0.1000 | cls: 0.0000 | elapsed: 03:00:19 | eta: 04:28:15 | gpu: 0.8/10.7 GB
2026-07-19 22:09:01 | INFO | cm_purifier.train | Step: 20200/50000 | 40.40% | lr: 0.000100 | Training loss is 0.2472 | distill: 0.0012 | rec: 0.1192 | id: 0.1122 | lpips: 0.1459 | lpips weighted: 0.0146 | lpips weight: 0.1000 | cls: 0.0000 | elapsed: 03:01:13 | eta: 04:27:21 | gpu: 0.8/10.7 GB
2026-07-19 22:09:54 | INFO | cm_purifier.train | Step: 20300/50000 | 40.60% | lr: 0.000100 | Training loss is 0.2606 | distill: 0.0011 | rec: 0.1271 | id: 0.1166 | lpips: 0.1569 | lpips weighted: 0.0157 | lpips weight: 0.1000 | cls: 0.0000 | elapsed: 03:02:07 | eta: 04:26:27 | gpu: 0.8/10.7 GB
2026-07-19 22:10:48 | INFO | cm_purifier.train | Step: 20400/50000 | 40.80% | lr: 0.000100 | Training loss is 0.2500 | distill: 0.0010 | rec: 0.1195 | id: 0.1138 | lpips: 0.1571 | lpips weighted: 0.0157 | lpips weight: 0.1000 | cls: 0.0000 | elapsed: 03:03:01 | eta: 04:25:34 | gpu: 0.8/10.7 GB
2026-07-19 22:11:42 | INFO | cm_purifier.train | Step: 20500/50000 | 41.00% | lr: 0.000100 | Training loss is 0.2470 | distill: 0.0011 | rec: 0.1221 | id: 0.1082 | lpips: 0.1560 | lpips weighted: 0.0156 | lpips weight: 0.1000 | cls: 0.0000 | elapsed: 03:03:55 | eta: 04:24:39 | gpu: 0.8/10.7 GB
2026-07-19 22:12:36 | INFO | cm_purifier.train | Step: 20600/50000 | 41.20% | lr: 0.000100 | Training loss is 0.2843 | distill: 0.0014 | rec: 0.1304 | id: 0.1363 | lpips: 0.1622 | lpips weighted: 0.0162 | lpips weight: 0.1000 | cls: 0.0000 | elapsed: 03:04:49 | eta: 04:23:46 | gpu: 0.8/10.7 GB
2026-07-19 22:13:29 | INFO | cm_purifier.train | Step: 20700/50000 | 41.40% | lr: 0.000100 | Training loss is 0.2557 | distill: 0.0011 | rec: 0.1214 | id: 0.1183 | lpips: 0.1491 | lpips weighted: 0.0149 | lpips weight: 0.1000 | cls: 0.0000 | elapsed: 03:05:42 | eta: 04:22:51 | gpu: 0.8/10.7 GB
2026-07-19 22:14:23 | INFO | cm_purifier.train | Step: 20800/50000 | 41.60% | lr: 0.000100 | Training loss is 0.2765 | distill: 0.0015 | rec: 0.1299 | id: 0.1291 | lpips: 0.1596 | lpips weighted: 0.0160 | lpips weight: 0.1000 | cls: 0.0000 | elapsed: 03:06:36 | eta: 04:21:57 | gpu: 0.8/10.7 GB
2026-07-19 22:15:17 | INFO | cm_purifier.train | Step: 20900/50000 | 41.80% | lr: 0.000100 | Training loss is 0.2742 | distill: 0.0014 | rec: 0.1341 | id: 0.1216 | lpips: 0.1701 | lpips weighted: 0.0170 | lpips weight: 0.1000 | cls: 0.0000 | elapsed: 03:07:30 | eta: 04:21:04 | gpu: 0.8/10.7 GB
2026-07-19 22:16:11 | INFO | cm_purifier.train | Step: 21000/50000 | 42.00% | lr: 0.000100 | Training loss is 0.2575 | distill: 0.0012 | rec: 0.1273 | id: 0.1136 | lpips: 0.1539 | lpips weighted: 0.0154 | lpips weight: 0.1000 | cls: 0.0000 | elapsed: 03:08:23 | eta: 04:20:09 | gpu: 0.8/10.7 GB
2026-07-19 22:17:05 | INFO | cm_purifier.train | Step: 21100/50000 | 42.20% | lr: 0.000100 | Training loss is 0.2519 | distill: 0.0016 | rec: 0.1261 | id: 0.1087 | lpips: 0.1541 | lpips weighted: 0.0154 | lpips weight: 0.1000 | cls: 0.0000 | elapsed: 03:09:17 | eta: 04:19:16 | gpu: 0.8/10.7 GB
2026-07-19 22:17:58 | INFO | cm_purifier.train | Step: 21200/50000 | 42.40% | lr: 0.000100 | Training loss is 0.2712 | distill: 0.0014 | rec: 0.1283 | id: 0.1255 | lpips: 0.1596 | lpips weighted: 0.0160 | lpips weight: 0.1000 | cls: 0.0000 | elapsed: 03:10:11 | eta: 04:18:21 | gpu: 0.8/10.7 GB
2026-07-19 22:18:52 | INFO | cm_purifier.train | Step: 21300/50000 | 42.60% | lr: 0.000100 | Training loss is 0.2534 | distill: 0.0011 | rec: 0.1184 | id: 0.1183 | lpips: 0.1561 | lpips weighted: 0.0156 | lpips weight: 0.1000 | cls: 0.0000 | elapsed: 03:11:05 | eta: 04:17:28 | gpu: 0.8/10.7 GB
2026-07-19 22:19:45 | INFO | cm_purifier.train | Step: 21400/50000 | 42.80% | lr: 0.000100 | Training loss is 0.2724 | distill: 0.0013 | rec: 0.1280 | id: 0.1269 | lpips: 0.1626 | lpips weighted: 0.0163 | lpips weight: 0.1000 | cls: 0.0000 | elapsed: 03:11:58 | eta: 04:16:34 | gpu: 0.8/10.7 GB
2026-07-19 22:20:39 | INFO | cm_purifier.train | Step: 21500/50000 | 43.00% | lr: 0.000100 | Training loss is 0.2619 | distill: 0.0011 | rec: 0.1207 | id: 0.1247 | lpips: 0.1541 | lpips weighted: 0.0154 | lpips weight: 0.1000 | cls: 0.0000 | elapsed: 03:12:52 | eta: 04:15:39 | gpu: 0.8/10.7 GB
2026-07-19 22:21:33 | INFO | cm_purifier.train | Step: 21600/50000 | 43.20% | lr: 0.000100 | Training loss is 0.2715 | distill: 0.0014 | rec: 0.1295 | id: 0.1244 | lpips: 0.1629 | lpips weighted: 0.0163 | lpips weight: 0.1000 | cls: 0.0000 | elapsed: 03:13:46 | eta: 04:14:46 | gpu: 0.8/10.7 GB
2026-07-19 22:22:26 | INFO | cm_purifier.train | Step: 21700/50000 | 43.40% | lr: 0.000100 | Training loss is 0.2450 | distill: 0.0010 | rec: 0.1213 | id: 0.1075 | lpips: 0.1511 | lpips weighted: 0.0151 | lpips weight: 0.1000 | cls: 0.0000 | elapsed: 03:14:39 | eta: 04:13:51 | gpu: 0.8/10.7 GB
2026-07-19 22:23:20 | INFO | cm_purifier.train | Step: 21800/50000 | 43.60% | lr: 0.000100 | Training loss is 0.2699 | distill: 0.0013 | rec: 0.1286 | id: 0.1229 | lpips: 0.1717 | lpips weighted: 0.0172 | lpips weight: 0.1000 | cls: 0.0000 | elapsed: 03:15:33 | eta: 04:12:58 | gpu: 0.8/10.7 GB
2026-07-19 22:24:14 | INFO | cm_purifier.train | Step: 21900/50000 | 43.80% | lr: 0.000100 | Training loss is 0.2499 | distill: 0.0011 | rec: 0.1224 | id: 0.1101 | lpips: 0.1632 | lpips weighted: 0.0163 | lpips weight: 0.1000 | cls: 0.0000 | elapsed: 03:16:27 | eta: 04:12:04 | gpu: 0.8/10.7 GB
2026-07-19 22:25:08 | INFO | cm_purifier.train | Step: 22000/50000 | 44.00% | lr: 0.000100 | Training loss is 0.2744 | distill: 0.0010 | rec: 0.1237 | id: 0.1345 | lpips: 0.1529 | lpips weighted: 0.0153 | lpips weight: 0.1000 | cls: 0.0000 | elapsed: 03:17:21 | eta: 04:11:10 | gpu: 0.8/10.7 GB
2026-07-19 22:26:02 | INFO | cm_purifier.train | Step: 22100/50000 | 44.20% | lr: 0.000100 | Training loss is 0.2525 | distill: 0.0011 | rec: 0.1229 | id: 0.1131 | lpips: 0.1544 | lpips weighted: 0.0154 | lpips weight: 0.1000 | cls: 0.0000 | elapsed: 03:18:14 | eta: 04:10:16 | gpu: 0.8/10.7 GB
2026-07-19 22:26:55 | INFO | cm_purifier.train | Step: 22200/50000 | 44.40% | lr: 0.000100 | Training loss is 0.2690 | distill: 0.0015 | rec: 0.1328 | id: 0.1186 | lpips: 0.1605 | lpips weighted: 0.0161 | lpips weight: 0.1000 | cls: 0.0000 | elapsed: 03:19:08 | eta: 04:09:22 | gpu: 0.8/10.7 GB
2026-07-19 22:27:49 | INFO | cm_purifier.train | Step: 22300/50000 | 44.60% | lr: 0.000100 | Training loss is 0.2562 | distill: 0.0013 | rec: 0.1275 | id: 0.1117 | lpips: 0.1568 | lpips weighted: 0.0157 | lpips weight: 0.1000 | cls: 0.0000 | elapsed: 03:20:02 | eta: 04:08:28 | gpu: 0.8/10.7 GB
2026-07-19 22:28:42 | INFO | cm_purifier.train | Step: 22400/50000 | 44.80% | lr: 0.000100 | Training loss is 0.2759 | distill: 0.0012 | rec: 0.1257 | id: 0.1329 | lpips: 0.1612 | lpips weighted: 0.0161 | lpips weight: 0.1000 | cls: 0.0000 | elapsed: 03:20:55 | eta: 04:07:34 | gpu: 0.8/10.7 GB
2026-07-19 22:29:37 | INFO | cm_purifier.train | Step: 22500/50000 | 45.00% | lr: 0.000100 | Training loss is 0.2646 | distill: 0.0013 | rec: 0.1273 | id: 0.1199 | lpips: 0.1600 | lpips weighted: 0.0160 | lpips weight: 0.1000 | cls: 0.0000 | elapsed: 03:21:49 | eta: 04:06:40 | gpu: 0.8/10.7 GB
2026-07-19 22:30:30 | INFO | cm_purifier.train | Step: 22600/50000 | 45.20% | lr: 0.000100 | Training loss is 0.2866 | distill: 0.0014 | rec: 0.1385 | id: 0.1281 | lpips: 0.1861 | lpips weighted: 0.0186 | lpips weight: 0.1000 | cls: 0.0000 | elapsed: 03:22:43 | eta: 04:05:46 | gpu: 0.8/10.7 GB
2026-07-19 22:31:24 | INFO | cm_purifier.train | Step: 22700/50000 | 45.40% | lr: 0.000100 | Training loss is 0.2265 | distill: 0.0012 | rec: 0.1111 | id: 0.1012 | lpips: 0.1301 | lpips weighted: 0.0130 | lpips weight: 0.1000 | cls: 0.0000 | elapsed: 03:23:37 | eta: 04:04:53 | gpu: 0.8/10.7 GB
2026-07-19 22:32:18 | INFO | cm_purifier.train | Step: 22800/50000 | 45.60% | lr: 0.000100 | Training loss is 0.2529 | distill: 0.0012 | rec: 0.1260 | id: 0.1088 | lpips: 0.1689 | lpips weighted: 0.0169 | lpips weight: 0.1000 | cls: 0.0000 | elapsed: 03:24:30 | eta: 04:03:58 | gpu: 0.8/10.7 GB
2026-07-19 22:33:11 | INFO | cm_purifier.train | Step: 22900/50000 | 45.80% | lr: 0.000100 | Training loss is 0.2650 | distill: 0.0014 | rec: 0.1296 | id: 0.1172 | lpips: 0.1675 | lpips weighted: 0.0168 | lpips weight: 0.1000 | cls: 0.0000 | elapsed: 03:25:24 | eta: 04:03:04 | gpu: 0.8/10.7 GB
2026-07-19 22:34:05 | INFO | cm_purifier.train | Step: 23000/50000 | 46.00% | lr: 0.000100 | Training loss is 0.2512 | distill: 0.0009 | rec: 0.1146 | id: 0.1213 | lpips: 0.1449 | lpips weighted: 0.0145 | lpips weight: 0.1000 | cls: 0.0000 | elapsed: 03:26:18 | eta: 04:02:10 | gpu: 0.8/10.7 GB
2026-07-19 22:34:59 | INFO | cm_purifier.train | Step: 23100/50000 | 46.20% | lr: 0.000100 | Training loss is 0.2483 | distill: 0.0012 | rec: 0.1213 | id: 0.1104 | lpips: 0.1541 | lpips weighted: 0.0154 | lpips weight: 0.1000 | cls: 0.0000 | elapsed: 03:27:11 | eta: 04:01:16 | gpu: 0.8/10.7 GB
2026-07-19 22:35:53 | INFO | cm_purifier.train | Step: 23200/50000 | 46.40% | lr: 0.000100 | Training loss is 0.2515 | distill: 0.0013 | rec: 0.1215 | id: 0.1136 | lpips: 0.1498 | lpips weighted: 0.0150 | lpips weight: 0.1000 | cls: 0.0000 | elapsed: 03:28:05 | eta: 04:00:23 | gpu: 0.8/10.7 GB
2026-07-19 22:36:46 | INFO | cm_purifier.train | Step: 23300/50000 | 46.60% | lr: 0.000100 | Training loss is 0.2461 | distill: 0.0013 | rec: 0.1234 | id: 0.1065 | lpips: 0.1493 | lpips weighted: 0.0149 | lpips weight: 0.1000 | cls: 0.0000 | elapsed: 03:28:59 | eta: 03:59:29 | gpu: 0.8/10.7 GB
2026-07-19 22:37:40 | INFO | cm_purifier.train | Step: 23400/50000 | 46.80% | lr: 0.000100 | Training loss is 0.2466 | distill: 0.0010 | rec: 0.1196 | id: 0.1110 | lpips: 0.1497 | lpips weighted: 0.0150 | lpips weight: 0.1000 | cls: 0.0000 | elapsed: 03:29:52 | eta: 03:58:34 | gpu: 0.8/10.7 GB
2026-07-19 22:38:34 | INFO | cm_purifier.train | Step: 23500/50000 | 47.00% | lr: 0.000100 | Training loss is 0.2680 | distill: 0.0013 | rec: 0.1271 | id: 0.1226 | lpips: 0.1704 | lpips weighted: 0.0170 | lpips weight: 0.1000 | cls: 0.0000 | elapsed: 03:30:46 | eta: 03:57:41 | gpu: 0.8/10.7 GB
2026-07-19 22:39:27 | INFO | cm_purifier.train | Step: 23600/50000 | 47.20% | lr: 0.000100 | Training loss is 0.2590 | distill: 0.0011 | rec: 0.1229 | id: 0.1194 | lpips: 0.1564 | lpips weighted: 0.0156 | lpips weight: 0.1000 | cls: 0.0000 | elapsed: 03:31:40 | eta: 03:56:47 | gpu: 0.8/10.7 GB
2026-07-19 22:40:21 | INFO | cm_purifier.train | Step: 23700/50000 | 47.40% | lr: 0.000100 | Training loss is 0.2556 | distill: 0.0011 | rec: 0.1227 | id: 0.1166 | lpips: 0.1527 | lpips weighted: 0.0153 | lpips weight: 0.1000 | cls: 0.0000 | elapsed: 03:32:34 | eta: 03:55:53 | gpu: 0.8/10.7 GB
2026-07-19 22:41:15 | INFO | cm_purifier.train | Step: 23800/50000 | 47.60% | lr: 0.000100 | Training loss is 0.2578 | distill: 0.0013 | rec: 0.1212 | id: 0.1202 | lpips: 0.1523 | lpips weighted: 0.0152 | lpips weight: 0.1000 | cls: 0.0000 | elapsed: 03:33:27 | eta: 03:54:59 | gpu: 0.8/10.7 GB
2026-07-19 22:42:09 | INFO | cm_purifier.train | Step: 23900/50000 | 47.80% | lr: 0.000100 | Training loss is 0.2627 | distill: 0.0016 | rec: 0.1232 | id: 0.1220 | lpips: 0.1593 | lpips weighted: 0.0159 | lpips weight: 0.1000 | cls: 0.0000 | elapsed: 03:34:22 | eta: 03:54:06 | gpu: 0.8/10.7 GB
2026-07-19 22:43:03 | INFO | cm_purifier.train | Step: 24000/50000 | 48.00% | lr: 0.000100 | Training loss is 0.2598 | distill: 0.0012 | rec: 0.1202 | id: 0.1234 | lpips: 0.1499 | lpips weighted: 0.0150 | lpips weight: 0.1000 | cls: 0.0000 | elapsed: 03:35:15 | eta: 03:53:12 | gpu: 0.8/10.7 GB
2026-07-19 22:43:56 | INFO | cm_purifier.train | Step: 24100/50000 | 48.20% | lr: 0.000100 | Training loss is 0.2617 | distill: 0.0013 | rec: 0.1292 | id: 0.1150 | lpips: 0.1623 | lpips weighted: 0.0162 | lpips weight: 0.1000 | cls: 0.0000 | elapsed: 03:36:09 | eta: 03:52:17 | gpu: 0.8/10.7 GB
2026-07-19 22:44:50 | INFO | cm_purifier.train | Step: 24200/50000 | 48.40% | lr: 0.000100 | Training loss is 0.2767 | distill: 0.0015 | rec: 0.1341 | id: 0.1244 | lpips: 0.1673 | lpips weighted: 0.0167 | lpips weight: 0.1000 | cls: 0.0000 | elapsed: 03:37:03 | eta: 03:51:24 | gpu: 0.8/10.7 GB
2026-07-19 22:45:44 | INFO | cm_purifier.train | Step: 24300/50000 | 48.60% | lr: 0.000100 | Training loss is 0.2784 | distill: 0.0013 | rec: 0.1340 | id: 0.1260 | lpips: 0.1700 | lpips weighted: 0.0170 | lpips weight: 0.1000 | cls: 0.0000 | elapsed: 03:37:56 | eta: 03:50:30 | gpu: 0.8/10.7 GB
2026-07-19 22:46:38 | INFO | cm_purifier.train | Step: 24400/50000 | 48.80% | lr: 0.000100 | Training loss is 0.2659 | distill: 0.0011 | rec: 0.1275 | id: 0.1222 | lpips: 0.1523 | lpips weighted: 0.0152 | lpips weight: 0.1000 | cls: 0.0000 | elapsed: 03:38:50 | eta: 03:49:36 | gpu: 0.8/10.7 GB
2026-07-19 22:47:31 | INFO | cm_purifier.train | Step: 24500/50000 | 49.00% | lr: 0.000100 | Training loss is 0.2693 | distill: 0.0013 | rec: 0.1317 | id: 0.1203 | lpips: 0.1606 | lpips weighted: 0.0161 | lpips weight: 0.1000 | cls: 0.0000 | elapsed: 03:39:44 | eta: 03:48:42 | gpu: 0.8/10.7 GB
2026-07-19 22:48:25 | INFO | cm_purifier.train | Step: 24600/50000 | 49.20% | lr: 0.000100 | Training loss is 0.2477 | distill: 0.0010 | rec: 0.1175 | id: 0.1141 | lpips: 0.1507 | lpips weighted: 0.0151 | lpips weight: 0.1000 | cls: 0.0000 | elapsed: 03:40:38 | eta: 03:47:48 | gpu: 0.8/10.7 GB
2026-07-19 22:49:19 | INFO | cm_purifier.train | Step: 24700/50000 | 49.40% | lr: 0.000100 | Training loss is 0.2721 | distill: 0.0014 | rec: 0.1302 | id: 0.1237 | lpips: 0.1680 | lpips weighted: 0.0168 | lpips weight: 0.1000 | cls: 0.0000 | elapsed: 03:41:32 | eta: 03:46:54 | gpu: 0.8/10.7 GB
2026-07-19 22:50:12 | INFO | cm_purifier.train | Step: 24800/50000 | 49.60% | lr: 0.000100 | Training loss is 0.2653 | distill: 0.0011 | rec: 0.1224 | id: 0.1268 | lpips: 0.1506 | lpips weighted: 0.0151 | lpips weight: 0.1000 | cls: 0.0000 | elapsed: 03:42:25 | eta: 03:46:00 | gpu: 0.8/10.7 GB
2026-07-19 22:51:09 | INFO | cm_purifier.train | Step: 24900/50000 | 49.80% | lr: 0.000100 | Training loss is 0.2537 | distill: 0.0012 | rec: 0.1195 | id: 0.1177 | lpips: 0.1531 | lpips weighted: 0.0153 | lpips weight: 0.1000 | cls: 0.0000 | elapsed: 03:43:22 | eta: 03:45:10 | gpu: 0.8/10.7 GB
2026-07-19 22:52:03 | INFO | cm_purifier.train | Step: 25000/50000 | 50.00% | lr: 0.000100 | Training loss is 0.2551 | distill: 0.0011 | rec: 0.1190 | id: 0.1201 | lpips: 0.1489 | lpips weighted: 0.0149 | lpips weight: 0.1000 | cls: 0.0000 | elapsed: 03:44:16 | eta: 03:44:16 | gpu: 0.8/10.7 GB
2026-07-19 22:52:05 | INFO | cm_purifier.train | Saved checkpoint to /media02/ndthuc03/cm-purify-targeted-poisoning/consistency_model/checkpoints/cm_purifier_lpips.pth at step 25000
2026-07-19 22:52:59 | INFO | cm_purifier.train | Step: 25100/50000 | 50.20% | lr: 0.000100 | Training loss is 0.2642 | distill: 0.0012 | rec: 0.1233 | id: 0.1246 | lpips: 0.1500 | lpips weighted: 0.0150 | lpips weight: 0.1000 | cls: 0.0000 | elapsed: 03:45:12 | eta: 03:43:24 | gpu: 0.8/10.7 GB
2026-07-19 22:53:53 | INFO | cm_purifier.train | Step: 25200/50000 | 50.40% | lr: 0.000100 | Training loss is 0.2113 | distill: 0.0012 | rec: 0.1115 | id: 0.0851 | lpips: 0.1355 | lpips weighted: 0.0136 | lpips weight: 0.1000 | cls: 0.0000 | elapsed: 03:46:06 | eta: 03:42:30 | gpu: 0.8/10.7 GB
2026-07-19 22:54:47 | INFO | cm_purifier.train | Step: 25300/50000 | 50.60% | lr: 0.000100 | Training loss is 0.2391 | distill: 0.0012 | rec: 0.1214 | id: 0.1010 | lpips: 0.1554 | lpips weighted: 0.0155 | lpips weight: 0.1000 | cls: 0.0000 | elapsed: 03:47:00 | eta: 03:41:37 | gpu: 0.8/10.7 GB
2026-07-19 22:55:41 | INFO | cm_purifier.train | Step: 25400/50000 | 50.80% | lr: 0.000100 | Training loss is 0.2395 | distill: 0.0012 | rec: 0.1111 | id: 0.1139 | lpips: 0.1324 | lpips weighted: 0.0132 | lpips weight: 0.1000 | cls: 0.0000 | elapsed: 03:47:53 | eta: 03:40:43 | gpu: 0.8/10.7 GB
2026-07-19 22:56:34 | INFO | cm_purifier.train | Step: 25500/50000 | 51.00% | lr: 0.000100 | Training loss is 0.2538 | distill: 0.0013 | rec: 0.1233 | id: 0.1136 | lpips: 0.1559 | lpips weighted: 0.0156 | lpips weight: 0.1000 | cls: 0.0000 | elapsed: 03:48:47 | eta: 03:39:49 | gpu: 0.8/10.7 GB
2026-07-19 22:57:28 | INFO | cm_purifier.train | Step: 25600/50000 | 51.20% | lr: 0.000100 | Training loss is 0.2642 | distill: 0.0012 | rec: 0.1267 | id: 0.1200 | lpips: 0.1626 | lpips weighted: 0.0163 | lpips weight: 0.1000 | cls: 0.0000 | elapsed: 03:49:41 | eta: 03:38:55 | gpu: 0.8/10.7 GB
2026-07-19 22:58:22 | INFO | cm_purifier.train | Step: 25700/50000 | 51.40% | lr: 0.000100 | Training loss is 0.2859 | distill: 0.0016 | rec: 0.1391 | id: 0.1277 | lpips: 0.1749 | lpips weighted: 0.0175 | lpips weight: 0.1000 | cls: 0.0000 | elapsed: 03:50:35 | eta: 03:38:01 | gpu: 0.8/10.7 GB
2026-07-19 22:59:16 | INFO | cm_purifier.train | Step: 25800/50000 | 51.60% | lr: 0.000100 | Training loss is 0.2461 | distill: 0.0011 | rec: 0.1203 | id: 0.1110 | lpips: 0.1364 | lpips weighted: 0.0136 | lpips weight: 0.1000 | cls: 0.0000 | elapsed: 03:51:29 | eta: 03:37:07 | gpu: 0.8/10.7 GB
2026-07-19 23:00:10 | INFO | cm_purifier.train | Step: 25900/50000 | 51.80% | lr: 0.000100 | Training loss is 0.2654 | distill: 0.0013 | rec: 0.1282 | id: 0.1200 | lpips: 0.1600 | lpips weighted: 0.0160 | lpips weight: 0.1000 | cls: 0.0000 | elapsed: 03:52:22 | eta: 03:36:13 | gpu: 0.8/10.7 GB
2026-07-19 23:01:04 | INFO | cm_purifier.train | Step: 26000/50000 | 52.00% | lr: 0.000100 | Training loss is 0.2985 | distill: 0.0015 | rec: 0.1397 | id: 0.1398 | lpips: 0.1744 | lpips weighted: 0.0174 | lpips weight: 0.1000 | cls: 0.0000 | elapsed: 03:53:17 | eta: 03:35:20 | gpu: 0.8/10.7 GB
2026-07-19 23:01:58 | INFO | cm_purifier.train | Step: 26100/50000 | 52.20% | lr: 0.000100 | Training loss is 0.2940 | distill: 0.0012 | rec: 0.1330 | id: 0.1433 | lpips: 0.1639 | lpips weighted: 0.0164 | lpips weight: 0.1000 | cls: 0.0000 | elapsed: 03:54:10 | eta: 03:34:26 | gpu: 0.8/10.7 GB
2026-07-19 23:02:51 | INFO | cm_purifier.train | Step: 26200/50000 | 52.40% | lr: 0.000100 | Training loss is 0.2620 | distill: 0.0010 | rec: 0.1251 | id: 0.1199 | lpips: 0.1604 | lpips weighted: 0.0160 | lpips weight: 0.1000 | cls: 0.0000 | elapsed: 03:55:04 | eta: 03:33:32 | gpu: 0.8/10.7 GB
2026-07-19 23:03:45 | INFO | cm_purifier.train | Step: 26300/50000 | 52.60% | lr: 0.000100 | Training loss is 0.2762 | distill: 0.0014 | rec: 0.1259 | id: 0.1333 | lpips: 0.1552 | lpips weighted: 0.0155 | lpips weight: 0.1000 | cls: 0.0000 | elapsed: 03:55:58 | eta: 03:32:38 | gpu: 0.8/10.7 GB
2026-07-19 23:04:39 | INFO | cm_purifier.train | Step: 26400/50000 | 52.80% | lr: 0.000100 | Training loss is 0.2545 | distill: 0.0013 | rec: 0.1211 | id: 0.1176 | lpips: 0.1449 | lpips weighted: 0.0145 | lpips weight: 0.1000 | cls: 0.0000 | elapsed: 03:56:51 | eta: 03:31:44 | gpu: 0.8/10.7 GB
2026-07-19 23:05:33 | INFO | cm_purifier.train | Step: 26500/50000 | 53.00% | lr: 0.000100 | Training loss is 0.2625 | distill: 0.0015 | rec: 0.1248 | id: 0.1204 | lpips: 0.1587 | lpips weighted: 0.0159 | lpips weight: 0.1000 | cls: 0.0000 | elapsed: 03:57:45 | eta: 03:30:50 | gpu: 0.8/10.7 GB
2026-07-19 23:06:26 | INFO | cm_purifier.train | Step: 26600/50000 | 53.20% | lr: 0.000100 | Training loss is 0.2591 | distill: 0.0013 | rec: 0.1239 | id: 0.1183 | lpips: 0.1565 | lpips weighted: 0.0157 | lpips weight: 0.1000 | cls: 0.0000 | elapsed: 03:58:39 | eta: 03:29:56 | gpu: 0.8/10.7 GB
2026-07-19 23:07:20 | INFO | cm_purifier.train | Step: 26700/50000 | 53.40% | lr: 0.000100 | Training loss is 0.2790 | distill: 0.0013 | rec: 0.1369 | id: 0.1239 | lpips: 0.1689 | lpips weighted: 0.0169 | lpips weight: 0.1000 | cls: 0.0000 | elapsed: 03:59:33 | eta: 03:29:03 | gpu: 0.8/10.7 GB
2026-07-19 23:08:14 | INFO | cm_purifier.train | Step: 26800/50000 | 53.60% | lr: 0.000100 | Training loss is 0.2652 | distill: 0.0013 | rec: 0.1266 | id: 0.1213 | lpips: 0.1611 | lpips weighted: 0.0161 | lpips weight: 0.1000 | cls: 0.0000 | elapsed: 04:00:27 | eta: 03:28:09 | gpu: 0.8/10.7 GB
2026-07-19 23:09:08 | INFO | cm_purifier.train | Step: 26900/50000 | 53.80% | lr: 0.000100 | Training loss is 0.2590 | distill: 0.0013 | rec: 0.1219 | id: 0.1203 | lpips: 0.1548 | lpips weighted: 0.0155 | lpips weight: 0.1000 | cls: 0.0000 | elapsed: 04:01:20 | eta: 03:27:15 | gpu: 0.8/10.7 GB
2026-07-19 23:10:02 | INFO | cm_purifier.train | Step: 27000/50000 | 54.00% | lr: 0.000100 | Training loss is 0.2683 | distill: 0.0012 | rec: 0.1224 | id: 0.1293 | lpips: 0.1551 | lpips weighted: 0.0155 | lpips weight: 0.1000 | cls: 0.0000 | elapsed: 04:02:14 | eta: 03:26:21 | gpu: 0.8/10.7 GB
2026-07-19 23:10:55 | INFO | cm_purifier.train | Step: 27100/50000 | 54.20% | lr: 0.000100 | Training loss is 0.2929 | distill: 0.0012 | rec: 0.1337 | id: 0.1404 | lpips: 0.1750 | lpips weighted: 0.0175 | lpips weight: 0.1000 | cls: 0.0000 | elapsed: 04:03:08 | eta: 03:25:27 | gpu: 0.8/10.7 GB
2026-07-19 23:11:50 | INFO | cm_purifier.train | Step: 27200/50000 | 54.40% | lr: 0.000100 | Training loss is 0.2553 | distill: 0.0013 | rec: 0.1228 | id: 0.1162 | lpips: 0.1495 | lpips weighted: 0.0150 | lpips weight: 0.1000 | cls: 0.0000 | elapsed: 04:04:02 | eta: 03:24:34 | gpu: 0.8/10.7 GB
2026-07-19 23:12:43 | INFO | cm_purifier.train | Step: 27300/50000 | 54.60% | lr: 0.000100 | Training loss is 0.2896 | distill: 0.0015 | rec: 0.1368 | id: 0.1343 | lpips: 0.1695 | lpips weighted: 0.0169 | lpips weight: 0.1000 | cls: 0.0000 | elapsed: 04:04:56 | eta: 03:23:40 | gpu: 0.8/10.7 GB
2026-07-19 23:13:38 | INFO | cm_purifier.train | Step: 27400/50000 | 54.80% | lr: 0.000100 | Training loss is 0.2492 | distill: 0.0011 | rec: 0.1208 | id: 0.1116 | lpips: 0.1558 | lpips weighted: 0.0156 | lpips weight: 0.1000 | cls: 0.0000 | elapsed: 04:05:50 | eta: 03:22:46 | gpu: 0.8/10.7 GB
2026-07-19 23:14:31 | INFO | cm_purifier.train | Step: 27500/50000 | 55.00% | lr: 0.000100 | Training loss is 0.2574 | distill: 0.0015 | rec: 0.1188 | id: 0.1222 | lpips: 0.1497 | lpips weighted: 0.0150 | lpips weight: 0.1000 | cls: 0.0000 | elapsed: 04:06:44 | eta: 03:21:52 | gpu: 0.8/10.7 GB
2026-07-19 23:15:25 | INFO | cm_purifier.train | Step: 27600/50000 | 55.20% | lr: 0.000100 | Training loss is 0.2565 | distill: 0.0014 | rec: 0.1260 | id: 0.1138 | lpips: 0.1517 | lpips weighted: 0.0152 | lpips weight: 0.1000 | cls: 0.0000 | elapsed: 04:07:37 | eta: 03:20:58 | gpu: 0.8/10.7 GB
2026-07-19 23:16:19 | INFO | cm_purifier.train | Step: 27700/50000 | 55.40% | lr: 0.000100 | Training loss is 0.2724 | distill: 0.0011 | rec: 0.1286 | id: 0.1272 | lpips: 0.1552 | lpips weighted: 0.0155 | lpips weight: 0.1000 | cls: 0.0000 | elapsed: 04:08:32 | eta: 03:20:05 | gpu: 0.8/10.7 GB
2026-07-19 23:17:13 | INFO | cm_purifier.train | Step: 27800/50000 | 55.60% | lr: 0.000100 | Training loss is 0.2537 | distill: 0.0012 | rec: 0.1199 | id: 0.1179 | lpips: 0.1475 | lpips weighted: 0.0148 | lpips weight: 0.1000 | cls: 0.0000 | elapsed: 04:09:25 | eta: 03:19:11 | gpu: 0.8/10.7 GB
2026-07-19 23:18:07 | INFO | cm_purifier.train | Step: 27900/50000 | 55.80% | lr: 0.000100 | Training loss is 0.2546 | distill: 0.0010 | rec: 0.1229 | id: 0.1145 | lpips: 0.1617 | lpips weighted: 0.0162 | lpips weight: 0.1000 | cls: 0.0000 | elapsed: 04:10:20 | eta: 03:18:17 | gpu: 0.8/10.7 GB
2026-07-19 23:19:00 | INFO | cm_purifier.train | Step: 28000/50000 | 56.00% | lr: 0.000100 | Training loss is 0.2626 | distill: 0.0013 | rec: 0.1191 | id: 0.1271 | lpips: 0.1510 | lpips weighted: 0.0151 | lpips weight: 0.1000 | cls: 0.0000 | elapsed: 04:11:13 | eta: 03:17:23 | gpu: 0.8/10.7 GB
2026-07-19 23:19:55 | INFO | cm_purifier.train | Step: 28100/50000 | 56.20% | lr: 0.000100 | Training loss is 0.2274 | distill: 0.0011 | rec: 0.1129 | id: 0.0993 | lpips: 0.1416 | lpips weighted: 0.0142 | lpips weight: 0.1000 | cls: 0.0000 | elapsed: 04:12:07 | eta: 03:16:29 | gpu: 0.8/10.7 GB
2026-07-19 23:20:48 | INFO | cm_purifier.train | Step: 28200/50000 | 56.40% | lr: 0.000100 | Training loss is 0.2698 | distill: 0.0016 | rec: 0.1263 | id: 0.1268 | lpips: 0.1516 | lpips weighted: 0.0152 | lpips weight: 0.1000 | cls: 0.0000 | elapsed: 04:13:01 | eta: 03:15:35 | gpu: 0.8/10.7 GB
2026-07-19 23:21:42 | INFO | cm_purifier.train | Step: 28300/50000 | 56.60% | lr: 0.000100 | Training loss is 0.2733 | distill: 0.0016 | rec: 0.1306 | id: 0.1247 | lpips: 0.1641 | lpips weighted: 0.0164 | lpips weight: 0.1000 | cls: 0.0000 | elapsed: 04:13:54 | eta: 03:14:41 | gpu: 0.8/10.7 GB
2026-07-19 23:22:36 | INFO | cm_purifier.train | Step: 28400/50000 | 56.80% | lr: 0.000100 | Training loss is 0.2512 | distill: 0.0011 | rec: 0.1229 | id: 0.1117 | lpips: 0.1546 | lpips weighted: 0.0155 | lpips weight: 0.1000 | cls: 0.0000 | elapsed: 04:14:48 | eta: 03:13:48 | gpu: 0.8/10.7 GB
2026-07-19 23:23:29 | INFO | cm_purifier.train | Step: 28500/50000 | 57.00% | lr: 0.000100 | Training loss is 0.2442 | distill: 0.0013 | rec: 0.1250 | id: 0.1018 | lpips: 0.1606 | lpips weighted: 0.0161 | lpips weight: 0.1000 | cls: 0.0000 | elapsed: 04:15:42 | eta: 03:12:54 | gpu: 0.8/10.7 GB
2026-07-19 23:24:23 | INFO | cm_purifier.train | Step: 28600/50000 | 57.20% | lr: 0.000100 | Training loss is 0.2573 | distill: 0.0012 | rec: 0.1169 | id: 0.1248 | lpips: 0.1426 | lpips weighted: 0.0143 | lpips weight: 0.1000 | cls: 0.0000 | elapsed: 04:16:36 | eta: 03:12:00 | gpu: 0.8/10.7 GB
2026-07-19 23:25:17 | INFO | cm_purifier.train | Step: 28700/50000 | 57.40% | lr: 0.000100 | Training loss is 0.2912 | distill: 0.0014 | rec: 0.1304 | id: 0.1430 | lpips: 0.1637 | lpips weighted: 0.0164 | lpips weight: 0.1000 | cls: 0.0000 | elapsed: 04:17:30 | eta: 03:11:06 | gpu: 0.8/10.7 GB
2026-07-19 23:26:11 | INFO | cm_purifier.train | Step: 28800/50000 | 57.60% | lr: 0.000100 | Training loss is 0.2608 | distill: 0.0011 | rec: 0.1231 | id: 0.1205 | lpips: 0.1604 | lpips weighted: 0.0160 | lpips weight: 0.1000 | cls: 0.0000 | elapsed: 04:18:24 | eta: 03:10:12 | gpu: 0.8/10.7 GB
2026-07-19 23:27:04 | INFO | cm_purifier.train | Step: 28900/50000 | 57.80% | lr: 0.000100 | Training loss is 0.2606 | distill: 0.0015 | rec: 0.1225 | id: 0.1211 | lpips: 0.1550 | lpips weighted: 0.0155 | lpips weight: 0.1000 | cls: 0.0000 | elapsed: 04:19:17 | eta: 03:09:18 | gpu: 0.8/10.7 GB
2026-07-19 23:27:58 | INFO | cm_purifier.train | Step: 29000/50000 | 58.00% | lr: 0.000100 | Training loss is 0.2709 | distill: 0.0012 | rec: 0.1263 | id: 0.1288 | lpips: 0.1458 | lpips weighted: 0.0146 | lpips weight: 0.1000 | cls: 0.0000 | elapsed: 04:20:11 | eta: 03:08:24 | gpu: 0.8/10.7 GB
2026-07-19 23:28:52 | INFO | cm_purifier.train | Step: 29100/50000 | 58.20% | lr: 0.000100 | Training loss is 0.2731 | distill: 0.0013 | rec: 0.1248 | id: 0.1306 | lpips: 0.1644 | lpips weighted: 0.0164 | lpips weight: 0.1000 | cls: 0.0000 | elapsed: 04:21:05 | eta: 03:07:30 | gpu: 0.8/10.7 GB
2026-07-19 23:29:46 | INFO | cm_purifier.train | Step: 29200/50000 | 58.40% | lr: 0.000100 | Training loss is 0.2383 | distill: 0.0012 | rec: 0.1177 | id: 0.1038 | lpips: 0.1566 | lpips weighted: 0.0157 | lpips weight: 0.1000 | cls: 0.0000 | elapsed: 04:21:58 | eta: 03:06:36 | gpu: 0.8/10.7 GB
2026-07-19 23:30:40 | INFO | cm_purifier.train | Step: 29300/50000 | 58.60% | lr: 0.000100 | Training loss is 0.2570 | distill: 0.0013 | rec: 0.1204 | id: 0.1197 | lpips: 0.1551 | lpips weighted: 0.0155 | lpips weight: 0.1000 | cls: 0.0000 | elapsed: 04:22:52 | eta: 03:05:43 | gpu: 0.8/10.7 GB
2026-07-19 23:31:33 | INFO | cm_purifier.train | Step: 29400/50000 | 58.80% | lr: 0.000100 | Training loss is 0.2555 | distill: 0.0014 | rec: 0.1215 | id: 0.1177 | lpips: 0.1486 | lpips weighted: 0.0149 | lpips weight: 0.1000 | cls: 0.0000 | elapsed: 04:23:46 | eta: 03:04:49 | gpu: 0.8/10.7 GB
2026-07-19 23:32:27 | INFO | cm_purifier.train | Step: 29500/50000 | 59.00% | lr: 0.000100 | Training loss is 0.2923 | distill: 0.0016 | rec: 0.1314 | id: 0.1429 | lpips: 0.1650 | lpips weighted: 0.0165 | lpips weight: 0.1000 | cls: 0.0000 | elapsed: 04:24:40 | eta: 03:03:55 | gpu: 0.8/10.7 GB
2026-07-19 23:33:21 | INFO | cm_purifier.train | Step: 29600/50000 | 59.20% | lr: 0.000100 | Training loss is 0.2639 | distill: 0.0013 | rec: 0.1162 | id: 0.1318 | lpips: 0.1465 | lpips weighted: 0.0147 | lpips weight: 0.1000 | cls: 0.0000 | elapsed: 04:25:34 | eta: 03:03:01 | gpu: 0.8/10.7 GB
2026-07-19 23:34:15 | INFO | cm_purifier.train | Step: 29700/50000 | 59.40% | lr: 0.000100 | Training loss is 0.2425 | distill: 0.0011 | rec: 0.1144 | id: 0.1127 | lpips: 0.1434 | lpips weighted: 0.0143 | lpips weight: 0.1000 | cls: 0.0000 | elapsed: 04:26:27 | eta: 03:02:07 | gpu: 0.8/10.7 GB
2026-07-19 23:35:09 | INFO | cm_purifier.train | Step: 29800/50000 | 59.60% | lr: 0.000100 | Training loss is 0.2490 | distill: 0.0016 | rec: 0.1249 | id: 0.1064 | lpips: 0.1601 | lpips weighted: 0.0160 | lpips weight: 0.1000 | cls: 0.0000 | elapsed: 04:27:21 | eta: 03:01:14 | gpu: 0.8/10.7 GB
2026-07-19 23:36:02 | INFO | cm_purifier.train | Step: 29900/50000 | 59.80% | lr: 0.000100 | Training loss is 0.2302 | distill: 0.0013 | rec: 0.1152 | id: 0.1004 | lpips: 0.1330 | lpips weighted: 0.0133 | lpips weight: 0.1000 | cls: 0.0000 | elapsed: 04:28:15 | eta: 03:00:20 | gpu: 0.8/10.7 GB
2026-07-19 23:36:56 | INFO | cm_purifier.train | Step: 30000/50000 | 60.00% | lr: 0.000100 | Training loss is 0.2628 | distill: 0.0013 | rec: 0.1296 | id: 0.1151 | lpips: 0.1677 | lpips weighted: 0.0168 | lpips weight: 0.1000 | cls: 0.0000 | elapsed: 04:29:09 | eta: 02:59:26 | gpu: 0.8/10.7 GB
2026-07-19 23:36:59 | INFO | cm_purifier.train | Saved checkpoint to /media02/ndthuc03/cm-purify-targeted-poisoning/consistency_model/checkpoints/cm_purifier_lpips.pth at step 30000
2026-07-19 23:37:52 | INFO | cm_purifier.train | Step: 30100/50000 | 60.20% | lr: 0.000100 | Training loss is 0.2552 | distill: 0.0014 | rec: 0.1205 | id: 0.1182 | lpips: 0.1511 | lpips weighted: 0.0151 | lpips weight: 0.1000 | cls: 0.0000 | elapsed: 04:30:05 | eta: 02:58:34 | gpu: 0.8/10.7 GB
2026-07-19 23:38:47 | INFO | cm_purifier.train | Step: 30200/50000 | 60.40% | lr: 0.000100 | Training loss is 0.2623 | distill: 0.0015 | rec: 0.1283 | id: 0.1175 | lpips: 0.1498 | lpips weighted: 0.0150 | lpips weight: 0.1000 | cls: 0.0000 | elapsed: 04:30:59 | eta: 02:57:40 | gpu: 0.8/10.7 GB
2026-07-19 23:39:40 | INFO | cm_purifier.train | Step: 30300/50000 | 60.60% | lr: 0.000100 | Training loss is 0.2770 | distill: 0.0011 | rec: 0.1286 | id: 0.1311 | lpips: 0.1624 | lpips weighted: 0.0162 | lpips weight: 0.1000 | cls: 0.0000 | elapsed: 04:31:53 | eta: 02:56:46 | gpu: 0.8/10.7 GB
2026-07-19 23:40:34 | INFO | cm_purifier.train | Step: 30400/50000 | 60.80% | lr: 0.000100 | Training loss is 0.2414 | distill: 0.0011 | rec: 0.1143 | id: 0.1117 | lpips: 0.1428 | lpips weighted: 0.0143 | lpips weight: 0.1000 | cls: 0.0000 | elapsed: 04:32:46 | eta: 02:55:52 | gpu: 0.8/10.7 GB
2026-07-19 23:41:28 | INFO | cm_purifier.train | Step: 30500/50000 | 61.00% | lr: 0.000100 | Training loss is 0.2539 | distill: 0.0011 | rec: 0.1199 | id: 0.1185 | lpips: 0.1441 | lpips weighted: 0.0144 | lpips weight: 0.1000 | cls: 0.0000 | elapsed: 04:33:40 | eta: 02:54:58 | gpu: 0.8/10.7 GB
2026-07-19 23:42:21 | INFO | cm_purifier.train | Step: 30600/50000 | 61.20% | lr: 0.000100 | Training loss is 0.2630 | distill: 0.0016 | rec: 0.1266 | id: 0.1200 | lpips: 0.1476 | lpips weighted: 0.0148 | lpips weight: 0.1000 | cls: 0.0000 | elapsed: 04:34:34 | eta: 02:54:04 | gpu: 0.8/10.7 GB
2026-07-19 23:43:15 | INFO | cm_purifier.train | Step: 30700/50000 | 61.40% | lr: 0.000100 | Training loss is 0.2568 | distill: 0.0014 | rec: 0.1274 | id: 0.1121 | lpips: 0.1584 | lpips weighted: 0.0158 | lpips weight: 0.1000 | cls: 0.0000 | elapsed: 04:35:28 | eta: 02:53:10 | gpu: 0.8/10.7 GB
2026-07-19 23:44:09 | INFO | cm_purifier.train | Step: 30800/50000 | 61.60% | lr: 0.000100 | Training loss is 0.2634 | distill: 0.0013 | rec: 0.1239 | id: 0.1225 | lpips: 0.1561 | lpips weighted: 0.0156 | lpips weight: 0.1000 | cls: 0.0000 | elapsed: 04:36:22 | eta: 02:52:16 | gpu: 0.8/10.7 GB
2026-07-19 23:45:03 | INFO | cm_purifier.train | Step: 30900/50000 | 61.80% | lr: 0.000100 | Training loss is 0.2581 | distill: 0.0013 | rec: 0.1220 | id: 0.1201 | lpips: 0.1474 | lpips weighted: 0.0147 | lpips weight: 0.1000 | cls: 0.0000 | elapsed: 04:37:16 | eta: 02:51:23 | gpu: 0.8/10.7 GB
2026-07-19 23:45:57 | INFO | cm_purifier.train | Step: 31000/50000 | 62.00% | lr: 0.000100 | Training loss is 0.2730 | distill: 0.0012 | rec: 0.1270 | id: 0.1295 | lpips: 0.1538 | lpips weighted: 0.0154 | lpips weight: 0.1000 | cls: 0.0000 | elapsed: 04:38:09 | eta: 02:50:29 | gpu: 0.8/10.7 GB
2026-07-19 23:46:50 | INFO | cm_purifier.train | Step: 31100/50000 | 62.20% | lr: 0.000100 | Training loss is 0.2716 | distill: 0.0015 | rec: 0.1256 | id: 0.1283 | lpips: 0.1614 | lpips weighted: 0.0161 | lpips weight: 0.1000 | cls: 0.0000 | elapsed: 04:39:03 | eta: 02:49:35 | gpu: 0.8/10.7 GB
2026-07-19 23:47:44 | INFO | cm_purifier.train | Step: 31200/50000 | 62.40% | lr: 0.000100 | Training loss is 0.2632 | distill: 0.0012 | rec: 0.1248 | id: 0.1210 | lpips: 0.1613 | lpips weighted: 0.0161 | lpips weight: 0.1000 | cls: 0.0000 | elapsed: 04:39:57 | eta: 02:48:41 | gpu: 0.8/10.7 GB
2026-07-19 23:48:38 | INFO | cm_purifier.train | Step: 31300/50000 | 62.60% | lr: 0.000100 | Training loss is 0.2502 | distill: 0.0012 | rec: 0.1209 | id: 0.1141 | lpips: 0.1395 | lpips weighted: 0.0139 | lpips weight: 0.1000 | cls: 0.0000 | elapsed: 04:40:51 | eta: 02:47:47 | gpu: 0.8/10.7 GB
2026-07-19 23:49:32 | INFO | cm_purifier.train | Step: 31400/50000 | 62.80% | lr: 0.000100 | Training loss is 0.2436 | distill: 0.0014 | rec: 0.1236 | id: 0.1031 | lpips: 0.1545 | lpips weighted: 0.0155 | lpips weight: 0.1000 | cls: 0.0000 | elapsed: 04:41:45 | eta: 02:46:53 | gpu: 0.8/10.7 GB
2026-07-19 23:50:26 | INFO | cm_purifier.train | Step: 31500/50000 | 63.00% | lr: 0.000100 | Training loss is 0.2677 | distill: 0.0016 | rec: 0.1220 | id: 0.1298 | lpips: 0.1427 | lpips weighted: 0.0143 | lpips weight: 0.1000 | cls: 0.0000 | elapsed: 04:42:38 | eta: 02:45:59 | gpu: 0.8/10.7 GB
2026-07-19 23:51:20 | INFO | cm_purifier.train | Step: 31600/50000 | 63.20% | lr: 0.000100 | Training loss is 0.2822 | distill: 0.0016 | rec: 0.1332 | id: 0.1308 | lpips: 0.1666 | lpips weighted: 0.0167 | lpips weight: 0.1000 | cls: 0.0000 | elapsed: 04:43:32 | eta: 02:45:06 | gpu: 0.8/10.7 GB
2026-07-19 23:52:13 | INFO | cm_purifier.train | Step: 31700/50000 | 63.40% | lr: 0.000100 | Training loss is 0.2395 | distill: 0.0013 | rec: 0.1200 | id: 0.1045 | lpips: 0.1371 | lpips weighted: 0.0137 | lpips weight: 0.1000 | cls: 0.0000 | elapsed: 04:44:26 | eta: 02:44:12 | gpu: 0.8/10.7 GB
2026-07-19 23:53:07 | INFO | cm_purifier.train | Step: 31800/50000 | 63.60% | lr: 0.000100 | Training loss is 0.2468 | distill: 0.0009 | rec: 0.1130 | id: 0.1184 | lpips: 0.1443 | lpips weighted: 0.0144 | lpips weight: 0.1000 | cls: 0.0000 | elapsed: 04:45:20 | eta: 02:43:18 | gpu: 0.8/10.7 GB
2026-07-19 23:54:01 | INFO | cm_purifier.train | Step: 31900/50000 | 63.80% | lr: 0.000100 | Training loss is 0.2630 | distill: 0.0016 | rec: 0.1266 | id: 0.1179 | lpips: 0.1695 | lpips weighted: 0.0170 | lpips weight: 0.1000 | cls: 0.0000 | elapsed: 04:46:14 | eta: 02:42:24 | gpu: 0.8/10.7 GB
2026-07-19 23:54:54 | INFO | cm_purifier.train | Step: 32000/50000 | 64.00% | lr: 0.000100 | Training loss is 0.2323 | distill: 0.0011 | rec: 0.1120 | id: 0.1057 | lpips: 0.1348 | lpips weighted: 0.0135 | lpips weight: 0.1000 | cls: 0.0000 | elapsed: 04:47:07 | eta: 02:41:30 | gpu: 0.8/10.7 GB
2026-07-19 23:55:48 | INFO | cm_purifier.train | Step: 32100/50000 | 64.20% | lr: 0.000100 | Training loss is 0.2453 | distill: 0.0013 | rec: 0.1180 | id: 0.1114 | lpips: 0.1455 | lpips weighted: 0.0145 | lpips weight: 0.1000 | cls: 0.0000 | elapsed: 04:48:01 | eta: 02:40:36 | gpu: 0.8/10.7 GB
2026-07-19 23:56:42 | INFO | cm_purifier.train | Step: 32200/50000 | 64.40% | lr: 0.000100 | Training loss is 0.2854 | distill: 0.0020 | rec: 0.1291 | id: 0.1384 | lpips: 0.1601 | lpips weighted: 0.0160 | lpips weight: 0.1000 | cls: 0.0000 | elapsed: 04:48:55 | eta: 02:39:42 | gpu: 0.8/10.7 GB
2026-07-19 23:57:36 | INFO | cm_purifier.train | Step: 32300/50000 | 64.60% | lr: 0.000100 | Training loss is 0.2711 | distill: 0.0013 | rec: 0.1308 | id: 0.1233 | lpips: 0.1575 | lpips weighted: 0.0157 | lpips weight: 0.1000 | cls: 0.0000 | elapsed: 04:49:49 | eta: 02:38:49 | gpu: 0.8/10.7 GB
2026-07-19 23:58:30 | INFO | cm_purifier.train | Step: 32400/50000 | 64.80% | lr: 0.000100 | Training loss is 0.2608 | distill: 0.0014 | rec: 0.1236 | id: 0.1206 | lpips: 0.1522 | lpips weighted: 0.0152 | lpips weight: 0.1000 | cls: 0.0000 | elapsed: 04:50:42 | eta: 02:37:55 | gpu: 0.8/10.7 GB
2026-07-19 23:59:23 | INFO | cm_purifier.train | Step: 32500/50000 | 65.00% | lr: 0.000100 | Training loss is 0.2513 | distill: 0.0013 | rec: 0.1245 | id: 0.1103 | lpips: 0.1533 | lpips weighted: 0.0153 | lpips weight: 0.1000 | cls: 0.0000 | elapsed: 04:51:36 | eta: 02:37:01 | gpu: 0.8/10.7 GB
2026-07-20 00:00:17 | INFO | cm_purifier.train | Step: 32600/50000 | 65.20% | lr: 0.000100 | Training loss is 0.2522 | distill: 0.0014 | rec: 0.1239 | id: 0.1125 | lpips: 0.1440 | lpips weighted: 0.0144 | lpips weight: 0.1000 | cls: 0.0000 | elapsed: 04:52:30 | eta: 02:36:07 | gpu: 0.8/10.7 GB
2026-07-20 00:01:11 | INFO | cm_purifier.train | Step: 32700/50000 | 65.40% | lr: 0.000100 | Training loss is 0.2546 | distill: 0.0016 | rec: 0.1254 | id: 0.1123 | lpips: 0.1534 | lpips weighted: 0.0153 | lpips weight: 0.1000 | cls: 0.0000 | elapsed: 04:53:24 | eta: 02:35:13 | gpu: 0.8/10.7 GB
2026-07-20 00:02:05 | INFO | cm_purifier.train | Step: 32800/50000 | 65.60% | lr: 0.000100 | Training loss is 0.2478 | distill: 0.0013 | rec: 0.1190 | id: 0.1130 | lpips: 0.1440 | lpips weighted: 0.0144 | lpips weight: 0.1000 | cls: 0.0000 | elapsed: 04:54:18 | eta: 02:34:19 | gpu: 0.8/10.7 GB
2026-07-20 00:02:59 | INFO | cm_purifier.train | Step: 32900/50000 | 65.80% | lr: 0.000100 | Training loss is 0.2370 | distill: 0.0013 | rec: 0.1158 | id: 0.1058 | lpips: 0.1413 | lpips weighted: 0.0141 | lpips weight: 0.1000 | cls: 0.0000 | elapsed: 04:55:11 | eta: 02:33:25 | gpu: 0.8/10.7 GB
2026-07-20 00:03:53 | INFO | cm_purifier.train | Step: 33000/50000 | 66.00% | lr: 0.000100 | Training loss is 0.2553 | distill: 0.0014 | rec: 0.1258 | id: 0.1123 | lpips: 0.1572 | lpips weighted: 0.0157 | lpips weight: 0.1000 | cls: 0.0000 | elapsed: 04:56:06 | eta: 02:32:32 | gpu: 0.8/10.7 GB
2026-07-20 00:04:47 | INFO | cm_purifier.train | Step: 33100/50000 | 66.20% | lr: 0.000100 | Training loss is 0.2385 | distill: 0.0010 | rec: 0.1153 | id: 0.1070 | lpips: 0.1521 | lpips weighted: 0.0152 | lpips weight: 0.1000 | cls: 0.0000 | elapsed: 04:56:59 | eta: 02:31:38 | gpu: 0.8/10.7 GB
2026-07-20 00:05:40 | INFO | cm_purifier.train | Step: 33200/50000 | 66.40% | lr: 0.000100 | Training loss is 0.2708 | distill: 0.0013 | rec: 0.1294 | id: 0.1247 | lpips: 0.1534 | lpips weighted: 0.0153 | lpips weight: 0.1000 | cls: 0.0000 | elapsed: 04:57:53 | eta: 02:30:44 | gpu: 0.8/10.7 GB
2026-07-20 00:06:34 | INFO | cm_purifier.train | Step: 33300/50000 | 66.60% | lr: 0.000100 | Training loss is 0.2953 | distill: 0.0014 | rec: 0.1398 | id: 0.1365 | lpips: 0.1751 | lpips weighted: 0.0175 | lpips weight: 0.1000 | cls: 0.0000 | elapsed: 04:58:47 | eta: 02:29:50 | gpu: 0.8/10.7 GB
2026-07-20 00:07:28 | INFO | cm_purifier.train | Step: 33400/50000 | 66.80% | lr: 0.000100 | Training loss is 0.2718 | distill: 0.0013 | rec: 0.1237 | id: 0.1320 | lpips: 0.1474 | lpips weighted: 0.0147 | lpips weight: 0.1000 | cls: 0.0000 | elapsed: 04:59:40 | eta: 02:28:56 | gpu: 0.8/10.7 GB
2026-07-20 00:08:22 | INFO | cm_purifier.train | Step: 33500/50000 | 67.00% | lr: 0.000100 | Training loss is 0.2626 | distill: 0.0016 | rec: 0.1256 | id: 0.1204 | lpips: 0.1507 | lpips weighted: 0.0151 | lpips weight: 0.1000 | cls: 0.0000 | elapsed: 05:00:34 | eta: 02:28:02 | gpu: 0.8/10.7 GB
2026-07-20 00:09:15 | INFO | cm_purifier.train | Step: 33600/50000 | 67.20% | lr: 0.000100 | Training loss is 0.2674 | distill: 0.0014 | rec: 0.1323 | id: 0.1165 | lpips: 0.1723 | lpips weighted: 0.0172 | lpips weight: 0.1000 | cls: 0.0000 | elapsed: 05:01:28 | eta: 02:27:08 | gpu: 0.8/10.7 GB
2026-07-20 00:10:09 | INFO | cm_purifier.train | Step: 33700/50000 | 67.40% | lr: 0.000100 | Training loss is 0.2721 | distill: 0.0013 | rec: 0.1252 | id: 0.1300 | lpips: 0.1560 | lpips weighted: 0.0156 | lpips weight: 0.1000 | cls: 0.0000 | elapsed: 05:02:22 | eta: 02:26:15 | gpu: 0.8/10.7 GB
2026-07-20 00:11:03 | INFO | cm_purifier.train | Step: 33800/50000 | 67.60% | lr: 0.000100 | Training loss is 0.2823 | distill: 0.0013 | rec: 0.1324 | id: 0.1316 | lpips: 0.1701 | lpips weighted: 0.0170 | lpips weight: 0.1000 | cls: 0.0000 | elapsed: 05:03:16 | eta: 02:25:21 | gpu: 0.8/10.7 GB
2026-07-20 00:11:57 | INFO | cm_purifier.train | Step: 33900/50000 | 67.80% | lr: 0.000100 | Training loss is 0.2467 | distill: 0.0012 | rec: 0.1180 | id: 0.1128 | lpips: 0.1464 | lpips weighted: 0.0146 | lpips weight: 0.1000 | cls: 0.0000 | elapsed: 05:04:09 | eta: 02:24:27 | gpu: 0.8/10.7 GB
2026-07-20 00:12:51 | INFO | cm_purifier.train | Step: 34000/50000 | 68.00% | lr: 0.000100 | Training loss is 0.2494 | distill: 0.0010 | rec: 0.1212 | id: 0.1117 | lpips: 0.1552 | lpips weighted: 0.0155 | lpips weight: 0.1000 | cls: 0.0000 | elapsed: 05:05:03 | eta: 02:23:33 | gpu: 0.8/10.7 GB
2026-07-20 00:13:44 | INFO | cm_purifier.train | Step: 34100/50000 | 68.20% | lr: 0.000100 | Training loss is 0.2373 | distill: 0.0012 | rec: 0.1180 | id: 0.1042 | lpips: 0.1390 | lpips weighted: 0.0139 | lpips weight: 0.1000 | cls: 0.0000 | elapsed: 05:05:57 | eta: 02:22:39 | gpu: 0.8/10.7 GB
2026-07-20 00:14:38 | INFO | cm_purifier.train | Step: 34200/50000 | 68.40% | lr: 0.000100 | Training loss is 0.2588 | distill: 0.0014 | rec: 0.1175 | id: 0.1258 | lpips: 0.1417 | lpips weighted: 0.0142 | lpips weight: 0.1000 | cls: 0.0000 | elapsed: 05:06:51 | eta: 02:21:45 | gpu: 0.8/10.7 GB
2026-07-20 00:15:32 | INFO | cm_purifier.train | Step: 34300/50000 | 68.60% | lr: 0.000100 | Training loss is 0.2608 | distill: 0.0012 | rec: 0.1183 | id: 0.1265 | lpips: 0.1484 | lpips weighted: 0.0148 | lpips weight: 0.1000 | cls: 0.0000 | elapsed: 05:07:45 | eta: 02:20:51 | gpu: 0.8/10.7 GB
2026-07-20 00:16:26 | INFO | cm_purifier.train | Step: 34400/50000 | 68.80% | lr: 0.000100 | Training loss is 0.2403 | distill: 0.0017 | rec: 0.1129 | id: 0.1127 | lpips: 0.1298 | lpips weighted: 0.0130 | lpips weight: 0.1000 | cls: 0.0000 | elapsed: 05:08:39 | eta: 02:19:58 | gpu: 0.8/10.7 GB
2026-07-20 00:17:20 | INFO | cm_purifier.train | Step: 34500/50000 | 69.00% | lr: 0.000100 | Training loss is 0.2575 | distill: 0.0012 | rec: 0.1230 | id: 0.1182 | lpips: 0.1505 | lpips weighted: 0.0151 | lpips weight: 0.1000 | cls: 0.0000 | elapsed: 05:09:32 | eta: 02:19:04 | gpu: 0.8/10.7 GB
2026-07-20 00:18:13 | INFO | cm_purifier.train | Step: 34600/50000 | 69.20% | lr: 0.000100 | Training loss is 0.2429 | distill: 0.0013 | rec: 0.1180 | id: 0.1093 | lpips: 0.1420 | lpips weighted: 0.0142 | lpips weight: 0.1000 | cls: 0.0000 | elapsed: 05:10:26 | eta: 02:18:10 | gpu: 0.8/10.7 GB
2026-07-20 00:19:07 | INFO | cm_purifier.train | Step: 34700/50000 | 69.40% | lr: 0.000100 | Training loss is 0.2597 | distill: 0.0017 | rec: 0.1305 | id: 0.1108 | lpips: 0.1682 | lpips weighted: 0.0168 | lpips weight: 0.1000 | cls: 0.0000 | elapsed: 05:11:20 | eta: 02:17:16 | gpu: 0.8/10.7 GB
2026-07-20 00:20:01 | INFO | cm_purifier.train | Step: 34800/50000 | 69.60% | lr: 0.000100 | Training loss is 0.2453 | distill: 0.0011 | rec: 0.1218 | id: 0.1074 | lpips: 0.1504 | lpips weighted: 0.0150 | lpips weight: 0.1000 | cls: 0.0000 | elapsed: 05:12:13 | eta: 02:16:22 | gpu: 0.8/10.7 GB
2026-07-20 00:20:55 | INFO | cm_purifier.train | Step: 34900/50000 | 69.80% | lr: 0.000100 | Training loss is 0.2847 | distill: 0.0020 | rec: 0.1345 | id: 0.1313 | lpips: 0.1692 | lpips weighted: 0.0169 | lpips weight: 0.1000 | cls: 0.0000 | elapsed: 05:13:07 | eta: 02:15:28 | gpu: 0.8/10.7 GB
2026-07-20 00:21:48 | INFO | cm_purifier.train | Step: 35000/50000 | 70.00% | lr: 0.000100 | Training loss is 0.2498 | distill: 0.0011 | rec: 0.1177 | id: 0.1165 | lpips: 0.1452 | lpips weighted: 0.0145 | lpips weight: 0.1000 | cls: 0.0000 | elapsed: 05:14:01 | eta: 02:14:34 | gpu: 0.8/10.7 GB
2026-07-20 00:21:51 | INFO | cm_purifier.train | Saved checkpoint to /media02/ndthuc03/cm-purify-targeted-poisoning/consistency_model/checkpoints/cm_purifier_lpips.pth at step 35000
2026-07-20 00:22:44 | INFO | cm_purifier.train | Step: 35100/50000 | 70.20% | lr: 0.000100 | Training loss is 0.2592 | distill: 0.0014 | rec: 0.1261 | id: 0.1160 | lpips: 0.1568 | lpips weighted: 0.0157 | lpips weight: 0.1000 | cls: 0.0000 | elapsed: 05:14:57 | eta: 02:13:42 | gpu: 0.8/10.7 GB
2026-07-20 00:23:39 | INFO | cm_purifier.train | Step: 35200/50000 | 70.40% | lr: 0.000100 | Training loss is 0.2693 | distill: 0.0015 | rec: 0.1287 | id: 0.1230 | lpips: 0.1607 | lpips weighted: 0.0161 | lpips weight: 0.1000 | cls: 0.0000 | elapsed: 05:15:51 | eta: 02:12:48 | gpu: 0.8/10.7 GB
2026-07-20 00:24:32 | INFO | cm_purifier.train | Step: 35300/50000 | 70.60% | lr: 0.000100 | Training loss is 0.2488 | distill: 0.0013 | rec: 0.1195 | id: 0.1128 | lpips: 0.1521 | lpips weighted: 0.0152 | lpips weight: 0.1000 | cls: 0.0000 | elapsed: 05:16:45 | eta: 02:11:54 | gpu: 0.8/10.7 GB
2026-07-20 00:25:26 | INFO | cm_purifier.train | Step: 35400/50000 | 70.80% | lr: 0.000100 | Training loss is 0.2455 | distill: 0.0012 | rec: 0.1198 | id: 0.1100 | lpips: 0.1450 | lpips weighted: 0.0145 | lpips weight: 0.1000 | cls: 0.0000 | elapsed: 05:17:39 | eta: 02:11:00 | gpu: 0.8/10.7 GB
2026-07-20 00:26:20 | INFO | cm_purifier.train | Step: 35500/50000 | 71.00% | lr: 0.000100 | Training loss is 0.2593 | distill: 0.0013 | rec: 0.1264 | id: 0.1166 | lpips: 0.1501 | lpips weighted: 0.0150 | lpips weight: 0.1000 | cls: 0.0000 | elapsed: 05:18:32 | eta: 02:10:06 | gpu: 0.8/10.7 GB
2026-07-20 00:27:14 | INFO | cm_purifier.train | Step: 35600/50000 | 71.20% | lr: 0.000100 | Training loss is 0.2475 | distill: 0.0012 | rec: 0.1179 | id: 0.1149 | lpips: 0.1357 | lpips weighted: 0.0136 | lpips weight: 0.1000 | cls: 0.0000 | elapsed: 05:19:26 | eta: 02:09:12 | gpu: 0.8/10.7 GB
2026-07-20 00:28:07 | INFO | cm_purifier.train | Step: 35700/50000 | 71.40% | lr: 0.000100 | Training loss is 0.2474 | distill: 0.0015 | rec: 0.1209 | id: 0.1100 | lpips: 0.1501 | lpips weighted: 0.0150 | lpips weight: 0.1000 | cls: 0.0000 | elapsed: 05:20:20 | eta: 02:08:19 | gpu: 0.8/10.7 GB
2026-07-20 00:29:03 | INFO | cm_purifier.train | Step: 35800/50000 | 71.60% | lr: 0.000100 | Training loss is 0.2726 | distill: 0.0012 | rec: 0.1278 | id: 0.1284 | lpips: 0.1513 | lpips weighted: 0.0151 | lpips weight: 0.1000 | cls: 0.0000 | elapsed: 05:21:16 | eta: 02:07:25 | gpu: 0.8/10.7 GB
2026-07-20 00:29:58 | INFO | cm_purifier.train | Step: 35900/50000 | 71.80% | lr: 0.000100 | Training loss is 0.2727 | distill: 0.0015 | rec: 0.1289 | id: 0.1261 | lpips: 0.1623 | lpips weighted: 0.0162 | lpips weight: 0.1000 | cls: 0.0000 | elapsed: 05:22:10 | eta: 02:06:32 | gpu: 0.8/10.7 GB
2026-07-20 00:30:51 | INFO | cm_purifier.train | Step: 36000/50000 | 72.00% | lr: 0.000100 | Training loss is 0.2330 | distill: 0.0012 | rec: 0.1142 | id: 0.1039 | lpips: 0.1373 | lpips weighted: 0.0137 | lpips weight: 0.1000 | cls: 0.0000 | elapsed: 05:23:04 | eta: 02:05:38 | gpu: 0.8/10.7 GB
2026-07-20 00:31:45 | INFO | cm_purifier.train | Step: 36100/50000 | 72.20% | lr: 0.000100 | Training loss is 0.2395 | distill: 0.0011 | rec: 0.1138 | id: 0.1092 | lpips: 0.1540 | lpips weighted: 0.0154 | lpips weight: 0.1000 | cls: 0.0000 | elapsed: 05:23:58 | eta: 02:04:44 | gpu: 0.8/10.7 GB
2026-07-20 00:32:39 | INFO | cm_purifier.train | Step: 36200/50000 | 72.40% | lr: 0.000100 | Training loss is 0.2615 | distill: 0.0014 | rec: 0.1303 | id: 0.1135 | lpips: 0.1626 | lpips weighted: 0.0163 | lpips weight: 0.1000 | cls: 0.0000 | elapsed: 05:24:51 | eta: 02:03:50 | gpu: 0.8/10.7 GB
2026-07-20 00:33:33 | INFO | cm_purifier.train | Step: 36300/50000 | 72.60% | lr: 0.000100 | Training loss is 0.2626 | distill: 0.0011 | rec: 0.1186 | id: 0.1286 | lpips: 0.1443 | lpips weighted: 0.0144 | lpips weight: 0.1000 | cls: 0.0000 | elapsed: 05:25:45 | eta: 02:02:56 | gpu: 0.8/10.7 GB
2026-07-20 00:34:26 | INFO | cm_purifier.train | Step: 36400/50000 | 72.80% | lr: 0.000100 | Training loss is 0.2629 | distill: 0.0014 | rec: 0.1243 | id: 0.1218 | lpips: 0.1541 | lpips weighted: 0.0154 | lpips weight: 0.1000 | cls: 0.0000 | elapsed: 05:26:39 | eta: 02:02:02 | gpu: 0.8/10.7 GB
2026-07-20 00:35:20 | INFO | cm_purifier.train | Step: 36500/50000 | 73.00% | lr: 0.000100 | Training loss is 0.2601 | distill: 0.0014 | rec: 0.1187 | id: 0.1244 | lpips: 0.1554 | lpips weighted: 0.0155 | lpips weight: 0.1000 | cls: 0.0000 | elapsed: 05:27:32 | eta: 02:01:08 | gpu: 0.8/10.7 GB
2026-07-20 00:36:14 | INFO | cm_purifier.train | Step: 36600/50000 | 73.20% | lr: 0.000100 | Training loss is 0.2502 | distill: 0.0015 | rec: 0.1223 | id: 0.1120 | lpips: 0.1437 | lpips weighted: 0.0144 | lpips weight: 0.1000 | cls: 0.0000 | elapsed: 05:28:26 | eta: 02:00:15 | gpu: 0.8/10.7 GB
2026-07-20 00:37:07 | INFO | cm_purifier.train | Step: 36700/50000 | 73.40% | lr: 0.000100 | Training loss is 0.2611 | distill: 0.0017 | rec: 0.1232 | id: 0.1208 | lpips: 0.1538 | lpips weighted: 0.0154 | lpips weight: 0.1000 | cls: 0.0000 | elapsed: 05:29:20 | eta: 01:59:21 | gpu: 0.8/10.7 GB
2026-07-20 00:38:05 | INFO | cm_purifier.train | Step: 36800/50000 | 73.60% | lr: 0.000100 | Training loss is 0.2792 | distill: 0.0013 | rec: 0.1282 | id: 0.1331 | lpips: 0.1659 | lpips weighted: 0.0166 | lpips weight: 0.1000 | cls: 0.0000 | elapsed: 05:30:17 | eta: 01:58:28 | gpu: 0.8/10.7 GB
2026-07-20 00:38:58 | INFO | cm_purifier.train | Step: 36900/50000 | 73.80% | lr: 0.000100 | Training loss is 0.2512 | distill: 0.0010 | rec: 0.1190 | id: 0.1164 | lpips: 0.1485 | lpips weighted: 0.0149 | lpips weight: 0.1000 | cls: 0.0000 | elapsed: 05:31:11 | eta: 01:57:34 | gpu: 0.8/10.7 GB
2026-07-20 00:39:56 | INFO | cm_purifier.train | Step: 37000/50000 | 74.00% | lr: 0.000100 | Training loss is 0.2496 | distill: 0.0014 | rec: 0.1160 | id: 0.1185 | lpips: 0.1367 | lpips weighted: 0.0137 | lpips weight: 0.1000 | cls: 0.0000 | elapsed: 05:32:08 | eta: 01:56:42 | gpu: 0.8/10.7 GB
2026-07-20 00:40:49 | INFO | cm_purifier.train | Step: 37100/50000 | 74.20% | lr: 0.000100 | Training loss is 0.2581 | distill: 0.0020 | rec: 0.1236 | id: 0.1178 | lpips: 0.1484 | lpips weighted: 0.0148 | lpips weight: 0.1000 | cls: 0.0000 | elapsed: 05:33:02 | eta: 01:55:48 | gpu: 0.8/10.7 GB
2026-07-20 00:41:43 | INFO | cm_purifier.train | Step: 37200/50000 | 74.40% | lr: 0.000100 | Training loss is 0.2754 | distill: 0.0011 | rec: 0.1255 | id: 0.1322 | lpips: 0.1655 | lpips weighted: 0.0166 | lpips weight: 0.1000 | cls: 0.0000 | elapsed: 05:33:56 | eta: 01:54:54 | gpu: 0.8/10.7 GB
2026-07-20 00:42:37 | INFO | cm_purifier.train | Step: 37300/50000 | 74.60% | lr: 0.000100 | Training loss is 0.2510 | distill: 0.0014 | rec: 0.1243 | id: 0.1094 | lpips: 0.1596 | lpips weighted: 0.0160 | lpips weight: 0.1000 | cls: 0.0000 | elapsed: 05:34:50 | eta: 01:54:00 | gpu: 0.8/10.7 GB
2026-07-20 00:43:31 | INFO | cm_purifier.train | Step: 37400/50000 | 74.80% | lr: 0.000100 | Training loss is 0.2419 | distill: 0.0012 | rec: 0.1136 | id: 0.1137 | lpips: 0.1345 | lpips weighted: 0.0135 | lpips weight: 0.1000 | cls: 0.0000 | elapsed: 05:35:43 | eta: 01:53:06 | gpu: 0.8/10.7 GB
2026-07-20 00:44:25 | INFO | cm_purifier.train | Step: 37500/50000 | 75.00% | lr: 0.000100 | Training loss is 0.2649 | distill: 0.0013 | rec: 0.1208 | id: 0.1268 | lpips: 0.1600 | lpips weighted: 0.0160 | lpips weight: 0.1000 | cls: 0.0000 | elapsed: 05:36:37 | eta: 01:52:12 | gpu: 0.8/10.7 GB
2026-07-20 00:45:18 | INFO | cm_purifier.train | Step: 37600/50000 | 75.20% | lr: 0.000100 | Training loss is 0.2659 | distill: 0.0017 | rec: 0.1302 | id: 0.1178 | lpips: 0.1628 | lpips weighted: 0.0163 | lpips weight: 0.1000 | cls: 0.0000 | elapsed: 05:37:31 | eta: 01:51:18 | gpu: 0.8/10.7 GB
2026-07-20 00:46:12 | INFO | cm_purifier.train | Step: 37700/50000 | 75.40% | lr: 0.000100 | Training loss is 0.2528 | distill: 0.0012 | rec: 0.1224 | id: 0.1144 | lpips: 0.1473 | lpips weighted: 0.0147 | lpips weight: 0.1000 | cls: 0.0000 | elapsed: 05:38:25 | eta: 01:50:24 | gpu: 0.8/10.7 GB
2026-07-20 00:47:06 | INFO | cm_purifier.train | Step: 37800/50000 | 75.60% | lr: 0.000100 | Training loss is 0.2616 | distill: 0.0015 | rec: 0.1236 | id: 0.1209 | lpips: 0.1553 | lpips weighted: 0.0155 | lpips weight: 0.1000 | cls: 0.0000 | elapsed: 05:39:19 | eta: 01:49:30 | gpu: 0.8/10.7 GB
2026-07-20 00:47:59 | INFO | cm_purifier.train | Step: 37900/50000 | 75.80% | lr: 0.000100 | Training loss is 0.2544 | distill: 0.0012 | rec: 0.1246 | id: 0.1127 | lpips: 0.1587 | lpips weighted: 0.0159 | lpips weight: 0.1000 | cls: 0.0000 | elapsed: 05:40:12 | eta: 01:48:36 | gpu: 0.8/10.7 GB
2026-07-20 00:48:53 | INFO | cm_purifier.train | Step: 38000/50000 | 76.00% | lr: 0.000100 | Training loss is 0.2552 | distill: 0.0012 | rec: 0.1249 | id: 0.1141 | lpips: 0.1503 | lpips weighted: 0.0150 | lpips weight: 0.1000 | cls: 0.0000 | elapsed: 05:41:06 | eta: 01:47:43 | gpu: 0.8/10.7 GB
2026-07-20 00:49:47 | INFO | cm_purifier.train | Step: 38100/50000 | 76.20% | lr: 0.000100 | Training loss is 0.2562 | distill: 0.0016 | rec: 0.1221 | id: 0.1176 | lpips: 0.1487 | lpips weighted: 0.0149 | lpips weight: 0.1000 | cls: 0.0000 | elapsed: 05:42:00 | eta: 01:46:49 | gpu: 0.8/10.7 GB
2026-07-20 00:50:41 | INFO | cm_purifier.train | Step: 38200/50000 | 76.40% | lr: 0.000100 | Training loss is 0.2743 | distill: 0.0014 | rec: 0.1269 | id: 0.1295 | lpips: 0.1655 | lpips weighted: 0.0166 | lpips weight: 0.1000 | cls: 0.0000 | elapsed: 05:42:54 | eta: 01:45:55 | gpu: 0.8/10.7 GB
2026-07-20 00:51:35 | INFO | cm_purifier.train | Step: 38300/50000 | 76.60% | lr: 0.000100 | Training loss is 0.2550 | distill: 0.0013 | rec: 0.1211 | id: 0.1178 | lpips: 0.1494 | lpips weighted: 0.0149 | lpips weight: 0.1000 | cls: 0.0000 | elapsed: 05:43:47 | eta: 01:45:01 | gpu: 0.8/10.7 GB
2026-07-20 00:52:29 | INFO | cm_purifier.train | Step: 38400/50000 | 76.80% | lr: 0.000100 | Training loss is 0.2779 | distill: 0.0013 | rec: 0.1305 | id: 0.1295 | lpips: 0.1651 | lpips weighted: 0.0165 | lpips weight: 0.1000 | cls: 0.0000 | elapsed: 05:44:41 | eta: 01:44:07 | gpu: 0.8/10.7 GB
2026-07-20 00:53:22 | INFO | cm_purifier.train | Step: 38500/50000 | 77.00% | lr: 0.000100 | Training loss is 0.2446 | distill: 0.0013 | rec: 0.1230 | id: 0.1052 | lpips: 0.1515 | lpips weighted: 0.0152 | lpips weight: 0.1000 | cls: 0.0000 | elapsed: 05:45:35 | eta: 01:43:13 | gpu: 0.8/10.7 GB
2026-07-20 00:54:16 | INFO | cm_purifier.train | Step: 38600/50000 | 77.20% | lr: 0.000100 | Training loss is 0.2596 | distill: 0.0014 | rec: 0.1289 | id: 0.1124 | lpips: 0.1679 | lpips weighted: 0.0168 | lpips weight: 0.1000 | cls: 0.0000 | elapsed: 05:46:29 | eta: 01:42:19 | gpu: 0.8/10.7 GB
2026-07-20 00:55:10 | INFO | cm_purifier.train | Step: 38700/50000 | 77.40% | lr: 0.000100 | Training loss is 0.2675 | distill: 0.0013 | rec: 0.1308 | id: 0.1195 | lpips: 0.1598 | lpips weighted: 0.0160 | lpips weight: 0.1000 | cls: 0.0000 | elapsed: 05:47:23 | eta: 01:41:25 | gpu: 0.8/10.7 GB
2026-07-20 00:56:03 | INFO | cm_purifier.train | Step: 38800/50000 | 77.60% | lr: 0.000100 | Training loss is 0.2768 | distill: 0.0021 | rec: 0.1315 | id: 0.1265 | lpips: 0.1668 | lpips weighted: 0.0167 | lpips weight: 0.1000 | cls: 0.0000 | elapsed: 05:48:16 | eta: 01:40:32 | gpu: 0.8/10.7 GB
2026-07-20 00:56:57 | INFO | cm_purifier.train | Step: 38900/50000 | 77.80% | lr: 0.000100 | Training loss is 0.2578 | distill: 0.0014 | rec: 0.1187 | id: 0.1233 | lpips: 0.1441 | lpips weighted: 0.0144 | lpips weight: 0.1000 | cls: 0.0000 | elapsed: 05:49:10 | eta: 01:39:38 | gpu: 0.8/10.7 GB
2026-07-20 00:57:51 | INFO | cm_purifier.train | Step: 39000/50000 | 78.00% | lr: 0.000100 | Training loss is 0.2686 | distill: 0.0017 | rec: 0.1262 | id: 0.1253 | lpips: 0.1537 | lpips weighted: 0.0154 | lpips weight: 0.1000 | cls: 0.0000 | elapsed: 05:50:04 | eta: 01:38:44 | gpu: 0.8/10.7 GB
2026-07-20 00:58:45 | INFO | cm_purifier.train | Step: 39100/50000 | 78.20% | lr: 0.000100 | Training loss is 0.2606 | distill: 0.0014 | rec: 0.1241 | id: 0.1193 | lpips: 0.1578 | lpips weighted: 0.0158 | lpips weight: 0.1000 | cls: 0.0000 | elapsed: 05:50:58 | eta: 01:37:50 | gpu: 0.8/10.7 GB
2026-07-20 00:59:39 | INFO | cm_purifier.train | Step: 39200/50000 | 78.40% | lr: 0.000100 | Training loss is 0.2547 | distill: 0.0014 | rec: 0.1224 | id: 0.1160 | lpips: 0.1481 | lpips weighted: 0.0148 | lpips weight: 0.1000 | cls: 0.0000 | elapsed: 05:51:51 | eta: 01:36:56 | gpu: 0.8/10.7 GB
2026-07-20 01:00:32 | INFO | cm_purifier.train | Step: 39300/50000 | 78.60% | lr: 0.000100 | Training loss is 0.2600 | distill: 0.0013 | rec: 0.1262 | id: 0.1166 | lpips: 0.1594 | lpips weighted: 0.0159 | lpips weight: 0.1000 | cls: 0.0000 | elapsed: 05:52:45 | eta: 01:36:02 | gpu: 0.8/10.7 GB
2026-07-20 01:01:26 | INFO | cm_purifier.train | Step: 39400/50000 | 78.80% | lr: 0.000100 | Training loss is 0.2749 | distill: 0.0014 | rec: 0.1273 | id: 0.1300 | lpips: 0.1614 | lpips weighted: 0.0161 | lpips weight: 0.1000 | cls: 0.0000 | elapsed: 05:53:39 | eta: 01:35:08 | gpu: 0.8/10.7 GB
2026-07-20 01:02:20 | INFO | cm_purifier.train | Step: 39500/50000 | 79.00% | lr: 0.000100 | Training loss is 0.2489 | distill: 0.0011 | rec: 0.1180 | id: 0.1144 | lpips: 0.1542 | lpips weighted: 0.0154 | lpips weight: 0.1000 | cls: 0.0000 | elapsed: 05:54:32 | eta: 01:34:14 | gpu: 0.8/10.7 GB
2026-07-20 01:03:14 | INFO | cm_purifier.train | Step: 39600/50000 | 79.20% | lr: 0.000100 | Training loss is 0.2718 | distill: 0.0013 | rec: 0.1284 | id: 0.1264 | lpips: 0.1572 | lpips weighted: 0.0157 | lpips weight: 0.1000 | cls: 0.0000 | elapsed: 05:55:26 | eta: 01:33:21 | gpu: 0.8/10.7 GB
2026-07-20 01:04:08 | INFO | cm_purifier.train | Step: 39700/50000 | 79.40% | lr: 0.000100 | Training loss is 0.2360 | distill: 0.0012 | rec: 0.1108 | id: 0.1100 | lpips: 0.1409 | lpips weighted: 0.0141 | lpips weight: 0.1000 | cls: 0.0000 | elapsed: 05:56:20 | eta: 01:32:27 | gpu: 0.8/10.7 GB
2026-07-20 01:05:02 | INFO | cm_purifier.train | Step: 39800/50000 | 79.60% | lr: 0.000100 | Training loss is 0.2699 | distill: 0.0014 | rec: 0.1297 | id: 0.1223 | lpips: 0.1647 | lpips weighted: 0.0165 | lpips weight: 0.1000 | cls: 0.0000 | elapsed: 05:57:14 | eta: 01:31:33 | gpu: 0.8/10.7 GB
2026-07-20 01:05:55 | INFO | cm_purifier.train | Step: 39900/50000 | 79.80% | lr: 0.000100 | Training loss is 0.2671 | distill: 0.0014 | rec: 0.1298 | id: 0.1203 | lpips: 0.1560 | lpips weighted: 0.0156 | lpips weight: 0.1000 | cls: 0.0000 | elapsed: 05:58:08 | eta: 01:30:39 | gpu: 0.8/10.7 GB
2026-07-20 01:06:49 | INFO | cm_purifier.train | Step: 40000/50000 | 80.00% | lr: 0.000100 | Training loss is 0.2373 | distill: 0.0013 | rec: 0.1198 | id: 0.1014 | lpips: 0.1484 | lpips weighted: 0.0148 | lpips weight: 0.1000 | cls: 0.0000 | elapsed: 05:59:01 | eta: 01:29:45 | gpu: 0.8/10.7 GB
2026-07-20 01:06:51 | INFO | cm_purifier.train | Saved checkpoint to /media02/ndthuc03/cm-purify-targeted-poisoning/consistency_model/checkpoints/cm_purifier_lpips.pth at step 40000
2026-07-20 01:07:45 | INFO | cm_purifier.train | Step: 40100/50000 | 80.20% | lr: 0.000100 | Training loss is 0.2440 | distill: 0.0014 | rec: 0.1164 | id: 0.1123 | lpips: 0.1384 | lpips weighted: 0.0138 | lpips weight: 0.1000 | cls: 0.0000 | elapsed: 05:59:58 | eta: 01:28:52 | gpu: 0.8/10.7 GB
2026-07-20 01:08:39 | INFO | cm_purifier.train | Step: 40200/50000 | 80.40% | lr: 0.000100 | Training loss is 0.2495 | distill: 0.0015 | rec: 0.1264 | id: 0.1058 | lpips: 0.1595 | lpips weighted: 0.0160 | lpips weight: 0.1000 | cls: 0.0000 | elapsed: 06:00:51 | eta: 01:27:58 | gpu: 0.8/10.7 GB
2026-07-20 01:09:33 | INFO | cm_purifier.train | Step: 40300/50000 | 80.60% | lr: 0.000100 | Training loss is 0.2391 | distill: 0.0015 | rec: 0.1217 | id: 0.1014 | lpips: 0.1451 | lpips weighted: 0.0145 | lpips weight: 0.1000 | cls: 0.0000 | elapsed: 06:01:46 | eta: 01:27:04 | gpu: 0.8/10.7 GB
2026-07-20 01:10:27 | INFO | cm_purifier.train | Step: 40400/50000 | 80.80% | lr: 0.000100 | Training loss is 0.2346 | distill: 0.0014 | rec: 0.1169 | id: 0.1023 | lpips: 0.1401 | lpips weighted: 0.0140 | lpips weight: 0.1000 | cls: 0.0000 | elapsed: 06:02:39 | eta: 01:26:10 | gpu: 0.8/10.7 GB
2026-07-20 01:11:21 | INFO | cm_purifier.train | Step: 40500/50000 | 81.00% | lr: 0.000100 | Training loss is 0.2779 | distill: 0.0014 | rec: 0.1303 | id: 0.1300 | lpips: 0.1619 | lpips weighted: 0.0162 | lpips weight: 0.1000 | cls: 0.0000 | elapsed: 06:03:33 | eta: 01:25:16 | gpu: 0.8/10.7 GB
2026-07-20 01:12:14 | INFO | cm_purifier.train | Step: 40600/50000 | 81.20% | lr: 0.000100 | Training loss is 0.2485 | distill: 0.0015 | rec: 0.1255 | id: 0.1059 | lpips: 0.1561 | lpips weighted: 0.0156 | lpips weight: 0.1000 | cls: 0.0000 | elapsed: 06:04:27 | eta: 01:24:22 | gpu: 0.8/10.7 GB
2026-07-20 01:13:08 | INFO | cm_purifier.train | Step: 40700/50000 | 81.40% | lr: 0.000100 | Training loss is 0.2466 | distill: 0.0013 | rec: 0.1171 | id: 0.1146 | lpips: 0.1360 | lpips weighted: 0.0136 | lpips weight: 0.1000 | cls: 0.0000 | elapsed: 06:05:20 | eta: 01:23:28 | gpu: 0.8/10.7 GB
2026-07-20 01:14:02 | INFO | cm_purifier.train | Step: 40800/50000 | 81.60% | lr: 0.000100 | Training loss is 0.2687 | distill: 0.0016 | rec: 0.1284 | id: 0.1228 | lpips: 0.1593 | lpips weighted: 0.0159 | lpips weight: 0.1000 | cls: 0.0000 | elapsed: 06:06:14 | eta: 01:22:35 | gpu: 0.8/10.7 GB
2026-07-20 01:14:55 | INFO | cm_purifier.train | Step: 40900/50000 | 81.80% | lr: 0.000100 | Training loss is 0.2363 | distill: 0.0012 | rec: 0.1185 | id: 0.1013 | lpips: 0.1537 | lpips weighted: 0.0154 | lpips weight: 0.1000 | cls: 0.0000 | elapsed: 06:07:08 | eta: 01:21:41 | gpu: 0.8/10.7 GB
2026-07-20 01:15:49 | INFO | cm_purifier.train | Step: 41000/50000 | 82.00% | lr: 0.000100 | Training loss is 0.2693 | distill: 0.0014 | rec: 0.1298 | id: 0.1213 | lpips: 0.1672 | lpips weighted: 0.0167 | lpips weight: 0.1000 | cls: 0.0000 | elapsed: 06:08:02 | eta: 01:20:47 | gpu: 0.8/10.7 GB
2026-07-20 01:16:43 | INFO | cm_purifier.train | Step: 41100/50000 | 82.20% | lr: 0.000100 | Training loss is 0.2316 | distill: 0.0012 | rec: 0.1173 | id: 0.0980 | lpips: 0.1505 | lpips weighted: 0.0151 | lpips weight: 0.1000 | cls: 0.0000 | elapsed: 06:08:55 | eta: 01:19:53 | gpu: 0.8/10.7 GB
2026-07-20 01:17:37 | INFO | cm_purifier.train | Step: 41200/50000 | 82.40% | lr: 0.000100 | Training loss is 0.2381 | distill: 0.0012 | rec: 0.1120 | id: 0.1109 | lpips: 0.1401 | lpips weighted: 0.0140 | lpips weight: 0.1000 | cls: 0.0000 | elapsed: 06:09:49 | eta: 01:18:59 | gpu: 0.8/10.7 GB
2026-07-20 01:18:30 | INFO | cm_purifier.train | Step: 41300/50000 | 82.60% | lr: 0.000100 | Training loss is 0.2395 | distill: 0.0013 | rec: 0.1193 | id: 0.1046 | lpips: 0.1430 | lpips weighted: 0.0143 | lpips weight: 0.1000 | cls: 0.0000 | elapsed: 06:10:43 | eta: 01:18:05 | gpu: 0.8/10.7 GB
2026-07-20 01:19:24 | INFO | cm_purifier.train | Step: 41400/50000 | 82.80% | lr: 0.000100 | Training loss is 0.2507 | distill: 0.0011 | rec: 0.1212 | id: 0.1131 | lpips: 0.1525 | lpips weighted: 0.0152 | lpips weight: 0.1000 | cls: 0.0000 | elapsed: 06:11:37 | eta: 01:17:11 | gpu: 0.8/10.7 GB
2026-07-20 01:20:18 | INFO | cm_purifier.train | Step: 41500/50000 | 83.00% | lr: 0.000100 | Training loss is 0.2598 | distill: 0.0016 | rec: 0.1318 | id: 0.1097 | lpips: 0.1673 | lpips weighted: 0.0167 | lpips weight: 0.1000 | cls: 0.0000 | elapsed: 06:12:31 | eta: 01:16:17 | gpu: 0.8/10.7 GB
2026-07-20 01:21:12 | INFO | cm_purifier.train | Step: 41600/50000 | 83.20% | lr: 0.000100 | Training loss is 0.2638 | distill: 0.0013 | rec: 0.1209 | id: 0.1263 | lpips: 0.1536 | lpips weighted: 0.0154 | lpips weight: 0.1000 | cls: 0.0000 | elapsed: 06:13:24 | eta: 01:15:24 | gpu: 0.8/10.7 GB
2026-07-20 01:22:06 | INFO | cm_purifier.train | Step: 41700/50000 | 83.40% | lr: 0.000100 | Training loss is 0.2515 | distill: 0.0014 | rec: 0.1141 | id: 0.1210 | lpips: 0.1503 | lpips weighted: 0.0150 | lpips weight: 0.1000 | cls: 0.0000 | elapsed: 06:14:18 | eta: 01:14:30 | gpu: 0.8/10.7 GB
2026-07-20 01:22:59 | INFO | cm_purifier.train | Step: 41800/50000 | 83.60% | lr: 0.000100 | Training loss is 0.2324 | distill: 0.0014 | rec: 0.1157 | id: 0.1009 | lpips: 0.1434 | lpips weighted: 0.0143 | lpips weight: 0.1000 | cls: 0.0000 | elapsed: 06:15:12 | eta: 01:13:36 | gpu: 0.8/10.7 GB
2026-07-20 01:23:53 | INFO | cm_purifier.train | Step: 41900/50000 | 83.80% | lr: 0.000100 | Training loss is 0.2619 | distill: 0.0014 | rec: 0.1272 | id: 0.1185 | lpips: 0.1482 | lpips weighted: 0.0148 | lpips weight: 0.1000 | cls: 0.0000 | elapsed: 06:16:06 | eta: 01:12:42 | gpu: 0.8/10.7 GB
2026-07-20 01:24:47 | INFO | cm_purifier.train | Step: 42000/50000 | 84.00% | lr: 0.000100 | Training loss is 0.2721 | distill: 0.0016 | rec: 0.1299 | id: 0.1248 | lpips: 0.1588 | lpips weighted: 0.0159 | lpips weight: 0.1000 | cls: 0.0000 | elapsed: 06:16:59 | eta: 01:11:48 | gpu: 0.8/10.7 GB
2026-07-20 01:25:40 | INFO | cm_purifier.train | Step: 42100/50000 | 84.20% | lr: 0.000100 | Training loss is 0.2429 | distill: 0.0011 | rec: 0.1209 | id: 0.1057 | lpips: 0.1519 | lpips weighted: 0.0152 | lpips weight: 0.1000 | cls: 0.0000 | elapsed: 06:17:53 | eta: 01:10:54 | gpu: 0.8/10.7 GB
2026-07-20 01:26:34 | INFO | cm_purifier.train | Step: 42200/50000 | 84.40% | lr: 0.000100 | Training loss is 0.2579 | distill: 0.0013 | rec: 0.1256 | id: 0.1163 | lpips: 0.1475 | lpips weighted: 0.0148 | lpips weight: 0.1000 | cls: 0.0000 | elapsed: 06:18:47 | eta: 01:10:00 | gpu: 0.8/10.7 GB
2026-07-20 01:27:28 | INFO | cm_purifier.train | Step: 42300/50000 | 84.60% | lr: 0.000100 | Training loss is 0.2626 | distill: 0.0016 | rec: 0.1240 | id: 0.1212 | lpips: 0.1587 | lpips weighted: 0.0159 | lpips weight: 0.1000 | cls: 0.0000 | elapsed: 06:19:41 | eta: 01:09:06 | gpu: 0.8/10.7 GB
2026-07-20 01:28:22 | INFO | cm_purifier.train | Step: 42400/50000 | 84.80% | lr: 0.000100 | Training loss is 0.2447 | distill: 0.0016 | rec: 0.1218 | id: 0.1064 | lpips: 0.1483 | lpips weighted: 0.0148 | lpips weight: 0.1000 | cls: 0.0000 | elapsed: 06:20:35 | eta: 01:08:13 | gpu: 0.8/10.7 GB
2026-07-20 01:29:16 | INFO | cm_purifier.train | Step: 42500/50000 | 85.00% | lr: 0.000100 | Training loss is 0.2652 | distill: 0.0014 | rec: 0.1257 | id: 0.1226 | lpips: 0.1537 | lpips weighted: 0.0154 | lpips weight: 0.1000 | cls: 0.0000 | elapsed: 06:21:28 | eta: 01:07:19 | gpu: 0.8/10.7 GB
2026-07-20 01:30:10 | INFO | cm_purifier.train | Step: 42600/50000 | 85.20% | lr: 0.000100 | Training loss is 0.2703 | distill: 0.0016 | rec: 0.1259 | id: 0.1270 | lpips: 0.1581 | lpips weighted: 0.0158 | lpips weight: 0.1000 | cls: 0.0000 | elapsed: 06:22:22 | eta: 01:06:25 | gpu: 0.8/10.7 GB
2026-07-20 01:31:03 | INFO | cm_purifier.train | Step: 42700/50000 | 85.40% | lr: 0.000100 | Training loss is 0.2654 | distill: 0.0014 | rec: 0.1299 | id: 0.1186 | lpips: 0.1548 | lpips weighted: 0.0155 | lpips weight: 0.1000 | cls: 0.0000 | elapsed: 06:23:16 | eta: 01:05:31 | gpu: 0.8/10.7 GB
2026-07-20 01:31:57 | INFO | cm_purifier.train | Step: 42800/50000 | 85.60% | lr: 0.000100 | Training loss is 0.2699 | distill: 0.0015 | rec: 0.1285 | id: 0.1224 | lpips: 0.1748 | lpips weighted: 0.0175 | lpips weight: 0.1000 | cls: 0.0000 | elapsed: 06:24:09 | eta: 01:04:37 | gpu: 0.8/10.7 GB
2026-07-20 01:32:51 | INFO | cm_purifier.train | Step: 42900/50000 | 85.80% | lr: 0.000100 | Training loss is 0.2375 | distill: 0.0013 | rec: 0.1193 | id: 0.1022 | lpips: 0.1487 | lpips weighted: 0.0149 | lpips weight: 0.1000 | cls: 0.0000 | elapsed: 06:25:03 | eta: 01:03:43 | gpu: 0.8/10.7 GB
2026-07-20 01:33:44 | INFO | cm_purifier.train | Step: 43000/50000 | 86.00% | lr: 0.000100 | Training loss is 0.2401 | distill: 0.0014 | rec: 0.1194 | id: 0.1049 | lpips: 0.1442 | lpips weighted: 0.0144 | lpips weight: 0.1000 | cls: 0.0000 | elapsed: 06:25:57 | eta: 01:02:49 | gpu: 0.8/10.7 GB
2026-07-20 01:34:38 | INFO | cm_purifier.train | Step: 43100/50000 | 86.20% | lr: 0.000100 | Training loss is 0.2528 | distill: 0.0016 | rec: 0.1279 | id: 0.1069 | lpips: 0.1632 | lpips weighted: 0.0163 | lpips weight: 0.1000 | cls: 0.0000 | elapsed: 06:26:51 | eta: 01:01:56 | gpu: 0.8/10.7 GB
2026-07-20 01:35:32 | INFO | cm_purifier.train | Step: 43200/50000 | 86.40% | lr: 0.000100 | Training loss is 0.2582 | distill: 0.0015 | rec: 0.1282 | id: 0.1131 | lpips: 0.1546 | lpips weighted: 0.0155 | lpips weight: 0.1000 | cls: 0.0000 | elapsed: 06:27:45 | eta: 01:01:02 | gpu: 0.8/10.7 GB
2026-07-20 01:36:26 | INFO | cm_purifier.train | Step: 43300/50000 | 86.60% | lr: 0.000100 | Training loss is 0.2553 | distill: 0.0014 | rec: 0.1243 | id: 0.1146 | lpips: 0.1491 | lpips weighted: 0.0149 | lpips weight: 0.1000 | cls: 0.0000 | elapsed: 06:28:39 | eta: 01:00:08 | gpu: 0.8/10.7 GB
2026-07-20 01:37:20 | INFO | cm_purifier.train | Step: 43400/50000 | 86.80% | lr: 0.000100 | Training loss is 0.2731 | distill: 0.0016 | rec: 0.1287 | id: 0.1267 | lpips: 0.1609 | lpips weighted: 0.0161 | lpips weight: 0.1000 | cls: 0.0000 | elapsed: 06:29:32 | eta: 00:59:14 | gpu: 0.8/10.7 GB
2026-07-20 01:38:13 | INFO | cm_purifier.train | Step: 43500/50000 | 87.00% | lr: 0.000100 | Training loss is 0.2682 | distill: 0.0015 | rec: 0.1301 | id: 0.1207 | lpips: 0.1596 | lpips weighted: 0.0160 | lpips weight: 0.1000 | cls: 0.0000 | elapsed: 06:30:26 | eta: 00:58:20 | gpu: 0.8/10.7 GB
2026-07-20 01:39:07 | INFO | cm_purifier.train | Step: 43600/50000 | 87.20% | lr: 0.000100 | Training loss is 0.2595 | distill: 0.0014 | rec: 0.1224 | id: 0.1212 | lpips: 0.1457 | lpips weighted: 0.0146 | lpips weight: 0.1000 | cls: 0.0000 | elapsed: 06:31:20 | eta: 00:57:26 | gpu: 0.8/10.7 GB
2026-07-20 01:40:01 | INFO | cm_purifier.train | Step: 43700/50000 | 87.40% | lr: 0.000100 | Training loss is 0.2598 | distill: 0.0018 | rec: 0.1244 | id: 0.1188 | lpips: 0.1475 | lpips weighted: 0.0148 | lpips weight: 0.1000 | cls: 0.0000 | elapsed: 06:32:14 | eta: 00:56:32 | gpu: 0.8/10.7 GB
2026-07-20 01:40:55 | INFO | cm_purifier.train | Step: 43800/50000 | 87.60% | lr: 0.000100 | Training loss is 0.2559 | distill: 0.0015 | rec: 0.1201 | id: 0.1192 | lpips: 0.1516 | lpips weighted: 0.0152 | lpips weight: 0.1000 | cls: 0.0000 | elapsed: 06:33:08 | eta: 00:55:38 | gpu: 0.8/10.7 GB
2026-07-20 01:41:49 | INFO | cm_purifier.train | Step: 43900/50000 | 87.80% | lr: 0.000100 | Training loss is 0.2441 | distill: 0.0015 | rec: 0.1182 | id: 0.1104 | lpips: 0.1415 | lpips weighted: 0.0142 | lpips weight: 0.1000 | cls: 0.0000 | elapsed: 06:34:01 | eta: 00:54:45 | gpu: 0.8/10.7 GB
2026-07-20 01:42:43 | INFO | cm_purifier.train | Step: 44000/50000 | 88.00% | lr: 0.000100 | Training loss is 0.2534 | distill: 0.0018 | rec: 0.1242 | id: 0.1117 | lpips: 0.1575 | lpips weighted: 0.0158 | lpips weight: 0.1000 | cls: 0.0000 | elapsed: 06:34:55 | eta: 00:53:51 | gpu: 0.8/10.7 GB
2026-07-20 01:43:36 | INFO | cm_purifier.train | Step: 44100/50000 | 88.20% | lr: 0.000100 | Training loss is 0.2692 | distill: 0.0016 | rec: 0.1280 | id: 0.1235 | lpips: 0.1611 | lpips weighted: 0.0161 | lpips weight: 0.1000 | cls: 0.0000 | elapsed: 06:35:49 | eta: 00:52:57 | gpu: 0.8/10.7 GB
2026-07-20 01:44:30 | INFO | cm_purifier.train | Step: 44200/50000 | 88.40% | lr: 0.000100 | Training loss is 0.2337 | distill: 0.0013 | rec: 0.1202 | id: 0.0968 | lpips: 0.1553 | lpips weighted: 0.0155 | lpips weight: 0.1000 | cls: 0.0000 | elapsed: 06:36:42 | eta: 00:52:03 | gpu: 0.8/10.7 GB
2026-07-20 01:45:24 | INFO | cm_purifier.train | Step: 44300/50000 | 88.60% | lr: 0.000100 | Training loss is 0.2594 | distill: 0.0018 | rec: 0.1228 | id: 0.1200 | lpips: 0.1481 | lpips weighted: 0.0148 | lpips weight: 0.1000 | cls: 0.0000 | elapsed: 06:37:36 | eta: 00:51:09 | gpu: 0.8/10.7 GB
2026-07-20 01:46:17 | INFO | cm_purifier.train | Step: 44400/50000 | 88.80% | lr: 0.000100 | Training loss is 0.2887 | distill: 0.0015 | rec: 0.1305 | id: 0.1404 | lpips: 0.1625 | lpips weighted: 0.0162 | lpips weight: 0.1000 | cls: 0.0000 | elapsed: 06:38:30 | eta: 00:50:15 | gpu: 0.8/10.7 GB
2026-07-20 01:47:11 | INFO | cm_purifier.train | Step: 44500/50000 | 89.00% | lr: 0.000100 | Training loss is 0.2677 | distill: 0.0017 | rec: 0.1315 | id: 0.1172 | lpips: 0.1727 | lpips weighted: 0.0173 | lpips weight: 0.1000 | cls: 0.0000 | elapsed: 06:39:24 | eta: 00:49:21 | gpu: 0.8/10.7 GB
2026-07-20 01:48:05 | INFO | cm_purifier.train | Step: 44600/50000 | 89.20% | lr: 0.000100 | Training loss is 0.2658 | distill: 0.0016 | rec: 0.1263 | id: 0.1226 | lpips: 0.1535 | lpips weighted: 0.0154 | lpips weight: 0.1000 | cls: 0.0000 | elapsed: 06:40:18 | eta: 00:48:28 | gpu: 0.8/10.7 GB
2026-07-20 01:48:59 | INFO | cm_purifier.train | Step: 44700/50000 | 89.40% | lr: 0.000100 | Training loss is 0.2669 | distill: 0.0015 | rec: 0.1334 | id: 0.1158 | lpips: 0.1628 | lpips weighted: 0.0163 | lpips weight: 0.1000 | cls: 0.0000 | elapsed: 06:41:12 | eta: 00:47:34 | gpu: 0.8/10.7 GB
2026-07-20 01:49:53 | INFO | cm_purifier.train | Step: 44800/50000 | 89.60% | lr: 0.000100 | Training loss is 0.2886 | distill: 0.0021 | rec: 0.1334 | id: 0.1360 | lpips: 0.1703 | lpips weighted: 0.0170 | lpips weight: 0.1000 | cls: 0.0000 | elapsed: 06:42:05 | eta: 00:46:40 | gpu: 0.8/10.7 GB
2026-07-20 01:50:46 | INFO | cm_purifier.train | Step: 44900/50000 | 89.80% | lr: 0.000100 | Training loss is 0.2463 | distill: 0.0013 | rec: 0.1160 | id: 0.1145 | lpips: 0.1456 | lpips weighted: 0.0146 | lpips weight: 0.1000 | cls: 0.0000 | elapsed: 06:42:59 | eta: 00:45:46 | gpu: 0.8/10.7 GB
2026-07-20 01:51:40 | INFO | cm_purifier.train | Step: 45000/50000 | 90.00% | lr: 0.000100 | Training loss is 0.2571 | distill: 0.0012 | rec: 0.1206 | id: 0.1199 | lpips: 0.1542 | lpips weighted: 0.0154 | lpips weight: 0.1000 | cls: 0.0000 | elapsed: 06:43:53 | eta: 00:44:52 | gpu: 0.8/10.7 GB
2026-07-20 01:51:42 | INFO | cm_purifier.train | Saved checkpoint to /media02/ndthuc03/cm-purify-targeted-poisoning/consistency_model/checkpoints/cm_purifier_lpips.pth at step 45000
2026-07-20 01:52:36 | INFO | cm_purifier.train | Step: 45100/50000 | 90.20% | lr: 0.000100 | Training loss is 0.2690 | distill: 0.0015 | rec: 0.1327 | id: 0.1179 | lpips: 0.1684 | lpips weighted: 0.0168 | lpips weight: 0.1000 | cls: 0.0000 | elapsed: 06:44:49 | eta: 00:43:58 | gpu: 0.8/10.7 GB
2026-07-20 01:53:30 | INFO | cm_purifier.train | Step: 45200/50000 | 90.40% | lr: 0.000100 | Training loss is 0.2503 | distill: 0.0012 | rec: 0.1177 | id: 0.1174 | lpips: 0.1388 | lpips weighted: 0.0139 | lpips weight: 0.1000 | cls: 0.0000 | elapsed: 06:45:43 | eta: 00:43:05 | gpu: 0.8/10.7 GB
2026-07-20 01:54:23 | INFO | cm_purifier.train | Step: 45300/50000 | 90.60% | lr: 0.000100 | Training loss is 0.2786 | distill: 0.0016 | rec: 0.1301 | id: 0.1310 | lpips: 0.1595 | lpips weighted: 0.0159 | lpips weight: 0.1000 | cls: 0.0000 | elapsed: 06:46:36 | eta: 00:42:11 | gpu: 0.8/10.7 GB
2026-07-20 01:55:17 | INFO | cm_purifier.train | Step: 45400/50000 | 90.80% | lr: 0.000100 | Training loss is 0.2613 | distill: 0.0014 | rec: 0.1268 | id: 0.1168 | lpips: 0.1633 | lpips weighted: 0.0163 | lpips weight: 0.1000 | cls: 0.0000 | elapsed: 06:47:30 |