Job ID: 73989
Running on: gpu03
Working directory: /media02/ndthuc03/cm-purify-targeted-poisoning
Repository: /media02/ndthuc03/cm-purify-targeted-poisoning
Pair directory: /media02/ndthuc03/cm-purify-targeted-poisoning/dataset_generation/datasets/train
Test directory: /media02/ndthuc03/cm-purify-targeted-poisoning/dataset_generation/datasets/test
Checkpoint path: /media02/ndthuc03/cm-purify-targeted-poisoning/consistency_model/checkpoints/cm_purifier_lpips.pth
Benchmark output directory: /media02/ndthuc03/cm-purify-targeted-poisoning/benchmark/outputs/slurm_73989
LPIPS weight/network: 0.10/alex
LPIPS image size/warmup: 64/2000
Conda environment: purifying_poison
Root requirements: /media02/ndthuc03/cm-purify-targeted-poisoning/requirements.txt
Logs directory: /media02/ndthuc03/cm-purify-targeted-poisoning/runners/logs
Main log: /media02/ndthuc03/cm-purify-targeted-poisoning/runners/logs/train_then_benchmark_73989.log
Error log: /media02/ndthuc03/cm-purify-targeted-poisoning/runners/logs/train_then_benchmark_err_73989.log
Started at: 2026-07-19T12:46:26+00:00
SLURM job GPUs: 1
SLURM step GPUs: <unset>
CUDA_VISIBLE_DEVICES before setup: 0
Training settings:
  teacher model: google/ddpm-cifar10-32
  CM output mode: full_boundary
  batch size: 128
  max steps: 50000
  log steps: 100
  skip train: 0
Benchmark settings:
  run id: <auto>
  attack filter: all
  case filter: <none>
  max cases: <none>
  t star: 200
  t star sweep: 150 200
  batch size: 64
  seed: 2026
  log steps: 1024
Sun Jul 19 12:46:26 2026       
+-----------------------------------------------------------------------------------------+
| NVIDIA-SMI 580.82.07              Driver Version: 580.82.07      CUDA Version: 13.0     |
+-----------------------------------------+------------------------+----------------------+
| GPU  Name                 Persistence-M | Bus-Id          Disp.A | Volatile Uncorr. ECC |
| Fan  Temp   Perf          Pwr:Usage/Cap |           Memory-Usage | GPU-Util  Compute M. |
|                                         |                        |               MIG M. |
|=========================================+========================+======================|
|   0  NVIDIA A100-PCIE-40GB          On  |   00000000:14:00.0 Off |                    0 |
| N/A   27C    P0             33W /  250W |       0MiB /  40960MiB |      0%      Default |
|                                         |                        |             Disabled |
+-----------------------------------------+------------------------+----------------------+

+-----------------------------------------------------------------------------------------+
| Processes:                                                                              |
|  GPU   GI   CI              PID   Type   Process name                        GPU Memory |
|        ID   ID                                                               Usage      |
|=========================================================================================|
|  No running processes found                                                             |
+-----------------------------------------------------------------------------------------+
Requirement already satisfied: pip in /media02/ndthuc03/anaconda3/envs/purifying_poison/lib/python3.10/site-packages (26.1.2)
Requirement already satisfied: numpy<2 in /media02/ndthuc03/anaconda3/envs/purifying_poison/lib/python3.10/site-packages (from -r /tmp/tmp.au4KNAOfrl (line 2)) (1.26.4)
Requirement already satisfied: huggingface_hub==0.24.7 in /media02/ndthuc03/anaconda3/envs/purifying_poison/lib/python3.10/site-packages (from -r /tmp/tmp.au4KNAOfrl (line 3)) (0.24.7)
Requirement already satisfied: tqdm in /media02/ndthuc03/anaconda3/envs/purifying_poison/lib/python3.10/site-packages (from -r /tmp/tmp.au4KNAOfrl (line 6)) (4.68.2)
Requirement already satisfied: Pillow in /media02/ndthuc03/anaconda3/envs/purifying_poison/lib/python3.10/site-packages (from -r /tmp/tmp.au4KNAOfrl (line 11)) (12.2.0)
Requirement already satisfied: lpips==0.1.4 in /media02/ndthuc03/anaconda3/envs/purifying_poison/lib/python3.10/site-packages (from -r /tmp/tmp.au4KNAOfrl (line 12)) (0.1.4)
Requirement already satisfied: diffusers==0.30.3 in /media02/ndthuc03/anaconda3/envs/purifying_poison/lib/python3.10/site-packages (from -r /tmp/tmp.au4KNAOfrl (line 15)) (0.30.3)
Requirement already satisfied: transformers==4.44.2 in /media02/ndthuc03/anaconda3/envs/purifying_poison/lib/python3.10/site-packages (from -r /tmp/tmp.au4KNAOfrl (line 16)) (4.44.2)
Requirement already satisfied: accelerate==0.33.0 in /media02/ndthuc03/anaconda3/envs/purifying_poison/lib/python3.10/site-packages (from -r /tmp/tmp.au4KNAOfrl (line 17)) (0.33.0)
Requirement already satisfied: safetensors==0.4.5 in /media02/ndthuc03/anaconda3/envs/purifying_poison/lib/python3.10/site-packages (from -r /tmp/tmp.au4KNAOfrl (line 18)) (0.4.5)
Requirement already satisfied: lmdb in /media02/ndthuc03/anaconda3/envs/purifying_poison/lib/python3.10/site-packages (from -r /tmp/tmp.au4KNAOfrl (line 22)) (2.2.1)
Requirement already satisfied: efficientnet_pytorch in /media02/ndthuc03/anaconda3/envs/purifying_poison/lib/python3.10/site-packages (from -r /tmp/tmp.au4KNAOfrl (line 24)) (0.7.1)
Requirement already satisfied: pandas in /media02/ndthuc03/anaconda3/envs/purifying_poison/lib/python3.10/site-packages (from -r /tmp/tmp.au4KNAOfrl (line 25)) (2.3.3)
Requirement already satisfied: scipy in /media02/ndthuc03/anaconda3/envs/purifying_poison/lib/python3.10/site-packages (from -r /tmp/tmp.au4KNAOfrl (line 26)) (1.15.3)
Requirement already satisfied: opencv-python in /media02/ndthuc03/anaconda3/envs/purifying_poison/lib/python3.10/site-packages (from -r /tmp/tmp.au4KNAOfrl (line 27)) (4.11.0.86)
Requirement already satisfied: matplotlib in /media02/ndthuc03/anaconda3/envs/purifying_poison/lib/python3.10/site-packages (from -r /tmp/tmp.au4KNAOfrl (line 28)) (3.10.9)
Requirement already satisfied: google-cloud-storage in /media02/ndthuc03/anaconda3/envs/purifying_poison/lib/python3.10/site-packages (from -r /tmp/tmp.au4KNAOfrl (line 29)) (3.11.0)
Requirement already satisfied: google-cloud-automl in /media02/ndthuc03/anaconda3/envs/purifying_poison/lib/python3.10/site-packages (from -r /tmp/tmp.au4KNAOfrl (line 30)) (2.20.0)
Requirement already satisfied: gdown in /media02/ndthuc03/anaconda3/envs/purifying_poison/lib/python3.10/site-packages (from -r /tmp/tmp.au4KNAOfrl (line 31)) (6.1.0)
Requirement already satisfied: filelock in /media02/ndthuc03/anaconda3/envs/purifying_poison/lib/python3.10/site-packages (from huggingface_hub==0.24.7->-r /tmp/tmp.au4KNAOfrl (line 3)) (3.29.0)
Requirement already satisfied: fsspec>=2023.5.0 in /media02/ndthuc03/anaconda3/envs/purifying_poison/lib/python3.10/site-packages (from huggingface_hub==0.24.7->-r /tmp/tmp.au4KNAOfrl (line 3)) (2026.4.0)
Requirement already satisfied: packaging>=20.9 in /media02/ndthuc03/anaconda3/envs/purifying_poison/lib/python3.10/site-packages (from huggingface_hub==0.24.7->-r /tmp/tmp.au4KNAOfrl (line 3)) (26.0)
Requirement already satisfied: pyyaml>=5.1 in /media02/ndthuc03/anaconda3/envs/purifying_poison/lib/python3.10/site-packages (from huggingface_hub==0.24.7->-r /tmp/tmp.au4KNAOfrl (line 3)) (6.0.3)
Requirement already satisfied: requests in /media02/ndthuc03/anaconda3/envs/purifying_poison/lib/python3.10/site-packages (from huggingface_hub==0.24.7->-r /tmp/tmp.au4KNAOfrl (line 3)) (2.34.2)
Requirement already satisfied: typing-extensions>=3.7.4.3 in /media02/ndthuc03/anaconda3/envs/purifying_poison/lib/python3.10/site-packages (from huggingface_hub==0.24.7->-r /tmp/tmp.au4KNAOfrl (line 3)) (4.15.0)
Requirement already satisfied: torch>=0.4.0 in /media02/ndthuc03/anaconda3/envs/purifying_poison/lib/python3.10/site-packages (from lpips==0.1.4->-r /tmp/tmp.au4KNAOfrl (line 12)) (2.2.2+cu118)
Requirement already satisfied: torchvision>=0.2.1 in /media02/ndthuc03/anaconda3/envs/purifying_poison/lib/python3.10/site-packages (from lpips==0.1.4->-r /tmp/tmp.au4KNAOfrl (line 12)) (0.17.2+cu118)
Requirement already satisfied: importlib-metadata in /media02/ndthuc03/anaconda3/envs/purifying_poison/lib/python3.10/site-packages (from diffusers==0.30.3->-r /tmp/tmp.au4KNAOfrl (line 15)) (9.0.0)
Requirement already satisfied: regex!=2019.12.17 in /media02/ndthuc03/anaconda3/envs/purifying_poison/lib/python3.10/site-packages (from diffusers==0.30.3->-r /tmp/tmp.au4KNAOfrl (line 15)) (2026.5.9)
Requirement already satisfied: tokenizers<0.20,>=0.19 in /media02/ndthuc03/anaconda3/envs/purifying_poison/lib/python3.10/site-packages (from transformers==4.44.2->-r /tmp/tmp.au4KNAOfrl (line 16)) (0.19.1)
Requirement already satisfied: psutil in /media02/ndthuc03/anaconda3/envs/purifying_poison/lib/python3.10/site-packages (from accelerate==0.33.0->-r /tmp/tmp.au4KNAOfrl (line 17)) (7.2.2)
Requirement already satisfied: python-dateutil>=2.8.2 in /media02/ndthuc03/anaconda3/envs/purifying_poison/lib/python3.10/site-packages (from pandas->-r /tmp/tmp.au4KNAOfrl (line 25)) (2.9.0.post0)
Requirement already satisfied: pytz>=2020.1 in /media02/ndthuc03/anaconda3/envs/purifying_poison/lib/python3.10/site-packages (from pandas->-r /tmp/tmp.au4KNAOfrl (line 25)) (2026.2)
Requirement already satisfied: tzdata>=2022.7 in /media02/ndthuc03/anaconda3/envs/purifying_poison/lib/python3.10/site-packages (from pandas->-r /tmp/tmp.au4KNAOfrl (line 25)) (2026.2)
Requirement already satisfied: contourpy>=1.0.1 in /media02/ndthuc03/anaconda3/envs/purifying_poison/lib/python3.10/site-packages (from matplotlib->-r /tmp/tmp.au4KNAOfrl (line 28)) (1.3.2)
Requirement already satisfied: cycler>=0.10 in /media02/ndthuc03/anaconda3/envs/purifying_poison/lib/python3.10/site-packages (from matplotlib->-r /tmp/tmp.au4KNAOfrl (line 28)) (0.12.1)
Requirement already satisfied: fonttools>=4.22.0 in /media02/ndthuc03/anaconda3/envs/purifying_poison/lib/python3.10/site-packages (from matplotlib->-r /tmp/tmp.au4KNAOfrl (line 28)) (4.63.0)
Requirement already satisfied: kiwisolver>=1.3.1 in /media02/ndthuc03/anaconda3/envs/purifying_poison/lib/python3.10/site-packages (from matplotlib->-r /tmp/tmp.au4KNAOfrl (line 28)) (1.5.0)
Requirement already satisfied: pyparsing>=3 in /media02/ndthuc03/anaconda3/envs/purifying_poison/lib/python3.10/site-packages (from matplotlib->-r /tmp/tmp.au4KNAOfrl (line 28)) (3.3.2)
Requirement already satisfied: google-auth<3.0.0,>=2.26.1 in /media02/ndthuc03/anaconda3/envs/purifying_poison/lib/python3.10/site-packages (from google-cloud-storage->-r /tmp/tmp.au4KNAOfrl (line 29)) (2.53.0)
Requirement already satisfied: google-api-core<3.0.0,>=2.27.0 in /media02/ndthuc03/anaconda3/envs/purifying_poison/lib/python3.10/site-packages (from google-cloud-storage->-r /tmp/tmp.au4KNAOfrl (line 29)) (2.31.0)
Requirement already satisfied: google-cloud-core<3.0.0,>=2.4.2 in /media02/ndthuc03/anaconda3/envs/purifying_poison/lib/python3.10/site-packages (from google-cloud-storage->-r /tmp/tmp.au4KNAOfrl (line 29)) (2.6.0)
Requirement already satisfied: google-resumable-media<3.0.0,>=2.7.2 in /media02/ndthuc03/anaconda3/envs/purifying_poison/lib/python3.10/site-packages (from google-cloud-storage->-r /tmp/tmp.au4KNAOfrl (line 29)) (2.10.0)
Requirement already satisfied: google-crc32c<2.0.0,>=1.6.0 in /media02/ndthuc03/anaconda3/envs/purifying_poison/lib/python3.10/site-packages (from google-cloud-storage->-r /tmp/tmp.au4KNAOfrl (line 29)) (1.8.0)
Requirement already satisfied: googleapis-common-protos<2.0.0,>=1.63.2 in /media02/ndthuc03/anaconda3/envs/purifying_poison/lib/python3.10/site-packages (from google-api-core<3.0.0,>=2.27.0->google-cloud-storage->-r /tmp/tmp.au4KNAOfrl (line 29)) (1.75.0)
Requirement already satisfied: protobuf<8.0.0,>=5.29.6 in /media02/ndthuc03/anaconda3/envs/purifying_poison/lib/python3.10/site-packages (from google-api-core<3.0.0,>=2.27.0->google-cloud-storage->-r /tmp/tmp.au4KNAOfrl (line 29)) (7.35.0)
Requirement already satisfied: proto-plus<2.0.0,>=1.24.0 in /media02/ndthuc03/anaconda3/envs/purifying_poison/lib/python3.10/site-packages (from google-api-core<3.0.0,>=2.27.0->google-cloud-storage->-r /tmp/tmp.au4KNAOfrl (line 29)) (1.28.0)
Requirement already satisfied: pyasn1-modules>=0.2.1 in /media02/ndthuc03/anaconda3/envs/purifying_poison/lib/python3.10/site-packages (from google-auth<3.0.0,>=2.26.1->google-cloud-storage->-r /tmp/tmp.au4KNAOfrl (line 29)) (0.4.2)
Requirement already satisfied: cryptography>=38.0.3 in /media02/ndthuc03/anaconda3/envs/purifying_poison/lib/python3.10/site-packages (from google-auth<3.0.0,>=2.26.1->google-cloud-storage->-r /tmp/tmp.au4KNAOfrl (line 29)) (48.0.0)
Requirement already satisfied: charset_normalizer<4,>=2 in /media02/ndthuc03/anaconda3/envs/purifying_poison/lib/python3.10/site-packages (from requests->huggingface_hub==0.24.7->-r /tmp/tmp.au4KNAOfrl (line 3)) (3.4.7)
Requirement already satisfied: idna<4,>=2.5 in /media02/ndthuc03/anaconda3/envs/purifying_poison/lib/python3.10/site-packages (from requests->huggingface_hub==0.24.7->-r /tmp/tmp.au4KNAOfrl (line 3)) (3.18)
Requirement already satisfied: urllib3<3,>=1.26 in /media02/ndthuc03/anaconda3/envs/purifying_poison/lib/python3.10/site-packages (from requests->huggingface_hub==0.24.7->-r /tmp/tmp.au4KNAOfrl (line 3)) (2.7.0)
Requirement already satisfied: certifi>=2023.5.7 in /media02/ndthuc03/anaconda3/envs/purifying_poison/lib/python3.10/site-packages (from requests->huggingface_hub==0.24.7->-r /tmp/tmp.au4KNAOfrl (line 3)) (2026.5.20)
Requirement already satisfied: grpcio<2.0.0,>=1.59.0 in /media02/ndthuc03/anaconda3/envs/purifying_poison/lib/python3.10/site-packages (from google-cloud-automl->-r /tmp/tmp.au4KNAOfrl (line 30)) (1.81.0)
Requirement already satisfied: grpcio-status<2.0.0,>=1.41.0 in /media02/ndthuc03/anaconda3/envs/purifying_poison/lib/python3.10/site-packages (from google-api-core[grpc]<3.0.0,>=2.17.1->google-cloud-automl->-r /tmp/tmp.au4KNAOfrl (line 30)) (1.81.0)
Requirement already satisfied: beautifulsoup4 in /media02/ndthuc03/anaconda3/envs/purifying_poison/lib/python3.10/site-packages (from gdown->-r /tmp/tmp.au4KNAOfrl (line 31)) (4.14.3)
Requirement already satisfied: cffi>=2.0.0 in /media02/ndthuc03/anaconda3/envs/purifying_poison/lib/python3.10/site-packages (from cryptography>=38.0.3->google-auth<3.0.0,>=2.26.1->google-cloud-storage->-r /tmp/tmp.au4KNAOfrl (line 29)) (2.0.0)
Requirement already satisfied: pycparser in /media02/ndthuc03/anaconda3/envs/purifying_poison/lib/python3.10/site-packages (from cffi>=2.0.0->cryptography>=38.0.3->google-auth<3.0.0,>=2.26.1->google-cloud-storage->-r /tmp/tmp.au4KNAOfrl (line 29)) (3.0)
Requirement already satisfied: pyasn1<0.7.0,>=0.6.1 in /media02/ndthuc03/anaconda3/envs/purifying_poison/lib/python3.10/site-packages (from pyasn1-modules>=0.2.1->google-auth<3.0.0,>=2.26.1->google-cloud-storage->-r /tmp/tmp.au4KNAOfrl (line 29)) (0.6.3)
Requirement already satisfied: six>=1.5 in /media02/ndthuc03/anaconda3/envs/purifying_poison/lib/python3.10/site-packages (from python-dateutil>=2.8.2->pandas->-r /tmp/tmp.au4KNAOfrl (line 25)) (1.17.0)
Requirement already satisfied: sympy in /media02/ndthuc03/anaconda3/envs/purifying_poison/lib/python3.10/site-packages (from torch>=0.4.0->lpips==0.1.4->-r /tmp/tmp.au4KNAOfrl (line 12)) (1.14.0)
Requirement already satisfied: networkx in /media02/ndthuc03/anaconda3/envs/purifying_poison/lib/python3.10/site-packages (from torch>=0.4.0->lpips==0.1.4->-r /tmp/tmp.au4KNAOfrl (line 12)) (3.4.2)
Requirement already satisfied: jinja2 in /media02/ndthuc03/anaconda3/envs/purifying_poison/lib/python3.10/site-packages (from torch>=0.4.0->lpips==0.1.4->-r /tmp/tmp.au4KNAOfrl (line 12)) (3.1.6)
Requirement already satisfied: nvidia-cuda-nvrtc-cu11==11.8.89 in /media02/ndthuc03/anaconda3/envs/purifying_poison/lib/python3.10/site-packages (from torch>=0.4.0->lpips==0.1.4->-r /tmp/tmp.au4KNAOfrl (line 12)) (11.8.89)
Requirement already satisfied: nvidia-cuda-runtime-cu11==11.8.89 in /media02/ndthuc03/anaconda3/envs/purifying_poison/lib/python3.10/site-packages (from torch>=0.4.0->lpips==0.1.4->-r /tmp/tmp.au4KNAOfrl (line 12)) (11.8.89)
Requirement already satisfied: nvidia-cuda-cupti-cu11==11.8.87 in /media02/ndthuc03/anaconda3/envs/purifying_poison/lib/python3.10/site-packages (from torch>=0.4.0->lpips==0.1.4->-r /tmp/tmp.au4KNAOfrl (line 12)) (11.8.87)
Requirement already satisfied: nvidia-cudnn-cu11==8.7.0.84 in /media02/ndthuc03/anaconda3/envs/purifying_poison/lib/python3.10/site-packages (from torch>=0.4.0->lpips==0.1.4->-r /tmp/tmp.au4KNAOfrl (line 12)) (8.7.0.84)
Requirement already satisfied: nvidia-cublas-cu11==11.11.3.6 in /media02/ndthuc03/anaconda3/envs/purifying_poison/lib/python3.10/site-packages (from torch>=0.4.0->lpips==0.1.4->-r /tmp/tmp.au4KNAOfrl (line 12)) (11.11.3.6)
Requirement already satisfied: nvidia-cufft-cu11==10.9.0.58 in /media02/ndthuc03/anaconda3/envs/purifying_poison/lib/python3.10/site-packages (from torch>=0.4.0->lpips==0.1.4->-r /tmp/tmp.au4KNAOfrl (line 12)) (10.9.0.58)
Requirement already satisfied: nvidia-curand-cu11==10.3.0.86 in /media02/ndthuc03/anaconda3/envs/purifying_poison/lib/python3.10/site-packages (from torch>=0.4.0->lpips==0.1.4->-r /tmp/tmp.au4KNAOfrl (line 12)) (10.3.0.86)
Requirement already satisfied: nvidia-cusolver-cu11==11.4.1.48 in /media02/ndthuc03/anaconda3/envs/purifying_poison/lib/python3.10/site-packages (from torch>=0.4.0->lpips==0.1.4->-r /tmp/tmp.au4KNAOfrl (line 12)) (11.4.1.48)
Requirement already satisfied: nvidia-cusparse-cu11==11.7.5.86 in /media02/ndthuc03/anaconda3/envs/purifying_poison/lib/python3.10/site-packages (from torch>=0.4.0->lpips==0.1.4->-r /tmp/tmp.au4KNAOfrl (line 12)) (11.7.5.86)
Requirement already satisfied: nvidia-nccl-cu11==2.19.3 in /media02/ndthuc03/anaconda3/envs/purifying_poison/lib/python3.10/site-packages (from torch>=0.4.0->lpips==0.1.4->-r /tmp/tmp.au4KNAOfrl (line 12)) (2.19.3)
Requirement already satisfied: nvidia-nvtx-cu11==11.8.86 in /media02/ndthuc03/anaconda3/envs/purifying_poison/lib/python3.10/site-packages (from torch>=0.4.0->lpips==0.1.4->-r /tmp/tmp.au4KNAOfrl (line 12)) (11.8.86)
Requirement already satisfied: triton==2.2.0 in /media02/ndthuc03/anaconda3/envs/purifying_poison/lib/python3.10/site-packages (from torch>=0.4.0->lpips==0.1.4->-r /tmp/tmp.au4KNAOfrl (line 12)) (2.2.0)
Requirement already satisfied: soupsieve>=1.6.1 in /media02/ndthuc03/anaconda3/envs/purifying_poison/lib/python3.10/site-packages (from beautifulsoup4->gdown->-r /tmp/tmp.au4KNAOfrl (line 31)) (2.8.4)
Requirement already satisfied: zipp>=3.20 in /media02/ndthuc03/anaconda3/envs/purifying_poison/lib/python3.10/site-packages (from importlib-metadata->diffusers==0.30.3->-r /tmp/tmp.au4KNAOfrl (line 15)) (4.1.0)
Requirement already satisfied: MarkupSafe>=2.0 in /media02/ndthuc03/anaconda3/envs/purifying_poison/lib/python3.10/site-packages (from jinja2->torch>=0.4.0->lpips==0.1.4->-r /tmp/tmp.au4KNAOfrl (line 12)) (3.0.3)
Requirement already satisfied: PySocks!=1.5.7,>=1.5.6 in /media02/ndthuc03/anaconda3/envs/purifying_poison/lib/python3.10/site-packages (from requests[socks]->gdown->-r /tmp/tmp.au4KNAOfrl (line 31)) (1.7.1)
Requirement already satisfied: mpmath<1.4,>=1.1.0 in /media02/ndthuc03/anaconda3/envs/purifying_poison/lib/python3.10/site-packages (from sympy->torch>=0.4.0->lpips==0.1.4->-r /tmp/tmp.au4KNAOfrl (line 12)) (1.3.0)
HF stack OK:
  diffusers: 0.30.3
  transformers: 4.44.2
  accelerate: 0.33.0
  huggingface_hub: 0.24.7
  safetensors: 0.4.5
  diffusers classes: DDPMScheduler, UNet2DModel
PyTorch: 2.2.2+cu118
CUDA_VISIBLE_DEVICES: 0
CUDA available: True
CUDA device: NVIDIA A100-PCIE-40GB
==============================
1. RUNNING ALGORITHM 2 TRAINING...
==============================
2026-07-19 12:56:39 | INFO | cm_purifier.train | ========================================================================
2026-07-19 12:56:39 | INFO | cm_purifier.train | STARTING CM PURIFIER TRAINING
2026-07-19 12:56:39 | INFO | cm_purifier.train | ========================================================================
2026-07-19 12:56:40 | INFO | cm_purifier.train | Seed: 2026
2026-07-19 12:56:40 | INFO | cm_purifier.train | Resolved device: cuda
2026-07-19 12:56:40 | INFO | cm_purifier.train | ========================================================================
2026-07-19 12:56:40 | INFO | cm_purifier.train | 1. VALIDATING DATASET...
2026-07-19 12:56:40 | INFO | cm_purifier.train | ========================================================================
2026-07-19 12:56:45 | INFO | cm_purifier.train | ========================================================================
2026-07-19 12:56:45 | INFO | cm_purifier.train | CM purifier training configuration
2026-07-19 12:56:45 | INFO | cm_purifier.train | ========================================================================
2026-07-19 12:56:45 | INFO | cm_purifier.train | Selected args:
{
  "backbone": "diffusers",
  "batch_size": 128,
  "cm_output_mode": "full_boundary",
  "device": "cuda",
  "ema_decay": 0.9999,
  "gamma_bp": 1.0,
  "gamma_clean": 0.0,
  "gamma_wb": 1.0,
  "lambda_cls": 0.0,
  "lambda_distill": 1.0,
  "lambda_id": 1.0,
  "lambda_lpips": 0.1,
  "lambda_rec": 1.0,
  "learning_rate": 0.0001,
  "lpips_image_size": 64,
  "lpips_net": "alex",
  "lpips_warmup_steps": 2000,
  "max_steps": 50000,
  "num_ddim_timesteps": 50,
  "num_train_timesteps": 1000,
  "out": "/media02/ndthuc03/cm-purify-targeted-poisoning/consistency_model/checkpoints/cm_purifier_lpips.pth",
  "pair_dir": "/media02/ndthuc03/cm-purify-targeted-poisoning/dataset_generation/datasets/train",
  "schedule_source": "diffusers",
  "teacher_model": "google/ddpm-cifar10-32",
  "timestep_fraction": 0.5
}
2026-07-19 12:56:45 | INFO | cm_purifier.train | Dataset summary:
{
  "attacks": {
    "bp": 10000,
    "clean": 10000,
    "wb": 10000
  },
  "labels": {
    "0": 3000,
    "1": 3000,
    "2": 3000,
    "3": 3000,
    "4": 3000,
    "5": 3000,
    "6": 3000,
    "7": 3000,
    "8": 3000,
    "9": 3000
  },
  "total": 30000
}
2026-07-19 12:56:45 | INFO | cm_purifier.train | ========================================================================
2026-07-19 12:56:45 | INFO | cm_purifier.train | 2. BUILDING MODEL AND DDPM SCHEDULE...
2026-07-19 12:56:45 | INFO | cm_purifier.train | ========================================================================
2026-07-19 12:57:42 | INFO | cm_purifier.train | ========================================================================
2026-07-19 12:57:42 | INFO | cm_purifier.train | Model and schedule
2026-07-19 12:57:42 | INFO | cm_purifier.train | ========================================================================
2026-07-19 12:57:42 | INFO | cm_purifier.train | Model class: CMBoundaryWrapper
2026-07-19 12:57:42 | INFO | cm_purifier.train | Trainable parameters: 35,746,307
2026-07-19 12:57:42 | INFO | cm_purifier.train | Total parameters: 35,746,307
2026-07-19 12:57:42 | INFO | cm_purifier.train | DDPM timesteps: 1000
2026-07-19 12:57:42 | INFO | cm_purifier.train | DDIM timesteps: 50
2026-07-19 12:57:42 | INFO | cm_purifier.train | First/last DDIM timestep: 19 / 999
2026-07-19 12:57:42 | INFO | cm_purifier.train | Training device: cuda
2026-07-19 12:57:42 | INFO | cm_purifier.train | CUDA device name: NVIDIA A100-PCIE-40GB
2026-07-19 12:57:42 | INFO | cm_purifier.train | CUDA memory allocated before training: 0.29 GB
2026-07-19 12:58:32 | INFO | cm_purifier.train | LPIPS enabled | network: alex | image size: 64 | target weight: 0.1000 | warmup steps: 2000
2026-07-19 12:58:32 | INFO | cm_purifier.train | ========================================================================
2026-07-19 12:58:32 | INFO | cm_purifier.train | 3. TRAINING CM PURIFIER...
2026-07-19 12:58:32 | INFO | cm_purifier.train | ========================================================================
2026-07-19 12:58:32 | INFO | cm_purifier.train | Start step: 0
2026-07-19 12:58:32 | INFO | cm_purifier.train | Batches per epoch-style pass: 234
2026-07-19 13:00:00 | INFO | cm_purifier.train | Step: 1/50000 | 0.00% | lr: 0.000100 | Training loss is 0.2452 | distill: 0.0004 | rec: 0.1215 | id: 0.1233 | lpips: 0.2372 | lpips weighted: 0.0000 | lpips weight: 0.0000 | cls: 0.0000 | elapsed: 00:01:28 | eta: 1230:48:50 | gpu: 0.8/9.3 GB
2026-07-19 13:02:30 | INFO | cm_purifier.train | Step: 100/50000 | 0.20% | lr: 0.000100 | Training loss is 0.2536 | distill: 0.0007 | rec: 0.1269 | id: 0.1249 | lpips: 0.2200 | lpips weighted: 0.0011 | lpips weight: 0.0050 | cls: 0.0000 | elapsed: 00:03:58 | eta: 33:05:41 | gpu: 0.8/9.3 GB
2026-07-19 13:05:03 | INFO | cm_purifier.train | Step: 200/50000 | 0.40% | lr: 0.000100 | Training loss is 0.2393 | distill: 0.0008 | rec: 0.1174 | id: 0.1191 | lpips: 0.2051 | lpips weighted: 0.0021 | lpips weight: 0.0100 | cls: 0.0000 | elapsed: 00:06:31 | eta: 27:04:29 | gpu: 0.8/9.3 GB
2026-07-19 13:06:23 | INFO | cm_purifier.train | Step: 300/50000 | 0.60% | lr: 0.000100 | Training loss is 0.2560 | distill: 0.0009 | rec: 0.1247 | id: 0.1273 | lpips: 0.2035 | lpips weighted: 0.0031 | lpips weight: 0.0150 | cls: 0.0000 | elapsed: 00:07:51 | eta: 21:41:05 | gpu: 0.8/9.3 GB
2026-07-19 13:06:44 | INFO | cm_purifier.train | Step: 400/50000 | 0.80% | lr: 0.000100 | Training loss is 0.2400 | distill: 0.0011 | rec: 0.1202 | id: 0.1147 | lpips: 0.2037 | lpips weighted: 0.0041 | lpips weight: 0.0200 | cls: 0.0000 | elapsed: 00:08:12 | eta: 16:57:51 | gpu: 0.8/9.3 GB
2026-07-19 13:07:07 | INFO | cm_purifier.train | Step: 500/50000 | 1.00% | lr: 0.000100 | Training loss is 0.2590 | distill: 0.0011 | rec: 0.1280 | id: 0.1251 | lpips: 0.1934 | lpips weighted: 0.0048 | lpips weight: 0.0250 | cls: 0.0000 | elapsed: 00:08:35 | eta: 14:09:55 | gpu: 0.8/9.3 GB
2026-07-19 13:07:27 | INFO | cm_purifier.train | Step: 600/50000 | 1.20% | lr: 0.000100 | Training loss is 0.2736 | distill: 0.0010 | rec: 0.1325 | id: 0.1336 | lpips: 0.2191 | lpips weighted: 0.0066 | lpips weight: 0.0300 | cls: 0.0000 | elapsed: 00:08:55 | eta: 12:15:02 | gpu: 0.8/9.3 GB
2026-07-19 13:07:48 | INFO | cm_purifier.train | Step: 700/50000 | 1.40% | lr: 0.000100 | Training loss is 0.2533 | distill: 0.0010 | rec: 0.1255 | id: 0.1203 | lpips: 0.1847 | lpips weighted: 0.0065 | lpips weight: 0.0350 | cls: 0.0000 | elapsed: 00:09:16 | eta: 10:52:57 | gpu: 0.8/9.3 GB
2026-07-19 13:08:11 | INFO | cm_purifier.train | Step: 800/50000 | 1.60% | lr: 0.000100 | Training loss is 0.2845 | distill: 0.0010 | rec: 0.1308 | id: 0.1449 | lpips: 0.1952 | lpips weighted: 0.0078 | lpips weight: 0.0400 | cls: 0.0000 | elapsed: 00:09:39 | eta: 09:53:40 | gpu: 0.8/9.3 GB
2026-07-19 13:08:32 | INFO | cm_purifier.train | Step: 900/50000 | 1.80% | lr: 0.000100 | Training loss is 0.2540 | distill: 0.0011 | rec: 0.1255 | id: 0.1193 | lpips: 0.1807 | lpips weighted: 0.0081 | lpips weight: 0.0450 | cls: 0.0000 | elapsed: 00:09:59 | eta: 09:05:28 | gpu: 0.8/9.3 GB
2026-07-19 13:08:54 | INFO | cm_purifier.train | Step: 1000/50000 | 2.00% | lr: 0.000100 | Training loss is 0.2711 | distill: 0.0012 | rec: 0.1313 | id: 0.1286 | lpips: 0.2011 | lpips weighted: 0.0101 | lpips weight: 0.0500 | cls: 0.0000 | elapsed: 00:10:22 | eta: 08:28:08 | gpu: 0.8/9.3 GB
2026-07-19 13:09:17 | INFO | cm_purifier.train | Step: 1100/50000 | 2.20% | lr: 0.000100 | Training loss is 0.2855 | distill: 0.0011 | rec: 0.1336 | id: 0.1400 | lpips: 0.1952 | lpips weighted: 0.0107 | lpips weight: 0.0550 | cls: 0.0000 | elapsed: 00:10:45 | eta: 07:58:14 | gpu: 0.8/9.3 GB
2026-07-19 13:09:40 | INFO | cm_purifier.train | Step: 1200/50000 | 2.40% | lr: 0.000100 | Training loss is 0.2453 | distill: 0.0010 | rec: 0.1196 | id: 0.1147 | lpips: 0.1685 | lpips weighted: 0.0101 | lpips weight: 0.0600 | cls: 0.0000 | elapsed: 00:11:08 | eta: 07:32:46 | gpu: 0.8/9.3 GB
2026-07-19 13:10:01 | INFO | cm_purifier.train | Step: 1300/50000 | 2.60% | lr: 0.000100 | Training loss is 0.2448 | distill: 0.0010 | rec: 0.1156 | id: 0.1173 | lpips: 0.1669 | lpips weighted: 0.0109 | lpips weight: 0.0650 | cls: 0.0000 | elapsed: 00:11:29 | eta: 07:10:12 | gpu: 0.8/9.3 GB
2026-07-19 13:10:22 | INFO | cm_purifier.train | Step: 1400/50000 | 2.80% | lr: 0.000100 | Training loss is 0.2546 | distill: 0.0013 | rec: 0.1297 | id: 0.1115 | lpips: 0.1728 | lpips weighted: 0.0121 | lpips weight: 0.0700 | cls: 0.0000 | elapsed: 00:11:50 | eta: 06:50:51 | gpu: 0.8/9.3 GB
2026-07-19 13:10:45 | INFO | cm_purifier.train | Step: 1500/50000 | 3.00% | lr: 0.000100 | Training loss is 0.2800 | distill: 0.0013 | rec: 0.1287 | id: 0.1371 | lpips: 0.1733 | lpips weighted: 0.0130 | lpips weight: 0.0750 | cls: 0.0000 | elapsed: 00:12:13 | eta: 06:35:14 | gpu: 0.8/9.3 GB
2026-07-19 13:11:06 | INFO | cm_purifier.train | Step: 1600/50000 | 3.20% | lr: 0.000100 | Training loss is 0.2841 | distill: 0.0012 | rec: 0.1232 | id: 0.1452 | lpips: 0.1820 | lpips weighted: 0.0146 | lpips weight: 0.0800 | cls: 0.0000 | elapsed: 00:12:34 | eta: 06:20:32 | gpu: 0.8/9.3 GB
2026-07-19 13:11:29 | INFO | cm_purifier.train | Step: 1700/50000 | 3.40% | lr: 0.000100 | Training loss is 0.2654 | distill: 0.0015 | rec: 0.1291 | id: 0.1203 | lpips: 0.1712 | lpips weighted: 0.0146 | lpips weight: 0.0850 | cls: 0.0000 | elapsed: 00:12:57 | eta: 06:08:11 | gpu: 0.8/9.3 GB
2026-07-19 13:11:50 | INFO | cm_purifier.train | Step: 1800/50000 | 3.60% | lr: 0.000100 | Training loss is 0.2706 | distill: 0.0011 | rec: 0.1259 | id: 0.1278 | lpips: 0.1746 | lpips weighted: 0.0157 | lpips weight: 0.0900 | cls: 0.0000 | elapsed: 00:13:18 | eta: 05:56:25 | gpu: 0.8/9.3 GB
2026-07-19 13:12:12 | INFO | cm_purifier.train | Step: 1900/50000 | 3.80% | lr: 0.000100 | Training loss is 0.2631 | distill: 0.0013 | rec: 0.1293 | id: 0.1158 | lpips: 0.1758 | lpips weighted: 0.0167 | lpips weight: 0.0950 | cls: 0.0000 | elapsed: 00:13:40 | eta: 05:46:15 | gpu: 0.8/9.3 GB
2026-07-19 13:12:36 | INFO | cm_purifier.train | Step: 2000/50000 | 4.00% | lr: 0.000100 | Training loss is 0.2490 | distill: 0.0011 | rec: 0.1171 | id: 0.1148 | lpips: 0.1598 | lpips weighted: 0.0160 | lpips weight: 0.1000 | cls: 0.0000 | elapsed: 00:14:04 | eta: 05:37:37 | gpu: 0.8/9.3 GB
2026-07-19 13:12:58 | INFO | cm_purifier.train | Step: 2100/50000 | 4.20% | lr: 0.000100 | Training loss is 0.2919 | distill: 0.0012 | rec: 0.1340 | id: 0.1384 | lpips: 0.1833 | lpips weighted: 0.0183 | lpips weight: 0.1000 | cls: 0.0000 | elapsed: 00:14:26 | eta: 05:29:28 | gpu: 0.8/9.3 GB
2026-07-19 13:13:22 | INFO | cm_purifier.train | Step: 2200/50000 | 4.40% | lr: 0.000100 | Training loss is 0.2606 | distill: 0.0012 | rec: 0.1271 | id: 0.1156 | lpips: 0.1663 | lpips weighted: 0.0166 | lpips weight: 0.1000 | cls: 0.0000 | elapsed: 00:14:50 | eta: 05:22:21 | gpu: 0.8/9.3 GB
2026-07-19 13:13:53 | INFO | cm_purifier.train | Step: 2300/50000 | 4.60% | lr: 0.000100 | Training loss is 0.2763 | distill: 0.0013 | rec: 0.1293 | id: 0.1274 | lpips: 0.1826 | lpips weighted: 0.0183 | lpips weight: 0.1000 | cls: 0.0000 | elapsed: 00:15:21 | eta: 05:18:24 | gpu: 0.8/9.3 GB
2026-07-19 13:14:26 | INFO | cm_purifier.train | Step: 2400/50000 | 4.80% | lr: 0.000100 | Training loss is 0.2590 | distill: 0.0013 | rec: 0.1210 | id: 0.1211 | lpips: 0.1559 | lpips weighted: 0.0156 | lpips weight: 0.1000 | cls: 0.0000 | elapsed: 00:15:54 | eta: 05:15:30 | gpu: 0.8/9.3 GB
2026-07-19 13:14:53 | INFO | cm_purifier.train | Step: 2500/50000 | 5.00% | lr: 0.000100 | Training loss is 0.2669 | distill: 0.0014 | rec: 0.1296 | id: 0.1179 | lpips: 0.1807 | lpips weighted: 0.0181 | lpips weight: 0.1000 | cls: 0.0000 | elapsed: 00:16:21 | eta: 05:10:52 | gpu: 0.8/9.3 GB
2026-07-19 13:15:16 | INFO | cm_purifier.train | Step: 2600/50000 | 5.20% | lr: 0.000100 | Training loss is 0.2625 | distill: 0.0013 | rec: 0.1239 | id: 0.1206 | lpips: 0.1667 | lpips weighted: 0.0167 | lpips weight: 0.1000 | cls: 0.0000 | elapsed: 00:16:44 | eta: 05:05:15 | gpu: 0.8/9.3 GB
2026-07-19 13:15:37 | INFO | cm_purifier.train | Step: 2700/50000 | 5.40% | lr: 0.000100 | Training loss is 0.2642 | distill: 0.0013 | rec: 0.1288 | id: 0.1164 | lpips: 0.1784 | lpips weighted: 0.0178 | lpips weight: 0.1000 | cls: 0.0000 | elapsed: 00:17:05 | eta: 04:59:28 | gpu: 0.8/9.3 GB
2026-07-19 13:15:58 | INFO | cm_purifier.train | Step: 2800/50000 | 5.60% | lr: 0.000100 | Training loss is 0.2578 | distill: 0.0013 | rec: 0.1259 | id: 0.1138 | lpips: 0.1678 | lpips weighted: 0.0168 | lpips weight: 0.1000 | cls: 0.0000 | elapsed: 00:17:26 | eta: 04:54:04 | gpu: 0.8/9.3 GB
2026-07-19 13:16:23 | INFO | cm_purifier.train | Step: 2900/50000 | 5.80% | lr: 0.000100 | Training loss is 0.2544 | distill: 0.0011 | rec: 0.1200 | id: 0.1165 | lpips: 0.1682 | lpips weighted: 0.0168 | lpips weight: 0.1000 | cls: 0.0000 | elapsed: 00:17:50 | eta: 04:49:52 | gpu: 0.8/9.3 GB
2026-07-19 13:16:44 | INFO | cm_purifier.train | Step: 3000/50000 | 6.00% | lr: 0.000100 | Training loss is 0.2576 | distill: 0.0012 | rec: 0.1213 | id: 0.1181 | lpips: 0.1707 | lpips weighted: 0.0171 | lpips weight: 0.1000 | cls: 0.0000 | elapsed: 00:18:11 | eta: 04:45:07 | gpu: 0.8/9.3 GB
2026-07-19 13:17:06 | INFO | cm_purifier.train | Step: 3100/50000 | 6.20% | lr: 0.000100 | Training loss is 0.2457 | distill: 0.0013 | rec: 0.1234 | id: 0.1054 | lpips: 0.1559 | lpips weighted: 0.0156 | lpips weight: 0.1000 | cls: 0.0000 | elapsed: 00:18:34 | eta: 04:41:05 | gpu: 0.8/9.3 GB
2026-07-19 13:17:27 | INFO | cm_purifier.train | Step: 3200/50000 | 6.40% | lr: 0.000100 | Training loss is 0.2574 | distill: 0.0011 | rec: 0.1253 | id: 0.1140 | lpips: 0.1704 | lpips weighted: 0.0170 | lpips weight: 0.1000 | cls: 0.0000 | elapsed: 00:18:55 | eta: 04:36:50 | gpu: 0.8/9.3 GB
2026-07-19 13:17:51 | INFO | cm_purifier.train | Step: 3300/50000 | 6.60% | lr: 0.000100 | Training loss is 0.2684 | distill: 0.0013 | rec: 0.1280 | id: 0.1223 | lpips: 0.1679 | lpips weighted: 0.0168 | lpips weight: 0.1000 | cls: 0.0000 | elapsed: 00:19:18 | eta: 04:33:19 | gpu: 0.8/9.3 GB
2026-07-19 13:18:12 | INFO | cm_purifier.train | Step: 3400/50000 | 6.80% | lr: 0.000100 | Training loss is 0.2599 | distill: 0.0012 | rec: 0.1217 | id: 0.1207 | lpips: 0.1638 | lpips weighted: 0.0164 | lpips weight: 0.1000 | cls: 0.0000 | elapsed: 00:19:39 | eta: 04:29:32 | gpu: 0.8/9.3 GB
2026-07-19 13:18:33 | INFO | cm_purifier.train | Step: 3500/50000 | 7.00% | lr: 0.000100 | Training loss is 0.2770 | distill: 0.0019 | rec: 0.1241 | id: 0.1342 | lpips: 0.1683 | lpips weighted: 0.0168 | lpips weight: 0.1000 | cls: 0.0000 | elapsed: 00:20:01 | eta: 04:25:58 | gpu: 0.8/9.3 GB
2026-07-19 13:18:57 | INFO | cm_purifier.train | Step: 3600/50000 | 7.20% | lr: 0.000100 | Training loss is 0.2683 | distill: 0.0012 | rec: 0.1194 | id: 0.1318 | lpips: 0.1592 | lpips weighted: 0.0159 | lpips weight: 0.1000 | cls: 0.0000 | elapsed: 00:20:24 | eta: 04:23:07 | gpu: 0.8/9.3 GB
2026-07-19 13:19:18 | INFO | cm_purifier.train | Step: 3700/50000 | 7.40% | lr: 0.000100 | Training loss is 0.2824 | distill: 0.0013 | rec: 0.1288 | id: 0.1359 | lpips: 0.1635 | lpips weighted: 0.0164 | lpips weight: 0.1000 | cls: 0.0000 | elapsed: 00:20:45 | eta: 04:19:51 | gpu: 0.8/9.3 GB
2026-07-19 13:19:41 | INFO | cm_purifier.train | Step: 3800/50000 | 7.60% | lr: 0.000100 | Training loss is 0.2582 | distill: 0.0012 | rec: 0.1206 | id: 0.1208 | lpips: 0.1552 | lpips weighted: 0.0155 | lpips weight: 0.1000 | cls: 0.0000 | elapsed: 00:21:09 | eta: 04:17:10 | gpu: 0.8/9.3 GB
2026-07-19 13:20:02 | INFO | cm_purifier.train | Step: 3900/50000 | 7.80% | lr: 0.000100 | Training loss is 0.2640 | distill: 0.0013 | rec: 0.1298 | id: 0.1153 | lpips: 0.1758 | lpips weighted: 0.0176 | lpips weight: 0.1000 | cls: 0.0000 | elapsed: 00:21:30 | eta: 04:14:10 | gpu: 0.8/9.3 GB
2026-07-19 13:20:25 | INFO | cm_purifier.train | Step: 4000/50000 | 8.00% | lr: 0.000100 | Training loss is 0.2516 | distill: 0.0011 | rec: 0.1201 | id: 0.1148 | lpips: 0.1559 | lpips weighted: 0.0156 | lpips weight: 0.1000 | cls: 0.0000 | elapsed: 00:21:52 | eta: 04:11:38 | gpu: 0.8/9.3 GB
2026-07-19 13:20:46 | INFO | cm_purifier.train | Step: 4100/50000 | 8.20% | lr: 0.000100 | Training loss is 0.2865 | distill: 0.0014 | rec: 0.1266 | id: 0.1411 | lpips: 0.1742 | lpips weighted: 0.0174 | lpips weight: 0.1000 | cls: 0.0000 | elapsed: 00:22:14 | eta: 04:08:54 | gpu: 0.8/9.3 GB
2026-07-19 13:21:07 | INFO | cm_purifier.train | Step: 4200/50000 | 8.40% | lr: 0.000100 | Training loss is 0.2654 | distill: 0.0011 | rec: 0.1223 | id: 0.1253 | lpips: 0.1666 | lpips weighted: 0.0167 | lpips weight: 0.1000 | cls: 0.0000 | elapsed: 00:22:35 | eta: 04:06:17 | gpu: 0.8/9.3 GB
2026-07-19 13:21:29 | INFO | cm_purifier.train | Step: 4300/50000 | 8.60% | lr: 0.000100 | Training loss is 0.2473 | distill: 0.0011 | rec: 0.1158 | id: 0.1154 | lpips: 0.1498 | lpips weighted: 0.0150 | lpips weight: 0.1000 | cls: 0.0000 | elapsed: 00:22:57 | eta: 04:03:57 | gpu: 0.8/9.3 GB
2026-07-19 13:21:50 | INFO | cm_purifier.train | Step: 4400/50000 | 8.80% | lr: 0.000100 | Training loss is 0.3002 | distill: 0.0014 | rec: 0.1355 | id: 0.1458 | lpips: 0.1756 | lpips weighted: 0.0176 | lpips weight: 0.1000 | cls: 0.0000 | elapsed: 00:23:18 | eta: 04:01:32 | gpu: 0.8/9.3 GB
2026-07-19 13:22:14 | INFO | cm_purifier.train | Step: 4500/50000 | 9.00% | lr: 0.000100 | Training loss is 0.2790 | distill: 0.0014 | rec: 0.1271 | id: 0.1335 | lpips: 0.1704 | lpips weighted: 0.0170 | lpips weight: 0.1000 | cls: 0.0000 | elapsed: 00:23:42 | eta: 03:59:42 | gpu: 0.8/9.3 GB
2026-07-19 13:22:36 | INFO | cm_purifier.train | Step: 4600/50000 | 9.20% | lr: 0.000100 | Training loss is 0.2589 | distill: 0.0013 | rec: 0.1267 | id: 0.1142 | lpips: 0.1676 | lpips weighted: 0.0168 | lpips weight: 0.1000 | cls: 0.0000 | elapsed: 00:24:03 | eta: 03:57:30 | gpu: 0.8/9.3 GB
2026-07-19 13:22:58 | INFO | cm_purifier.train | Step: 4700/50000 | 9.40% | lr: 0.000100 | Training loss is 0.2511 | distill: 0.0013 | rec: 0.1194 | id: 0.1151 | lpips: 0.1535 | lpips weighted: 0.0154 | lpips weight: 0.1000 | cls: 0.0000 | elapsed: 00:24:26 | eta: 03:55:33 | gpu: 0.8/9.3 GB
2026-07-19 13:23:19 | INFO | cm_purifier.train | Step: 4800/50000 | 9.60% | lr: 0.000100 | Training loss is 0.2652 | distill: 0.0012 | rec: 0.1292 | id: 0.1182 | lpips: 0.1663 | lpips weighted: 0.0166 | lpips weight: 0.1000 | cls: 0.0000 | elapsed: 00:24:47 | eta: 03:53:28 | gpu: 0.8/9.3 GB
2026-07-19 13:23:44 | INFO | cm_purifier.train | Step: 4900/50000 | 9.80% | lr: 0.000100 | Training loss is 0.2662 | distill: 0.0012 | rec: 0.1276 | id: 0.1198 | lpips: 0.1760 | lpips weighted: 0.0176 | lpips weight: 0.1000 | cls: 0.0000 | elapsed: 00:25:12 | eta: 03:52:01 | gpu: 0.8/9.3 GB
2026-07-19 13:24:10 | INFO | cm_purifier.train | Step: 5000/50000 | 10.00% | lr: 0.000100 | Training loss is 0.2375 | distill: 0.0011 | rec: 0.1147 | id: 0.1076 | lpips: 0.1413 | lpips weighted: 0.0141 | lpips weight: 0.1000 | cls: 0.0000 | elapsed: 00:25:38 | eta: 03:50:47 | gpu: 0.8/9.3 GB
2026-07-19 13:25:05 | INFO | cm_purifier.train | Saved checkpoint to /media02/ndthuc03/cm-purify-targeted-poisoning/consistency_model/checkpoints/cm_purifier_lpips.pth at step 5000
2026-07-19 13:25:25 | INFO | cm_purifier.train | Step: 5100/50000 | 10.20% | lr: 0.000100 | Training loss is 0.2502 | distill: 0.0012 | rec: 0.1259 | id: 0.1063 | lpips: 0.1679 | lpips weighted: 0.0168 | lpips weight: 0.1000 | cls: 0.0000 | elapsed: 00:26:53 | eta: 03:56:46 | gpu: 0.8/9.3 GB
2026-07-19 13:25:53 | INFO | cm_purifier.train | Step: 5200/50000 | 10.40% | lr: 0.000100 | Training loss is 0.3159 | distill: 0.0013 | rec: 0.1370 | id: 0.1599 | lpips: 0.1773 | lpips weighted: 0.0177 | lpips weight: 0.1000 | cls: 0.0000 | elapsed: 00:27:21 | eta: 03:55:42 | gpu: 0.8/9.3 GB
2026-07-19 13:26:14 | INFO | cm_purifier.train | Step: 5300/50000 | 10.60% | lr: 0.000100 | Training loss is 0.2713 | distill: 0.0013 | rec: 0.1292 | id: 0.1242 | lpips: 0.1668 | lpips weighted: 0.0167 | lpips weight: 0.1000 | cls: 0.0000 | elapsed: 00:27:42 | eta: 03:53:42 | gpu: 0.8/9.3 GB
2026-07-19 13:26:37 | INFO | cm_purifier.train | Step: 5400/50000 | 10.80% | lr: 0.000100 | Training loss is 0.2516 | distill: 0.0015 | rec: 0.1311 | id: 0.1029 | lpips: 0.1613 | lpips weighted: 0.0161 | lpips weight: 0.1000 | cls: 0.0000 | elapsed: 00:28:05 | eta: 03:51:56 | gpu: 0.8/9.3 GB
2026-07-19 13:26:57 | INFO | cm_purifier.train | Step: 5500/50000 | 11.00% | lr: 0.000100 | Training loss is 0.2438 | distill: 0.0012 | rec: 0.1184 | id: 0.1091 | lpips: 0.1504 | lpips weighted: 0.0150 | lpips weight: 0.1000 | cls: 0.0000 | elapsed: 00:28:25 | eta: 03:50:01 | gpu: 0.8/9.3 GB
2026-07-19 13:27:18 | INFO | cm_purifier.train | Step: 5600/50000 | 11.20% | lr: 0.000100 | Training loss is 0.2643 | distill: 0.0014 | rec: 0.1258 | id: 0.1206 | lpips: 0.1639 | lpips weighted: 0.0164 | lpips weight: 0.1000 | cls: 0.0000 | elapsed: 00:28:46 | eta: 03:48:10 | gpu: 0.8/9.3 GB
2026-07-19 13:27:42 | INFO | cm_purifier.train | Step: 5700/50000 | 11.40% | lr: 0.000100 | Training loss is 0.2738 | distill: 0.0012 | rec: 0.1295 | id: 0.1270 | lpips: 0.1611 | lpips weighted: 0.0161 | lpips weight: 0.1000 | cls: 0.0000 | elapsed: 00:29:10 | eta: 03:46:44 | gpu: 0.8/9.3 GB
2026-07-19 13:28:03 | INFO | cm_purifier.train | Step: 5800/50000 | 11.60% | lr: 0.000100 | Training loss is 0.2692 | distill: 0.0015 | rec: 0.1305 | id: 0.1205 | lpips: 0.1670 | lpips weighted: 0.0167 | lpips weight: 0.1000 | cls: 0.0000 | elapsed: 00:29:31 | eta: 03:44:59 | gpu: 0.8/9.3 GB
2026-07-19 13:28:26 | INFO | cm_purifier.train | Step: 5900/50000 | 11.80% | lr: 0.000100 | Training loss is 0.2612 | distill: 0.0011 | rec: 0.1249 | id: 0.1191 | lpips: 0.1606 | lpips weighted: 0.0161 | lpips weight: 0.1000 | cls: 0.0000 | elapsed: 00:29:54 | eta: 03:43:33 | gpu: 0.8/9.3 GB
2026-07-19 13:28:54 | INFO | cm_purifier.train | Step: 6000/50000 | 12.00% | lr: 0.000100 | Training loss is 0.2860 | distill: 0.0016 | rec: 0.1331 | id: 0.1341 | lpips: 0.1719 | lpips weighted: 0.0172 | lpips weight: 0.1000 | cls: 0.0000 | elapsed: 00:30:22 | eta: 03:42:47 | gpu: 0.8/9.3 GB
2026-07-19 13:29:26 | INFO | cm_purifier.train | Step: 6100/50000 | 12.20% | lr: 0.000100 | Training loss is 0.2719 | distill: 0.0013 | rec: 0.1317 | id: 0.1220 | lpips: 0.1696 | lpips weighted: 0.0170 | lpips weight: 0.1000 | cls: 0.0000 | elapsed: 00:30:54 | eta: 03:42:22 | gpu: 0.8/9.3 GB
2026-07-19 13:29:47 | INFO | cm_purifier.train | Step: 6200/50000 | 12.40% | lr: 0.000100 | Training loss is 0.2779 | distill: 0.0013 | rec: 0.1320 | id: 0.1266 | lpips: 0.1804 | lpips weighted: 0.0180 | lpips weight: 0.1000 | cls: 0.0000 | elapsed: 00:31:14 | eta: 03:40:45 | gpu: 0.8/9.3 GB
2026-07-19 13:30:12 | INFO | cm_purifier.train | Step: 6300/50000 | 12.60% | lr: 0.000100 | Training loss is 0.2565 | distill: 0.0012 | rec: 0.1253 | id: 0.1145 | lpips: 0.1546 | lpips weighted: 0.0155 | lpips weight: 0.1000 | cls: 0.0000 | elapsed: 00:31:39 | eta: 03:39:38 | gpu: 0.8/9.3 GB
2026-07-19 13:30:35 | INFO | cm_purifier.train | Step: 6400/50000 | 12.80% | lr: 0.000100 | Training loss is 0.2624 | distill: 0.0010 | rec: 0.1206 | id: 0.1250 | lpips: 0.1584 | lpips weighted: 0.0158 | lpips weight: 0.1000 | cls: 0.0000 | elapsed: 00:32:03 | eta: 03:38:22 | gpu: 0.8/9.3 GB
2026-07-19 13:30:56 | INFO | cm_purifier.train | Step: 6500/50000 | 13.00% | lr: 0.000100 | Training loss is 0.2675 | distill: 0.0012 | rec: 0.1219 | id: 0.1278 | lpips: 0.1671 | lpips weighted: 0.0167 | lpips weight: 0.1000 | cls: 0.0000 | elapsed: 00:32:24 | eta: 03:36:51 | gpu: 0.8/9.3 GB
2026-07-19 13:31:18 | INFO | cm_purifier.train | Step: 6600/50000 | 13.20% | lr: 0.000100 | Training loss is 0.2491 | distill: 0.0013 | rec: 0.1241 | id: 0.1075 | lpips: 0.1621 | lpips weighted: 0.0162 | lpips weight: 0.1000 | cls: 0.0000 | elapsed: 00:32:46 | eta: 03:35:32 | gpu: 0.8/9.3 GB
2026-07-19 13:31:40 | INFO | cm_purifier.train | Step: 6700/50000 | 13.40% | lr: 0.000100 | Training loss is 0.2515 | distill: 0.0011 | rec: 0.1248 | id: 0.1092 | lpips: 0.1633 | lpips weighted: 0.0163 | lpips weight: 0.1000 | cls: 0.0000 | elapsed: 00:33:08 | eta: 03:34:10 | gpu: 0.8/9.3 GB
2026-07-19 13:32:04 | INFO | cm_purifier.train | Step: 6800/50000 | 13.60% | lr: 0.000100 | Training loss is 0.2658 | distill: 0.0013 | rec: 0.1202 | id: 0.1294 | lpips: 0.1489 | lpips weighted: 0.0149 | lpips weight: 0.1000 | cls: 0.0000 | elapsed: 00:33:32 | eta: 03:33:03 | gpu: 0.8/9.3 GB
2026-07-19 13:32:26 | INFO | cm_purifier.train | Step: 6900/50000 | 13.80% | lr: 0.000100 | Training loss is 0.2561 | distill: 0.0010 | rec: 0.1253 | id: 0.1126 | lpips: 0.1716 | lpips weighted: 0.0172 | lpips weight: 0.1000 | cls: 0.0000 | elapsed: 00:33:54 | eta: 03:31:45 | gpu: 0.8/9.3 GB
2026-07-19 13:32:47 | INFO | cm_purifier.train | Step: 7000/50000 | 14.00% | lr: 0.000100 | Training loss is 0.2553 | distill: 0.0012 | rec: 0.1182 | id: 0.1208 | lpips: 0.1513 | lpips weighted: 0.0151 | lpips weight: 0.1000 | cls: 0.0000 | elapsed: 00:34:15 | eta: 03:30:26 | gpu: 0.8/9.3 GB
2026-07-19 13:33:11 | INFO | cm_purifier.train | Step: 7100/50000 | 14.20% | lr: 0.000100 | Training loss is 0.2503 | distill: 0.0011 | rec: 0.1200 | id: 0.1134 | lpips: 0.1572 | lpips weighted: 0.0157 | lpips weight: 0.1000 | cls: 0.0000 | elapsed: 00:34:39 | eta: 03:29:26 | gpu: 0.8/9.3 GB
2026-07-19 13:33:33 | INFO | cm_purifier.train | Step: 7200/50000 | 14.40% | lr: 0.000100 | Training loss is 0.2775 | distill: 0.0013 | rec: 0.1258 | id: 0.1338 | lpips: 0.1671 | lpips weighted: 0.0167 | lpips weight: 0.1000 | cls: 0.0000 | elapsed: 00:35:00 | eta: 03:28:09 | gpu: 0.8/9.3 GB
2026-07-19 13:33:55 | INFO | cm_purifier.train | Step: 7300/50000 | 14.60% | lr: 0.000100 | Training loss is 0.2844 | distill: 0.0013 | rec: 0.1356 | id: 0.1298 | lpips: 0.1769 | lpips weighted: 0.0177 | lpips weight: 0.1000 | cls: 0.0000 | elapsed: 00:35:23 | eta: 03:27:01 | gpu: 0.8/9.3 GB
2026-07-19 13:34:18 | INFO | cm_purifier.train | Step: 7400/50000 | 14.80% | lr: 0.000100 | Training loss is 0.2732 | distill: 0.0013 | rec: 0.1316 | id: 0.1238 | lpips: 0.1651 | lpips weighted: 0.0165 | lpips weight: 0.1000 | cls: 0.0000 | elapsed: 00:35:46 | eta: 03:25:54 | gpu: 0.8/9.3 GB
2026-07-19 13:34:42 | INFO | cm_purifier.train | Step: 7500/50000 | 15.00% | lr: 0.000100 | Training loss is 0.2397 | distill: 0.0012 | rec: 0.1153 | id: 0.1079 | lpips: 0.1524 | lpips weighted: 0.0152 | lpips weight: 0.1000 | cls: 0.0000 | elapsed: 00:36:09 | eta: 03:24:56 | gpu: 0.8/9.3 GB
2026-07-19 13:35:03 | INFO | cm_purifier.train | Step: 7600/50000 | 15.20% | lr: 0.000100 | Training loss is 0.2550 | distill: 0.0011 | rec: 0.1228 | id: 0.1149 | lpips: 0.1623 | lpips weighted: 0.0162 | lpips weight: 0.1000 | cls: 0.0000 | elapsed: 00:36:31 | eta: 03:23:43 | gpu: 0.8/9.3 GB
2026-07-19 13:35:24 | INFO | cm_purifier.train | Step: 7700/50000 | 15.40% | lr: 0.000100 | Training loss is 0.2723 | distill: 0.0014 | rec: 0.1325 | id: 0.1215 | lpips: 0.1702 | lpips weighted: 0.0170 | lpips weight: 0.1000 | cls: 0.0000 | elapsed: 00:36:52 | eta: 03:22:32 | gpu: 0.8/9.3 GB
2026-07-19 13:35:49 | INFO | cm_purifier.train | Step: 7800/50000 | 15.60% | lr: 0.000100 | Training loss is 0.2727 | distill: 0.0010 | rec: 0.1281 | id: 0.1262 | lpips: 0.1734 | lpips weighted: 0.0173 | lpips weight: 0.1000 | cls: 0.0000 | elapsed: 00:37:17 | eta: 03:21:46 | gpu: 0.8/9.3 GB
2026-07-19 13:36:16 | INFO | cm_purifier.train | Step: 7900/50000 | 15.80% | lr: 0.000100 | Training loss is 0.2814 | distill: 0.0013 | rec: 0.1302 | id: 0.1340 | lpips: 0.1588 | lpips weighted: 0.0159 | lpips weight: 0.1000 | cls: 0.0000 | elapsed: 00:37:43 | eta: 03:21:04 | gpu: 0.8/9.3 GB
2026-07-19 13:36:39 | INFO | cm_purifier.train | Step: 8000/50000 | 16.00% | lr: 0.000100 | Training loss is 0.2795 | distill: 0.0010 | rec: 0.1290 | id: 0.1323 | lpips: 0.1722 | lpips weighted: 0.0172 | lpips weight: 0.1000 | cls: 0.0000 | elapsed: 00:38:07 | eta: 03:20:06 | gpu: 0.8/9.3 GB
2026-07-19 13:37:05 | INFO | cm_purifier.train | Step: 8100/50000 | 16.20% | lr: 0.000100 | Training loss is 0.2582 | distill: 0.0012 | rec: 0.1227 | id: 0.1187 | lpips: 0.1552 | lpips weighted: 0.0155 | lpips weight: 0.1000 | cls: 0.0000 | elapsed: 00:38:33 | eta: 03:19:28 | gpu: 0.8/9.3 GB
2026-07-19 13:37:30 | INFO | cm_purifier.train | Step: 8200/50000 | 16.40% | lr: 0.000100 | Training loss is 0.2620 | distill: 0.0013 | rec: 0.1274 | id: 0.1170 | lpips: 0.1630 | lpips weighted: 0.0163 | lpips weight: 0.1000 | cls: 0.0000 | elapsed: 00:38:57 | eta: 03:18:37 | gpu: 0.8/9.3 GB
2026-07-19 13:37:52 | INFO | cm_purifier.train | Step: 8300/50000 | 16.60% | lr: 0.000100 | Training loss is 0.2455 | distill: 0.0012 | rec: 0.1182 | id: 0.1110 | lpips: 0.1508 | lpips weighted: 0.0151 | lpips weight: 0.1000 | cls: 0.0000 | elapsed: 00:39:20 | eta: 03:17:38 | gpu: 0.8/9.3 GB
2026-07-19 13:38:15 | INFO | cm_purifier.train | Step: 8400/50000 | 16.80% | lr: 0.000100 | Training loss is 0.2513 | distill: 0.0015 | rec: 0.1273 | id: 0.1066 | lpips: 0.1588 | lpips weighted: 0.0159 | lpips weight: 0.1000 | cls: 0.0000 | elapsed: 00:39:43 | eta: 03:16:43 | gpu: 0.8/9.3 GB
2026-07-19 13:38:38 | INFO | cm_purifier.train | Step: 8500/50000 | 17.00% | lr: 0.000100 | Training loss is 0.2642 | distill: 0.0013 | rec: 0.1214 | id: 0.1258 | lpips: 0.1561 | lpips weighted: 0.0156 | lpips weight: 0.1000 | cls: 0.0000 | elapsed: 00:40:06 | eta: 03:15:48 | gpu: 0.8/9.3 GB
2026-07-19 13:39:00 | INFO | cm_purifier.train | Step: 8600/50000 | 17.20% | lr: 0.000100 | Training loss is 0.2639 | distill: 0.0012 | rec: 0.1271 | id: 0.1183 | lpips: 0.1736 | lpips weighted: 0.0174 | lpips weight: 0.1000 | cls: 0.0000 | elapsed: 00:40:28 | eta: 03:14:49 | gpu: 0.8/9.3 GB
2026-07-19 13:39:23 | INFO | cm_purifier.train | Step: 8700/50000 | 17.40% | lr: 0.000100 | Training loss is 0.2630 | distill: 0.0011 | rec: 0.1261 | id: 0.1192 | lpips: 0.1655 | lpips weighted: 0.0166 | lpips weight: 0.1000 | cls: 0.0000 | elapsed: 00:40:51 | eta: 03:13:57 | gpu: 0.8/9.3 GB
2026-07-19 13:39:48 | INFO | cm_purifier.train | Step: 8800/50000 | 17.60% | lr: 0.000100 | Training loss is 0.2618 | distill: 0.0012 | rec: 0.1257 | id: 0.1194 | lpips: 0.1564 | lpips weighted: 0.0156 | lpips weight: 0.1000 | cls: 0.0000 | elapsed: 00:41:16 | eta: 03:13:13 | gpu: 0.8/9.3 GB
2026-07-19 13:40:11 | INFO | cm_purifier.train | Step: 8900/50000 | 17.80% | lr: 0.000100 | Training loss is 0.2795 | distill: 0.0012 | rec: 0.1264 | id: 0.1353 | lpips: 0.1661 | lpips weighted: 0.0166 | lpips weight: 0.1000 | cls: 0.0000 | elapsed: 00:41:39 | eta: 03:12:20 | gpu: 0.8/9.3 GB
2026-07-19 13:40:32 | INFO | cm_purifier.train | Step: 9000/50000 | 18.00% | lr: 0.000100 | Training loss is 0.2769 | distill: 0.0010 | rec: 0.1263 | id: 0.1328 | lpips: 0.1683 | lpips weighted: 0.0168 | lpips weight: 0.1000 | cls: 0.0000 | elapsed: 00:42:00 | eta: 03:11:23 | gpu: 0.8/9.3 GB
2026-07-19 13:40:54 | INFO | cm_purifier.train | Step: 9100/50000 | 18.20% | lr: 0.000100 | Training loss is 0.2367 | distill: 0.0010 | rec: 0.1117 | id: 0.1109 | lpips: 0.1310 | lpips weighted: 0.0131 | lpips weight: 0.1000 | cls: 0.0000 | elapsed: 00:42:21 | eta: 03:10:24 | gpu: 0.8/9.3 GB
2026-07-19 13:41:16 | INFO | cm_purifier.train | Step: 9200/50000 | 18.40% | lr: 0.000100 | Training loss is 0.2802 | distill: 0.0015 | rec: 0.1323 | id: 0.1291 | lpips: 0.1728 | lpips weighted: 0.0173 | lpips weight: 0.1000 | cls: 0.0000 | elapsed: 00:42:44 | eta: 03:09:30 | gpu: 0.8/9.3 GB
2026-07-19 13:41:37 | INFO | cm_purifier.train | Step: 9300/50000 | 18.60% | lr: 0.000100 | Training loss is 0.2703 | distill: 0.0013 | rec: 0.1330 | id: 0.1191 | lpips: 0.1700 | lpips weighted: 0.0170 | lpips weight: 0.1000 | cls: 0.0000 | elapsed: 00:43:04 | eta: 03:08:32 | gpu: 0.8/9.3 GB
2026-07-19 13:41:59 | INFO | cm_purifier.train | Step: 9400/50000 | 18.80% | lr: 0.000100 | Training loss is 0.2583 | distill: 0.0012 | rec: 0.1226 | id: 0.1196 | lpips: 0.1494 | lpips weighted: 0.0149 | lpips weight: 0.1000 | cls: 0.0000 | elapsed: 00:43:27 | eta: 03:07:42 | gpu: 0.8/9.3 GB
2026-07-19 13:42:20 | INFO | cm_purifier.train | Step: 9500/50000 | 19.00% | lr: 0.000100 | Training loss is 0.2548 | distill: 0.0012 | rec: 0.1244 | id: 0.1134 | lpips: 0.1582 | lpips weighted: 0.0158 | lpips weight: 0.1000 | cls: 0.0000 | elapsed: 00:43:48 | eta: 03:06:45 | gpu: 0.8/9.3 GB
2026-07-19 13:42:43 | INFO | cm_purifier.train | Step: 9600/50000 | 19.20% | lr: 0.000100 | Training loss is 0.2578 | distill: 0.0011 | rec: 0.1283 | id: 0.1108 | lpips: 0.1757 | lpips weighted: 0.0176 | lpips weight: 0.1000 | cls: 0.0000 | elapsed: 00:44:10 | eta: 03:05:55 | gpu: 0.8/9.3 GB
2026-07-19 13:43:04 | INFO | cm_purifier.train | Step: 9700/50000 | 19.40% | lr: 0.000100 | Training loss is 0.2687 | distill: 0.0012 | rec: 0.1240 | id: 0.1269 | lpips: 0.1651 | lpips weighted: 0.0165 | lpips weight: 0.1000 | cls: 0.0000 | elapsed: 00:44:31 | eta: 03:05:00 | gpu: 0.8/9.3 GB
2026-07-19 13:43:25 | INFO | cm_purifier.train | Step: 9800/50000 | 19.60% | lr: 0.000100 | Training loss is 0.2768 | distill: 0.0013 | rec: 0.1358 | id: 0.1221 | lpips: 0.1762 | lpips weighted: 0.0176 | lpips weight: 0.1000 | cls: 0.0000 | elapsed: 00:44:53 | eta: 03:04:07 | gpu: 0.8/9.3 GB
2026-07-19 13:43:47 | INFO | cm_purifier.train | Step: 9900/50000 | 19.80% | lr: 0.000100 | Training loss is 0.2429 | distill: 0.0010 | rec: 0.1128 | id: 0.1143 | lpips: 0.1489 | lpips weighted: 0.0149 | lpips weight: 0.1000 | cls: 0.0000 | elapsed: 00:45:15 | eta: 03:03:17 | gpu: 0.8/9.3 GB
2026-07-19 13:44:13 | INFO | cm_purifier.train | Step: 10000/50000 | 20.00% | lr: 0.000100 | Training loss is 0.2605 | distill: 0.0011 | rec: 0.1227 | id: 0.1209 | lpips: 0.1581 | lpips weighted: 0.0158 | lpips weight: 0.1000 | cls: 0.0000 | elapsed: 00:45:40 | eta: 03:02:43 | gpu: 0.8/9.3 GB
2026-07-19 13:45:35 | INFO | cm_purifier.train | Saved checkpoint to /media02/ndthuc03/cm-purify-targeted-poisoning/consistency_model/checkpoints/cm_purifier_lpips.pth at step 10000
2026-07-19 13:46:03 | INFO | cm_purifier.train | Step: 10100/50000 | 20.20% | lr: 0.000100 | Training loss is 0.2696 | distill: 0.0012 | rec: 0.1230 | id: 0.1297 | lpips: 0.1580 | lpips weighted: 0.0158 | lpips weight: 0.1000 | cls: 0.0000 | elapsed: 00:47:31 | eta: 03:07:44 | gpu: 0.8/9.3 GB
2026-07-19 13:46:25 | INFO | cm_purifier.train | Step: 10200/50000 | 20.40% | lr: 0.000100 | Training loss is 0.2732 | distill: 0.0012 | rec: 0.1309 | id: 0.1250 | lpips: 0.1615 | lpips weighted: 0.0161 | lpips weight: 0.1000 | cls: 0.0000 | elapsed: 00:47:52 | eta: 03:06:50 | gpu: 0.8/9.3 GB
2026-07-19 13:46:47 | INFO | cm_purifier.train | Step: 10300/50000 | 20.60% | lr: 0.000100 | Training loss is 0.2588 | distill: 0.0013 | rec: 0.1214 | id: 0.1217 | lpips: 0.1450 | lpips weighted: 0.0145 | lpips weight: 0.1000 | cls: 0.0000 | elapsed: 00:48:15 | eta: 03:05:59 | gpu: 0.8/9.3 GB
2026-07-19 13:47:08 | INFO | cm_purifier.train | Step: 10400/50000 | 20.80% | lr: 0.000100 | Training loss is 0.2502 | distill: 0.0010 | rec: 0.1191 | id: 0.1146 | lpips: 0.1541 | lpips weighted: 0.0154 | lpips weight: 0.1000 | cls: 0.0000 | elapsed: 00:48:35 | eta: 03:05:02 | gpu: 0.8/9.3 GB
2026-07-19 13:47:28 | INFO | cm_purifier.train | Step: 10500/50000 | 21.00% | lr: 0.000100 | Training loss is 0.2618 | distill: 0.0014 | rec: 0.1239 | id: 0.1204 | lpips: 0.1609 | lpips weighted: 0.0161 | lpips weight: 0.1000 | cls: 0.0000 | elapsed: 00:48:56 | eta: 03:04:07 | gpu: 0.8/9.3 GB
2026-07-19 13:47:54 | INFO | cm_purifier.train | Step: 10600/50000 | 21.20% | lr: 0.000100 | Training loss is 0.2612 | distill: 0.0011 | rec: 0.1204 | id: 0.1243 | lpips: 0.1542 | lpips weighted: 0.0154 | lpips weight: 0.1000 | cls: 0.0000 | elapsed: 00:49:22 | eta: 03:03:32 | gpu: 0.8/9.3 GB
2026-07-19 13:48:15 | INFO | cm_purifier.train | Step: 10700/50000 | 21.40% | lr: 0.000100 | Training loss is 0.2660 | distill: 0.0012 | rec: 0.1254 | id: 0.1227 | lpips: 0.1658 | lpips weighted: 0.0166 | lpips weight: 0.1000 | cls: 0.0000 | elapsed: 00:49:43 | eta: 03:02:38 | gpu: 0.8/9.3 GB
2026-07-19 13:48:41 | INFO | cm_purifier.train | Step: 10800/50000 | 21.60% | lr: 0.000100 | Training loss is 0.2775 | distill: 0.0014 | rec: 0.1304 | id: 0.1293 | lpips: 0.1642 | lpips weighted: 0.0164 | lpips weight: 0.1000 | cls: 0.0000 | elapsed: 00:50:09 | eta: 03:02:02 | gpu: 0.8/9.3 GB
2026-07-19 13:49:08 | INFO | cm_purifier.train | Step: 10900/50000 | 21.80% | lr: 0.000100 | Training loss is 0.2626 | distill: 0.0013 | rec: 0.1278 | id: 0.1167 | lpips: 0.1684 | lpips weighted: 0.0168 | lpips weight: 0.1000 | cls: 0.0000 | elapsed: 00:50:36 | eta: 03:01:30 | gpu: 0.8/9.3 GB
2026-07-19 13:49:30 | INFO | cm_purifier.train | Step: 11000/50000 | 22.00% | lr: 0.000100 | Training loss is 0.2706 | distill: 0.0013 | rec: 0.1299 | id: 0.1224 | lpips: 0.1705 | lpips weighted: 0.0171 | lpips weight: 0.1000 | cls: 0.0000 | elapsed: 00:50:58 | eta: 03:00:43 | gpu: 0.8/9.3 GB
2026-07-19 13:49:51 | INFO | cm_purifier.train | Step: 11100/50000 | 22.20% | lr: 0.000100 | Training loss is 0.3015 | distill: 0.0018 | rec: 0.1445 | id: 0.1370 | lpips: 0.1819 | lpips weighted: 0.0182 | lpips weight: 0.1000 | cls: 0.0000 | elapsed: 00:51:19 | eta: 02:59:52 | gpu: 0.8/9.3 GB
2026-07-19 13:50:12 | INFO | cm_purifier.train | Step: 11200/50000 | 22.40% | lr: 0.000100 | Training loss is 0.2497 | distill: 0.0010 | rec: 0.1165 | id: 0.1164 | lpips: 0.1576 | lpips weighted: 0.0158 | lpips weight: 0.1000 | cls: 0.0000 | elapsed: 00:51:40 | eta: 02:59:00 | gpu: 0.8/9.3 GB
2026-07-19 13:50:34 | INFO | cm_purifier.train | Step: 11300/50000 | 22.60% | lr: 0.000100 | Training loss is 0.2819 | distill: 0.0013 | rec: 0.1288 | id: 0.1348 | lpips: 0.1696 | lpips weighted: 0.0170 | lpips weight: 0.1000 | cls: 0.0000 | elapsed: 00:52:02 | eta: 02:58:14 | gpu: 0.8/9.3 GB
2026-07-19 13:50:56 | INFO | cm_purifier.train | Step: 11400/50000 | 22.80% | lr: 0.000100 | Training loss is 0.2805 | distill: 0.0014 | rec: 0.1359 | id: 0.1252 | lpips: 0.1794 | lpips weighted: 0.0179 | lpips weight: 0.1000 | cls: 0.0000 | elapsed: 00:52:24 | eta: 02:57:25 | gpu: 0.8/9.3 GB
2026-07-19 13:51:22 | INFO | cm_purifier.train | Step: 11500/50000 | 23.00% | lr: 0.000100 | Training loss is 0.2642 | distill: 0.0013 | rec: 0.1249 | id: 0.1223 | lpips: 0.1569 | lpips weighted: 0.0157 | lpips weight: 0.1000 | cls: 0.0000 | elapsed: 00:52:49 | eta: 02:56:52 | gpu: 0.8/9.3 GB
2026-07-19 13:51:43 | INFO | cm_purifier.train | Step: 11600/50000 | 23.20% | lr: 0.000100 | Training loss is 0.2622 | distill: 0.0011 | rec: 0.1222 | id: 0.1238 | lpips: 0.1505 | lpips weighted: 0.0151 | lpips weight: 0.1000 | cls: 0.0000 | elapsed: 00:53:11 | eta: 02:56:03 | gpu: 0.8/9.3 GB
2026-07-19 13:52:05 | INFO | cm_purifier.train | Step: 11700/50000 | 23.40% | lr: 0.000100 | Training loss is 0.2713 | distill: 0.0013 | rec: 0.1303 | id: 0.1224 | lpips: 0.1728 | lpips weighted: 0.0173 | lpips weight: 0.1000 | cls: 0.0000 | elapsed: 00:53:33 | eta: 02:55:20 | gpu: 0.8/9.3 GB
2026-07-19 13:52:31 | INFO | cm_purifier.train | Step: 11800/50000 | 23.60% | lr: 0.000100 | Training loss is 0.2595 | distill: 0.0010 | rec: 0.1171 | id: 0.1263 | lpips: 0.1510 | lpips weighted: 0.0151 | lpips weight: 0.1000 | cls: 0.0000 | elapsed: 00:53:59 | eta: 02:54:46 | gpu: 0.8/9.3 GB
2026-07-19 13:52:52 | INFO | cm_purifier.train | Step: 11900/50000 | 23.80% | lr: 0.000100 | Training loss is 0.2529 | distill: 0.0012 | rec: 0.1253 | id: 0.1101 | lpips: 0.1621 | lpips weighted: 0.0162 | lpips weight: 0.1000 | cls: 0.0000 | elapsed: 00:54:20 | eta: 02:53:58 | gpu: 0.8/9.3 GB
2026-07-19 13:53:14 | INFO | cm_purifier.train | Step: 12000/50000 | 24.00% | lr: 0.000100 | Training loss is 0.2761 | distill: 0.0011 | rec: 0.1290 | id: 0.1295 | lpips: 0.1648 | lpips weighted: 0.0165 | lpips weight: 0.1000 | cls: 0.0000 | elapsed: 00:54:42 | eta: 02:53:14 | gpu: 0.8/9.3 GB
2026-07-19 13:53:36 | INFO | cm_purifier.train | Step: 12100/50000 | 24.20% | lr: 0.000100 | Training loss is 0.2863 | distill: 0.0013 | rec: 0.1389 | id: 0.1287 | lpips: 0.1741 | lpips weighted: 0.0174 | lpips weight: 0.1000 | cls: 0.0000 | elapsed: 00:55:03 | eta: 02:52:28 | gpu: 0.8/9.3 GB
2026-07-19 13:54:02 | INFO | cm_purifier.train | Step: 12200/50000 | 24.40% | lr: 0.000100 | Training loss is 0.2552 | distill: 0.0011 | rec: 0.1190 | id: 0.1187 | lpips: 0.1635 | lpips weighted: 0.0164 | lpips weight: 0.1000 | cls: 0.0000 | elapsed: 00:55:30 | eta: 02:51:59 | gpu: 0.8/9.3 GB
2026-07-19 13:54:23 | INFO | cm_purifier.train | Step: 12300/50000 | 24.60% | lr: 0.000100 | Training loss is 0.2282 | distill: 0.0012 | rec: 0.1149 | id: 0.0979 | lpips: 0.1421 | lpips weighted: 0.0142 | lpips weight: 0.1000 | cls: 0.0000 | elapsed: 00:55:51 | eta: 02:51:13 | gpu: 0.8/9.3 GB
2026-07-19 13:54:48 | INFO | cm_purifier.train | Step: 12400/50000 | 24.80% | lr: 0.000100 | Training loss is 0.2557 | distill: 0.0010 | rec: 0.1279 | id: 0.1105 | lpips: 0.1628 | lpips weighted: 0.0163 | lpips weight: 0.1000 | cls: 0.0000 | elapsed: 00:56:16 | eta: 02:50:37 | gpu: 0.8/9.3 GB
2026-07-19 13:55:15 | INFO | cm_purifier.train | Step: 12500/50000 | 25.00% | lr: 0.000100 | Training loss is 0.2509 | distill: 0.0010 | rec: 0.1177 | id: 0.1168 | lpips: 0.1546 | lpips weighted: 0.0155 | lpips weight: 0.1000 | cls: 0.0000 | elapsed: 00:56:43 | eta: 02:50:09 | gpu: 0.8/9.3 GB
2026-07-19 13:55:36 | INFO | cm_purifier.train | Step: 12600/50000 | 25.20% | lr: 0.000100 | Training loss is 0.2774 | distill: 0.0012 | rec: 0.1299 | id: 0.1296 | lpips: 0.1662 | lpips weighted: 0.0166 | lpips weight: 0.1000 | cls: 0.0000 | elapsed: 00:57:04 | eta: 02:49:23 | gpu: 0.8/9.3 GB
2026-07-19 13:56:01 | INFO | cm_purifier.train | Step: 12700/50000 | 25.40% | lr: 0.000100 | Training loss is 0.2864 | distill: 0.0013 | rec: 0.1318 | id: 0.1355 | lpips: 0.1790 | lpips weighted: 0.0179 | lpips weight: 0.1000 | cls: 0.0000 | elapsed: 00:57:28 | eta: 02:48:49 | gpu: 0.8/9.3 GB
2026-07-19 13:56:24 | INFO | cm_purifier.train | Step: 12800/50000 | 25.60% | lr: 0.000100 | Training loss is 0.2418 | distill: 0.0011 | rec: 0.1168 | id: 0.1098 | lpips: 0.1408 | lpips weighted: 0.0141 | lpips weight: 0.1000 | cls: 0.0000 | elapsed: 00:57:52 | eta: 02:48:12 | gpu: 0.8/9.3 GB
2026-07-19 13:56:49 | INFO | cm_purifier.train | Step: 12900/50000 | 25.80% | lr: 0.000100 | Training loss is 0.2915 | distill: 0.0013 | rec: 0.1305 | id: 0.1425 | lpips: 0.1719 | lpips weighted: 0.0172 | lpips weight: 0.1000 | cls: 0.0000 | elapsed: 00:58:17 | eta: 02:47:39 | gpu: 0.8/9.3 GB
2026-07-19 13:57:10 | INFO | cm_purifier.train | Step: 13000/50000 | 26.00% | lr: 0.000100 | Training loss is 0.2912 | distill: 0.0012 | rec: 0.1342 | id: 0.1381 | lpips: 0.1773 | lpips weighted: 0.0177 | lpips weight: 0.1000 | cls: 0.0000 | elapsed: 00:58:38 | eta: 02:46:54 | gpu: 0.8/9.3 GB
2026-07-19 13:57:33 | INFO | cm_purifier.train | Step: 13100/50000 | 26.20% | lr: 0.000100 | Training loss is 0.2759 | distill: 0.0011 | rec: 0.1352 | id: 0.1224 | lpips: 0.1717 | lpips weighted: 0.0172 | lpips weight: 0.1000 | cls: 0.0000 | elapsed: 00:59:01 | eta: 02:46:14 | gpu: 0.8/9.3 GB
2026-07-19 13:57:55 | INFO | cm_purifier.train | Step: 13200/50000 | 26.40% | lr: 0.000100 | Training loss is 0.2547 | distill: 0.0011 | rec: 0.1226 | id: 0.1156 | lpips: 0.1544 | lpips weighted: 0.0154 | lpips weight: 0.1000 | cls: 0.0000 | elapsed: 00:59:23 | eta: 02:45:34 | gpu: 0.8/9.3 GB
2026-07-19 13:58:16 | INFO | cm_purifier.train | Step: 13300/50000 | 26.60% | lr: 0.000100 | Training loss is 0.2882 | distill: 0.0013 | rec: 0.1364 | id: 0.1327 | lpips: 0.1779 | lpips weighted: 0.0178 | lpips weight: 0.1000 | cls: 0.0000 | elapsed: 00:59:44 | eta: 02:44:51 | gpu: 0.8/9.3 GB
2026-07-19 13:58:40 | INFO | cm_purifier.train | Step: 13400/50000 | 26.80% | lr: 0.000100 | Training loss is 0.2532 | distill: 0.0014 | rec: 0.1219 | id: 0.1145 | lpips: 0.1535 | lpips weighted: 0.0153 | lpips weight: 0.1000 | cls: 0.0000 | elapsed: 01:00:08 | eta: 02:44:15 | gpu: 0.8/9.3 GB
2026-07-19 13:59:01 | INFO | cm_purifier.train | Step: 13500/50000 | 27.00% | lr: 0.000100 | Training loss is 0.2731 | distill: 0.0013 | rec: 0.1321 | id: 0.1236 | lpips: 0.1613 | lpips weighted: 0.0161 | lpips weight: 0.1000 | cls: 0.0000 | elapsed: 01:00:29 | eta: 02:43:32 | gpu: 0.8/9.3 GB
2026-07-19 13:59:27 | INFO | cm_purifier.train | Step: 13600/50000 | 27.20% | lr: 0.000100 | Training loss is 0.2481 | distill: 0.0012 | rec: 0.1186 | id: 0.1134 | lpips: 0.1487 | lpips weighted: 0.0149 | lpips weight: 0.1000 | cls: 0.0000 | elapsed: 01:00:55 | eta: 02:43:03 | gpu: 0.8/9.3 GB
2026-07-19 13:59:48 | INFO | cm_purifier.train | Step: 13700/50000 | 27.40% | lr: 0.000100 | Training loss is 0.2510 | distill: 0.0012 | rec: 0.1244 | id: 0.1093 | lpips: 0.1612 | lpips weighted: 0.0161 | lpips weight: 0.1000 | cls: 0.0000 | elapsed: 01:01:16 | eta: 02:42:21 | gpu: 0.8/9.3 GB
2026-07-19 14:00:09 | INFO | cm_purifier.train | Step: 13800/50000 | 27.60% | lr: 0.000100 | Training loss is 0.2806 | distill: 0.0014 | rec: 0.1347 | id: 0.1272 | lpips: 0.1724 | lpips weighted: 0.0172 | lpips weight: 0.1000 | cls: 0.0000 | elapsed: 01:01:37 | eta: 02:41:39 | gpu: 0.8/9.3 GB
2026-07-19 14:00:32 | INFO | cm_purifier.train | Step: 13900/50000 | 27.80% | lr: 0.000100 | Training loss is 0.2851 | distill: 0.0013 | rec: 0.1321 | id: 0.1355 | lpips: 0.1620 | lpips weighted: 0.0162 | lpips weight: 0.1000 | cls: 0.0000 | elapsed: 01:02:00 | eta: 02:41:03 | gpu: 0.8/9.3 GB
2026-07-19 14:00:53 | INFO | cm_purifier.train | Step: 14000/50000 | 28.00% | lr: 0.000100 | Training loss is 0.2504 | distill: 0.0013 | rec: 0.1271 | id: 0.1055 | lpips: 0.1656 | lpips weighted: 0.0166 | lpips weight: 0.1000 | cls: 0.0000 | elapsed: 01:02:21 | eta: 02:40:21 | gpu: 0.8/9.3 GB
2026-07-19 14:01:16 | INFO | cm_purifier.train | Step: 14100/50000 | 28.20% | lr: 0.000100 | Training loss is 0.2449 | distill: 0.0011 | rec: 0.1209 | id: 0.1077 | lpips: 0.1522 | lpips weighted: 0.0152 | lpips weight: 0.1000 | cls: 0.0000 | elapsed: 01:02:44 | eta: 02:39:43 | gpu: 0.8/9.3 GB
2026-07-19 14:01:42 | INFO | cm_purifier.train | Step: 14200/50000 | 28.40% | lr: 0.000100 | Training loss is 0.2621 | distill: 0.0012 | rec: 0.1210 | id: 0.1237 | lpips: 0.1621 | lpips weighted: 0.0162 | lpips weight: 0.1000 | cls: 0.0000 | elapsed: 01:03:10 | eta: 02:39:16 | gpu: 0.8/9.3 GB
2026-07-19 14:02:21 | INFO | cm_purifier.train | Step: 14300/50000 | 28.60% | lr: 0.000100 | Training loss is 0.2641 | distill: 0.0019 | rec: 0.1308 | id: 0.1148 | lpips: 0.1663 | lpips weighted: 0.0166 | lpips weight: 0.1000 | cls: 0.0000 | elapsed: 01:03:48 | eta: 02:39:19 | gpu: 0.8/9.3 GB
2026-07-19 14:02:42 | INFO | cm_purifier.train | Step: 14400/50000 | 28.80% | lr: 0.000100 | Training loss is 0.2245 | distill: 0.0011 | rec: 0.1131 | id: 0.0960 | lpips: 0.1430 | lpips weighted: 0.0143 | lpips weight: 0.1000 | cls: 0.0000 | elapsed: 01:04:10 | eta: 02:38:38 | gpu: 0.8/9.3 GB
2026-07-19 14:03:13 | INFO | cm_purifier.train | Step: 14500/50000 | 29.00% | lr: 0.000100 | Training loss is 0.2767 | distill: 0.0010 | rec: 0.1248 | id: 0.1346 | lpips: 0.1627 | lpips weighted: 0.0163 | lpips weight: 0.1000 | cls: 0.0000 | elapsed: 01:04:40 | eta: 02:38:21 | gpu: 0.8/9.3 GB
2026-07-19 14:03:36 | INFO | cm_purifier.train | Step: 14600/50000 | 29.20% | lr: 0.000100 | Training loss is 0.2735 | distill: 0.0013 | rec: 0.1338 | id: 0.1217 | lpips: 0.1674 | lpips weighted: 0.0167 | lpips weight: 0.1000 | cls: 0.0000 | elapsed: 01:05:03 | eta: 02:37:45 | gpu: 0.8/9.3 GB
2026-07-19 14:03:57 | INFO | cm_purifier.train | Step: 14700/50000 | 29.40% | lr: 0.000100 | Training loss is 0.2687 | distill: 0.0010 | rec: 0.1241 | id: 0.1271 | lpips: 0.1653 | lpips weighted: 0.0165 | lpips weight: 0.1000 | cls: 0.0000 | elapsed: 01:05:24 | eta: 02:37:04 | gpu: 0.8/9.3 GB
2026-07-19 14:04:18 | INFO | cm_purifier.train | Step: 14800/50000 | 29.60% | lr: 0.000100 | Training loss is 0.2556 | distill: 0.0011 | rec: 0.1196 | id: 0.1193 | lpips: 0.1556 | lpips weighted: 0.0156 | lpips weight: 0.1000 | cls: 0.0000 | elapsed: 01:05:46 | eta: 02:36:25 | gpu: 0.8/9.3 GB
2026-07-19 14:04:39 | INFO | cm_purifier.train | Step: 14900/50000 | 29.80% | lr: 0.000100 | Training loss is 0.2566 | distill: 0.0012 | rec: 0.1258 | id: 0.1141 | lpips: 0.1555 | lpips weighted: 0.0156 | lpips weight: 0.1000 | cls: 0.0000 | elapsed: 01:06:07 | eta: 02:35:45 | gpu: 0.8/9.3 GB
2026-07-19 14:05:00 | INFO | cm_purifier.train | Step: 15000/50000 | 30.00% | lr: 0.000100 | Training loss is 0.2613 | distill: 0.0011 | rec: 0.1243 | id: 0.1203 | lpips: 0.1561 | lpips weighted: 0.0156 | lpips weight: 0.1000 | cls: 0.0000 | elapsed: 01:06:28 | eta: 02:35:06 | gpu: 0.8/9.3 GB
2026-07-19 14:06:05 | INFO | cm_purifier.train | Saved checkpoint to /media02/ndthuc03/cm-purify-targeted-poisoning/consistency_model/checkpoints/cm_purifier_lpips.pth at step 15000
2026-07-19 14:06:26 | INFO | cm_purifier.train | Step: 15100/50000 | 30.20% | lr: 0.000100 | Training loss is 0.2432 | distill: 0.0009 | rec: 0.1121 | id: 0.1162 | lpips: 0.1404 | lpips weighted: 0.0140 | lpips weight: 0.1000 | cls: 0.0000 | elapsed: 01:07:54 | eta: 02:36:56 | gpu: 0.8/9.3 GB
2026-07-19 14:06:46 | INFO | cm_purifier.train | Step: 15200/50000 | 30.40% | lr: 0.000100 | Training loss is 0.2542 | distill: 0.0008 | rec: 0.1232 | id: 0.1141 | lpips: 0.1612 | lpips weighted: 0.0161 | lpips weight: 0.1000 | cls: 0.0000 | elapsed: 01:08:14 | eta: 02:36:14 | gpu: 0.8/9.3 GB
2026-07-19 14:07:07 | INFO | cm_purifier.train | Step: 15300/50000 | 30.60% | lr: 0.000100 | Training loss is 0.2747 | distill: 0.0011 | rec: 0.1333 | id: 0.1229 | lpips: 0.1742 | lpips weighted: 0.0174 | lpips weight: 0.1000 | cls: 0.0000 | elapsed: 01:08:35 | eta: 02:35:34 | gpu: 0.8/9.3 GB
2026-07-19 14:07:28 | INFO | cm_purifier.train | Step: 15400/50000 | 30.80% | lr: 0.000100 | Training loss is 0.2559 | distill: 0.0013 | rec: 0.1258 | id: 0.1120 | lpips: 0.1673 | lpips weighted: 0.0167 | lpips weight: 0.1000 | cls: 0.0000 | elapsed: 01:08:56 | eta: 02:34:53 | gpu: 0.8/9.3 GB
2026-07-19 14:07:49 | INFO | cm_purifier.train | Step: 15500/50000 | 31.00% | lr: 0.000100 | Training loss is 0.2770 | distill: 0.0012 | rec: 0.1195 | id: 0.1404 | lpips: 0.1584 | lpips weighted: 0.0158 | lpips weight: 0.1000 | cls: 0.0000 | elapsed: 01:09:17 | eta: 02:34:13 | gpu: 0.8/9.3 GB
2026-07-19 14:08:10 | INFO | cm_purifier.train | Step: 15600/50000 | 31.20% | lr: 0.000100 | Training loss is 0.2621 | distill: 0.0012 | rec: 0.1231 | id: 0.1217 | lpips: 0.1599 | lpips weighted: 0.0160 | lpips weight: 0.1000 | cls: 0.0000 | elapsed: 01:09:38 | eta: 02:33:33 | gpu: 0.8/9.3 GB
2026-07-19 14:08:31 | INFO | cm_purifier.train | Step: 15700/50000 | 31.40% | lr: 0.000100 | Training loss is 0.2425 | distill: 0.0011 | rec: 0.1200 | id: 0.1058 | lpips: 0.1559 | lpips weighted: 0.0156 | lpips weight: 0.1000 | cls: 0.0000 | elapsed: 01:09:59 | eta: 02:32:54 | gpu: 0.8/9.3 GB
2026-07-19 14:08:52 | INFO | cm_purifier.train | Step: 15800/50000 | 31.60% | lr: 0.000100 | Training loss is 0.2633 | distill: 0.0011 | rec: 0.1288 | id: 0.1162 | lpips: 0.1722 | lpips weighted: 0.0172 | lpips weight: 0.1000 | cls: 0.0000 | elapsed: 01:10:20 | eta: 02:32:15 | gpu: 0.8/9.3 GB
2026-07-19 14:09:13 | INFO | cm_purifier.train | Step: 15900/50000 | 31.80% | lr: 0.000100 | Training loss is 0.2679 | distill: 0.0014 | rec: 0.1302 | id: 0.1203 | lpips: 0.1602 | lpips weighted: 0.0160 | lpips weight: 0.1000 | cls: 0.0000 | elapsed: 01:10:41 | eta: 02:31:36 | gpu: 0.8/9.3 GB
2026-07-19 14:09:34 | INFO | cm_purifier.train | Step: 16000/50000 | 32.00% | lr: 0.000100 | Training loss is 0.2666 | distill: 0.0011 | rec: 0.1219 | id: 0.1284 | lpips: 0.1511 | lpips weighted: 0.0151 | lpips weight: 0.1000 | cls: 0.0000 | elapsed: 01:11:02 | eta: 02:30:58 | gpu: 0.8/9.3 GB
2026-07-19 14:09:55 | INFO | cm_purifier.train | Step: 16100/50000 | 32.20% | lr: 0.000100 | Training loss is 0.2382 | distill: 0.0010 | rec: 0.1148 | id: 0.1082 | lpips: 0.1426 | lpips weighted: 0.0143 | lpips weight: 0.1000 | cls: 0.0000 | elapsed: 01:11:23 | eta: 02:30:19 | gpu: 0.8/9.3 GB
2026-07-19 14:10:17 | INFO | cm_purifier.train | Step: 16200/50000 | 32.40% | lr: 0.000100 | Training loss is 0.2609 | distill: 0.0012 | rec: 0.1243 | id: 0.1200 | lpips: 0.1543 | lpips weighted: 0.0154 | lpips weight: 0.1000 | cls: 0.0000 | elapsed: 01:11:45 | eta: 02:29:42 | gpu: 0.8/9.3 GB
2026-07-19 14:10:38 | INFO | cm_purifier.train | Step: 16300/50000 | 32.60% | lr: 0.000100 | Training loss is 0.2570 | distill: 0.0012 | rec: 0.1198 | id: 0.1223 | lpips: 0.1372 | lpips weighted: 0.0137 | lpips weight: 0.1000 | cls: 0.0000 | elapsed: 01:12:06 | eta: 02:29:04 | gpu: 0.8/9.3 GB
2026-07-19 14:10:59 | INFO | cm_purifier.train | Step: 16400/50000 | 32.80% | lr: 0.000100 | Training loss is 0.2484 | distill: 0.0012 | rec: 0.1227 | id: 0.1081 | lpips: 0.1642 | lpips weighted: 0.0164 | lpips weight: 0.1000 | cls: 0.0000 | elapsed: 01:12:27 | eta: 02:28:27 | gpu: 0.8/9.3 GB
2026-07-19 14:11:20 | INFO | cm_purifier.train | Step: 16500/50000 | 33.00% | lr: 0.000100 | Training loss is 0.2704 | distill: 0.0011 | rec: 0.1243 | id: 0.1291 | lpips: 0.1577 | lpips weighted: 0.0158 | lpips weight: 0.1000 | cls: 0.0000 | elapsed: 01:12:48 | eta: 02:27:49 | gpu: 0.8/9.3 GB
2026-07-19 14:11:42 | INFO | cm_purifier.train | Step: 16600/50000 | 33.20% | lr: 0.000100 | Training loss is 0.2570 | distill: 0.0015 | rec: 0.1211 | id: 0.1205 | lpips: 0.1379 | lpips weighted: 0.0138 | lpips weight: 0.1000 | cls: 0.0000 | elapsed: 01:13:10 | eta: 02:27:13 | gpu: 0.8/9.3 GB
2026-07-19 14:12:03 | INFO | cm_purifier.train | Step: 16700/50000 | 33.40% | lr: 0.000100 | Training loss is 0.2488 | distill: 0.0011 | rec: 0.1175 | id: 0.1161 | lpips: 0.1412 | lpips weighted: 0.0141 | lpips weight: 0.1000 | cls: 0.0000 | elapsed: 01:13:31 | eta: 02:26:36 | gpu: 0.8/9.3 GB
2026-07-19 14:12:24 | INFO | cm_purifier.train | Step: 16800/50000 | 33.60% | lr: 0.000100 | Training loss is 0.2580 | distill: 0.0013 | rec: 0.1241 | id: 0.1166 | lpips: 0.1605 | lpips weighted: 0.0160 | lpips weight: 0.1000 | cls: 0.0000 | elapsed: 01:13:52 | eta: 02:26:00 | gpu: 0.8/9.3 GB
2026-07-19 14:12:46 | INFO | cm_purifier.train | Step: 16900/50000 | 33.80% | lr: 0.000100 | Training loss is 0.2737 | distill: 0.0012 | rec: 0.1240 | id: 0.1326 | lpips: 0.1587 | lpips weighted: 0.0159 | lpips weight: 0.1000 | cls: 0.0000 | elapsed: 01:14:14 | eta: 02:25:24 | gpu: 0.8/9.3 GB
2026-07-19 14:13:07 | INFO | cm_purifier.train | Step: 17000/50000 | 34.00% | lr: 0.000100 | Training loss is 0.2534 | distill: 0.0010 | rec: 0.1152 | id: 0.1222 | lpips: 0.1497 | lpips weighted: 0.0150 | lpips weight: 0.1000 | cls: 0.0000 | elapsed: 01:14:35 | eta: 02:24:47 | gpu: 0.8/9.3 GB
2026-07-19 14:13:29 | INFO | cm_purifier.train | Step: 17100/50000 | 34.20% | lr: 0.000100 | Training loss is 0.2657 | distill: 0.0014 | rec: 0.1220 | id: 0.1277 | lpips: 0.1463 | lpips weighted: 0.0146 | lpips weight: 0.1000 | cls: 0.0000 | elapsed: 01:14:57 | eta: 02:24:12 | gpu: 0.8/9.3 GB
2026-07-19 14:13:50 | INFO | cm_purifier.train | Step: 17200/50000 | 34.40% | lr: 0.000100 | Training loss is 0.2773 | distill: 0.0016 | rec: 0.1322 | id: 0.1258 | lpips: 0.1768 | lpips weighted: 0.0177 | lpips weight: 0.1000 | cls: 0.0000 | elapsed: 01:15:18 | eta: 02:23:36 | gpu: 0.8/9.3 GB
2026-07-19 14:14:11 | INFO | cm_purifier.train | Step: 17300/50000 | 34.60% | lr: 0.000100 | Training loss is 0.2610 | distill: 0.0011 | rec: 0.1260 | id: 0.1174 | lpips: 0.1640 | lpips weighted: 0.0164 | lpips weight: 0.1000 | cls: 0.0000 | elapsed: 01:15:39 | eta: 02:23:00 | gpu: 0.8/9.3 GB
2026-07-19 14:14:33 | INFO | cm_purifier.train | Step: 17400/50000 | 34.80% | lr: 0.000100 | Training loss is 0.2699 | distill: 0.0011 | rec: 0.1284 | id: 0.1233 | lpips: 0.1706 | lpips weighted: 0.0171 | lpips weight: 0.1000 | cls: 0.0000 | elapsed: 01:16:01 | eta: 02:22:25 | gpu: 0.8/9.3 GB
2026-07-19 14:14:54 | INFO | cm_purifier.train | Step: 17500/50000 | 35.00% | lr: 0.000100 | Training loss is 0.2552 | distill: 0.0011 | rec: 0.1177 | id: 0.1216 | lpips: 0.1475 | lpips weighted: 0.0147 | lpips weight: 0.1000 | cls: 0.0000 | elapsed: 01:16:22 | eta: 02:21:49 | gpu: 0.8/9.3 GB
2026-07-19 14:15:16 | INFO | cm_purifier.train | Step: 17600/50000 | 35.20% | lr: 0.000100 | Training loss is 0.2754 | distill: 0.0015 | rec: 0.1321 | id: 0.1254 | lpips: 0.1634 | lpips weighted: 0.0163 | lpips weight: 0.1000 | cls: 0.0000 | elapsed: 01:16:43 | eta: 02:21:15 | gpu: 0.8/9.3 GB
2026-07-19 14:15:37 | INFO | cm_purifier.train | Step: 17700/50000 | 35.40% | lr: 0.000100 | Training loss is 0.2761 | distill: 0.0013 | rec: 0.1341 | id: 0.1230 | lpips: 0.1770 | lpips weighted: 0.0177 | lpips weight: 0.1000 | cls: 0.0000 | elapsed: 01:17:05 | eta: 02:20:39 | gpu: 0.8/9.3 GB
2026-07-19 14:15:58 | INFO | cm_purifier.train | Step: 17800/50000 | 35.60% | lr: 0.000100 | Training loss is 0.2641 | distill: 0.0012 | rec: 0.1237 | id: 0.1232 | lpips: 0.1588 | lpips weighted: 0.0159 | lpips weight: 0.1000 | cls: 0.0000 | elapsed: 01:17:26 | eta: 02:20:05 | gpu: 0.8/9.3 GB
2026-07-19 14:16:19 | INFO | cm_purifier.train | Step: 17900/50000 | 35.80% | lr: 0.000100 | Training loss is 0.2570 | distill: 0.0014 | rec: 0.1277 | id: 0.1127 | lpips: 0.1527 | lpips weighted: 0.0153 | lpips weight: 0.1000 | cls: 0.0000 | elapsed: 01:17:47 | eta: 02:19:30 | gpu: 0.8/9.3 GB
2026-07-19 14:16:41 | INFO | cm_purifier.train | Step: 18000/50000 | 36.00% | lr: 0.000100 | Training loss is 0.2705 | distill: 0.0013 | rec: 0.1308 | id: 0.1233 | lpips: 0.1513 | lpips weighted: 0.0151 | lpips weight: 0.1000 | cls: 0.0000 | elapsed: 01:18:08 | eta: 02:18:55 | gpu: 0.8/9.3 GB
2026-07-19 14:17:02 | INFO | cm_purifier.train | Step: 18100/50000 | 36.20% | lr: 0.000100 | Training loss is 0.2647 | distill: 0.0010 | rec: 0.1213 | id: 0.1255 | lpips: 0.1691 | lpips weighted: 0.0169 | lpips weight: 0.1000 | cls: 0.0000 | elapsed: 01:18:30 | eta: 02:18:22 | gpu: 0.8/9.3 GB
2026-07-19 14:17:24 | INFO | cm_purifier.train | Step: 18200/50000 | 36.40% | lr: 0.000100 | Training loss is 0.2569 | distill: 0.0010 | rec: 0.1214 | id: 0.1198 | lpips: 0.1467 | lpips weighted: 0.0147 | lpips weight: 0.1000 | cls: 0.0000 | elapsed: 01:18:51 | eta: 02:17:47 | gpu: 0.8/9.3 GB
2026-07-19 14:17:45 | INFO | cm_purifier.train | Step: 18300/50000 | 36.60% | lr: 0.000100 | Training loss is 0.2743 | distill: 0.0014 | rec: 0.1293 | id: 0.1271 | lpips: 0.1656 | lpips weighted: 0.0166 | lpips weight: 0.1000 | cls: 0.0000 | elapsed: 01:19:13 | eta: 02:17:14 | gpu: 0.8/9.3 GB
2026-07-19 14:18:06 | INFO | cm_purifier.train | Step: 18400/50000 | 36.80% | lr: 0.000100 | Training loss is 0.2603 | distill: 0.0011 | rec: 0.1238 | id: 0.1196 | lpips: 0.1582 | lpips weighted: 0.0158 | lpips weight: 0.1000 | cls: 0.0000 | elapsed: 01:19:34 | eta: 02:16:39 | gpu: 0.8/9.3 GB
2026-07-19 14:18:28 | INFO | cm_purifier.train | Step: 18500/50000 | 37.00% | lr: 0.000100 | Training loss is 0.2915 | distill: 0.0015 | rec: 0.1329 | id: 0.1394 | lpips: 0.1771 | lpips weighted: 0.0177 | lpips weight: 0.1000 | cls: 0.0000 | elapsed: 01:19:56 | eta: 02:16:06 | gpu: 0.8/9.3 GB
2026-07-19 14:18:49 | INFO | cm_purifier.train | Step: 18600/50000 | 37.20% | lr: 0.000100 | Training loss is 0.2582 | distill: 0.0012 | rec: 0.1274 | id: 0.1134 | lpips: 0.1626 | lpips weighted: 0.0163 | lpips weight: 0.1000 | cls: 0.0000 | elapsed: 01:20:17 | eta: 02:15:32 | gpu: 0.8/9.3 GB
2026-07-19 14:19:10 | INFO | cm_purifier.train | Step: 18700/50000 | 37.40% | lr: 0.000100 | Training loss is 0.2707 | distill: 0.0013 | rec: 0.1333 | id: 0.1193 | lpips: 0.1682 | lpips weighted: 0.0168 | lpips weight: 0.1000 | cls: 0.0000 | elapsed: 01:20:38 | eta: 02:14:58 | gpu: 0.8/9.3 GB
2026-07-19 14:19:32 | INFO | cm_purifier.train | Step: 18800/50000 | 37.60% | lr: 0.000100 | Training loss is 0.2645 | distill: 0.0012 | rec: 0.1288 | id: 0.1175 | lpips: 0.1701 | lpips weighted: 0.0170 | lpips weight: 0.1000 | cls: 0.0000 | elapsed: 01:21:00 | eta: 02:14:25 | gpu: 0.8/9.3 GB
2026-07-19 14:19:53 | INFO | cm_purifier.train | Step: 18900/50000 | 37.80% | lr: 0.000100 | Training loss is 0.2883 | distill: 0.0012 | rec: 0.1283 | id: 0.1419 | lpips: 0.1684 | lpips weighted: 0.0168 | lpips weight: 0.1000 | cls: 0.0000 | elapsed: 01:21:21 | eta: 02:13:52 | gpu: 0.8/9.3 GB
2026-07-19 14:20:15 | INFO | cm_purifier.train | Step: 19000/50000 | 38.00% | lr: 0.000100 | Training loss is 0.2336 | distill: 0.0011 | rec: 0.1122 | id: 0.1068 | lpips: 0.1353 | lpips weighted: 0.0135 | lpips weight: 0.1000 | cls: 0.0000 | elapsed: 01:21:42 | eta: 02:13:19 | gpu: 0.8/9.3 GB
2026-07-19 14:20:36 | INFO | cm_purifier.train | Step: 19100/50000 | 38.20% | lr: 0.000100 | Training loss is 0.2723 | distill: 0.0012 | rec: 0.1317 | id: 0.1229 | lpips: 0.1651 | lpips weighted: 0.0165 | lpips weight: 0.1000 | cls: 0.0000 | elapsed: 01:22:04 | eta: 02:12:46 | gpu: 0.8/9.3 GB
2026-07-19 14:20:57 | INFO | cm_purifier.train | Step: 19200/50000 | 38.40% | lr: 0.000100 | Training loss is 0.2508 | distill: 0.0012 | rec: 0.1193 | id: 0.1148 | lpips: 0.1552 | lpips weighted: 0.0155 | lpips weight: 0.1000 | cls: 0.0000 | elapsed: 01:22:25 | eta: 02:12:13 | gpu: 0.8/9.3 GB
2026-07-19 14:21:18 | INFO | cm_purifier.train | Step: 19300/50000 | 38.60% | lr: 0.000100 | Training loss is 0.2647 | distill: 0.0013 | rec: 0.1225 | id: 0.1255 | lpips: 0.1537 | lpips weighted: 0.0154 | lpips weight: 0.1000 | cls: 0.0000 | elapsed: 01:22:46 | eta: 02:11:40 | gpu: 0.8/9.3 GB
2026-07-19 14:21:40 | INFO | cm_purifier.train | Step: 19400/50000 | 38.80% | lr: 0.000100 | Training loss is 0.2533 | distill: 0.0012 | rec: 0.1252 | id: 0.1115 | lpips: 0.1547 | lpips weighted: 0.0155 | lpips weight: 0.1000 | cls: 0.0000 | elapsed: 01:23:07 | eta: 02:11:07 | gpu: 0.8/9.3 GB
2026-07-19 14:22:01 | INFO | cm_purifier.train | Step: 19500/50000 | 39.00% | lr: 0.000100 | Training loss is 0.2774 | distill: 0.0010 | rec: 0.1192 | id: 0.1425 | lpips: 0.1466 | lpips weighted: 0.0147 | lpips weight: 0.1000 | cls: 0.0000 | elapsed: 01:23:29 | eta: 02:10:35 | gpu: 0.8/9.3 GB
2026-07-19 14:22:22 | INFO | cm_purifier.train | Step: 19600/50000 | 39.20% | lr: 0.000100 | Training loss is 0.2713 | distill: 0.0013 | rec: 0.1262 | id: 0.1275 | lpips: 0.1636 | lpips weighted: 0.0164 | lpips weight: 0.1000 | cls: 0.0000 | elapsed: 01:23:50 | eta: 02:10:02 | gpu: 0.8/9.3 GB
2026-07-19 14:22:44 | INFO | cm_purifier.train | Step: 19700/50000 | 39.40% | lr: 0.000100 | Training loss is 0.2630 | distill: 0.0013 | rec: 0.1186 | id: 0.1283 | lpips: 0.1482 | lpips weighted: 0.0148 | lpips weight: 0.1000 | cls: 0.0000 | elapsed: 01:24:12 | eta: 02:09:30 | gpu: 0.8/9.3 GB
2026-07-19 14:23:05 | INFO | cm_purifier.train | Step: 19800/50000 | 39.60% | lr: 0.000100 | Training loss is 0.2620 | distill: 0.0013 | rec: 0.1238 | id: 0.1221 | lpips: 0.1480 | lpips weighted: 0.0148 | lpips weight: 0.1000 | cls: 0.0000 | elapsed: 01:24:33 | eta: 02:08:58 | gpu: 0.8/9.3 GB
2026-07-19 14:23:27 | INFO | cm_purifier.train | Step: 19900/50000 | 39.80% | lr: 0.000100 | Training loss is 0.2804 | distill: 0.0013 | rec: 0.1324 | id: 0.1283 | lpips: 0.1834 | lpips weighted: 0.0183 | lpips weight: 0.1000 | cls: 0.0000 | elapsed: 01:24:54 | eta: 02:08:26 | gpu: 0.8/9.3 GB
2026-07-19 14:23:48 | INFO | cm_purifier.train | Step: 20000/50000 | 40.00% | lr: 0.000100 | Training loss is 0.2607 | distill: 0.0012 | rec: 0.1264 | id: 0.1172 | lpips: 0.1585 | lpips weighted: 0.0158 | lpips weight: 0.1000 | cls: 0.0000 | elapsed: 01:25:15 | eta: 02:07:53 | gpu: 0.8/9.3 GB
2026-07-19 14:24:38 | INFO | cm_purifier.train | Saved checkpoint to /media02/ndthuc03/cm-purify-targeted-poisoning/consistency_model/checkpoints/cm_purifier_lpips.pth at step 20000
2026-07-19 14:25:44 | INFO | cm_purifier.train | Step: 20100/50000 | 40.20% | lr: 0.000100 | Training loss is 0.2695 | distill: 0.0012 | rec: 0.1276 | id: 0.1239 | lpips: 0.1686 | lpips weighted: 0.0169 | lpips weight: 0.1000 | cls: 0.0000 | elapsed: 01:27:12 | eta: 02:09:43 | gpu: 0.8/9.3 GB
2026-07-19 14:26:05 | INFO | cm_purifier.train | Step: 20200/50000 | 40.40% | lr: 0.000100 | Training loss is 0.2435 | distill: 0.0012 | rec: 0.1178 | id: 0.1103 | lpips: 0.1418 | lpips weighted: 0.0142 | lpips weight: 0.1000 | cls: 0.0000 | elapsed: 01:27:33 | eta: 02:09:10 | gpu: 0.8/9.3 GB
2026-07-19 14:26:26 | INFO | cm_purifier.train | Step: 20300/50000 | 40.60% | lr: 0.000100 | Training loss is 0.2667 | distill: 0.0013 | rec: 0.1298 | id: 0.1194 | lpips: 0.1619 | lpips weighted: 0.0162 | lpips weight: 0.1000 | cls: 0.0000 | elapsed: 01:27:54 | eta: 02:08:36 | gpu: 0.8/9.3 GB
2026-07-19 14:26:47 | INFO | cm_purifier.train | Step: 20400/50000 | 40.80% | lr: 0.000100 | Training loss is 0.2456 | distill: 0.0014 | rec: 0.1184 | id: 0.1102 | lpips: 0.1565 | lpips weighted: 0.0157 | lpips weight: 0.1000 | cls: 0.0000 | elapsed: 01:28:15 | eta: 02:08:03 | gpu: 0.8/9.3 GB
2026-07-19 14:27:08 | INFO | cm_purifier.train | Step: 20500/50000 | 41.00% | lr: 0.000100 | Training loss is 0.2467 | distill: 0.0013 | rec: 0.1215 | id: 0.1085 | lpips: 0.1544 | lpips weighted: 0.0154 | lpips weight: 0.1000 | cls: 0.0000 | elapsed: 01:28:36 | eta: 02:07:29 | gpu: 0.8/9.3 GB
2026-07-19 14:27:29 | INFO | cm_purifier.train | Step: 20600/50000 | 41.20% | lr: 0.000100 | Training loss is 0.2862 | distill: 0.0011 | rec: 0.1323 | id: 0.1364 | lpips: 0.1633 | lpips weighted: 0.0163 | lpips weight: 0.1000 | cls: 0.0000 | elapsed: 01:28:57 | eta: 02:06:57 | gpu: 0.8/9.3 GB
2026-07-19 14:27:50 | INFO | cm_purifier.train | Step: 20700/50000 | 41.40% | lr: 0.000100 | Training loss is 0.2584 | distill: 0.0011 | rec: 0.1210 | id: 0.1213 | lpips: 0.1500 | lpips weighted: 0.0150 | lpips weight: 0.1000 | cls: 0.0000 | elapsed: 01:29:18 | eta: 02:06:24 | gpu: 0.8/9.3 GB
2026-07-19 14:28:11 | INFO | cm_purifier.train | Step: 20800/50000 | 41.60% | lr: 0.000100 | Training loss is 0.2776 | distill: 0.0014 | rec: 0.1300 | id: 0.1303 | lpips: 0.1587 | lpips weighted: 0.0159 | lpips weight: 0.1000 | cls: 0.0000 | elapsed: 01:29:38 | eta: 02:05:51 | gpu: 0.8/9.3 GB
2026-07-19 14:28:32 | INFO | cm_purifier.train | Step: 20900/50000 | 41.80% | lr: 0.000100 | Training loss is 0.2785 | distill: 0.0016 | rec: 0.1353 | id: 0.1237 | lpips: 0.1792 | lpips weighted: 0.0179 | lpips weight: 0.1000 | cls: 0.0000 | elapsed: 01:30:00 | eta: 02:05:19 | gpu: 0.8/9.3 GB
2026-07-19 14:28:53 | INFO | cm_purifier.train | Step: 21000/50000 | 42.00% | lr: 0.000100 | Training loss is 0.2611 | distill: 0.0012 | rec: 0.1279 | id: 0.1164 | lpips: 0.1560 | lpips weighted: 0.0156 | lpips weight: 0.1000 | cls: 0.0000 | elapsed: 01:30:21 | eta: 02:04:46 | gpu: 0.8/9.3 GB
2026-07-19 14:29:14 | INFO | cm_purifier.train | Step: 21100/50000 | 42.20% | lr: 0.000100 | Training loss is 0.2544 | distill: 0.0016 | rec: 0.1274 | id: 0.1099 | lpips: 0.1555 | lpips weighted: 0.0155 | lpips weight: 0.1000 | cls: 0.0000 | elapsed: 01:30:42 | eta: 02:04:14 | gpu: 0.8/9.3 GB
2026-07-19 14:29:35 | INFO | cm_purifier.train | Step: 21200/50000 | 42.40% | lr: 0.000100 | Training loss is 0.2695 | distill: 0.0012 | rec: 0.1269 | id: 0.1257 | lpips: 0.1574 | lpips weighted: 0.0157 | lpips weight: 0.1000 | cls: 0.0000 | elapsed: 01:31:03 | eta: 02:03:42 | gpu: 0.8/9.3 GB
2026-07-19 14:29:57 | INFO | cm_purifier.train | Step: 21300/50000 | 42.60% | lr: 0.000100 | Training loss is 0.2522 | distill: 0.0011 | rec: 0.1196 | id: 0.1157 | lpips: 0.1585 | lpips weighted: 0.0158 | lpips weight: 0.1000 | cls: 0.0000 | elapsed: 01:31:25 | eta: 02:03:10 | gpu: 0.8/9.3 GB
2026-07-19 14:30:18 | INFO | cm_purifier.train | Step: 21400/50000 | 42.80% | lr: 0.000100 | Training loss is 0.2640 | distill: 0.0012 | rec: 0.1254 | id: 0.1218 | lpips: 0.1555 | lpips weighted: 0.0156 | lpips weight: 0.1000 | cls: 0.0000 | elapsed: 01:31:46 | eta: 02:02:38 | gpu: 0.8/9.3 GB
2026-07-19 14:30:39 | INFO | cm_purifier.train | Step: 21500/50000 | 43.00% | lr: 0.000100 | Training loss is 0.2588 | distill: 0.0011 | rec: 0.1188 | id: 0.1238 | lpips: 0.1501 | lpips weighted: 0.0150 | lpips weight: 0.1000 | cls: 0.0000 | elapsed: 01:32:07 | eta: 02:02:06 | gpu: 0.8/9.3 GB
2026-07-19 14:31:00 | INFO | cm_purifier.train | Step: 21600/50000 | 43.20% | lr: 0.000100 | Training loss is 0.2762 | distill: 0.0014 | rec: 0.1307 | id: 0.1274 | lpips: 0.1662 | lpips weighted: 0.0166 | lpips weight: 0.1000 | cls: 0.0000 | elapsed: 01:32:28 | eta: 02:01:35 | gpu: 0.8/9.3 GB
2026-07-19 14:31:22 | INFO | cm_purifier.train | Step: 21700/50000 | 43.40% | lr: 0.000100 | Training loss is 0.2479 | distill: 0.0011 | rec: 0.1213 | id: 0.1101 | lpips: 0.1531 | lpips weighted: 0.0153 | lpips weight: 0.1000 | cls: 0.0000 | elapsed: 01:32:49 | eta: 02:01:03 | gpu: 0.8/9.3 GB
2026-07-19 14:31:43 | INFO | cm_purifier.train | Step: 21800/50000 | 43.60% | lr: 0.000100 | Training loss is 0.2709 | distill: 0.0013 | rec: 0.1300 | id: 0.1220 | lpips: 0.1756 | lpips weighted: 0.0176 | lpips weight: 0.1000 | cls: 0.0000 | elapsed: 01:33:11 | eta: 02:00:33 | gpu: 0.8/9.3 GB
2026-07-19 14:32:05 | INFO | cm_purifier.train | Step: 21900/50000 | 43.80% | lr: 0.000100 | Training loss is 0.2525 | distill: 0.0011 | rec: 0.1230 | id: 0.1122 | lpips: 0.1627 | lpips weighted: 0.0163 | lpips weight: 0.1000 | cls: 0.0000 | elapsed: 01:33:32 | eta: 02:00:01 | gpu: 0.8/9.3 GB
2026-07-19 14:32:26 | INFO | cm_purifier.train | Step: 22000/50000 | 44.00% | lr: 0.000100 | Training loss is 0.2685 | distill: 0.0010 | rec: 0.1217 | id: 0.1310 | lpips: 0.1482 | lpips weighted: 0.0148 | lpips weight: 0.1000 | cls: 0.0000 | elapsed: 01:33:54 | eta: 01:59:31 | gpu: 0.8/9.3 GB
2026-07-19 14:32:47 | INFO | cm_purifier.train | Step: 22100/50000 | 44.20% | lr: 0.000100 | Training loss is 0.2510 | distill: 0.0011 | rec: 0.1223 | id: 0.1122 | lpips: 0.1549 | lpips weighted: 0.0155 | lpips weight: 0.1000 | cls: 0.0000 | elapsed: 01:34:15 | eta: 01:58:59 | gpu: 0.8/9.3 GB
2026-07-19 14:33:08 | INFO | cm_purifier.train | Step: 22200/50000 | 44.40% | lr: 0.000100 | Training loss is 0.2660 | distill: 0.0015 | rec: 0.1319 | id: 0.1163 | lpips: 0.1625 | lpips weighted: 0.0162 | lpips weight: 0.1000 | cls: 0.0000 | elapsed: 01:34:36 | eta: 01:58:28 | gpu: 0.8/9.3 GB
2026-07-19 14:33:30 | INFO | cm_purifier.train | Step: 22300/50000 | 44.60% | lr: 0.000100 | Training loss is 0.2553 | distill: 0.0015 | rec: 0.1268 | id: 0.1114 | lpips: 0.1564 | lpips weighted: 0.0156 | lpips weight: 0.1000 | cls: 0.0000 | elapsed: 01:34:58 | eta: 01:57:58 | gpu: 0.8/9.3 GB
2026-07-19 14:33:51 | INFO | cm_purifier.train | Step: 22400/50000 | 44.80% | lr: 0.000100 | Training loss is 0.2762 | distill: 0.0012 | rec: 0.1240 | id: 0.1349 | lpips: 0.1606 | lpips weighted: 0.0161 | lpips weight: 0.1000 | cls: 0.0000 | elapsed: 01:35:19 | eta: 01:57:27 | gpu: 0.8/9.3 GB
2026-07-19 14:34:13 | INFO | cm_purifier.train | Step: 22500/50000 | 45.00% | lr: 0.000100 | Training loss is 0.2671 | distill: 0.0014 | rec: 0.1286 | id: 0.1205 | lpips: 0.1651 | lpips weighted: 0.0165 | lpips weight: 0.1000 | cls: 0.0000 | elapsed: 01:35:41 | eta: 01:56:56 | gpu: 0.8/9.3 GB
2026-07-19 14:34:34 | INFO | cm_purifier.train | Step: 22600/50000 | 45.20% | lr: 0.000100 | Training loss is 0.2886 | distill: 0.0015 | rec: 0.1392 | id: 0.1289 | lpips: 0.1895 | lpips weighted: 0.0190 | lpips weight: 0.1000 | cls: 0.0000 | elapsed: 01:36:02 | eta: 01:56:26 | gpu: 0.8/9.3 GB
2026-07-19 14:34:56 | INFO | cm_purifier.train | Step: 22700/50000 | 45.40% | lr: 0.000100 | Training loss is 0.2275 | distill: 0.0012 | rec: 0.1114 | id: 0.1019 | lpips: 0.1295 | lpips weighted: 0.0129 | lpips weight: 0.1000 | cls: 0.0000 | elapsed: 01:36:24 | eta: 01:55:56 | gpu: 0.8/9.3 GB
2026-07-19 14:35:17 | INFO | cm_purifier.train | Step: 22800/50000 | 45.60% | lr: 0.000100 | Training loss is 0.2531 | distill: 0.0011 | rec: 0.1262 | id: 0.1090 | lpips: 0.1690 | lpips weighted: 0.0169 | lpips weight: 0.1000 | cls: 0.0000 | elapsed: 01:36:45 | eta: 01:55:25 | gpu: 0.8/9.3 GB
2026-07-19 14:35:38 | INFO | cm_purifier.train | Step: 22900/50000 | 45.80% | lr: 0.000100 | Training loss is 0.2675 | distill: 0.0015 | rec: 0.1303 | id: 0.1194 | lpips: 0.1637 | lpips weighted: 0.0164 | lpips weight: 0.1000 | cls: 0.0000 | elapsed: 01:37:06 | eta: 01:54:54 | gpu: 0.8/9.3 GB
2026-07-19 14:36:00 | INFO | cm_purifier.train | Step: 23000/50000 | 46.00% | lr: 0.000100 | Training loss is 0.2478 | distill: 0.0010 | rec: 0.1144 | id: 0.1180 | lpips: 0.1439 | lpips weighted: 0.0144 | lpips weight: 0.1000 | cls: 0.0000 | elapsed: 01:37:27 | eta: 01:54:24 | gpu: 0.8/9.3 GB
2026-07-19 14:36:21 | INFO | cm_purifier.train | Step: 23100/50000 | 46.20% | lr: 0.000100 | Training loss is 0.2474 | distill: 0.0013 | rec: 0.1207 | id: 0.1096 | lpips: 0.1575 | lpips weighted: 0.0158 | lpips weight: 0.1000 | cls: 0.0000 | elapsed: 01:37:49 | eta: 01:53:54 | gpu: 0.8/9.3 GB
2026-07-19 14:36:42 | INFO | cm_purifier.train | Step: 23200/50000 | 46.40% | lr: 0.000100 | Training loss is 0.2485 | distill: 0.0012 | rec: 0.1197 | id: 0.1131 | lpips: 0.1453 | lpips weighted: 0.0145 | lpips weight: 0.1000 | cls: 0.0000 | elapsed: 01:38:10 | eta: 01:53:24 | gpu: 0.8/9.3 GB
2026-07-19 14:37:04 | INFO | cm_purifier.train | Step: 23300/50000 | 46.60% | lr: 0.000100 | Training loss is 0.2482 | distill: 0.0014 | rec: 0.1248 | id: 0.1069 | lpips: 0.1501 | lpips weighted: 0.0150 | lpips weight: 0.1000 | cls: 0.0000 | elapsed: 01:38:31 | eta: 01:52:54 | gpu: 0.8/9.3 GB
2026-07-19 14:37:25 | INFO | cm_purifier.train | Step: 23400/50000 | 46.80% | lr: 0.000100 | Training loss is 0.2402 | distill: 0.0010 | rec: 0.1174 | id: 0.1072 | lpips: 0.1455 | lpips weighted: 0.0146 | lpips weight: 0.1000 | cls: 0.0000 | elapsed: 01:38:53 | eta: 01:52:24 | gpu: 0.8/9.3 GB
2026-07-19 14:37:47 | INFO | cm_purifier.train | Step: 23500/50000 | 47.00% | lr: 0.000100 | Training loss is 0.2676 | distill: 0.0015 | rec: 0.1264 | id: 0.1228 | lpips: 0.1676 | lpips weighted: 0.0168 | lpips weight: 0.1000 | cls: 0.0000 | elapsed: 01:39:14 | eta: 01:51:55 | gpu: 0.8/9.3 GB
2026-07-19 14:38:08 | INFO | cm_purifier.train | Step: 23600/50000 | 47.20% | lr: 0.000100 | Training loss is 0.2596 | distill: 0.0011 | rec: 0.1239 | id: 0.1188 | lpips: 0.1583 | lpips weighted: 0.0158 | lpips weight: 0.1000 | cls: 0.0000 | elapsed: 01:39:36 | eta: 01:51:25 | gpu: 0.8/9.3 GB
2026-07-19 14:38:29 | INFO | cm_purifier.train | Step: 23700/50000 | 47.40% | lr: 0.000100 | Training loss is 0.2538 | distill: 0.0011 | rec: 0.1236 | id: 0.1133 | lpips: 0.1581 | lpips weighted: 0.0158 | lpips weight: 0.1000 | cls: 0.0000 | elapsed: 01:39:57 | eta: 01:50:55 | gpu: 0.8/9.3 GB
2026-07-19 14:38:50 | INFO | cm_purifier.train | Step: 23800/50000 | 47.60% | lr: 0.000100 | Training loss is 0.2542 | distill: 0.0011 | rec: 0.1208 | id: 0.1177 | lpips: 0.1459 | lpips weighted: 0.0146 | lpips weight: 0.1000 | cls: 0.0000 | elapsed: 01:40:18 | eta: 01:50:25 | gpu: 0.8/9.3 GB
2026-07-19 14:39:12 | INFO | cm_purifier.train | Step: 23900/50000 | 47.80% | lr: 0.000100 | Training loss is 0.2603 | distill: 0.0014 | rec: 0.1224 | id: 0.1204 | lpips: 0.1621 | lpips weighted: 0.0162 | lpips weight: 0.1000 | cls: 0.0000 | elapsed: 01:40:40 | eta: 01:49:56 | gpu: 0.8/9.3 GB
2026-07-19 14:39:33 | INFO | cm_purifier.train | Step: 24000/50000 | 48.00% | lr: 0.000100 | Training loss is 0.2586 | distill: 0.0015 | rec: 0.1196 | id: 0.1222 | lpips: 0.1529 | lpips weighted: 0.0153 | lpips weight: 0.1000 | cls: 0.0000 | elapsed: 01:41:01 | eta: 01:49:26 | gpu: 0.8/9.3 GB
2026-07-19 14:39:55 | INFO | cm_purifier.train | Step: 24100/50000 | 48.20% | lr: 0.000100 | Training loss is 0.2618 | distill: 0.0014 | rec: 0.1278 | id: 0.1160 | lpips: 0.1652 | lpips weighted: 0.0165 | lpips weight: 0.1000 | cls: 0.0000 | elapsed: 01:41:22 | eta: 01:48:57 | gpu: 0.8/9.3 GB
2026-07-19 14:40:16 | INFO | cm_purifier.train | Step: 24200/50000 | 48.40% | lr: 0.000100 | Training loss is 0.2783 | distill: 0.0014 | rec: 0.1350 | id: 0.1247 | lpips: 0.1722 | lpips weighted: 0.0172 | lpips weight: 0.1000 | cls: 0.0000 | elapsed: 01:41:44 | eta: 01:48:28 | gpu: 0.8/9.3 GB
2026-07-19 14:40:37 | INFO | cm_purifier.train | Step: 24300/50000 | 48.60% | lr: 0.000100 | Training loss is 0.2809 | distill: 0.0015 | rec: 0.1340 | id: 0.1281 | lpips: 0.1728 | lpips weighted: 0.0173 | lpips weight: 0.1000 | cls: 0.0000 | elapsed: 01:42:05 | eta: 01:47:58 | gpu: 0.8/9.3 GB
2026-07-19 14:40:59 | INFO | cm_purifier.train | Step: 24400/50000 | 48.80% | lr: 0.000100 | Training loss is 0.2674 | distill: 0.0012 | rec: 0.1285 | id: 0.1222 | lpips: 0.1550 | lpips weighted: 0.0155 | lpips weight: 0.1000 | cls: 0.0000 | elapsed: 01:42:27 | eta: 01:47:29 | gpu: 0.8/9.3 GB
2026-07-19 14:41:20 | INFO | cm_purifier.train | Step: 24500/50000 | 49.00% | lr: 0.000100 | Training loss is 0.2728 | distill: 0.0015 | rec: 0.1334 | id: 0.1218 | lpips: 0.1613 | lpips weighted: 0.0161 | lpips weight: 0.1000 | cls: 0.0000 | elapsed: 01:42:48 | eta: 01:46:59 | gpu: 0.8/9.3 GB
2026-07-19 14:41:41 | INFO | cm_purifier.train | Step: 24600/50000 | 49.20% | lr: 0.000100 | Training loss is 0.2483 | distill: 0.0011 | rec: 0.1171 | id: 0.1155 | lpips: 0.1453 | lpips weighted: 0.0145 | lpips weight: 0.1000 | cls: 0.0000 | elapsed: 01:43:09 | eta: 01:46:30 | gpu: 0.8/9.3 GB
2026-07-19 14:42:02 | INFO | cm_purifier.train | Step: 24700/50000 | 49.40% | lr: 0.000100 | Training loss is 0.2712 | distill: 0.0015 | rec: 0.1300 | id: 0.1227 | lpips: 0.1693 | lpips weighted: 0.0169 | lpips weight: 0.1000 | cls: 0.0000 | elapsed: 01:43:30 | eta: 01:46:01 | gpu: 0.8/9.3 GB
2026-07-19 14:42:23 | INFO | cm_purifier.train | Step: 24800/50000 | 49.60% | lr: 0.000100 | Training loss is 0.2662 | distill: 0.0012 | rec: 0.1221 | id: 0.1276 | lpips: 0.1532 | lpips weighted: 0.0153 | lpips weight: 0.1000 | cls: 0.0000 | elapsed: 01:43:51 | eta: 01:45:32 | gpu: 0.8/9.3 GB
2026-07-19 14:42:45 | INFO | cm_purifier.train | Step: 24900/50000 | 49.80% | lr: 0.000100 | Training loss is 0.2521 | distill: 0.0012 | rec: 0.1195 | id: 0.1167 | lpips: 0.1462 | lpips weighted: 0.0146 | lpips weight: 0.1000 | cls: 0.0000 | elapsed: 01:44:13 | eta: 01:45:03 | gpu: 0.8/9.3 GB
2026-07-19 14:43:06 | INFO | cm_purifier.train | Step: 25000/50000 | 50.00% | lr: 0.000100 | Training loss is 0.2516 | distill: 0.0012 | rec: 0.1184 | id: 0.1171 | lpips: 0.1479 | lpips weighted: 0.0148 | lpips weight: 0.1000 | cls: 0.0000 | elapsed: 01:44:34 | eta: 01:44:34 | gpu: 0.8/9.3 GB
2026-07-19 14:43:57 | INFO | cm_purifier.train | Saved checkpoint to /media02/ndthuc03/cm-purify-targeted-poisoning/consistency_model/checkpoints/cm_purifier_lpips.pth at step 25000
2026-07-19 14:45:04 | INFO | cm_purifier.train | Step: 25100/50000 | 50.20% | lr: 0.000100 | Training loss is 0.2676 | distill: 0.0013 | rec: 0.1243 | id: 0.1268 | lpips: 0.1518 | lpips weighted: 0.0152 | lpips weight: 0.1000 | cls: 0.0000 | elapsed: 01:46:31 | eta: 01:45:41 | gpu: 0.8/9.3 GB
2026-07-19 14:45:24 | INFO | cm_purifier.train | Step: 25200/50000 | 50.40% | lr: 0.000100 | Training loss is 0.2120 | distill: 0.0012 | rec: 0.1120 | id: 0.0851 | lpips: 0.1363 | lpips weighted: 0.0136 | lpips weight: 0.1000 | cls: 0.0000 | elapsed: 01:46:52 | eta: 01:45:10 | gpu: 0.8/9.3 GB
2026-07-19 14:45:45 | INFO | cm_purifier.train | Step: 25300/50000 | 50.60% | lr: 0.000100 | Training loss is 0.2385 | distill: 0.0011 | rec: 0.1222 | id: 0.0999 | lpips: 0.1541 | lpips weighted: 0.0154 | lpips weight: 0.1000 | cls: 0.0000 | elapsed: 01:47:13 | eta: 01:44:40 | gpu: 0.8/9.3 GB
2026-07-19 14:46:06 | INFO | cm_purifier.train | Step: 25400/50000 | 50.80% | lr: 0.000100 | Training loss is 0.2364 | distill: 0.0012 | rec: 0.1110 | id: 0.1108 | lpips: 0.1334 | lpips weighted: 0.0133 | lpips weight: 0.1000 | cls: 0.0000 | elapsed: 01:47:34 | eta: 01:44:10 | gpu: 0.8/9.3 GB
2026-07-19 14:46:26 | INFO | cm_purifier.train | Step: 25500/50000 | 51.00% | lr: 0.000100 | Training loss is 0.2525 | distill: 0.0013 | rec: 0.1221 | id: 0.1138 | lpips: 0.1530 | lpips weighted: 0.0153 | lpips weight: 0.1000 | cls: 0.0000 | elapsed: 01:47:54 | eta: 01:43:40 | gpu: 0.8/9.3 GB
2026-07-19 14:46:48 | INFO | cm_purifier.train | Step: 25600/50000 | 51.20% | lr: 0.000100 | Training loss is 0.2719 | distill: 0.0018 | rec: 0.1290 | id: 0.1245 | lpips: 0.1669 | lpips weighted: 0.0167 | lpips weight: 0.1000 | cls: 0.0000 | elapsed: 01:48:16 | eta: 01:43:11 | gpu: 0.8/9.3 GB
2026-07-19 14:47:09 | INFO | cm_purifier.train | Step: 25700/50000 | 51.40% | lr: 0.000100 | Training loss is 0.2833 | distill: 0.0017 | rec: 0.1370 | id: 0.1276 | lpips: 0.1701 | lpips weighted: 0.0170 | lpips weight: 0.1000 | cls: 0.0000 | elapsed: 01:48:36 | eta: 01:42:41 | gpu: 0.8/9.3 GB
2026-07-19 14:47:30 | INFO | cm_purifier.train | Step: 25800/50000 | 51.60% | lr: 0.000100 | Training loss is 0.2489 | distill: 0.0015 | rec: 0.1203 | id: 0.1132 | lpips: 0.1392 | lpips weighted: 0.0139 | lpips weight: 0.1000 | cls: 0.0000 | elapsed: 01:48:58 | eta: 01:42:12 | gpu: 0.8/9.3 GB
2026-07-19 14:47:51 | INFO | cm_purifier.train | Step: 25900/50000 | 51.80% | lr: 0.000100 | Training loss is 0.2675 | distill: 0.0014 | rec: 0.1279 | id: 0.1218 | lpips: 0.1645 | lpips weighted: 0.0164 | lpips weight: 0.1000 | cls: 0.0000 | elapsed: 01:49:19 | eta: 01:41:43 | gpu: 0.8/9.3 GB
2026-07-19 14:48:12 | INFO | cm_purifier.train | Step: 26000/50000 | 52.00% | lr: 0.000100 | Training loss is 0.2908 | distill: 0.0016 | rec: 0.1372 | id: 0.1350 | lpips: 0.1698 | lpips weighted: 0.0170 | lpips weight: 0.1000 | cls: 0.0000 | elapsed: 01:49:40 | eta: 01:41:14 | gpu: 0.8/9.3 GB
2026-07-19 14:48:33 | INFO | cm_purifier.train | Step: 26100/50000 | 52.20% | lr: 0.000100 | Training loss is 0.2947 | distill: 0.0015 | rec: 0.1346 | id: 0.1422 | lpips: 0.1644 | lpips weighted: 0.0164 | lpips weight: 0.1000 | cls: 0.0000 | elapsed: 01:50:01 | eta: 01:40:44 | gpu: 0.8/9.3 GB
2026-07-19 14:48:54 | INFO | cm_purifier.train | Step: 26200/50000 | 52.40% | lr: 0.000100 | Training loss is 0.2609 | distill: 0.0011 | rec: 0.1249 | id: 0.1192 | lpips: 0.1565 | lpips weighted: 0.0156 | lpips weight: 0.1000 | cls: 0.0000 | elapsed: 01:50:22 | eta: 01:40:15 | gpu: 0.8/9.3 GB
2026-07-19 14:49:16 | INFO | cm_purifier.train | Step: 26300/50000 | 52.60% | lr: 0.000100 | Training loss is 0.2767 | distill: 0.0015 | rec: 0.1265 | id: 0.1330 | lpips: 0.1569 | lpips weighted: 0.0157 | lpips weight: 0.1000 | cls: 0.0000 | elapsed: 01:50:44 | eta: 01:39:47 | gpu: 0.8/9.3 GB
2026-07-19 14:49:37 | INFO | cm_purifier.train | Step: 26400/50000 | 52.80% | lr: 0.000100 | Training loss is 0.2511 | distill: 0.0012 | rec: 0.1201 | id: 0.1151 | lpips: 0.1469 | lpips weighted: 0.0147 | lpips weight: 0.1000 | cls: 0.0000 | elapsed: 01:51:05 | eta: 01:39:18 | gpu: 0.8/9.3 GB
2026-07-19 14:49:58 | INFO | cm_purifier.train | Step: 26500/50000 | 53.00% | lr: 0.000100 | Training loss is 0.2633 | distill: 0.0011 | rec: 0.1237 | id: 0.1230 | lpips: 0.1551 | lpips weighted: 0.0155 | lpips weight: 0.1000 | cls: 0.0000 | elapsed: 01:51:26 | eta: 01:38:49 | gpu: 0.8/9.3 GB
2026-07-19 14:50:19 | INFO | cm_purifier.train | Step: 26600/50000 | 53.20% | lr: 0.000100 | Training loss is 0.2607 | distill: 0.0014 | rec: 0.1234 | id: 0.1207 | lpips: 0.1526 | lpips weighted: 0.0153 | lpips weight: 0.1000 | cls: 0.0000 | elapsed: 01:51:47 | eta: 01:38:20 | gpu: 0.8/9.3 GB
2026-07-19 14:50:41 | INFO | cm_purifier.train | Step: 26700/50000 | 53.40% | lr: 0.000100 | Training loss is 0.2768 | distill: 0.0015 | rec: 0.1363 | id: 0.1222 | lpips: 0.1681 | lpips weighted: 0.0168 | lpips weight: 0.1000 | cls: 0.0000 | elapsed: 01:52:09 | eta: 01:37:52 | gpu: 0.8/9.3 GB
2026-07-19 14:51:02 | INFO | cm_purifier.train | Step: 26800/50000 | 53.60% | lr: 0.000100 | Training loss is 0.2621 | distill: 0.0012 | rec: 0.1246 | id: 0.1205 | lpips: 0.1584 | lpips weighted: 0.0158 | lpips weight: 0.1000 | cls: 0.0000 | elapsed: 01:52:30 | eta: 01:37:23 | gpu: 0.8/9.3 GB
2026-07-19 14:51:23 | INFO | cm_purifier.train | Step: 26900/50000 | 53.80% | lr: 0.000100 | Training loss is 0.2550 | distill: 0.0013 | rec: 0.1208 | id: 0.1178 | lpips: 0.1518 | lpips weighted: 0.0152 | lpips weight: 0.1000 | cls: 0.0000 | elapsed: 01:52:51 | eta: 01:36:54 | gpu: 0.8/9.3 GB
2026-07-19 14:51:44 | INFO | cm_purifier.train | Step: 27000/50000 | 54.00% | lr: 0.000100 | Training loss is 0.2705 | distill: 0.0013 | rec: 0.1234 | id: 0.1302 | lpips: 0.1555 | lpips weighted: 0.0155 | lpips weight: 0.1000 | cls: 0.0000 | elapsed: 01:53:12 | eta: 01:36:26 | gpu: 0.8/9.3 GB
2026-07-19 14:52:06 | INFO | cm_purifier.train | Step: 27100/50000 | 54.20% | lr: 0.000100 | Training loss is 0.2925 | distill: 0.0012 | rec: 0.1340 | id: 0.1396 | lpips: 0.1762 | lpips weighted: 0.0176 | lpips weight: 0.1000 | cls: 0.0000 | elapsed: 01:53:33 | eta: 01:35:57 | gpu: 0.8/9.3 GB
2026-07-19 14:52:27 | INFO | cm_purifier.train | Step: 27200/50000 | 54.40% | lr: 0.000100 | Training loss is 0.2549 | distill: 0.0014 | rec: 0.1224 | id: 0.1162 | lpips: 0.1490 | lpips weighted: 0.0149 | lpips weight: 0.1000 | cls: 0.0000 | elapsed: 01:53:55 | eta: 01:35:29 | gpu: 0.8/9.3 GB
2026-07-19 14:52:48 | INFO | cm_purifier.train | Step: 27300/50000 | 54.60% | lr: 0.000100 | Training loss is 0.2886 | distill: 0.0016 | rec: 0.1375 | id: 0.1325 | lpips: 0.1704 | lpips weighted: 0.0170 | lpips weight: 0.1000 | cls: 0.0000 | elapsed: 01:54:16 | eta: 01:35:01 | gpu: 0.8/9.3 GB
2026-07-19 14:53:10 | INFO | cm_purifier.train | Step: 27400/50000 | 54.80% | lr: 0.000100 | Training loss is 0.2501 | distill: 0.0012 | rec: 0.1211 | id: 0.1119 | lpips: 0.1580 | lpips weighted: 0.0158 | lpips weight: 0.1000 | cls: 0.0000 | elapsed: 01:54:38 | eta: 01:34:33 | gpu: 0.8/9.3 GB
2026-07-19 14:53:31 | INFO | cm_purifier.train | Step: 27500/50000 | 55.00% | lr: 0.000100 | Training loss is 0.2569 | distill: 0.0013 | rec: 0.1196 | id: 0.1210 | lpips: 0.1498 | lpips weighted: 0.0150 | lpips weight: 0.1000 | cls: 0.0000 | elapsed: 01:54:59 | eta: 01:34:04 | gpu: 0.8/9.3 GB
2026-07-19 14:53:52 | INFO | cm_purifier.train | Step: 27600/50000 | 55.20% | lr: 0.000100 | Training loss is 0.2577 | distill: 0.0014 | rec: 0.1268 | id: 0.1141 | lpips: 0.1541 | lpips weighted: 0.0154 | lpips weight: 0.1000 | cls: 0.0000 | elapsed: 01:55:20 | eta: 01:33:36 | gpu: 0.8/9.3 GB
2026-07-19 14:54:13 | INFO | cm_purifier.train | Step: 27700/50000 | 55.40% | lr: 0.000100 | Training loss is 0.2722 | distill: 0.0012 | rec: 0.1275 | id: 0.1279 | lpips: 0.1558 | lpips weighted: 0.0156 | lpips weight: 0.1000 | cls: 0.0000 | elapsed: 01:55:41 | eta: 01:33:08 | gpu: 0.8/9.3 GB
2026-07-19 14:54:35 | INFO | cm_purifier.train | Step: 27800/50000 | 55.60% | lr: 0.000100 | Training loss is 0.2559 | distill: 0.0013 | rec: 0.1213 | id: 0.1177 | lpips: 0.1560 | lpips weighted: 0.0156 | lpips weight: 0.1000 | cls: 0.0000 | elapsed: 01:56:02 | eta: 01:32:40 | gpu: 0.8/9.3 GB
2026-07-19 14:54:56 | INFO | cm_purifier.train | Step: 27900/50000 | 55.80% | lr: 0.000100 | Training loss is 0.2501 | distill: 0.0010 | rec: 0.1206 | id: 0.1128 | lpips: 0.1568 | lpips weighted: 0.0157 | lpips weight: 0.1000 | cls: 0.0000 | elapsed: 01:56:24 | eta: 01:32:12 | gpu: 0.8/9.3 GB
2026-07-19 14:55:17 | INFO | cm_purifier.train | Step: 28000/50000 | 56.00% | lr: 0.000100 | Training loss is 0.2661 | distill: 0.0012 | rec: 0.1196 | id: 0.1303 | lpips: 0.1499 | lpips weighted: 0.0150 | lpips weight: 0.1000 | cls: 0.0000 | elapsed: 01:56:45 | eta: 01:31:44 | gpu: 0.8/9.3 GB
2026-07-19 14:55:39 | INFO | cm_purifier.train | Step: 28100/50000 | 56.20% | lr: 0.000100 | Training loss is 0.2307 | distill: 0.0009 | rec: 0.1151 | id: 0.1004 | lpips: 0.1427 | lpips weighted: 0.0143 | lpips weight: 0.1000 | cls: 0.0000 | elapsed: 01:57:07 | eta: 01:31:16 | gpu: 0.8/9.3 GB
2026-07-19 14:56:00 | INFO | cm_purifier.train | Step: 28200/50000 | 56.40% | lr: 0.000100 | Training loss is 0.2701 | distill: 0.0015 | rec: 0.1262 | id: 0.1269 | lpips: 0.1545 | lpips weighted: 0.0155 | lpips weight: 0.1000 | cls: 0.0000 | elapsed: 01:57:28 | eta: 01:30:48 | gpu: 0.8/9.3 GB
2026-07-19 14:56:21 | INFO | cm_purifier.train | Step: 28300/50000 | 56.60% | lr: 0.000100 | Training loss is 0.2720 | distill: 0.0015 | rec: 0.1302 | id: 0.1239 | lpips: 0.1634 | lpips weighted: 0.0163 | lpips weight: 0.1000 | cls: 0.0000 | elapsed: 01:57:49 | eta: 01:30:20 | gpu: 0.8/9.3 GB
2026-07-19 14:56:43 | INFO | cm_purifier.train | Step: 28400/50000 | 56.80% | lr: 0.000100 | Training loss is 0.2514 | distill: 0.0013 | rec: 0.1222 | id: 0.1126 | lpips: 0.1540 | lpips weighted: 0.0154 | lpips weight: 0.1000 | cls: 0.0000 | elapsed: 01:58:11 | eta: 01:29:53 | gpu: 0.8/9.3 GB
2026-07-19 14:57:04 | INFO | cm_purifier.train | Step: 28500/50000 | 57.00% | lr: 0.000100 | Training loss is 0.2495 | distill: 0.0013 | rec: 0.1259 | id: 0.1063 | lpips: 0.1600 | lpips weighted: 0.0160 | lpips weight: 0.1000 | cls: 0.0000 | elapsed: 01:58:32 | eta: 01:29:25 | gpu: 0.8/9.3 GB
2026-07-19 14:57:26 | INFO | cm_purifier.train | Step: 28600/50000 | 57.20% | lr: 0.000100 | Training loss is 0.2580 | distill: 0.0013 | rec: 0.1171 | id: 0.1252 | lpips: 0.1435 | lpips weighted: 0.0143 | lpips weight: 0.1000 | cls: 0.0000 | elapsed: 01:58:54 | eta: 01:28:58 | gpu: 0.8/9.3 GB
2026-07-19 14:57:47 | INFO | cm_purifier.train | Step: 28700/50000 | 57.40% | lr: 0.000100 | Training loss is 0.2930 | distill: 0.0013 | rec: 0.1305 | id: 0.1448 | lpips: 0.1643 | lpips weighted: 0.0164 | lpips weight: 0.1000 | cls: 0.0000 | elapsed: 01:59:15 | eta: 01:28:30 | gpu: 0.8/9.3 GB
2026-07-19 14:58:08 | INFO | cm_purifier.train | Step: 28800/50000 | 57.60% | lr: 0.000100 | Training loss is 0.2587 | distill: 0.0011 | rec: 0.1215 | id: 0.1202 | lpips: 0.1589 | lpips weighted: 0.0159 | lpips weight: 0.1000 | cls: 0.0000 | elapsed: 01:59:36 | eta: 01:28:02 | gpu: 0.8/9.3 GB
2026-07-19 14:58:29 | INFO | cm_purifier.train | Step: 28900/50000 | 57.80% | lr: 0.000100 | Training loss is 0.2592 | distill: 0.0014 | rec: 0.1217 | id: 0.1209 | lpips: 0.1519 | lpips weighted: 0.0152 | lpips weight: 0.1000 | cls: 0.0000 | elapsed: 01:59:57 | eta: 01:27:35 | gpu: 0.8/9.3 GB
2026-07-19 14:58:51 | INFO | cm_purifier.train | Step: 29000/50000 | 58.00% | lr: 0.000100 | Training loss is 0.2695 | distill: 0.0013 | rec: 0.1254 | id: 0.1284 | lpips: 0.1440 | lpips weighted: 0.0144 | lpips weight: 0.1000 | cls: 0.0000 | elapsed: 02:00:18 | eta: 01:27:07 | gpu: 0.8/9.3 GB
2026-07-19 14:59:12 | INFO | cm_purifier.train | Step: 29100/50000 | 58.20% | lr: 0.000100 | Training loss is 0.2664 | distill: 0.0012 | rec: 0.1233 | id: 0.1256 | lpips: 0.1640 | lpips weighted: 0.0164 | lpips weight: 0.1000 | cls: 0.0000 | elapsed: 02:00:40 | eta: 01:26:40 | gpu: 0.8/9.3 GB
2026-07-19 14:59:33 | INFO | cm_purifier.train | Step: 29200/50000 | 58.40% | lr: 0.000100 | Training loss is 0.2348 | distill: 0.0012 | rec: 0.1168 | id: 0.1021 | lpips: 0.1470 | lpips weighted: 0.0147 | lpips weight: 0.1000 | cls: 0.0000 | elapsed: 02:01:01 | eta: 01:26:12 | gpu: 0.8/9.3 GB
2026-07-19 14:59:55 | INFO | cm_purifier.train | Step: 29300/50000 | 58.60% | lr: 0.000100 | Training loss is 0.2583 | distill: 0.0011 | rec: 0.1203 | id: 0.1210 | lpips: 0.1591 | lpips weighted: 0.0159 | lpips weight: 0.1000 | cls: 0.0000 | elapsed: 02:01:23 | eta: 01:25:45 | gpu: 0.8/9.3 GB
2026-07-19 15:00:17 | INFO | cm_purifier.train | Step: 29400/50000 | 58.80% | lr: 0.000100 | Training loss is 0.2525 | distill: 0.0014 | rec: 0.1203 | id: 0.1162 | lpips: 0.1459 | lpips weighted: 0.0146 | lpips weight: 0.1000 | cls: 0.0000 | elapsed: 02:01:44 | eta: 01:25:18 | gpu: 0.8/9.3 GB
2026-07-19 15:00:38 | INFO | cm_purifier.train | Step: 29500/50000 | 59.00% | lr: 0.000100 | Training loss is 0.2878 | distill: 0.0017 | rec: 0.1302 | id: 0.1398 | lpips: 0.1616 | lpips weighted: 0.0162 | lpips weight: 0.1000 | cls: 0.0000 | elapsed: 02:02:06 | eta: 01:24:51 | gpu: 0.8/9.3 GB
2026-07-19 15:00:59 | INFO | cm_purifier.train | Step: 29600/50000 | 59.20% | lr: 0.000100 | Training loss is 0.2620 | distill: 0.0012 | rec: 0.1155 | id: 0.1310 | lpips: 0.1436 | lpips weighted: 0.0144 | lpips weight: 0.1000 | cls: 0.0000 | elapsed: 02:02:27 | eta: 01:24:23 | gpu: 0.8/9.3 GB
2026-07-19 15:01:20 | INFO | cm_purifier.train | Step: 29700/50000 | 59.40% | lr: 0.000100 | Training loss is 0.2418 | distill: 0.0011 | rec: 0.1143 | id: 0.1121 | lpips: 0.1429 | lpips weighted: 0.0143 | lpips weight: 0.1000 | cls: 0.0000 | elapsed: 02:02:48 | eta: 01:23:56 | gpu: 0.8/9.3 GB
2026-07-19 15:01:42 | INFO | cm_purifier.train | Step: 29800/50000 | 59.60% | lr: 0.000100 | Training loss is 0.2506 | distill: 0.0013 | rec: 0.1251 | id: 0.1085 | lpips: 0.1574 | lpips weighted: 0.0157 | lpips weight: 0.1000 | cls: 0.0000 | elapsed: 02:03:10 | eta: 01:23:29 | gpu: 0.8/9.3 GB
2026-07-19 15:02:03 | INFO | cm_purifier.train | Step: 29900/50000 | 59.80% | lr: 0.000100 | Training loss is 0.2252 | distill: 0.0012 | rec: 0.1124 | id: 0.0985 | lpips: 0.1305 | lpips weighted: 0.0130 | lpips weight: 0.1000 | cls: 0.0000 | elapsed: 02:03:31 | eta: 01:23:02 | gpu: 0.8/9.3 GB
2026-07-19 15:02:25 | INFO | cm_purifier.train | Step: 30000/50000 | 60.00% | lr: 0.000100 | Training loss is 0.2597 | distill: 0.0013 | rec: 0.1290 | id: 0.1131 | lpips: 0.1629 | lpips weighted: 0.0163 | lpips weight: 0.1000 | cls: 0.0000 | elapsed: 02:03:53 | eta: 01:22:35 | gpu: 0.8/9.3 GB
2026-07-19 15:03:15 | INFO | cm_purifier.train | Saved checkpoint to /media02/ndthuc03/cm-purify-targeted-poisoning/consistency_model/checkpoints/cm_purifier_lpips.pth at step 30000
2026-07-19 15:04:22 | INFO | cm_purifier.train | Step: 30100/50000 | 60.20% | lr: 0.000100 | Training loss is 0.2471 | distill: 0.0015 | rec: 0.1175 | id: 0.1140 | lpips: 0.1412 | lpips weighted: 0.0141 | lpips weight: 0.1000 | cls: 0.0000 | elapsed: 02:05:50 | eta: 01:23:11 | gpu: 0.8/9.3 GB
2026-07-19 15:04:43 | INFO | cm_purifier.train | Step: 30200/50000 | 60.40% | lr: 0.000100 | Training loss is 0.2632 | distill: 0.0015 | rec: 0.1289 | id: 0.1176 | lpips: 0.1515 | lpips weighted: 0.0151 | lpips weight: 0.1000 | cls: 0.0000 | elapsed: 02:06:11 | eta: 01:22:44 | gpu: 0.8/9.3 GB
2026-07-19 15:05:04 | INFO | cm_purifier.train | Step: 30300/50000 | 60.60% | lr: 0.000100 | Training loss is 0.2783 | distill: 0.0011 | rec: 0.1300 | id: 0.1307 | lpips: 0.1650 | lpips weighted: 0.0165 | lpips weight: 0.1000 | cls: 0.0000 | elapsed: 02:06:31 | eta: 01:22:16 | gpu: 0.8/9.3 GB
2026-07-19 15:05:24 | INFO | cm_purifier.train | Step: 30400/50000 | 60.80% | lr: 0.000100 | Training loss is 0.2395 | distill: 0.0011 | rec: 0.1130 | id: 0.1115 | lpips: 0.1381 | lpips weighted: 0.0138 | lpips weight: 0.1000 | cls: 0.0000 | elapsed: 02:06:52 | eta: 01:21:48 | gpu: 0.8/9.3 GB
2026-07-19 15:05:45 | INFO | cm_purifier.train | Step: 30500/50000 | 61.00% | lr: 0.000100 | Training loss is 0.2497 | distill: 0.0011 | rec: 0.1178 | id: 0.1162 | lpips: 0.1458 | lpips weighted: 0.0146 | lpips weight: 0.1000 | cls: 0.0000 | elapsed: 02:07:13 | eta: 01:21:20 | gpu: 0.8/9.3 GB
2026-07-19 15:06:06 | INFO | cm_purifier.train | Step: 30600/50000 | 61.20% | lr: 0.000100 | Training loss is 0.2665 | distill: 0.0015 | rec: 0.1275 | id: 0.1224 | lpips: 0.1508 | lpips weighted: 0.0151 | lpips weight: 0.1000 | cls: 0.0000 | elapsed: 02:07:34 | eta: 01:20:52 | gpu: 0.8/9.3 GB
2026-07-19 15:06:27 | INFO | cm_purifier.train | Step: 30700/50000 | 61.40% | lr: 0.000100 | Training loss is 0.2678 | distill: 0.0014 | rec: 0.1321 | id: 0.1179 | lpips: 0.1630 | lpips weighted: 0.0163 | lpips weight: 0.1000 | cls: 0.0000 | elapsed: 02:07:55 | eta: 01:20:25 | gpu: 0.8/9.3 GB
2026-07-19 15:06:49 | INFO | cm_purifier.train | Step: 30800/50000 | 61.60% | lr: 0.000100 | Training loss is 0.2593 | distill: 0.0012 | rec: 0.1240 | id: 0.1188 | lpips: 0.1524 | lpips weighted: 0.0152 | lpips weight: 0.1000 | cls: 0.0000 | elapsed: 02:08:16 | eta: 01:19:58 | gpu: 0.8/9.3 GB
2026-07-19 15:07:10 | INFO | cm_purifier.train | Step: 30900/50000 | 61.80% | lr: 0.000100 | Training loss is 0.2564 | distill: 0.0012 | rec: 0.1199 | id: 0.1204 | lpips: 0.1496 | lpips weighted: 0.0150 | lpips weight: 0.1000 | cls: 0.0000 | elapsed: 02:08:38 | eta: 01:19:30 | gpu: 0.8/9.3 GB
2026-07-19 15:07:31 | INFO | cm_purifier.train | Step: 31000/50000 | 62.00% | lr: 0.000100 | Training loss is 0.2696 | distill: 0.0011 | rec: 0.1254 | id: 0.1279 | lpips: 0.1506 | lpips weighted: 0.0151 | lpips weight: 0.1000 | cls: 0.0000 | elapsed: 02:08:59 | eta: 01:19:03 | gpu: 0.8/9.3 GB
2026-07-19 15:07:52 | INFO | cm_purifier.train | Step: 31100/50000 | 62.20% | lr: 0.000100 | Training loss is 0.2709 | distill: 0.0012 | rec: 0.1245 | id: 0.1292 | lpips: 0.1603 | lpips weighted: 0.0160 | lpips weight: 0.1000 | cls: 0.0000 | elapsed: 02:09:20 | eta: 01:18:35 | gpu: 0.8/9.3 GB
2026-07-19 15:08:13 | INFO | cm_purifier.train | Step: 31200/50000 | 62.40% | lr: 0.000100 | Training loss is 0.2608 | distill: 0.0012 | rec: 0.1252 | id: 0.1186 | lpips: 0.1577 | lpips weighted: 0.0158 | lpips weight: 0.1000 | cls: 0.0000 | elapsed: 02:09:41 | eta: 01:18:08 | gpu: 0.8/9.3 GB
2026-07-19 15:08:34 | INFO | cm_purifier.train | Step: 31300/50000 | 62.60% | lr: 0.000100 | Training loss is 0.2491 | distill: 0.0014 | rec: 0.1215 | id: 0.1121 | lpips: 0.1418 | lpips weighted: 0.0142 | lpips weight: 0.1000 | cls: 0.0000 | elapsed: 02:10:02 | eta: 01:17:41 | gpu: 0.8/9.3 GB
2026-07-19 15:08:56 | INFO | cm_purifier.train | Step: 31400/50000 | 62.80% | lr: 0.000100 | Training loss is 0.2457 | distill: 0.0013 | rec: 0.1234 | id: 0.1056 | lpips: 0.1540 | lpips weighted: 0.0154 | lpips weight: 0.1000 | cls: 0.0000 | elapsed: 02:10:24 | eta: 01:17:14 | gpu: 0.8/9.3 GB
2026-07-19 15:09:17 | INFO | cm_purifier.train | Step: 31500/50000 | 63.00% | lr: 0.000100 | Training loss is 0.2715 | distill: 0.0015 | rec: 0.1235 | id: 0.1324 | lpips: 0.1408 | lpips weighted: 0.0141 | lpips weight: 0.1000 | cls: 0.0000 | elapsed: 02:10:45 | eta: 01:16:47 | gpu: 0.8/9.3 GB
2026-07-19 15:09:38 | INFO | cm_purifier.train | Step: 31600/50000 | 63.20% | lr: 0.000100 | Training loss is 0.2797 | distill: 0.0015 | rec: 0.1339 | id: 0.1277 | lpips: 0.1657 | lpips weighted: 0.0166 | lpips weight: 0.1000 | cls: 0.0000 | elapsed: 02:11:06 | eta: 01:16:20 | gpu: 0.8/9.3 GB
2026-07-19 15:10:00 | INFO | cm_purifier.train | Step: 31700/50000 | 63.40% | lr: 0.000100 | Training loss is 0.2386 | distill: 0.0013 | rec: 0.1203 | id: 0.1027 | lpips: 0.1425 | lpips weighted: 0.0142 | lpips weight: 0.1000 | cls: 0.0000 | elapsed: 02:11:27 | eta: 01:15:53 | gpu: 0.8/9.3 GB
2026-07-19 15:10:21 | INFO | cm_purifier.train | Step: 31800/50000 | 63.60% | lr: 0.000100 | Training loss is 0.2428 | distill: 0.0011 | rec: 0.1125 | id: 0.1151 | lpips: 0.1414 | lpips weighted: 0.0141 | lpips weight: 0.1000 | cls: 0.0000 | elapsed: 02:11:48 | eta: 01:15:26 | gpu: 0.8/9.3 GB
2026-07-19 15:10:42 | INFO | cm_purifier.train | Step: 31900/50000 | 63.80% | lr: 0.000100 | Training loss is 0.2568 | distill: 0.0011 | rec: 0.1252 | id: 0.1142 | lpips: 0.1634 | lpips weighted: 0.0163 | lpips weight: 0.1000 | cls: 0.0000 | elapsed: 02:12:10 | eta: 01:14:59 | gpu: 0.8/9.3 GB
2026-07-19 15:11:03 | INFO | cm_purifier.train | Step: 32000/50000 | 64.00% | lr: 0.000100 | Training loss is 0.2335 | distill: 0.0012 | rec: 0.1128 | id: 0.1054 | lpips: 0.1408 | lpips weighted: 0.0141 | lpips weight: 0.1000 | cls: 0.0000 | elapsed: 02:12:31 | eta: 01:14:32 | gpu: 0.8/9.3 GB
2026-07-19 15:11:25 | INFO | cm_purifier.train | Step: 32100/50000 | 64.20% | lr: 0.000100 | Training loss is 0.2434 | distill: 0.0012 | rec: 0.1173 | id: 0.1104 | lpips: 0.1444 | lpips weighted: 0.0144 | lpips weight: 0.1000 | cls: 0.0000 | elapsed: 02:12:53 | eta: 01:14:06 | gpu: 0.8/9.3 GB
2026-07-19 15:11:46 | INFO | cm_purifier.train | Step: 32200/50000 | 64.40% | lr: 0.000100 | Training loss is 0.2889 | distill: 0.0018 | rec: 0.1306 | id: 0.1405 | lpips: 0.1588 | lpips weighted: 0.0159 | lpips weight: 0.1000 | cls: 0.0000 | elapsed: 02:13:14 | eta: 01:13:39 | gpu: 0.8/9.3 GB
2026-07-19 15:12:08 | INFO | cm_purifier.train | Step: 32300/50000 | 64.60% | lr: 0.000100 | Training loss is 0.2769 | distill: 0.0013 | rec: 0.1331 | id: 0.1262 | lpips: 0.1625 | lpips weighted: 0.0163 | lpips weight: 0.1000 | cls: 0.0000 | elapsed: 02:13:36 | eta: 01:13:12 | gpu: 0.8/9.3 GB
2026-07-19 15:12:29 | INFO | cm_purifier.train | Step: 32400/50000 | 64.80% | lr: 0.000100 | Training loss is 0.2644 | distill: 0.0014 | rec: 0.1247 | id: 0.1231 | lpips: 0.1515 | lpips weighted: 0.0152 | lpips weight: 0.1000 | cls: 0.0000 | elapsed: 02:13:57 | eta: 01:12:45 | gpu: 0.8/9.3 GB
2026-07-19 15:12:50 | INFO | cm_purifier.train | Step: 32500/50000 | 65.00% | lr: 0.000100 | Training loss is 0.2481 | distill: 0.0013 | rec: 0.1237 | id: 0.1081 | lpips: 0.1496 | lpips weighted: 0.0150 | lpips weight: 0.1000 | cls: 0.0000 | elapsed: 02:14:18 | eta: 01:12:19 | gpu: 0.8/9.3 GB
2026-07-19 15:13:12 | INFO | cm_purifier.train | Step: 32600/50000 | 65.20% | lr: 0.000100 | Training loss is 0.2525 | distill: 0.0015 | rec: 0.1235 | id: 0.1129 | lpips: 0.1450 | lpips weighted: 0.0145 | lpips weight: 0.1000 | cls: 0.0000 | elapsed: 02:14:39 | eta: 01:11:52 | gpu: 0.8/9.3 GB
2026-07-19 15:13:33 | INFO | cm_purifier.train | Step: 32700/50000 | 65.40% | lr: 0.000100 | Training loss is 0.2511 | distill: 0.0014 | rec: 0.1239 | id: 0.1102 | lpips: 0.1551 | lpips weighted: 0.0155 | lpips weight: 0.1000 | cls: 0.0000 | elapsed: 02:15:01 | eta: 01:11:25 | gpu: 0.8/9.3 GB
2026-07-19 15:13:54 | INFO | cm_purifier.train | Step: 32800/50000 | 65.60% | lr: 0.000100 | Training loss is 0.2476 | distill: 0.0011 | rec: 0.1196 | id: 0.1126 | lpips: 0.1441 | lpips weighted: 0.0144 | lpips weight: 0.1000 | cls: 0.0000 | elapsed: 02:15:22 | eta: 01:10:59 | gpu: 0.8/9.3 GB
2026-07-19 15:14:15 | INFO | cm_purifier.train | Step: 32900/50000 | 65.80% | lr: 0.000100 | Training loss is 0.2428 | distill: 0.0014 | rec: 0.1166 | id: 0.1099 | lpips: 0.1498 | lpips weighted: 0.0150 | lpips weight: 0.1000 | cls: 0.0000 | elapsed: 02:15:43 | eta: 01:10:32 | gpu: 0.8/9.3 GB
2026-07-19 15:14:37 | INFO | cm_purifier.train | Step: 33000/50000 | 66.00% | lr: 0.000100 | Training loss is 0.2588 | distill: 0.0014 | rec: 0.1278 | id: 0.1137 | lpips: 0.1586 | lpips weighted: 0.0159 | lpips weight: 0.1000 | cls: 0.0000 | elapsed: 02:16:05 | eta: 01:10:06 | gpu: 0.8/9.3 GB
2026-07-19 15:14:58 | INFO | cm_purifier.train | Step: 33100/50000 | 66.20% | lr: 0.000100 | Training loss is 0.2403 | distill: 0.0011 | rec: 0.1159 | id: 0.1083 | lpips: 0.1502 | lpips weighted: 0.0150 | lpips weight: 0.1000 | cls: 0.0000 | elapsed: 02:16:26 | eta: 01:09:39 | gpu: 0.8/9.3 GB
2026-07-19 15:15:20 | INFO | cm_purifier.train | Step: 33200/50000 | 66.40% | lr: 0.000100 | Training loss is 0.2700 | distill: 0.0013 | rec: 0.1291 | id: 0.1239 | lpips: 0.1570 | lpips weighted: 0.0157 | lpips weight: 0.1000 | cls: 0.0000 | elapsed: 02:16:47 | eta: 01:09:13 | gpu: 0.8/9.3 GB
2026-07-19 15:15:41 | INFO | cm_purifier.train | Step: 33300/50000 | 66.60% | lr: 0.000100 | Training loss is 0.2906 | distill: 0.0015 | rec: 0.1368 | id: 0.1347 | lpips: 0.1776 | lpips weighted: 0.0178 | lpips weight: 0.1000 | cls: 0.0000 | elapsed: 02:17:09 | eta: 01:08:47 | gpu: 0.8/9.3 GB
2026-07-19 15:16:02 | INFO | cm_purifier.train | Step: 33400/50000 | 66.80% | lr: 0.000100 | Training loss is 0.2729 | distill: 0.0013 | rec: 0.1235 | id: 0.1330 | lpips: 0.1508 | lpips weighted: 0.0151 | lpips weight: 0.1000 | cls: 0.0000 | elapsed: 02:17:30 | eta: 01:08:20 | gpu: 0.8/9.3 GB
2026-07-19 15:16:24 | INFO | cm_purifier.train | Step: 33500/50000 | 67.00% | lr: 0.000100 | Training loss is 0.2609 | distill: 0.0014 | rec: 0.1239 | id: 0.1209 | lpips: 0.1475 | lpips weighted: 0.0147 | lpips weight: 0.1000 | cls: 0.0000 | elapsed: 02:17:52 | eta: 01:07:54 | gpu: 0.8/9.3 GB
2026-07-19 15:16:45 | INFO | cm_purifier.train | Step: 33600/50000 | 67.20% | lr: 0.000100 | Training loss is 0.2654 | distill: 0.0014 | rec: 0.1309 | id: 0.1162 | lpips: 0.1697 | lpips weighted: 0.0170 | lpips weight: 0.1000 | cls: 0.0000 | elapsed: 02:18:13 | eta: 01:07:27 | gpu: 0.8/9.3 GB
2026-07-19 15:17:06 | INFO | cm_purifier.train | Step: 33700/50000 | 67.40% | lr: 0.000100 | Training loss is 0.2679 | distill: 0.0014 | rec: 0.1225 | id: 0.1285 | lpips: 0.1545 | lpips weighted: 0.0155 | lpips weight: 0.1000 | cls: 0.0000 | elapsed: 02:18:34 | eta: 01:07:01 | gpu: 0.8/9.3 GB
2026-07-19 15:17:27 | INFO | cm_purifier.train | Step: 33800/50000 | 67.60% | lr: 0.000100 | Training loss is 0.2852 | distill: 0.0014 | rec: 0.1330 | id: 0.1336 | lpips: 0.1724 | lpips weighted: 0.0172 | lpips weight: 0.1000 | cls: 0.0000 | elapsed: 02:18:55 | eta: 01:06:35 | gpu: 0.8/9.3 GB
2026-07-19 15:17:49 | INFO | cm_purifier.train | Step: 33900/50000 | 67.80% | lr: 0.000100 | Training loss is 0.2430 | distill: 0.0012 | rec: 0.1156 | id: 0.1112 | lpips: 0.1492 | lpips weighted: 0.0149 | lpips weight: 0.1000 | cls: 0.0000 | elapsed: 02:19:17 | eta: 01:06:08 | gpu: 0.8/9.3 GB
2026-07-19 15:18:10 | INFO | cm_purifier.train | Step: 34000/50000 | 68.00% | lr: 0.000100 | Training loss is 0.2534 | distill: 0.0010 | rec: 0.1212 | id: 0.1160 | lpips: 0.1529 | lpips weighted: 0.0153 | lpips weight: 0.1000 | cls: 0.0000 | elapsed: 02:19:38 | eta: 01:05:42 | gpu: 0.8/9.3 GB
2026-07-19 15:18:31 | INFO | cm_purifier.train | Step: 34100/50000 | 68.20% | lr: 0.000100 | Training loss is 0.2404 | distill: 0.0016 | rec: 0.1183 | id: 0.1065 | lpips: 0.1397 | lpips weighted: 0.0140 | lpips weight: 0.1000 | cls: 0.0000 | elapsed: 02:19:59 | eta: 01:05:16 | gpu: 0.8/9.3 GB
2026-07-19 15:18:53 | INFO | cm_purifier.train | Step: 34200/50000 | 68.40% | lr: 0.000100 | Training loss is 0.2551 | distill: 0.0014 | rec: 0.1170 | id: 0.1229 | lpips: 0.1388 | lpips weighted: 0.0139 | lpips weight: 0.1000 | cls: 0.0000 | elapsed: 02:20:21 | eta: 01:04:50 | gpu: 0.8/9.3 GB
2026-07-19 15:19:14 | INFO | cm_purifier.train | Step: 34300/50000 | 68.60% | lr: 0.000100 | Training loss is 0.2582 | distill: 0.0013 | rec: 0.1176 | id: 0.1248 | lpips: 0.1454 | lpips weighted: 0.0145 | lpips weight: 0.1000 | cls: 0.0000 | elapsed: 02:20:42 | eta: 01:04:24 | gpu: 0.8/9.3 GB
2026-07-19 15:19:36 | INFO | cm_purifier.train | Step: 34400/50000 | 68.80% | lr: 0.000100 | Training loss is 0.2442 | distill: 0.0017 | rec: 0.1158 | id: 0.1133 | lpips: 0.1336 | lpips weighted: 0.0134 | lpips weight: 0.1000 | cls: 0.0000 | elapsed: 02:21:03 | eta: 01:03:58 | gpu: 0.8/9.3 GB
2026-07-19 15:19:57 | INFO | cm_purifier.train | Step: 34500/50000 | 69.00% | lr: 0.000100 | Training loss is 0.2602 | distill: 0.0012 | rec: 0.1226 | id: 0.1217 | lpips: 0.1473 | lpips weighted: 0.0147 | lpips weight: 0.1000 | cls: 0.0000 | elapsed: 02:21:25 | eta: 01:03:32 | gpu: 0.8/9.3 GB
2026-07-19 15:20:18 | INFO | cm_purifier.train | Step: 34600/50000 | 69.20% | lr: 0.000100 | Training loss is 0.2468 | distill: 0.0012 | rec: 0.1186 | id: 0.1123 | lpips: 0.1463 | lpips weighted: 0.0146 | lpips weight: 0.1000 | cls: 0.0000 | elapsed: 02:21:46 | eta: 01:03:06 | gpu: 0.8/9.3 GB
2026-07-19 15:20:40 | INFO | cm_purifier.train | Step: 34700/50000 | 69.40% | lr: 0.000100 | Training loss is 0.2593 | distill: 0.0013 | rec: 0.1310 | id: 0.1102 | lpips: 0.1683 | lpips weighted: 0.0168 | lpips weight: 0.1000 | cls: 0.0000 | elapsed: 02:22:07 | eta: 01:02:40 | gpu: 0.8/9.3 GB
2026-07-19 15:21:01 | INFO | cm_purifier.train | Step: 34800/50000 | 69.60% | lr: 0.000100 | Training loss is 0.2459 | distill: 0.0012 | rec: 0.1216 | id: 0.1081 | lpips: 0.1497 | lpips weighted: 0.0150 | lpips weight: 0.1000 | cls: 0.0000 | elapsed: 02:22:29 | eta: 01:02:14 | gpu: 0.8/9.3 GB
2026-07-19 15:21:22 | INFO | cm_purifier.train | Step: 34900/50000 | 69.80% | lr: 0.000100 | Training loss is 0.2824 | distill: 0.0018 | rec: 0.1336 | id: 0.1302 | lpips: 0.1687 | lpips weighted: 0.0169 | lpips weight: 0.1000 | cls: 0.0000 | elapsed: 02:22:50 | eta: 01:01:48 | gpu: 0.8/9.3 GB
2026-07-19 15:21:43 | INFO | cm_purifier.train | Step: 35000/50000 | 70.00% | lr: 0.000100 | Training loss is 0.2534 | distill: 0.0010 | rec: 0.1197 | id: 0.1175 | lpips: 0.1520 | lpips weighted: 0.0152 | lpips weight: 0.1000 | cls: 0.0000 | elapsed: 02:23:11 | eta: 01:01:22 | gpu: 0.8/9.3 GB
2026-07-19 15:22:34 | INFO | cm_purifier.train | Saved checkpoint to /media02/ndthuc03/cm-purify-targeted-poisoning/consistency_model/checkpoints/cm_purifier_lpips.pth at step 35000
2026-07-19 15:23:39 | INFO | cm_purifier.train | Step: 35100/50000 | 70.20% | lr: 0.000100 | Training loss is 0.2591 | distill: 0.0014 | rec: 0.1267 | id: 0.1148 | lpips: 0.1619 | lpips weighted: 0.0162 | lpips weight: 0.1000 | cls: 0.0000 | elapsed: 02:25:07 | eta: 01:01:36 | gpu: 0.8/9.3 GB
2026-07-19 15:24:00 | INFO | cm_purifier.train | Step: 35200/50000 | 70.40% | lr: 0.000100 | Training loss is 0.2632 | distill: 0.0018 | rec: 0.1262 | id: 0.1195 | lpips: 0.1572 | lpips weighted: 0.0157 | lpips weight: 0.1000 | cls: 0.0000 | elapsed: 02:25:28 | eta: 01:01:09 | gpu: 0.8/9.3 GB
2026-07-19 15:24:21 | INFO | cm_purifier.train | Step: 35300/50000 | 70.60% | lr: 0.000100 | Training loss is 0.2520 | distill: 0.0013 | rec: 0.1219 | id: 0.1137 | lpips: 0.1516 | lpips weighted: 0.0152 | lpips weight: 0.1000 | cls: 0.0000 | elapsed: 02:25:49 | eta: 01:00:43 | gpu: 0.8/9.3 GB
2026-07-19 15:24:42 | INFO | cm_purifier.train | Step: 35400/50000 | 70.80% | lr: 0.000100 | Training loss is 0.2474 | distill: 0.0015 | rec: 0.1195 | id: 0.1120 | lpips: 0.1446 | lpips weighted: 0.0145 | lpips weight: 0.1000 | cls: 0.0000 | elapsed: 02:26:10 | eta: 01:00:17 | gpu: 0.8/9.3 GB
2026-07-19 15:25:02 | INFO | cm_purifier.train | Step: 35500/50000 | 71.00% | lr: 0.000100 | Training loss is 0.2667 | distill: 0.0017 | rec: 0.1300 | id: 0.1196 | lpips: 0.1546 | lpips weighted: 0.0155 | lpips weight: 0.1000 | cls: 0.0000 | elapsed: 02:26:30 | eta: 00:59:50 | gpu: 0.8/9.3 GB
2026-07-19 15:25:23 | INFO | cm_purifier.train | Step: 35600/50000 | 71.20% | lr: 0.000100 | Training loss is 0.2495 | distill: 0.0013 | rec: 0.1185 | id: 0.1160 | lpips: 0.1378 | lpips weighted: 0.0138 | lpips weight: 0.1000 | cls: 0.0000 | elapsed: 02:26:51 | eta: 00:59:24 | gpu: 0.8/9.3 GB
2026-07-19 15:25:44 | INFO | cm_purifier.train | Step: 35700/50000 | 71.40% | lr: 0.000100 | Training loss is 0.2511 | distill: 0.0015 | rec: 0.1237 | id: 0.1111 | lpips: 0.1484 | lpips weighted: 0.0148 | lpips weight: 0.1000 | cls: 0.0000 | elapsed: 02:27:12 | eta: 00:58:57 | gpu: 0.8/9.3 GB
2026-07-19 15:26:05 | INFO | cm_purifier.train | Step: 35800/50000 | 71.60% | lr: 0.000100 | Training loss is 0.2765 | distill: 0.0012 | rec: 0.1293 | id: 0.1302 | lpips: 0.1571 | lpips weighted: 0.0157 | lpips weight: 0.1000 | cls: 0.0000 | elapsed: 02:27:33 | eta: 00:58:31 | gpu: 0.8/9.3 GB
2026-07-19 15:26:26 | INFO | cm_purifier.train | Step: 35900/50000 | 71.80% | lr: 0.000100 | Training loss is 0.2776 | distill: 0.0014 | rec: 0.1301 | id: 0.1294 | lpips: 0.1670 | lpips weighted: 0.0167 | lpips weight: 0.1000 | cls: 0.0000 | elapsed: 02:27:54 | eta: 00:58:05 | gpu: 0.8/9.3 GB
2026-07-19 15:26:47 | INFO | cm_purifier.train | Step: 36000/50000 | 72.00% | lr: 0.000100 | Training loss is 0.2347 | distill: 0.0013 | rec: 0.1142 | id: 0.1056 | lpips: 0.1365 | lpips weighted: 0.0136 | lpips weight: 0.1000 | cls: 0.0000 | elapsed: 02:28:15 | eta: 00:57:39 | gpu: 0.8/9.3 GB
2026-07-19 15:27:09 | INFO | cm_purifier.train | Step: 36100/50000 | 72.20% | lr: 0.000100 | Training loss is 0.2414 | distill: 0.0012 | rec: 0.1143 | id: 0.1104 | lpips: 0.1547 | lpips weighted: 0.0155 | lpips weight: 0.1000 | cls: 0.0000 | elapsed: 02:28:36 | eta: 00:57:13 | gpu: 0.8/9.3 GB
2026-07-19 15:27:30 | INFO | cm_purifier.train | Step: 36200/50000 | 72.40% | lr: 0.000100 | Training loss is 0.2631 | distill: 0.0014 | rec: 0.1293 | id: 0.1167 | lpips: 0.1564 | lpips weighted: 0.0156 | lpips weight: 0.1000 | cls: 0.0000 | elapsed: 02:28:57 | eta: 00:56:47 | gpu: 0.8/9.3 GB
2026-07-19 15:27:51 | INFO | cm_purifier.train | Step: 36300/50000 | 72.60% | lr: 0.000100 | Training loss is 0.2591 | distill: 0.0011 | rec: 0.1175 | id: 0.1263 | lpips: 0.1428 | lpips weighted: 0.0143 | lpips weight: 0.1000 | cls: 0.0000 | elapsed: 02:29:19 | eta: 00:56:21 | gpu: 0.8/9.3 GB
2026-07-19 15:28:12 | INFO | cm_purifier.train | Step: 36400/50000 | 72.80% | lr: 0.000100 | Training loss is 0.2596 | distill: 0.0014 | rec: 0.1231 | id: 0.1198 | lpips: 0.1535 | lpips weighted: 0.0154 | lpips weight: 0.1000 | cls: 0.0000 | elapsed: 02:29:40 | eta: 00:55:55 | gpu: 0.8/9.3 GB
2026-07-19 15:28:33 | INFO | cm_purifier.train | Step: 36500/50000 | 73.00% | lr: 0.000100 | Training loss is 0.2662 | distill: 0.0016 | rec: 0.1209 | id: 0.1278 | lpips: 0.1581 | lpips weighted: 0.0158 | lpips weight: 0.1000 | cls: 0.0000 | elapsed: 02:30:01 | eta: 00:55:29 | gpu: 0.8/9.3 GB
2026-07-19 15:28:55 | INFO | cm_purifier.train | Step: 36600/50000 | 73.20% | lr: 0.000100 | Training loss is 0.2529 | distill: 0.0014 | rec: 0.1239 | id: 0.1131 | lpips: 0.1444 | lpips weighted: 0.0144 | lpips weight: 0.1000 | cls: 0.0000 | elapsed: 02:30:22 | eta: 00:55:03 | gpu: 0.8/9.3 GB
2026-07-19 15:29:16 | INFO | cm_purifier.train | Step: 36700/50000 | 73.40% | lr: 0.000100 | Training loss is 0.2579 | distill: 0.0018 | rec: 0.1228 | id: 0.1181 | lpips: 0.1512 | lpips weighted: 0.0151 | lpips weight: 0.1000 | cls: 0.0000 | elapsed: 02:30:44 | eta: 00:54:37 | gpu: 0.8/9.3 GB
2026-07-19 15:29:37 | INFO | cm_purifier.train | Step: 36800/50000 | 73.60% | lr: 0.000100 | Training loss is 0.2844 | distill: 0.0013 | rec: 0.1295 | id: 0.1370 | lpips: 0.1655 | lpips weighted: 0.0165 | lpips weight: 0.1000 | cls: 0.0000 | elapsed: 02:31:05 | eta: 00:54:11 | gpu: 0.8/9.3 GB
2026-07-19 15:29:58 | INFO | cm_purifier.train | Step: 36900/50000 | 73.80% | lr: 0.000100 | Training loss is 0.2522 | distill: 0.0012 | rec: 0.1183 | id: 0.1175 | lpips: 0.1526 | lpips weighted: 0.0153 | lpips weight: 0.1000 | cls: 0.0000 | elapsed: 02:31:26 | eta: 00:53:45 | gpu: 0.8/9.3 GB
2026-07-19 15:30:20 | INFO | cm_purifier.train | Step: 37000/50000 | 74.00% | lr: 0.000100 | Training loss is 0.2519 | distill: 0.0014 | rec: 0.1176 | id: 0.1190 | lpips: 0.1387 | lpips weighted: 0.0139 | lpips weight: 0.1000 | cls: 0.0000 | elapsed: 02:31:48 | eta: 00:53:20 | gpu: 0.8/9.3 GB
2026-07-19 15:30:41 | INFO | cm_purifier.train | Step: 37100/50000 | 74.20% | lr: 0.000100 | Training loss is 0.2558 | distill: 0.0017 | rec: 0.1240 | id: 0.1155 | lpips: 0.1450 | lpips weighted: 0.0145 | lpips weight: 0.1000 | cls: 0.0000 | elapsed: 02:32:09 | eta: 00:52:54 | gpu: 0.8/9.3 GB
2026-07-19 15:31:02 | INFO | cm_purifier.train | Step: 37200/50000 | 74.40% | lr: 0.000100 | Training loss is 0.2775 | distill: 0.0012 | rec: 0.1257 | id: 0.1340 | lpips: 0.1660 | lpips weighted: 0.0166 | lpips weight: 0.1000 | cls: 0.0000 | elapsed: 02:32:30 | eta: 00:52:28 | gpu: 0.8/9.3 GB
2026-07-19 15:31:24 | INFO | cm_purifier.train | Step: 37300/50000 | 74.60% | lr: 0.000100 | Training loss is 0.2459 | distill: 0.0014 | rec: 0.1230 | id: 0.1060 | lpips: 0.1549 | lpips weighted: 0.0155 | lpips weight: 0.1000 | cls: 0.0000 | elapsed: 02:32:52 | eta: 00:52:02 | gpu: 0.8/9.3 GB
2026-07-19 15:31:45 | INFO | cm_purifier.train | Step: 37400/50000 | 74.80% | lr: 0.000100 | Training loss is 0.2418 | distill: 0.0011 | rec: 0.1142 | id: 0.1131 | lpips: 0.1340 | lpips weighted: 0.0134 | lpips weight: 0.1000 | cls: 0.0000 | elapsed: 02:33:13 | eta: 00:51:37 | gpu: 0.8/9.3 GB
2026-07-19 15:32:07 | INFO | cm_purifier.train | Step: 37500/50000 | 75.00% | lr: 0.000100 | Training loss is 0.2679 | distill: 0.0013 | rec: 0.1221 | id: 0.1283 | lpips: 0.1617 | lpips weighted: 0.0162 | lpips weight: 0.1000 | cls: 0.0000 | elapsed: 02:33:34 | eta: 00:51:11 | gpu: 0.8/9.3 GB
2026-07-19 15:32:28 | INFO | cm_purifier.train | Step: 37600/50000 | 75.20% | lr: 0.000100 | Training loss is 0.2609 | distill: 0.0017 | rec: 0.1280 | id: 0.1152 | lpips: 0.1597 | lpips weighted: 0.0160 | lpips weight: 0.1000 | cls: 0.0000 | elapsed: 02:33:56 | eta: 00:50:45 | gpu: 0.8/9.3 GB
2026-07-19 15:32:49 | INFO | cm_purifier.train | Step: 37700/50000 | 75.40% | lr: 0.000100 | Training loss is 0.2563 | distill: 0.0012 | rec: 0.1226 | id: 0.1172 | lpips: 0.1534 | lpips weighted: 0.0153 | lpips weight: 0.1000 | cls: 0.0000 | elapsed: 02:34:17 | eta: 00:50:20 | gpu: 0.8/9.3 GB
2026-07-19 15:33:10 | INFO | cm_purifier.train | Step: 37800/50000 | 75.60% | lr: 0.000100 | Training loss is 0.2595 | distill: 0.0012 | rec: 0.1234 | id: 0.1196 | lpips: 0.1530 | lpips weighted: 0.0153 | lpips weight: 0.1000 | cls: 0.0000 | elapsed: 02:34:38 | eta: 00:49:54 | gpu: 0.8/9.3 GB
2026-07-19 15:33:32 | INFO | cm_purifier.train | Step: 37900/50000 | 75.80% | lr: 0.000100 | Training loss is 0.2519 | distill: 0.0011 | rec: 0.1235 | id: 0.1120 | lpips: 0.1538 | lpips weighted: 0.0154 | lpips weight: 0.1000 | cls: 0.0000 | elapsed: 02:34:59 | eta: 00:49:29 | gpu: 0.8/9.3 GB
2026-07-19 15:33:53 | INFO | cm_purifier.train | Step: 38000/50000 | 76.00% | lr: 0.000100 | Training loss is 0.2607 | distill: 0.0012 | rec: 0.1261 | id: 0.1184 | lpips: 0.1504 | lpips weighted: 0.0150 | lpips weight: 0.1000 | cls: 0.0000 | elapsed: 02:35:21 | eta: 00:49:03 | gpu: 0.8/9.3 GB
2026-07-19 15:34:14 | INFO | cm_purifier.train | Step: 38100/50000 | 76.20% | lr: 0.000100 | Training loss is 0.2560 | distill: 0.0015 | rec: 0.1220 | id: 0.1177 | lpips: 0.1482 | lpips weighted: 0.0148 | lpips weight: 0.1000 | cls: 0.0000 | elapsed: 02:35:42 | eta: 00:48:38 | gpu: 0.8/9.3 GB
2026-07-19 15:34:36 | INFO | cm_purifier.train | Step: 38200/50000 | 76.40% | lr: 0.000100 | Training loss is 0.2769 | distill: 0.0015 | rec: 0.1292 | id: 0.1301 | lpips: 0.1620 | lpips weighted: 0.0162 | lpips weight: 0.1000 | cls: 0.0000 | elapsed: 02:36:04 | eta: 00:48:12 | gpu: 0.8/9.3 GB
2026-07-19 15:34:57 | INFO | cm_purifier.train | Step: 38300/50000 | 76.60% | lr: 0.000100 | Training loss is 0.2557 | distill: 0.0014 | rec: 0.1215 | id: 0.1179 | lpips: 0.1497 | lpips weighted: 0.0150 | lpips weight: 0.1000 | cls: 0.0000 | elapsed: 02:36:25 | eta: 00:47:46 | gpu: 0.8/9.3 GB
2026-07-19 15:35:19 | INFO | cm_purifier.train | Step: 38400/50000 | 76.80% | lr: 0.000100 | Training loss is 0.2758 | distill: 0.0012 | rec: 0.1289 | id: 0.1295 | lpips: 0.1629 | lpips weighted: 0.0163 | lpips weight: 0.1000 | cls: 0.0000 | elapsed: 02:36:46 | eta: 00:47:21 | gpu: 0.8/9.3 GB
2026-07-19 15:35:40 | INFO | cm_purifier.train | Step: 38500/50000 | 77.00% | lr: 0.000100 | Training loss is 0.2433 | distill: 0.0015 | rec: 0.1231 | id: 0.1037 | lpips: 0.1503 | lpips weighted: 0.0150 | lpips weight: 0.1000 | cls: 0.0000 | elapsed: 02:37:07 | eta: 00:46:56 | gpu: 0.8/9.3 GB
2026-07-19 15:36:01 | INFO | cm_purifier.train | Step: 38600/50000 | 77.20% | lr: 0.000100 | Training loss is 0.2589 | distill: 0.0013 | rec: 0.1290 | id: 0.1123 | lpips: 0.1626 | lpips weighted: 0.0163 | lpips weight: 0.1000 | cls: 0.0000 | elapsed: 02:37:28 | eta: 00:46:30 | gpu: 0.8/9.3 GB
2026-07-19 15:36:22 | INFO | cm_purifier.train | Step: 38700/50000 | 77.40% | lr: 0.000100 | Training loss is 0.2660 | distill: 0.0014 | rec: 0.1309 | id: 0.1178 | lpips: 0.1593 | lpips weighted: 0.0159 | lpips weight: 0.1000 | cls: 0.0000 | elapsed: 02:37:50 | eta: 00:46:05 | gpu: 0.8/9.3 GB
2026-07-19 15:36:43 | INFO | cm_purifier.train | Step: 38800/50000 | 77.60% | lr: 0.000100 | Training loss is 0.2748 | distill: 0.0017 | rec: 0.1298 | id: 0.1273 | lpips: 0.1597 | lpips weighted: 0.0160 | lpips weight: 0.1000 | cls: 0.0000 | elapsed: 02:38:11 | eta: 00:45:39 | gpu: 0.8/9.3 GB
2026-07-19 15:37:05 | INFO | cm_purifier.train | Step: 38900/50000 | 77.80% | lr: 0.000100 | Training loss is 0.2594 | distill: 0.0013 | rec: 0.1184 | id: 0.1251 | lpips: 0.1465 | lpips weighted: 0.0146 | lpips weight: 0.1000 | cls: 0.0000 | elapsed: 02:38:32 | eta: 00:45:14 | gpu: 0.8/9.3 GB
2026-07-19 15:37:26 | INFO | cm_purifier.train | Step: 39000/50000 | 78.00% | lr: 0.000100 | Training loss is 0.2676 | distill: 0.0016 | rec: 0.1261 | id: 0.1242 | lpips: 0.1564 | lpips weighted: 0.0156 | lpips weight: 0.1000 | cls: 0.0000 | elapsed: 02:38:54 | eta: 00:44:49 | gpu: 0.8/9.3 GB
2026-07-19 15:37:47 | INFO | cm_purifier.train | Step: 39100/50000 | 78.20% | lr: 0.000100 | Training loss is 0.2593 | distill: 0.0015 | rec: 0.1240 | id: 0.1185 | lpips: 0.1535 | lpips weighted: 0.0153 | lpips weight: 0.1000 | cls: 0.0000 | elapsed: 02:39:15 | eta: 00:44:23 | gpu: 0.8/9.3 GB
2026-07-19 15:38:09 | INFO | cm_purifier.train | Step: 39200/50000 | 78.40% | lr: 0.000100 | Training loss is 0.2553 | distill: 0.0014 | rec: 0.1233 | id: 0.1159 | lpips: 0.1459 | lpips weighted: 0.0146 | lpips weight: 0.1000 | cls: 0.0000 | elapsed: 02:39:36 | eta: 00:43:58 | gpu: 0.8/9.3 GB
2026-07-19 15:38:30 | INFO | cm_purifier.train | Step: 39300/50000 | 78.60% | lr: 0.000100 | Training loss is 0.2586 | distill: 0.0015 | rec: 0.1250 | id: 0.1159 | lpips: 0.1619 | lpips weighted: 0.0162 | lpips weight: 0.1000 | cls: 0.0000 | elapsed: 02:39:57 | eta: 00:43:33 | gpu: 0.8/9.3 GB
2026-07-19 15:38:51 | INFO | cm_purifier.train | Step: 39400/50000 | 78.80% | lr: 0.000100 | Training loss is 0.2676 | distill: 0.0013 | rec: 0.1241 | id: 0.1267 | lpips: 0.1557 | lpips weighted: 0.0156 | lpips weight: 0.1000 | cls: 0.0000 | elapsed: 02:40:19 | eta: 00:43:07 | gpu: 0.8/9.3 GB
2026-07-19 15:39:12 | INFO | cm_purifier.train | Step: 39500/50000 | 79.00% | lr: 0.000100 | Training loss is 0.2511 | distill: 0.0011 | rec: 0.1183 | id: 0.1162 | lpips: 0.1549 | lpips weighted: 0.0155 | lpips weight: 0.1000 | cls: 0.0000 | elapsed: 02:40:40 | eta: 00:42:42 | gpu: 0.8/9.3 GB
2026-07-19 15:39:34 | INFO | cm_purifier.train | Step: 39600/50000 | 79.20% | lr: 0.000100 | Training loss is 0.2721 | distill: 0.0014 | rec: 0.1278 | id: 0.1273 | lpips: 0.1547 | lpips weighted: 0.0155 | lpips weight: 0.1000 | cls: 0.0000 | elapsed: 02:41:02 | eta: 00:42:17 | gpu: 0.8/9.3 GB
2026-07-19 15:39:55 | INFO | cm_purifier.train | Step: 39700/50000 | 79.40% | lr: 0.000100 | Training loss is 0.2332 | distill: 0.0013 | rec: 0.1095 | id: 0.1088 | lpips: 0.1357 | lpips weighted: 0.0136 | lpips weight: 0.1000 | cls: 0.0000 | elapsed: 02:41:23 | eta: 00:41:52 | gpu: 0.8/9.3 GB
2026-07-19 15:40:16 | INFO | cm_purifier.train | Step: 39800/50000 | 79.60% | lr: 0.000100 | Training loss is 0.2689 | distill: 0.0015 | rec: 0.1291 | id: 0.1217 | lpips: 0.1673 | lpips weighted: 0.0167 | lpips weight: 0.1000 | cls: 0.0000 | elapsed: 02:41:44 | eta: 00:41:27 | gpu: 0.8/9.3 GB
2026-07-19 15:40:38 | INFO | cm_purifier.train | Step: 39900/50000 | 79.80% | lr: 0.000100 | Training loss is 0.2676 | distill: 0.0014 | rec: 0.1299 | id: 0.1211 | lpips: 0.1519 | lpips weighted: 0.0152 | lpips weight: 0.1000 | cls: 0.0000 | elapsed: 02:42:06 | eta: 00:41:01 | gpu: 0.8/9.3 GB
2026-07-19 15:41:00 | INFO | cm_purifier.train | Step: 40000/50000 | 80.00% | lr: 0.000100 | Training loss is 0.2365 | distill: 0.0014 | rec: 0.1187 | id: 0.1018 | lpips: 0.1455 | lpips weighted: 0.0145 | lpips weight: 0.1000 | cls: 0.0000 | elapsed: 02:42:28 | eta: 00:40:37 | gpu: 0.8/9.3 GB
2026-07-19 15:41:53 | INFO | cm_purifier.train | Saved checkpoint to /media02/ndthuc03/cm-purify-targeted-poisoning/consistency_model/checkpoints/cm_purifier_lpips.pth at step 40000
2026-07-19 15:42:14 | INFO | cm_purifier.train | Step: 40100/50000 | 80.20% | lr: 0.000100 | Training loss is 0.2408 | distill: 0.0013 | rec: 0.1153 | id: 0.1102 | lpips: 0.1398 | lpips weighted: 0.0140 | lpips weight: 0.1000 | cls: 0.0000 | elapsed: 02:43:42 | eta: 00:40:24 | gpu: 0.8/9.3 GB
2026-07-19 15:43:19 | INFO | cm_purifier.train | Step: 40200/50000 | 80.40% | lr: 0.000100 | Training loss is 0.2486 | distill: 0.0015 | rec: 0.1256 | id: 0.1056 | lpips: 0.1604 | lpips weighted: 0.0160 | lpips weight: 0.1000 | cls: 0.0000 | elapsed: 02:44:47 | eta: 00:40:10 | gpu: 0.8/9.3 GB
2026-07-19 15:43:40 | INFO | cm_purifier.train | Step: 40300/50000 | 80.60% | lr: 0.000100 | Training loss is 0.2387 | distill: 0.0011 | rec: 0.1218 | id: 0.1014 | lpips: 0.1438 | lpips weighted: 0.0144 | lpips weight: 0.1000 | cls: 0.0000 | elapsed: 02:45:08 | eta: 00:39:44 | gpu: 0.8/9.3 GB
2026-07-19 15:44:01 | INFO | cm_purifier.train | Step: 40400/50000 | 80.80% | lr: 0.000100 | Training loss is 0.2329 | distill: 0.0016 | rec: 0.1160 | id: 0.1015 | lpips: 0.1381 | lpips weighted: 0.0138 | lpips weight: 0.1000 | cls: 0.0000 | elapsed: 02:45:29 | eta: 00:39:19 | gpu: 0.8/9.3 GB
2026-07-19 15:44:22 | INFO | cm_purifier.train | Step: 40500/50000 | 81.00% | lr: 0.000100 | Training loss is 0.2747 | distill: 0.0015 | rec: 0.1310 | id: 0.1258 | lpips: 0.1642 | lpips weighted: 0.0164 | lpips weight: 0.1000 | cls: 0.0000 | elapsed: 02:45:50 | eta: 00:38:54 | gpu: 0.8/9.3 GB
2026-07-19 15:44:43 | INFO | cm_purifier.train | Step: 40600/50000 | 81.20% | lr: 0.000100 | Training loss is 0.2490 | distill: 0.0015 | rec: 0.1265 | id: 0.1052 | lpips: 0.1576 | lpips weighted: 0.0158 | lpips weight: 0.1000 | cls: 0.0000 | elapsed: 02:46:11 | eta: 00:38:28 | gpu: 0.8/9.3 GB
2026-07-19 15:45:04 | INFO | cm_purifier.train | Step: 40700/50000 | 81.40% | lr: 0.000100 | Training loss is 0.2435 | distill: 0.0014 | rec: 0.1158 | id: 0.1129 | lpips: 0.1341 | lpips weighted: 0.0134 | lpips weight: 0.1000 | cls: 0.0000 | elapsed: 02:46:32 | eta: 00:38:03 | gpu: 0.8/9.3 GB
2026-07-19 15:45:25 | INFO | cm_purifier.train | Step: 40800/50000 | 81.60% | lr: 0.000100 | Training loss is 0.2642 | distill: 0.0014 | rec: 0.1268 | id: 0.1200 | lpips: 0.1593 | lpips weighted: 0.0159 | lpips weight: 0.1000 | cls: 0.0000 | elapsed: 02:46:53 | eta: 00:37:37 | gpu: 0.8/9.3 GB
2026-07-19 15:45:46 | INFO | cm_purifier.train | Step: 40900/50000 | 81.80% | lr: 0.000100 | Training loss is 0.2361 | distill: 0.0013 | rec: 0.1200 | id: 0.0996 | lpips: 0.1522 | lpips weighted: 0.0152 | lpips weight: 0.1000 | cls: 0.0000 | elapsed: 02:47:14 | eta: 00:37:12 | gpu: 0.8/9.3 GB
2026-07-19 15:46:07 | INFO | cm_purifier.train | Step: 41000/50000 | 82.00% | lr: 0.000100 | Training loss is 0.2692 | distill: 0.0015 | rec: 0.1306 | id: 0.1198 | lpips: 0.1735 | lpips weighted: 0.0173 | lpips weight: 0.1000 | cls: 0.0000 | elapsed: 02:47:35 | eta: 00:36:47 | gpu: 0.8/9.3 GB
2026-07-19 15:46:28 | INFO | cm_purifier.train | Step: 41100/50000 | 82.20% | lr: 0.000100 | Training loss is 0.2305 | distill: 0.0010 | rec: 0.1161 | id: 0.0987 | lpips: 0.1478 | lpips weighted: 0.0148 | lpips weight: 0.1000 | cls: 0.0000 | elapsed: 02:47:56 | eta: 00:36:22 | gpu: 0.8/9.3 GB
2026-07-19 15:46:50 | INFO | cm_purifier.train | Step: 41200/50000 | 82.40% | lr: 0.000100 | Training loss is 0.2393 | distill: 0.0014 | rec: 0.1102 | id: 0.1141 | lpips: 0.1350 | lpips weighted: 0.0135 | lpips weight: 0.1000 | cls: 0.0000 | elapsed: 02:48:17 | eta: 00:35:56 | gpu: 0.8/9.3 GB
2026-07-19 15:47:11 | INFO | cm_purifier.train | Step: 41300/50000 | 82.60% | lr: 0.000100 | Training loss is 0.2388 | distill: 0.0013 | rec: 0.1192 | id: 0.1041 | lpips: 0.1422 | lpips weighted: 0.0142 | lpips weight: 0.1000 | cls: 0.0000 | elapsed: 02:48:38 | eta: 00:35:31 | gpu: 0.8/9.3 GB
2026-07-19 15:47:32 | INFO | cm_purifier.train | Step: 41400/50000 | 82.80% | lr: 0.000100 | Training loss is 0.2481 | distill: 0.0013 | rec: 0.1211 | id: 0.1103 | lpips: 0.1545 | lpips weighted: 0.0154 | lpips weight: 0.1000 | cls: 0.0000 | elapsed: 02:48:59 | eta: 00:35:06 | gpu: 0.8/9.3 GB
2026-07-19 15:47:53 | INFO | cm_purifier.train | Step: 41500/50000 | 83.00% | lr: 0.000100 | Training loss is 0.2635 | distill: 0.0015 | rec: 0.1334 | id: 0.1119 | lpips: 0.1669 | lpips weighted: 0.0167 | lpips weight: 0.1000 | cls: 0.0000 | elapsed: 02:49:21 | eta: 00:34:41 | gpu: 0.8/9.3 GB
2026-07-19 15:48:14 | INFO | cm_purifier.train | Step: 41600/50000 | 83.20% | lr: 0.000100 | Training loss is 0.2705 | distill: 0.0012 | rec: 0.1221 | id: 0.1315 | lpips: 0.1557 | lpips weighted: 0.0156 | lpips weight: 0.1000 | cls: 0.0000 | elapsed: 02:49:42 | eta: 00:34:16 | gpu: 0.8/9.3 GB
2026-07-19 15:48:36 | INFO | cm_purifier.train | Step: 41700/50000 | 83.40% | lr: 0.000100 | Training loss is 0.2548 | distill: 0.0012 | rec: 0.1164 | id: 0.1221 | lpips: 0.1503 | lpips weighted: 0.0150 | lpips weight: 0.1000 | cls: 0.0000 | elapsed: 02:50:03 | eta: 00:33:51 | gpu: 0.8/9.3 GB
2026-07-19 15:48:57 | INFO | cm_purifier.train | Step: 41800/50000 | 83.60% | lr: 0.000100 | Training loss is 0.2306 | distill: 0.0013 | rec: 0.1147 | id: 0.1005 | lpips: 0.1408 | lpips weighted: 0.0141 | lpips weight: 0.1000 | cls: 0.0000 | elapsed: 02:50:25 | eta: 00:33:25 | gpu: 0.8/9.3 GB
2026-07-19 15:49:18 | INFO | cm_purifier.train | Step: 41900/50000 | 83.80% | lr: 0.000100 | Training loss is 0.2666 | distill: 0.0015 | rec: 0.1284 | id: 0.1216 | lpips: 0.1521 | lpips weighted: 0.0152 | lpips weight: 0.1000 | cls: 0.0000 | elapsed: 02:50:46 | eta: 00:33:00 | gpu: 0.8/9.3 GB
2026-07-19 15:49:39 | INFO | cm_purifier.train | Step: 42000/50000 | 84.00% | lr: 0.000100 | Training loss is 0.2683 | distill: 0.0016 | rec: 0.1291 | id: 0.1218 | lpips: 0.1579 | lpips weighted: 0.0158 | lpips weight: 0.1000 | cls: 0.0000 | elapsed: 02:51:07 | eta: 00:32:35 | gpu: 0.8/9.3 GB
2026-07-19 15:50:01 | INFO | cm_purifier.train | Step: 42100/50000 | 84.20% | lr: 0.000100 | Training loss is 0.2403 | distill: 0.0010 | rec: 0.1198 | id: 0.1051 | lpips: 0.1443 | lpips weighted: 0.0144 | lpips weight: 0.1000 | cls: 0.0000 | elapsed: 02:51:28 | eta: 00:32:10 | gpu: 0.8/9.3 GB
2026-07-19 15:50:22 | INFO | cm_purifier.train | Step: 42200/50000 | 84.40% | lr: 0.000100 | Training loss is 0.2558 | distill: 0.0014 | rec: 0.1248 | id: 0.1148 | lpips: 0.1485 | lpips weighted: 0.0149 | lpips weight: 0.1000 | cls: 0.0000 | elapsed: 02:51:50 | eta: 00:31:45 | gpu: 0.8/9.3 GB
2026-07-19 15:50:43 | INFO | cm_purifier.train | Step: 42300/50000 | 84.60% | lr: 0.000100 | Training loss is 0.2591 | distill: 0.0015 | rec: 0.1227 | id: 0.1196 | lpips: 0.1534 | lpips weighted: 0.0153 | lpips weight: 0.1000 | cls: 0.0000 | elapsed: 02:52:11 | eta: 00:31:20 | gpu: 0.8/9.3 GB
2026-07-19 15:51:06 | INFO | cm_purifier.train | Step: 42400/50000 | 84.80% | lr: 0.000100 | Training loss is 0.2446 | distill: 0.0015 | rec: 0.1217 | id: 0.1066 | lpips: 0.1480 | lpips weighted: 0.0148 | lpips weight: 0.1000 | cls: 0.0000 | elapsed: 02:52:34 | eta: 00:30:55 | gpu: 0.8/9.3 GB
2026-07-19 15:51:27 | INFO | cm_purifier.train | Step: 42500/50000 | 85.00% | lr: 0.000100 | Training loss is 0.2598 | distill: 0.0012 | rec: 0.1249 | id: 0.1180 | lpips: 0.1569 | lpips weighted: 0.0157 | lpips weight: 0.1000 | cls: 0.0000 | elapsed: 02:52:55 | eta: 00:30:30 | gpu: 0.8/9.3 GB
2026-07-19 15:51:48 | INFO | cm_purifier.train | Step: 42600/50000 | 85.20% | lr: 0.000100 | Training loss is 0.2675 | distill: 0.0016 | rec: 0.1262 | id: 0.1242 | lpips: 0.1546 | lpips weighted: 0.0155 | lpips weight: 0.1000 | cls: 0.0000 | elapsed: 02:53:16 | eta: 00:30:06 | gpu: 0.8/9.3 GB
2026-07-19 15:52:18 | INFO | cm_purifier.train | Step: 42700/50000 | 85.40% | lr: 0.000100 | Training loss is 0.2649 | distill: 0.0015 | rec: 0.1291 | id: 0.1190 | lpips: 0.1535 | lpips weighted: 0.0153 | lpips weight: 0.1000 | cls: 0.0000 | elapsed: 02:53:46 | eta: 00:29:42 | gpu: 0.8/9.3 GB
2026-07-19 15:52:39 | INFO | cm_purifier.train | Step: 42800/50000 | 85.60% | lr: 0.000100 | Training loss is 0.2685 | distill: 0.0015 | rec: 0.1292 | id: 0.1207 | lpips: 0.1713 | lpips weighted: 0.0171 | lpips weight: 0.1000 | cls: 0.0000 | elapsed: 02:54:07 | eta: 00:29:17 | gpu: 0.8/9.3 GB
2026-07-19 15:53:01 | INFO | cm_purifier.train | Step: 42900/50000 | 85.80% | lr: 0.000100 | Training loss is 0.2356 | distill: 0.0013 | rec: 0.1183 | id: 0.1018 | lpips: 0.1424 | lpips weighted: 0.0142 | lpips weight: 0.1000 | cls: 0.0000 | elapsed: 02:54:29 | eta: 00:28:52 | gpu: 0.8/9.3 GB
2026-07-19 15:53:22 | INFO | cm_purifier.train | Step: 43000/50000 | 86.00% | lr: 0.000100 | Training loss is 0.2347 | distill: 0.0011 | rec: 0.1175 | id: 0.1021 | lpips: 0.1396 | lpips weighted: 0.0140 | lpips weight: 0.1000 | cls: 0.0000 | elapsed: 02:54:50 | eta: 00:28:27 | gpu: 0.8/9.3 GB
2026-07-19 15:53:43 | INFO | cm_purifier.train | Step: 43100/50000 | 86.20% | lr: 0.000100 | Training loss is 0.2528 | distill: 0.0015 | rec: 0.1267 | id: 0.1083 | lpips: 0.1617 | lpips weighted: 0.0162 | lpips weight: 0.1000 | cls: 0.0000 | elapsed: 02:55:11 | eta: 00:28:02 | gpu: 0.8/9.3 GB
2026-07-19 15:54:04 | INFO | cm_purifier.train | Step: 43200/50000 | 86.40% | lr: 0.000100 | Training loss is 0.2578 | distill: 0.0015 | rec: 0.1280 | id: 0.1129 | lpips: 0.1543 | lpips weighted: 0.0154 | lpips weight: 0.1000 | cls: 0.0000 | elapsed: 02:55:32 | eta: 00:27:37 | gpu: 0.8/9.3 GB
2026-07-19 15:54:26 | INFO | cm_purifier.train | Step: 43300/50000 | 86.60% | lr: 0.000100 | Training loss is 0.2567 | distill: 0.0018 | rec: 0.1246 | id: 0.1151 | lpips: 0.1523 | lpips weighted: 0.0152 | lpips weight: 0.1000 | cls: 0.0000 | elapsed: 02:55:54 | eta: 00:27:13 | gpu: 0.8/9.3 GB
2026-07-19 15:54:47 | INFO | cm_purifier.train | Step: 43400/50000 | 86.80% | lr: 0.000100 | Training loss is 0.2724 | distill: 0.0014 | rec: 0.1281 | id: 0.1268 | lpips: 0.1602 | lpips weighted: 0.0160 | lpips weight: 0.1000 | cls: 0.0000 | elapsed: 02:56:15 | eta: 00:26:48 | gpu: 0.8/9.3 GB
2026-07-19 15:55:08 | INFO | cm_purifier.train | Step: 43500/50000 | 87.00% | lr: 0.000100 | Training loss is 0.2655 | distill: 0.0018 | rec: 0.1294 | id: 0.1184 | lpips: 0.1590 | lpips weighted: 0.0159 | lpips weight: 0.1000 | cls: 0.0000 | elapsed: 02:56:36 | eta: 00:26:23 | gpu: 0.8/9.3 GB
2026-07-19 15:55:30 | INFO | cm_purifier.train | Step: 43600/50000 | 87.20% | lr: 0.000100 | Training loss is 0.2639 | distill: 0.0015 | rec: 0.1231 | id: 0.1245 | lpips: 0.1485 | lpips weighted: 0.0148 | lpips weight: 0.1000 | cls: 0.0000 | elapsed: 02:56:57 | eta: 00:25:58 | gpu: 0.8/9.3 GB
2026-07-19 15:55:51 | INFO | cm_purifier.train | Step: 43700/50000 | 87.40% | lr: 0.000100 | Training loss is 0.2553 | distill: 0.0015 | rec: 0.1238 | id: 0.1153 | lpips: 0.1474 | lpips weighted: 0.0147 | lpips weight: 0.1000 | cls: 0.0000 | elapsed: 02:57:19 | eta: 00:25:33 | gpu: 0.8/9.3 GB
2026-07-19 15:56:12 | INFO | cm_purifier.train | Step: 43800/50000 | 87.60% | lr: 0.000100 | Training loss is 0.2591 | distill: 0.0014 | rec: 0.1219 | id: 0.1206 | lpips: 0.1517 | lpips weighted: 0.0152 | lpips weight: 0.1000 | cls: 0.0000 | elapsed: 02:57:40 | eta: 00:25:09 | gpu: 0.8/9.3 GB
2026-07-19 15:56:33 | INFO | cm_purifier.train | Step: 43900/50000 | 87.80% | lr: 0.000100 | Training loss is 0.2434 | distill: 0.0012 | rec: 0.1170 | id: 0.1110 | lpips: 0.1425 | lpips weighted: 0.0142 | lpips weight: 0.1000 | cls: 0.0000 | elapsed: 02:58:01 | eta: 00:24:44 | gpu: 0.8/9.3 GB
2026-07-19 15:56:55 | INFO | cm_purifier.train | Step: 44000/50000 | 88.00% | lr: 0.000100 | Training loss is 0.2584 | distill: 0.0017 | rec: 0.1267 | id: 0.1140 | lpips: 0.1593 | lpips weighted: 0.0159 | lpips weight: 0.1000 | cls: 0.0000 | elapsed: 02:58:23 | eta: 00:24:19 | gpu: 0.8/9.3 GB
2026-07-19 15:57:16 | INFO | cm_purifier.train | Step: 44100/50000 | 88.20% | lr: 0.000100 | Training loss is 0.2656 | distill: 0.0015 | rec: 0.1263 | id: 0.1223 | lpips: 0.1557 | lpips weighted: 0.0156 | lpips weight: 0.1000 | cls: 0.0000 | elapsed: 02:58:44 | eta: 00:23:54 | gpu: 0.8/9.3 GB
2026-07-19 15:57:37 | INFO | cm_purifier.train | Step: 44200/50000 | 88.40% | lr: 0.000100 | Training loss is 0.2320 | distill: 0.0015 | rec: 0.1206 | id: 0.0944 | lpips: 0.1556 | lpips weighted: 0.0156 | lpips weight: 0.1000 | cls: 0.0000 | elapsed: 02:59:05 | eta: 00:23:30 | gpu: 0.8/9.3 GB
2026-07-19 15:57:59 | INFO | cm_purifier.train | Step: 44300/50000 | 88.60% | lr: 0.000100 | Training loss is 0.2635 | distill: 0.0019 | rec: 0.1243 | id: 0.1223 | lpips: 0.1502 | lpips weighted: 0.0150 | lpips weight: 0.1000 | cls: 0.0000 | elapsed: 02:59:26 | eta: 00:23:05 | gpu: 0.8/9.3 GB
2026-07-19 15:58:20 | INFO | cm_purifier.train | Step: 44400/50000 | 88.80% | lr: 0.000100 | Training loss is 0.2934 | distill: 0.0017 | rec: 0.1319 | id: 0.1427 | lpips: 0.1702 | lpips weighted: 0.0170 | lpips weight: 0.1000 | cls: 0.0000 | elapsed: 02:59:48 | eta: 00:22:40 | gpu: 0.8/9.3 GB
2026-07-19 15:58:41 | INFO | cm_purifier.train | Step: 44500/50000 | 89.00% | lr: 0.000100 | Training loss is 0.2719 | distill: 0.0017 | rec: 0.1325 | id: 0.1210 | lpips: 0.1666 | lpips weighted: 0.0167 | lpips weight: 0.1000 | cls: 0.0000 | elapsed: 03:00:09 | eta: 00:22:16 | gpu: 0.8/9.3 GB
2026-07-19 15:59:02 | INFO | cm_purifier.train | Step: 44600/50000 | 89.20% | lr: 0.000100 | Training loss is 0.2686 | distill: 0.0014 | rec: 0.1284 | id: 0.1232 | lpips: 0.1559 | lpips weighted: 0.0156 | lpips weight: 0.1000 | cls: 0.0000 | elapsed: 03:00:30 | eta: 00:21:51 | gpu: 0.8/9.3 GB
2026-07-19 15:59:24 | INFO | cm_purifier.train | Step: 44700/50000 | 89.40% | lr: 0.000100 | Training loss is 0.2711 | distill: 0.0015 | rec: 0.1355 | id: 0.1179 | lpips: 0.1610 | lpips weighted: 0.0161 | lpips weight: 0.1000 | cls: 0.0000 | elapsed: 03:00:52 | eta: 00:21:26 | gpu: 0.8/9.3 GB
2026-07-19 15:59:45 | INFO | cm_purifier.train | Step: 44800/50000 | 89.60% | lr: 0.000100 | Training loss is 0.2910 | distill: 0.0014 | rec: 0.1336 | id: 0.1393 | lpips: 0.1677 | lpips weighted: 0.0168 | lpips weight: 0.1000 | cls: 0.0000 | elapsed: 03:01:13 | eta: 00:21:02 | gpu: 0.8/9.3 GB
2026-07-19 16:00:06 | INFO | cm_purifier.train | Step: 44900/50000 | 89.80% | lr: 0.000100 | Training loss is 0.2505 | distill: 0.0012 | rec: 0.1168 | id: 0.1182 | lpips: 0.1417 | lpips weighted: 0.0142 | lpips weight: 0.1000 | cls: 0.0000 | elapsed: 03:01:34 | eta: 00:20:37 | gpu: 0.8/9.3 GB
2026-07-19 16:00:28 | INFO | cm_purifier.train | Step: 45000/50000 | 90.00% | lr: 0.000100 | Training loss is 0.2581 | distill: 0.0013 | rec: 0.1204 | id: 0.1212 | lpips: 0.1519 | lpips weighted: 0.0152 | lpips weight: 0.1000 | cls: 0.0000 | elapsed: 03:01:56 | eta: 00:20:12 | gpu: 0.8/9.3 GB
2026-07-19 16:01:18 | INFO | cm_purifier.train | Saved checkpoint to /media02/ndthuc03/cm-purify-targeted-poisoning/consistency_model/checkpoints/cm_purifier_lpips.pth at step 45000
2026-07-19 16:01:39 | INFO | cm_purifier.train | Step: 45100/50000 | 90.20% | lr: 0.000100 | Training loss is 0.2695 | distill: 0.0016 | rec: 0.1323 | id: 0.1189 | lpips: 0.1664 | lpips weighted: 0.0166 | lpips weight: 0.1000 | cls: 0.0000 | elapsed: 03:03:07 | eta: 00:19:53 | gpu: 0.8/9.3 GB
2026-07-19 16:02:47 | INFO | cm_purifier.train | Step: 45200/50000 | 90.40% | lr: 0.000100 | Training loss is 0.2464 | distill: 0.0014 | rec: 0.1169 | id: 0.1145 | lpips: 0.1368 | lpips weighted: 0.0137 | lpips weight: 0.1000 | cls: 0.0000 | elapsed: 03:04:14 | eta: 00:19:33 | gpu: 0.8/9.3 GB
2026-07-19 16:03:07 | INFO | cm_purifier.train | Step: 45300/50000 | 90.60% | lr: 0.000100 | Training loss is 0.2795 | distill: 0.0016 | rec: 0.1299 | id: 0.1318 | lpips: 0.1606 | lpips weighted: 0.0161 | lpips weight: 0.1000 | cls: 0.0000 | elapsed: 03:04:35 | eta: 00:19:09 | gpu: 0.8/9.3 GB
2026-07-19 16:03:28 | INFO | cm_purifier.train | Step: 45400/50000 | 90.80% | lr: 0.000100 | Training loss is 0.2618 | distill: 0.0012 | rec: 0.1264 | id: 0.1176 | lpips: 0.1651 | lpips weighted: 0.0165 | lpips weight: 0.1000 | cls: 0.0000 | elapsed: 03:04:56 | eta: 00:18:44 | gpu: 0.8/9.3 GB
2026-07-19 16:03:49 | INFO | cm_purifier.train | Step: 45500/50000 | 91.00% | lr: 0.000100 | Training loss is 0.2749 | distill: 0.0016 | rec: 0.1315 | id: 0.1255 | lpips: 0.1628 | lpips weighted: 0.0163 | lpips weight: 0.1000 | cls: 0.0000 | elapsed: 03:05:17 | eta: 00:18:19 | gpu: 0.8/9.3 GB
2026-07-19 16:04:09 | INFO | cm_purifier.train | Step: 45600/50000 | 91.20% | lr: 0.000100 | Training loss is 0.2576 | distill: 0.0015 | rec: 0.1255 | id: 0.1154 | lpips: 0.1513 | lpips weighted: 0.0151 | lpips weight: 0.1000 | cls: 0.0000 | elapsed: 03:05:37 | eta: 00:17:54 | gpu: 0.8/9.3 GB
2026-07-19 16:04:33 | INFO | cm_purifier.train | Step: 45700/50000 | 91.40% | lr: 0.000100 | Training loss is 0.2528 | distill: 0.0015 | rec: 0.1239 | id: 0.1126 | lpips: 0.1489 | lpips weighted: 0.0149 | lpips weight: 0.1000 | cls: 0.0000 | elapsed: 03:06:01 | eta: 00:17:30 | gpu: 0.8/9.3 GB
2026-07-19 16:05:06 | INFO | cm_purifier.train | Step: 45800/50000 | 91.60% | lr: 0.000100 | Training loss is 0.2514 | distill: 0.0014 | rec: 0.1238 | id: 0.1113 | lpips: 0.1481 | lpips weighted: 0.0148 | lpips weight: 0.1000 | cls: 0.0000 | elapsed: 03:06:33 | eta: 00:17:06 | gpu: 0.8/9.3 GB
2026-07-19 16:05:55 | INFO | cm_purifier.train | Step: 45900/50000 | 91.80% | lr: 0.000100 | Training loss is 0.2568 | distill: 0.0014 | rec: 0.1234 | id: 0.1170 | lpips: 0.1493 | lpips weighted: 0.0149 | lpips weight: 0.1000 | cls: 0.0000 | elapsed: 03:07:23 | eta: 00:16:44 | gpu: 0.8/9.3 GB
2026-07-19 16:06:24 | INFO | cm_purifier.train | Step: 46000/50000 | 92.00% | lr: 0.000100 | Training loss is 0.2529 | distill: 0.0014 | rec: 0.1236 | id: 0.1125 | lpips: 0.1549 | lpips weighted: 0.0155 | lpips weight: 0.1000 | cls: 0.0000 | elapsed: 03:07:52 | eta: 00:16:20 | gpu: 0.8/9.3 GB
2026-07-19 16:06:56 | INFO | cm_purifier.train | Step: 46100/50000 | 92.20% | lr: 0.000100 | Training loss is 0.2777 | distill: 0.0015 | rec: 0.1269 | id: 0.1337 | lpips: 0.1556 | lpips weighted: 0.0156 | lpips weight: 0.1000 | cls: 0.0000 | elapsed: 03:08:24 | eta: 00:15:56 | gpu: 0.8/9.3 GB
2026-07-19 16:07:26 | INFO | cm_purifier.train | Step: 46200/50000 | 92.40% | lr: 0.000100 | Training loss is 0.2591 | distill: 0.0015 | rec: 0.1285 | id: 0.1142 | lpips: 0.1492 | lpips weighted: 0.0149 | lpips weight: 0.1000 | cls: 0.0000 | elapsed: 03:08:54 | eta: 00:15:32 | gpu: 0.8/9.3 GB
2026-07-19 16:08:00 | INFO | cm_purifier.train | Step: 46300/50000 | 92.60% | lr: 0.000100 | Training loss is 0.2456 | distill: 0.0014 | rec: 0.1207 | id: 0.1088 | lpips: 0.1465 | lpips weighted: 0.0147 | lpips weight: 0.1000 | cls: 0.0000 | elapsed: 03:09:28 | eta: 00:15:08 | gpu: 0.8/9.3 GB
2026-07-19 16:08:38 | INFO | cm_purifier.train | Step: 46400/50000 | 92.80% | lr: 0.000100 | Training loss is 0.2613 | distill: 0.0017 | rec: 0.1235 | id: 0.1207 | lpips: 0.1533 | lpips weighted: 0.0153 | lpips weight: 0.1000 | cls: 0.0000 | elapsed: 03:10:06 | eta: 00:14:45 | gpu: 0.8/9.3 GB
2026-07-19 16:09:21 | INFO | cm_purifier.train | Step: 46500/50000 | 93.00% | lr: 0.000100 | Training loss is 0.2660 | distill: 0.0014 | rec: 0.1280 | id: 0.1194 | lpips: 0.1717 | lpips weighted: 0.0172 | lpips weight: 0.1000 | cls: 0.0000 | elapsed: 03:10:49 | eta: 00:14:21 | gpu: 0.8/9.3 GB
2026-07-19 16:10:13 | INFO | cm_purifier.train | Step: 46600/50000 | 93.20% | lr: 0.000100 | Training loss is 0.2541 | distill: 0.0016 | rec: 0.1248 | id: 0.1119 | lpips: 0.1574 | lpips weighted: 0.0157 | lpips weight: 0.1000 | cls: 0.0000 | elapsed: 03:11:41 | eta: 00:13:59 | gpu: 0.8/9.3 GB
2026-07-19 16:10:48 | INFO | cm_purifier.train | Step: 46700/50000 | 93.40% | lr: 0.000100 | Training loss is 0.2444 | distill: 0.0014 | rec: 0.1183 | id: 0.1099 | lpips: 0.1485 | lpips weighted: 0.0149 | lpips weight: 0.1000 | cls: 0.0000 | elapsed: 03:12:16 | eta: 00:13:35 | gpu: 0.8/9.3 GB
2026-07-19 16:11:16 | INFO | cm_purifier.train | Step: 46800/50000 | 93.60% | lr: 0.000100 | Training loss is 0.2492 | distill: 0.0015 | rec: 0.1154 | id: 0.1191 | lpips: 0.1313 | lpips weighted: 0.0131 | lpips weight: 0.1000 | cls: 0.0000 | elapsed: 03:12:44 | eta: 00:13:10 | gpu: 0.8/9.3 GB
2026-07-19 16:11:39 | INFO | cm_purifier.train | Step: 46900/50000 | 93.80% | lr: 0.000100 | Training loss is 0.2708 | distill: 0.0016 | rec: 0.1248 | id: 0.1280 | lpips: 0.1632 | lpips weighted: 0.0163 | lpips weight: 0.1000 | cls: 0.0000 | elapsed: 03:13:07 | eta: 00:12:45 | gpu: 0.8/9.3 GB
2026-07-19 16:12:00 | INFO | cm_purifier.train | Step: 47000/50000 | 94.00% | lr: 0.000100 | Training loss is 0.2511 | distill: 0.0014 | rec: 0.1288 | id: 0.1051 | lpips: 0.1577 | lpips weighted: 0.0158 | lpips weight: 0.1000 | cls: 0.0000 | elapsed: 03:13:28 | eta: 00:12:20 | gpu: 0.8/9.3 GB
2026-07-19 16:12:22 | INFO | cm_purifier.train | Step: 47100/50000 | 94.20% | lr: 0.000100 | Training loss is 0.2356 | distill: 0.0013 | rec: 0.1209 | id: 0.0988 | lpips: 0.1458 | lpips weighted: 0.0146 | lpips weight: 0.1000 | cls: 0.0000 | elapsed: 03:13:50 | eta: 00:11:56 | gpu: 0.8/9.3 GB
2026-07-19 16:12:43 | INFO | cm_purifier.train | Step: 47200/50000 | 94.40% | lr: 0.000100 | Training loss is 0.2716 | distill: 0.0017 | rec: 0.1334 | id: 0.1202 | lpips: 0.1633 | lpips weighted: 0.0163 | lpips weight: 0.1000 | cls: 0.0000 | elapsed: 03:14:11 | eta: 00:11:31 | gpu: 0.8/9.3 GB
2026-07-19 16:13:05 | INFO | cm_purifier.train | Step: 47300/50000 | 94.60% | lr: 0.000100 | Training loss is 0.2647 | distill: 0.0015 | rec: 0.1203 | id: 0.1279 | lpips: 0.1499 | lpips weighted: 0.0150 | lpips weight: 0.1000 | cls: 0.0000 | elapsed: 03:14:33 | eta: 00:11:06 | gpu: 0.8/9.3 GB
2026-07-19 16:13:26 | INFO | cm_purifier.train | Step: 47400/50000 | 94.80% | lr: 0.000100 | Training loss is 0.2645 | distill: 0.0015 | rec: 0.1253 | id: 0.1226 | lpips: 0.1506 | lpips weighted: 0.0151 | lpips weight: 0.1000 | cls: 0.0000 | elapsed: 03:14:54 | eta: 00:10:41 | gpu: 0.8/9.3 GB
2026-07-19 16:13:47 | INFO | cm_purifier.train | Step: 47500/50000 | 95.00% | lr: 0.000100 | Training loss is 0.2530 | distill: 0.0014 | rec: 0.1219 | id: 0.1144 | lpips: 0.1544 | lpips weighted: 0.0154 | lpips weight: 0.1000 | cls: 0.0000 | elapsed: 03:15:15 | eta: 00:10:16 | gpu: 0.8/9.3 GB
2026-07-19 16:14:10 | INFO | cm_purifier.train | Step: 47600/50000 | 95.20% | lr: 0.000100 | Training loss is 0.2796 | distill: 0.0016 | rec: 0.1371 | id: 0.1235 | lpips: 0.1744 | lpips weighted: 0.0174 | lpips weight: 0.1000 | cls: 0.0000 | elapsed: 03:15:37 | eta: 00:09:51 | gpu: 0.8/9.3 GB
2026-07-19 16:14:31 | INFO | cm_purifier.train | Step: 47700/50000 | 95.40% | lr: 0.000100 | Training loss is 0.2536 | distill: 0.0014 | rec: 0.1209 | id: 0.1154 | lpips: 0.1576 | lpips weighted: 0.0158 | lpips weight: 0.1000 | cls: 0.0000 | elapsed: 03:15:59 | eta: 00:09:26 | gpu: 0.8/9.3 GB
2026-07-19 16:14:53 | INFO | cm_purifier.train | Step: 47800/50000 | 95.60% | lr: 0.000100 | Training loss is 0.2441 | distill: 0.0015 | rec: 0.1172 | id: 0.1118 | lpips: 0.1369 | lpips weighted: 0.0137 | lpips weight: 0.1000 | cls: 0.0000 | elapsed: 03:16:21 | eta: 00:09:02 | gpu: 0.8/9.3 GB
2026-07-19 16:15:14 | INFO | cm_purifier.train | Step: 47900/50000 | 95.80% | lr: 0.000100 | Training loss is 0.2312 | distill: 0.0013 | rec: 0.1082 | id: 0.1087 | lpips: 0.1296 | lpips weighted: 0.0130 | lpips weight: 0.1000 | cls: 0.0000 | elapsed: 03:16:42 | eta: 00:08:37 | gpu: 0.8/9.3 GB
2026-07-19 16:15:37 | INFO | cm_purifier.train | Step: 48000/50000 | 96.00% | lr: 0.000100 | Training loss is 0.2469 | distill: 0.0013 | rec: 0.1195 | id: 0.1103 | lpips: 0.1585 | lpips weighted: 0.0158 | lpips weight: 0.1000 | cls: 0.0000 | elapsed: 03:17:04 | eta: 00:08:12 | gpu: 0.8/9.3 GB
2026-07-19 16:15:58 | INFO | cm_purifier.train | Step: 48100/50000 | 96.20% | lr: 0.000100 | Training loss is 0.2643 | distill: 0.0015 | rec: 0.1328 | id: 0.1140 | lpips: 0.1597 | lpips weighted: 0.0160 | lpips weight: 0.1000 | cls: 0.0000 | elapsed: 03:17:26 | eta: 00:07:47 | gpu: 0.8/9.3 GB
2026-07-19 16:16:19 | INFO | cm_purifier.train | Step: 48200/50000 | 96.40% | lr: 0.000100 | Training loss is 0.2775 | distill: 0.0017 | rec: 0.1268 | id: 0.1333 | lpips: 0.1569 | lpips weighted: 0.0157 | lpips weight: 0.1000 | cls: 0.0000 | elapsed: 03:17:47 | eta: 00:07:23 | gpu: 0.8/9.3 GB
2026-07-19 16:16:41 | INFO | cm_purifier.train | Step: 48300/50000 | 96.60% | lr: 0.000100 | Training loss is 0.2478 | distill: 0.0017 | rec: 0.1233 | id: 0.1077 | lpips: 0.1510 | lpips weighted: 0.0151 | lpips weight: 0.1000 | cls: 0.0000 | elapsed: 03:18:09 | eta: 00:06:58 | gpu: 0.8/9.3 GB
2026-07-19 16:17:02 | INFO | cm_purifier.train | Step: 48400/50000 | 96.80% | lr: 0.000100 | Training loss is 0.2622 | distill: 0.0013 | rec: 0.1232 | id: 0.1220 | lpips: 0.1568 | lpips weighted: 0.0157 | lpips weight: 0.1000 | cls: 0.0000 | elapsed: 03:18:30 | eta: 00:06:33 | gpu: 0.8/9.3 GB
2026-07-19 16:17:24 | INFO | cm_purifier.train | Step: 48500/50000 | 97.00% | lr: 0.000100 | Training loss is 0.2575 | distill: 0.0018 | rec: 0.1207 | id: 0.1204 | lpips: 0.1468 | lpips weighted: 0.0147 | lpips weight: 0.1000 | cls: 0.0000 | elapsed: 03:18:52 | eta: 00:06:09 | gpu: 0.8/9.3 GB
2026-07-19 16:17:45 | INFO | cm_purifier.train | Step: 48600/50000 | 97.20% | lr: 0.000100 | Training loss is 0.2410 | distill: 0.0015 | rec: 0.1177 | id: 0.1076 | lpips: 0.1430 | lpips weighted: 0.0143 | lpips weight: 0.1000 | cls: 0.0000 | elapsed: 03:19:13 | eta: 00:05:44 | gpu: 0.8/9.3 GB
2026-07-19 16:18:07 | INFO | cm_purifier.train | Step: 48700/50000 | 97.40% | lr: 0.000100 | Training loss is 0.2708 | distill: 0.0017 | rec: 0.1313 | id: 0.1215 | lpips: 0.1621 | lpips weighted: 0.0162 | lpips weight: 0.1000 | cls: 0.0000 | elapsed: 03:19:34 | eta: 00:05:19 | gpu: 0.8/9.3 GB
2026-07-19 16:18:28 | INFO | cm_purifier.train | Step: 48800/50000 | 97.60% | lr: 0.000100 | Training loss is 0.2608 | distill: 0.0018 | rec: 0.1307 | id: 0.1132 | lpips: 0.1520 | lpips weighted: 0.0152 | lpips weight: 0.1000 | cls: 0.0000 | elapsed: 03:19:56 | eta: 00:04:54 | gpu: 0.8/9.3 GB
2026-07-19 16:18:49 | INFO | cm_purifier.train | Step: 48900/50000 | 97.80% | lr: 0.000100 | Training loss is 0.2534 | distill: 0.0014 | rec: 0.1221 | id: 0.1152 | lpips: 0.1474 | lpips weighted: 0.0147 | lpips weight: 0.1000 | cls: 0.0000 | elapsed: 03:20:17 | eta: 00:04:30 | gpu: 0.8/9.3 GB
2026-07-19 16:19:11 | INFO | cm_purifier.train | Step: 49000/50000 | 98.00% | lr: 0.000100 | Training loss is 0.2567 | distill: 0.0016 | rec: 0.1221 | id: 0.1187 | lpips: 0.1425 | lpips weighted: 0.0143 | lpips weight: 0.1000 | cls: 0.0000 | elapsed: 03:20:39 | eta: 00:04:05 | gpu: 0.8/9.3 GB
2026-07-19 16:19:32 | INFO | cm_purifier.train | Step: 49100/50000 | 98.20% | lr: 0.000100 | Training loss is 0.2594 | distill: 0.0016 | rec: 0.1259 | id: 0.1173 | lpips: 0.1454 | lpips weighted: 0.0145 | lpips weight: 0.1000 | cls: 0.0000 | elapsed: 03:21:00 | eta: 00:03:41 | gpu: 0.8/9.3 GB
2026-07-19 16:19:53 | INFO | cm_purifier.train | Step: 49200/50000 | 98.40% | lr: 0.000100 | Training loss is 0.2727 | distill: 0.0015 | rec: 0.1313 | id: 0.1245 | lpips: 0.1529 | lpips weighted: 0.0153 | lpips weight: 0.1000 | cls: 0.0000 | elapsed: 03:21:21 | eta: 00:03:16 | gpu: 0.8/9.3 GB
2026-07-19 16:20:15 | INFO | cm_purifier.train | Step: 49300/50000 | 98.60% | lr: 0.000100 | Training loss is 0.2595 | distill: 0.0013 | rec: 0.1249 | id: 0.1181 | lpips: 0.1522 | lpips weighted: 0.0152 | lpips weight: 0.1000 | cls: 0.0000 | elapsed: 03:21:42 | eta: 00:02:51 | gpu: 0.8/9.3 GB
2026-07-19 16:20:36 | INFO | cm_purifier.train | Step: 49400/50000 | 98.80% | lr: 0.000100 | Training loss is 0.2535 | distill: 0.0021 | rec: 0.1288 | id: 0.1066 | lpips: 0.1606 | lpips weighted: 0.0161 | lpips weight: 0.1000 | cls: 0.0000 | elapsed: 03:22:04 | eta: 00:02:27 | gpu: 0.8/9.3 GB
2026-07-19 16:20:57 | INFO | cm_purifier.train | Step: 49500/50000 | 99.00% | lr: 0.000100 | Training loss is 0.2593 | distill: 0.0013 | rec: 0.1277 | id: 0.1133 | lpips: 0.1706 | lpips weighted: 0.0171 | lpips weight: 0.1000 | cls: 0.0000 | elapsed: 03:22:25 | eta: 00:02:02 | gpu: 0.8/9.3 GB
2026-07-19 16:21:18 | INFO | cm_purifier.train | Step: 49600/50000 | 99.20% | lr: 0.000100 | Training loss is 0.2896 | distill: 0.0017 | rec: 0.1310 | id: 0.1416 | lpips: 0.1532 | lpips weighted: 0.0153 | lpips weight: 0.1000 | cls: 0.0000 | elapsed: 03:22:46 | eta: 00:01:38 | gpu: 0.8/9.3 GB
2026-07-19 16:21:40 | INFO | cm_purifier.train | Step: 49700/50000 | 99.40% | lr: 0.000100 | Training loss is 0.2513 | distill: 0.0014 | rec: 0.1182 | id: 0.1169 | lpips: 0.1482 | lpips weighted: 0.0148 | lpips weight: 0.1000 | cls: 0.0000 | elapsed: 03:23:08 | eta: 00:01:13 | gpu: 0.8/9.3 GB
2026-07-19 16:22:01 | INFO | cm_purifier.train | Step: 49800/50000 | 99.60% | lr: 0.000100 | Training loss is 0.2404 | distill: 0.0012 | rec: 0.1148 | id: 0.1108 | lpips: 0.1367 | lpips weighted: 0.0137 | lpips weight: 0.1000 | cls: 0.0000 | elapsed: 03:23:29 | eta: 00:00:49 | gpu: 0.8/9.3 GB
2026-07-19 16:22:23 | INFO | cm_purifier.train | Step: 49900/50000 | 99.80% | lr: 0.000100 | Training loss is 0.2528 | distill: 0.0014 | rec: 0.1271 | id: 0.1079 | lpips: 0.1636 | lpips weighted: 0.0164 | lpips weight: 0.1000 | cls: 0.0000 | elapsed: 03:23:51 | eta: 00:00:24 | gpu: 0.8/9.3 GB
2026-07-19 16:22:44 | INFO | cm_purifier.train | Step: 50000/50000 | 100.00% | lr: 0.000100 | Training loss is 0.2421 | distill: 0.0014 | rec: 0.1205 | id: 0.1050 | lpips: 0.1507 | lpips weighted: 0.0151 | lpips weight: 0.1000 | cls: 0.0000 | elapsed: 03:24:12 | eta: 00:00:00 | gpu: 0.8/9.3 GB
2026-07-19 16:23:35 | INFO | cm_purifier.train | Saved checkpoint to /media02/ndthuc03/cm-purify-targeted-poisoning/consistency_model/checkpoints/cm_purifier_lpips.pth at step 50000
2026-07-19 16:23:35 | INFO | cm_purifier.train | ========================================================================
2026-07-19 16:23:35 | INFO | cm_purifier.train | 4. SAVING FINAL CHECKPOINT...
2026-07-19 16:23:35 | INFO | cm_purifier.train | ========================================================================
2026-07-19 16:24:25 | INFO | cm_purifier.train | ========================================================================
2026-07-19 16:24:25 | INFO | cm_purifier.train | Training complete
2026-07-19 16:24:25 | INFO | cm_purifier.train | ========================================================================
2026-07-19 16:24:25 | INFO | cm_purifier.train | Finished training at step 50000
2026-07-19 16:24:25 | INFO | cm_purifier.train | Final checkpoint saved to /media02/ndthuc03/cm-purify-targeted-poisoning/consistency_model/checkpoints/cm_purifier_lpips.pth
==============================
2.1. RUNNING BENCHMARK AT T_STAR=150 IN SAME JOB...
Output run ID: t_star_150
==============================
2026-07-19 16:24:37 | INFO | benchmark.run | ================================================================================
2026-07-19 16:24:37 | INFO | benchmark.run | 1. DISCOVERING BENCHMARK CASES...
2026-07-19 16:24:37 | INFO | benchmark.run | ================================================================================
2026-07-19 16:24:37 | INFO | benchmark.run | Repository: /media02/ndthuc03/cm-purify-targeted-poisoning
2026-07-19 16:24:37 | INFO | benchmark.run | Run root: /media02/ndthuc03/cm-purify-targeted-poisoning/benchmark/outputs/slurm_73989/t_star_150
2026-07-19 16:24:37 | INFO | benchmark.run | Case summary: {'total': 30, 'WB': 10, 'BP': 20, 'names': ['BP_c0_g0', 'BP_c0_g1', 'BP_c1_g0', 'BP_c1_g1', 'BP_c2_g0', 'BP_c2_g1', 'BP_c3_g0', 'BP_c3_g1', 'BP_c4_g0', 'BP_c4_g1', 'BP_c5_g0', 'BP_c5_g1', 'BP_c6_g0', 'BP_c6_g1', 'BP_c7_g0', 'BP_c7_g1', 'BP_c8_g0', 'BP_c8_g1', 'BP_c9_g0', 'BP_c9_g1', 'WB_c0', 'WB_c1', 'WB_c2', 'WB_c3', 'WB_c4', 'WB_c5', 'WB_c6', 'WB_c7', 'WB_c8', 'WB_c9']}
2026-07-19 16:24:37 | INFO | benchmark.run | ================================================================================
2026-07-19 16:24:37 | INFO | benchmark.run | 2. LOADING CM PURIFIER...
2026-07-19 16:24:37 | INFO | benchmark.run | ================================================================================
